{
  "options": {
    "noColor": false,
    "summaryTrendStats": [
      "avg",
      "min",
      "med",
      "max",
      "p(50)",
      "p(95)",
      "p(99)"
    ],
    "summaryTimeUnit": ""
  },
  "state": {
    "isStdOutTTY": false,
    "isStdErrTTY": false,
    "testRunDurationMs": 90001.735114
  },
  "metrics": {
    "checks": {
      "type": "rate",
      "contains": "default",
      "values": {
        "rate": 1,
        "passes": 9360,
        "fails": 0
      }
    },
    "data_sent": {
      "type": "counter",
      "contains": "data",
      "values": {
        "count": 1276743,
        "rate": 14185.759845438795
      }
    },
    "http_req_duration": {
      "type": "trend",
      "contains": "time",
      "values": {
        "avg": 15.044006538675209,
        "min": 9.660631,
        "med": 14.170745499999999,
        "max": 60.850052,
        "p(50)": 14.170745499999999,
        "p(95)": 17.91356305,
        "p(99)": 51.309842710000005
      }
    },
    "http_req_blocked": {
      "type": "trend",
      "contains": "time",
      "values": {
        "min": 0.00425,
        "med": 0.00712,
        "max": 10.555438,
        "p(50)": 0.00712,
        "p(95)": 0.014047000000000063,
        "p(99)": 5.703484700000001,
        "avg": 0.13179833055555454
      }
    },
    "page_latency": {
      "type": "trend",
      "contains": "default",
      "values": {
        "p(95)": 17.91356305,
        "p(99)": 51.309842710000005,
        "avg": 15.044006538675209,
        "min": 9.660631,
        "med": 14.170745499999999,
        "max": 60.850052,
        "p(50)": 14.170745499999999
      }
    },
    "http_req_tls_handshaking": {
      "type": "trend",
      "contains": "time",
      "values": {
        "min": 0,
        "med": 0,
        "max": 0,
        "p(50)": 0,
        "p(95)": 0,
        "p(99)": 0,
        "avg": 0
      }
    },
    "http_req_receiving": {
      "type": "trend",
      "contains": "time",
      "values": {
        "p(99)": 0.4484705000000003,
        "avg": 0.10498319209401692,
        "min": 0.04296,
        "med": 0.09292,
        "max": 2.386364,
        "p(50)": 0.09292,
        "p(95)": 0.14720700000000003
      }
    },
    "http_req_failed": {
      "contains": "default",
      "values": {
        "rate": 0,
        "passes": 0,
        "fails": 4680
      },
      "type": "rate"
    },
    "iterations": {
      "contains": "default",
      "values": {
        "count": 4680,
        "rate": 51.99899750901596
      },
      "type": "counter"
    },
    "vus": {
      "type": "gauge",
      "contains": "default",
      "values": {
        "value": 1,
        "min": 1,
        "max": 2
      }
    },
    "http_req_waiting": {
      "type": "trend",
      "contains": "time",
      "values": {
        "min": 9.540781,
        "med": 14.0370755,
        "max": 60.487583,
        "p(50)": 14.0370755,
        "p(95)": 17.756411,
        "p(99)": 50.73973352,
        "avg": 14.906634017735044
      }
    },
    "data_received": {
      "type": "counter",
      "contains": "data",
      "values": {
        "count": 3619438,
        "rate": 40215.20246710207
      }
    },
    "vus_max": {
      "type": "gauge",
      "contains": "default",
      "values": {
        "value": 104,
        "min": 104,
        "max": 104
      }
    },
    "round_trip_count": {
      "type": "trend",
      "contains": "default",
      "values": {
        "p(50)": 1,
        "p(95)": 1,
        "p(99)": 1,
        "avg": 1,
        "min": 1,
        "med": 1,
        "max": 1
      }
    },
    "http_req_duration{expected_response:true}": {
      "type": "trend",
      "contains": "time",
      "values": {
        "avg": 15.044006538675209,
        "min": 9.660631,
        "med": 14.170745499999999,
        "max": 60.850052,
        "p(50)": 14.170745499999999,
        "p(95)": 17.91356305,
        "p(99)": 51.309842710000005
      }
    },
    "http_req_sending": {
      "contains": "time",
      "values": {
        "med": 0.027459499999999998,
        "max": 1.666566,
        "p(50)": 0.027459499999999998,
        "p(95)": 0.05237,
        "p(99)": 0.11551229,
        "avg": 0.03238932884615386,
        "min": 0.01233
      },
      "type": "trend"
    },
    "req_latency": {
      "type": "trend",
      "contains": "default",
      "values": {
        "avg": 15.044006538675209,
        "min": 9.660631,
        "med": 14.170745499999999,
        "max": 60.850052,
        "p(50)": 14.170745499999999,
        "p(95)": 17.91356305,
        "p(99)": 51.309842710000005
      }
    },
    "iteration_duration": {
      "type": "trend",
      "contains": "time",
      "values": {
        "p(99)": 52.05617170000001,
        "avg": 15.87075462585471,
        "min": 10.395548,
        "med": 14.880409,
        "max": 61.479762,
        "p(50)": 14.880409,
        "p(95)": 19.625429500000003
      }
    },
    "payload_bytes": {
      "contains": "default",
      "values": {
        "p(50)": 539,
        "p(95)": 548,
        "p(99)": 552,
        "avg": 512.384188034188,
        "min": 273,
        "med": 539,
        "max": 556
      },
      "type": "trend"
    },
    "http_reqs": {
      "type": "counter",
      "contains": "default",
      "values": {
        "count": 4680,
        "rate": 51.99899750901596
      }
    },
    "http_req_connecting": {
      "type": "trend",
      "contains": "time",
      "values": {
        "max": 10.469318,
        "p(50)": 0,
        "p(95)": 0,
        "p(99)": 5.5844151900000005,
        "avg": 0.12095360961538462,
        "min": 0,
        "med": 0
      }
    }
  },
  "root_group": {
    "id": "d41d8cd98f00b204e9800998ecf8427e",
    "groups": [],
    "checks": [
        {
          "path": "::status is 200",
          "id": "6210a8cd14cd70477eba5c5e4cb3fb5f",
          "passes": 4680,
          "fails": 0,
          "name": "status is 200"
        },
        {
          "name": "no graphql errors",
          "path": "::no graphql errors",
          "id": "7c29382b2a87caa2e50f0d89170b649f",
          "passes": 4680,
          "fails": 0
        }
      ],
    "name": "",
    "path": ""
  }
}