{
  "state": {
    "isStdErrTTY": false,
    "testRunDurationMs": 90001.669095,
    "isStdOutTTY": false
  },
  "metrics": {
    "http_req_connecting": {
      "values": {
        "p(95)": 0,
        "p(99)": 5.470672399999956,
        "avg": 0.12062458355555557,
        "min": 0,
        "med": 0,
        "max": 7.532182,
        "p(50)": 0
      },
      "type": "trend",
      "contains": "time"
    },
    "http_req_duration": {
      "values": {
        "p(99)": 10.969896599999998,
        "avg": 8.254841654666645,
        "min": 4.607998,
        "med": 8.236663499999999,
        "max": 32.538717,
        "p(50)": 8.236663499999999,
        "p(95)": 10.159077599999998
      },
      "type": "trend",
      "contains": "time"
    },
    "http_req_duration{expected_response:true}": {
      "type": "trend",
      "contains": "time",
      "values": {
        "p(95)": 10.159077599999998,
        "p(99)": 10.969896599999998,
        "avg": 8.254841654666645,
        "min": 4.607998,
        "med": 8.236663499999999,
        "max": 32.538717,
        "p(50)": 8.236663499999999
      }
    },
    "http_req_waiting": {
      "type": "trend",
      "contains": "time",
      "values": {
        "avg": 8.119067441777782,
        "min": 4.498037,
        "med": 8.1088945,
        "max": 32.416659,
        "p(50)": 8.1088945,
        "p(95)": 10.000707,
        "p(99)": 10.781782809999994
      }
    },
    "req_latency": {
      "type": "trend",
      "contains": "default",
      "values": {
        "min": 4.607998,
        "med": 8.236663499999999,
        "max": 32.538717,
        "p(50)": 8.236663499999999,
        "p(95)": 10.159077599999998,
        "p(99)": 10.969896599999998,
        "avg": 8.254841654666645
      }
    },
    "http_req_receiving": {
      "type": "trend",
      "contains": "time",
      "values": {
        "avg": 0.10448399822222246,
        "min": 0.043,
        "med": 0.09381400000000001,
        "max": 0.787137,
        "p(50)": 0.09381400000000001,
        "p(95)": 0.1795434499999999,
        "p(99)": 0.2445818999999998
      }
    },
    "http_req_tls_handshaking": {
      "type": "trend",
      "contains": "time",
      "values": {
        "max": 0,
        "p(50)": 0,
        "p(95)": 0,
        "p(99)": 0,
        "avg": 0,
        "min": 0,
        "med": 0
      }
    },
    "http_reqs": {
      "type": "counter",
      "contains": "default",
      "values": {
        "count": 2250,
        "rate": 24.99953637109823
      }
    },
    "data_sent": {
      "type": "counter",
      "contains": "data",
      "values": {
        "count": 212397,
        "rate": 2359.9229007165113
      }
    },
    "vus_max": {
      "type": "gauge",
      "contains": "default",
      "values": {
        "min": 50,
        "max": 50,
        "value": 50
      }
    },
    "http_req_blocked": {
      "type": "trend",
      "contains": "time",
      "values": {
        "min": 0.00438,
        "med": 0.0075650000000000005,
        "max": 7.651691,
        "p(50)": 0.0075650000000000005,
        "p(95)": 0.023883999999999597,
        "p(99)": 5.556352089999961,
        "avg": 0.1317611497777777
      }
    },
    "round_trip_count": {
      "type": "trend",
      "contains": "default",
      "values": {
        "avg": 1,
        "min": 1,
        "med": 1,
        "max": 1,
        "p(50)": 1,
        "p(95)": 1,
        "p(99)": 1
      }
    },
    "iterations": {
      "contains": "default",
      "values": {
        "count": 2250,
        "rate": 24.99953637109823
      },
      "type": "counter"
    },
    "checks": {
      "type": "rate",
      "contains": "default",
      "values": {
        "rate": 1,
        "passes": 2250,
        "fails": 0
      }
    },
    "http_req_failed": {
      "contains": "default",
      "values": {
        "rate": 0,
        "passes": 0,
        "fails": 2250
      },
      "type": "rate"
    },
    "vus": {
      "type": "gauge",
      "contains": "default",
      "values": {
        "value": 0,
        "min": 0,
        "max": 1
      }
    },
    "payload_bytes": {
      "type": "trend",
      "contains": "default",
      "values": {
        "p(95)": 238,
        "p(99)": 263,
        "avg": 210.67644444444446,
        "min": 111,
        "med": 211,
        "max": 292,
        "p(50)": 211
      }
    },
    "data_received": {
      "type": "counter",
      "contains": "data",
      "values": {
        "count": 1061272,
        "rate": 11791.692428279182
      }
    },
    "http_req_sending": {
      "type": "trend",
      "contains": "time",
      "values": {
        "min": 0.01068,
        "med": 0.0261695,
        "max": 0.755726,
        "p(50)": 0.0261695,
        "p(95)": 0.06232104999999996,
        "p(99)": 0.11880339999999992,
        "avg": 0.031290214666666614
      }
    },
    "iteration_duration": {
      "values": {
        "avg": 8.740313837777762,
        "min": 4.959905,
        "med": 8.6248175,
        "max": 32.918027,
        "p(50)": 8.6248175,
        "p(95)": 10.860953499999997,
        "p(99)": 14.481262799999987
      },
      "type": "trend",
      "contains": "time"
    }
  },
  "root_group": {
    "name": "",
    "path": "",
    "id": "d41d8cd98f00b204e9800998ecf8427e",
    "groups": [],
    "checks": [
        {
          "name": "status is 200",
          "path": "::status is 200",
          "id": "6210a8cd14cd70477eba5c5e4cb3fb5f",
          "passes": 2250,
          "fails": 0
        }
      ]
  },
  "options": {
    "summaryTrendStats": [
      "avg",
      "min",
      "med",
      "max",
      "p(50)",
      "p(95)",
      "p(99)"
    ],
    "summaryTimeUnit": "",
    "noColor": false
  }
}