{
  "state": {
    "isStdOutTTY": false,
    "isStdErrTTY": false,
    "testRunDurationMs": 90015.94421
  },
  "metrics": {
    "http_req_duration{expected_response:true}": {
      "type": "trend",
      "contains": "time",
      "values": {
        "med": 13.353549,
        "max": 56.275597,
        "p(50)": 13.353549,
        "p(95)": 16.680974,
        "p(99)": 45.35247,
        "avg": 14.000420467007354,
        "min": 8.954742
      }
    },
    "http_req_blocked": {
      "contains": "time",
      "values": {
        "avg": 0.13358424750055456,
        "min": 0.00467,
        "med": 0.00734,
        "max": 10.509451,
        "p(50)": 0.00734,
        "p(95)": 0.01347,
        "p(99)": 5.777417
      },
      "type": "trend"
    },
    "http_req_connecting": {
      "type": "trend",
      "contains": "time",
      "values": {
        "p(95)": 0,
        "p(99)": 5.687087,
        "avg": 0.12334423261497444,
        "min": 0,
        "med": 0,
        "max": 10.421952,
        "p(50)": 0
      }
    },
    "http_req_sending": {
      "contains": "time",
      "values": {
        "max": 2.165494,
        "p(50)": 0.02791,
        "p(95)": 0.05465,
        "p(99)": 0.127119,
        "avg": 0.03508705576538543,
        "min": 0.013439,
        "med": 0.02791
      },
      "type": "trend"
    },
    "http_req_duration": {
      "type": "trend",
      "contains": "time",
      "values": {
        "p(50)": 13.353549,
        "p(95)": 16.680974,
        "p(99)": 45.35247,
        "avg": 14.000420467007354,
        "min": 8.954742,
        "med": 13.353549,
        "max": 56.275597
      }
    },
    "http_req_tls_handshaking": {
      "type": "trend",
      "contains": "time",
      "values": {
        "min": 0,
        "med": 0,
        "max": 0,
        "p(50)": 0,
        "p(95)": 0,
        "p(99)": 0,
        "avg": 0
      }
    },
    "http_reqs": {
      "type": "counter",
      "contains": "default",
      "values": {
        "count": 4501,
        "rate": 50.002252817562265
      }
    },
    "data_sent": {
      "type": "counter",
      "contains": "data",
      "values": {
        "count": 1197254,
        "rate": 13300.465939755097
      }
    },
    "payload_bytes": {
      "contains": "default",
      "values": {
        "avg": 344.512552766052,
        "min": 147,
        "med": 347,
        "max": 547,
        "p(50)": 347,
        "p(95)": 447,
        "p(99)": 450
      },
      "type": "trend"
    },
    "iteration_duration": {
      "contains": "time",
      "values": {
        "min": 9.588279,
        "med": 13.983465,
        "max": 57.824787,
        "p(50)": 13.983465,
        "p(95)": 18.152714,
        "p(99)": 45.916695,
        "avg": 14.7227946642968
      },
      "type": "trend"
    },
    "data_received": {
      "type": "counter",
      "contains": "data",
      "values": {
        "rate": 30276.99174761564,
        "count": 2725412
      }
    },
    "http_req_failed": {
      "type": "rate",
      "contains": "default",
      "values": {
        "rate": 0,
        "passes": 0,
        "fails": 4501
      }
    },
    "iterations": {
      "type": "counter",
      "contains": "default",
      "values": {
        "rate": 50.002252817562265,
        "count": 4501
      }
    },
    "vus": {
      "type": "gauge",
      "contains": "default",
      "values": {
        "value": 1,
        "min": 1,
        "max": 3
      }
    },
    "checks": {
      "type": "rate",
      "contains": "default",
      "values": {
        "rate": 1,
        "passes": 9002,
        "fails": 0
      }
    },
    "http_req_waiting": {
      "type": "trend",
      "contains": "time",
      "values": {
        "p(95)": 16.558776,
        "p(99)": 44.959303,
        "avg": 13.860481374805593,
        "min": 8.836513,
        "med": 13.21865,
        "max": 55.86355,
        "p(50)": 13.21865
      }
    },
    "vus_max": {
      "type": "gauge",
      "contains": "default",
      "values": {
        "value": 100,
        "min": 100,
        "max": 100
      }
    },
    "http_req_receiving": {
      "type": "trend",
      "contains": "time",
      "values": {
        "p(99)": 0.423388,
        "avg": 0.10485203643634737,
        "min": 0.048929,
        "med": 0.092679,
        "max": 2.372951,
        "p(50)": 0.092679,
        "p(95)": 0.151089
      }
    },
    "req_latency": {
      "type": "trend",
      "contains": "default",
      "values": {
        "p(50)": 13.353549,
        "p(95)": 16.680974,
        "p(99)": 45.35247,
        "avg": 14.000420467007354,
        "min": 8.954742,
        "med": 13.353549,
        "max": 56.275597
      }
    },
    "round_trip_count": {
      "type": "trend",
      "contains": "default",
      "values": {
        "avg": 1,
        "min": 1,
        "med": 1,
        "max": 1,
        "p(50)": 1,
        "p(95)": 1,
        "p(99)": 1
      }
    }
  },
  "root_group": {
    "groups": [],
    "checks": [
        {
          "passes": 4501,
          "fails": 0,
          "name": "status is 200",
          "path": "::status is 200",
          "id": "6210a8cd14cd70477eba5c5e4cb3fb5f"
        },
        {
          "name": "no graphql errors",
          "path": "::no graphql errors",
          "id": "7c29382b2a87caa2e50f0d89170b649f",
          "passes": 4501,
          "fails": 0
        }
      ],
    "name": "",
    "path": "",
    "id": "d41d8cd98f00b204e9800998ecf8427e"
  },
  "options": {
    "summaryTrendStats": [
      "avg",
      "min",
      "med",
      "max",
      "p(50)",
      "p(95)",
      "p(99)"
    ],
    "summaryTimeUnit": "",
    "noColor": false
  }
}