{
  "options": {
    "summaryTrendStats": [
      "avg",
      "min",
      "med",
      "max",
      "p(50)",
      "p(95)",
      "p(99)"
    ],
    "summaryTimeUnit": "",
    "noColor": false
  },
  "state": {
    "isStdOutTTY": false,
    "isStdErrTTY": false,
    "testRunDurationMs": 90001.940913
  },
  "metrics": {
    "http_reqs": {
      "contains": "default",
      "values": {
        "rate": 73.99840417261514,
        "count": 6660
      },
      "type": "counter"
    },
    "checks": {
      "type": "rate",
      "contains": "default",
      "values": {
        "rate": 1,
        "passes": 6660,
        "fails": 0
      }
    },
    "http_req_sending": {
      "type": "trend",
      "contains": "time",
      "values": {
        "max": 0.29759,
        "p(50)": 0.02459,
        "p(95)": 0.0497260499999999,
        "p(99)": 0.11035019999999997,
        "avg": 0.0284390258258259,
        "min": 0.01106,
        "med": 0.02459
      }
    },
    "data_received": {
      "type": "counter",
      "contains": "data",
      "values": {
        "count": 21526312,
        "rate": 239176.08644471702
      }
    },
    "iterations": {
      "contains": "default",
      "values": {
        "count": 6660,
        "rate": 73.99840417261514
      },
      "type": "counter"
    },
    "vus": {
      "type": "gauge",
      "contains": "default",
      "values": {
        "value": 1,
        "min": 1,
        "max": 1
      }
    },
    "http_req_blocked": {
      "values": {
        "p(50)": 0.00675,
        "p(95)": 0.018080499999999992,
        "p(99)": 5.632793489999999,
        "avg": 0.13005458798798547,
        "min": 0.00393,
        "med": 0.00675,
        "max": 14.374147
      },
      "type": "trend",
      "contains": "time"
    },
    "payload_bytes": {
      "contains": "default",
      "values": {
        "avg": 2970.1776276276278,
        "min": 2012,
        "med": 2744,
        "max": 10688,
        "p(50)": 2744,
        "p(95)": 4428,
        "p(99)": 4744
      },
      "type": "trend"
    },
    "req_latency": {
      "type": "trend",
      "contains": "default",
      "values": {
        "max": 35.240185,
        "p(50)": 8.1345855,
        "p(95)": 9.946186549999997,
        "p(99)": 10.8455949,
        "avg": 8.144047513213208,
        "min": 3.644336,
        "med": 8.1345855
      }
    },
    "http_req_tls_handshaking": {
      "type": "trend",
      "contains": "time",
      "values": {
        "p(95)": 0,
        "p(99)": 0,
        "avg": 0,
        "min": 0,
        "med": 0,
        "max": 0,
        "p(50)": 0
      }
    },
    "vus_max": {
      "type": "gauge",
      "contains": "default",
      "values": {
        "value": 148,
        "min": 148,
        "max": 148
      }
    },
    "round_trip_count": {
      "contains": "default",
      "values": {
        "p(95)": 1,
        "p(99)": 1,
        "avg": 1,
        "min": 1,
        "med": 1,
        "max": 1,
        "p(50)": 1
      },
      "type": "trend"
    },
    "iteration_duration": {
      "type": "trend",
      "contains": "time",
      "values": {
        "p(95)": 10.579413500000001,
        "p(99)": 14.61253981,
        "avg": 8.57523850765764,
        "min": 3.942236,
        "med": 8.4631735,
        "max": 35.559904,
        "p(50)": 8.4631735
      }
    },
    "http_req_connecting": {
      "type": "trend",
      "contains": "time",
      "values": {
        "avg": 0.12005588048048046,
        "min": 0,
        "med": 0,
        "max": 14.256547,
        "p(50)": 0,
        "p(95)": 0,
        "p(99)": 5.55071181
      }
    },
    "http_req_receiving": {
      "type": "trend",
      "contains": "time",
      "values": {
        "min": 0.04057,
        "med": 0.0909095,
        "max": 0.813818,
        "p(50)": 0.0909095,
        "p(95)": 0.13928399999999994,
        "p(99)": 0.18915369999999992,
        "avg": 0.09508434699699676
      }
    },
    "http_req_waiting": {
      "values": {
        "avg": 8.020524140390375,
        "min": 3.505216,
        "med": 8.0098045,
        "max": 35.130835,
        "p(50)": 8.0098045,
        "p(95)": 9.821677199999998,
        "p(99)": 10.72544997
      },
      "type": "trend",
      "contains": "time"
    },
    "http_req_duration": {
      "type": "trend",
      "contains": "time",
      "values": {
        "avg": 8.144047513213208,
        "min": 3.644336,
        "med": 8.1345855,
        "max": 35.240185,
        "p(50)": 8.1345855,
        "p(95)": 9.946186549999997,
        "p(99)": 10.8455949
      }
    },
    "http_req_duration{expected_response:true}": {
      "values": {
        "avg": 8.144047513213208,
        "min": 3.644336,
        "med": 8.1345855,
        "max": 35.240185,
        "p(50)": 8.1345855,
        "p(95)": 9.946186549999997,
        "p(99)": 10.8455949
      },
      "type": "trend",
      "contains": "time"
    },
    "http_req_failed": {
      "type": "rate",
      "contains": "default",
      "values": {
        "rate": 0,
        "passes": 0,
        "fails": 6660
      }
    },
    "data_sent": {
      "values": {
        "count": 795124,
        "rate": 8834.520588490455
      },
      "type": "counter",
      "contains": "data"
    }
  },
  "root_group": {
    "name": "",
    "path": "",
    "id": "d41d8cd98f00b204e9800998ecf8427e",
    "groups": [],
    "checks": [
        {
          "id": "6210a8cd14cd70477eba5c5e4cb3fb5f",
          "passes": 6660,
          "fails": 0,
          "name": "status is 200",
          "path": "::status is 200"
        }
      ]
  }
}