{
  "options": {
    "summaryTrendStats": [
      "avg",
      "min",
      "med",
      "max",
      "p(50)",
      "p(95)",
      "p(99)"
    ],
    "summaryTimeUnit": "",
    "noColor": false
  },
  "state": {
    "isStdOutTTY": false,
    "isStdErrTTY": false,
    "testRunDurationMs": 90037.05563
  },
  "metrics": {
    "http_req_waiting": {
      "type": "trend",
      "contains": "time",
      "values": {
        "p(95)": 8.681238,
        "p(99)": 9.37085122,
        "avg": 7.157246621032021,
        "min": 3.851818,
        "med": 7.136216,
        "max": 27.429002,
        "p(50)": 7.136216
      }
    },
    "vus": {
      "type": "gauge",
      "contains": "default",
      "values": {
        "max": 1,
        "value": 1,
        "min": 1
      }
    },
    "http_req_blocked": {
      "type": "trend",
      "contains": "time",
      "values": {
        "avg": 0.03193216786414108,
        "min": 0.00307,
        "med": 0.00698,
        "max": 7.244198,
        "p(50)": 0.00698,
        "p(95)": 0.011815999999999985,
        "p(99)": 0.0415676
      }
    },
    "iterations": {
      "type": "counter",
      "contains": "default",
      "values": {
        "count": 1531,
        "rate": 17.004110022117125
      }
    },
    "http_req_connecting": {
      "type": "trend",
      "contains": "time",
      "values": {
        "avg": 0.023743900849118215,
        "min": 0,
        "med": 0,
        "max": 7.140628,
        "p(50)": 0,
        "p(95)": 0,
        "p(99)": 0
      }
    },
    "req_latency": {
      "type": "trend",
      "contains": "default",
      "values": {
        "p(99)": 9.49032666,
        "avg": 7.275980409144349,
        "min": 3.97829,
        "med": 7.254101,
        "max": 27.536143,
        "p(50)": 7.254101,
        "p(95)": 8.8033644
      }
    },
    "http_reqs": {
      "type": "counter",
      "contains": "default",
      "values": {
        "count": 7655,
        "rate": 85.02055011058562
      }
    },
    "http_req_failed": {
      "type": "rate",
      "contains": "default",
      "values": {
        "passes": 0,
        "fails": 7655,
        "rate": 0
      }
    },
    "page_latency": {
      "values": {
        "avg": 36.37990204572175,
        "min": 29.747602999999998,
        "med": 36.334179,
        "max": 56.616922,
        "p(50)": 36.334179,
        "p(95)": 40.036616,
        "p(99)": 41.2892002
      },
      "type": "trend",
      "contains": "default"
    },
    "http_req_duration": {
      "type": "trend",
      "contains": "time",
      "values": {
        "max": 27.536143,
        "p(50)": 7.254101,
        "p(95)": 8.8033644,
        "p(99)": 9.49032666,
        "avg": 7.275980409144349,
        "min": 3.97829,
        "med": 7.254101
      }
    },
    "checks": {
      "type": "rate",
      "contains": "default",
      "values": {
        "passes": 7655,
        "fails": 0,
        "rate": 1
      }
    },
    "http_req_receiving": {
      "type": "trend",
      "contains": "time",
      "values": {
        "avg": 0.09417519216198537,
        "min": 0.0397,
        "med": 0.090541,
        "max": 0.747683,
        "p(50)": 0.090541,
        "p(95)": 0.1360803,
        "p(99)": 0.17641226000000007
      }
    },
    "iteration_duration": {
      "type": "trend",
      "contains": "time",
      "values": {
        "min": 30.956357,
        "med": 37.904135,
        "max": 57.870288,
        "p(50)": 37.904135,
        "p(95)": 41.981797,
        "p(99)": 44.4902603,
        "avg": 37.98382600391894
      }
    },
    "http_req_sending": {
      "contains": "time",
      "values": {
        "avg": 0.024558595950359082,
        "min": 0.00816,
        "med": 0.02102,
        "max": 0.219902,
        "p(50)": 0.02102,
        "p(95)": 0.04757699999999994,
        "p(99)": 0.08486560000000001
      },
      "type": "trend"
    },
    "payload_bytes": {
      "type": "trend",
      "contains": "default",
      "values": {
        "p(50)": 517,
        "p(95)": 526,
        "p(99)": 529,
        "avg": 489.65329849771393,
        "min": 251,
        "med": 517,
        "max": 536
      }
    },
    "data_sent": {
      "type": "counter",
      "contains": "data",
      "values": {
        "count": 779433,
        "rate": 8656.80240814423
      }
    },
    "http_req_duration{expected_response:true}": {
      "type": "trend",
      "contains": "time",
      "values": {
        "max": 27.536143,
        "p(50)": 7.254101,
        "p(95)": 8.8033644,
        "p(99)": 9.49032666,
        "avg": 7.275980409144349,
        "min": 3.97829,
        "med": 7.254101
      }
    },
    "round_trip_count": {
      "contains": "default",
      "values": {
        "p(50)": 5,
        "p(95)": 5,
        "p(99)": 5,
        "avg": 5,
        "min": 5,
        "med": 5,
        "max": 5
      },
      "type": "trend"
    },
    "data_received": {
      "type": "counter",
      "contains": "data",
      "values": {
        "count": 5746251,
        "rate": 63820.956380601274
      }
    },
    "vus_max": {
      "type": "gauge",
      "contains": "default",
      "values": {
        "value": 34,
        "min": 34,
        "max": 34
      }
    },
    "http_req_tls_handshaking": {
      "type": "trend",
      "contains": "time",
      "values": {
        "med": 0,
        "max": 0,
        "p(50)": 0,
        "p(95)": 0,
        "p(99)": 0,
        "avg": 0,
        "min": 0
      }
    }
  },
  "root_group": {
    "checks": [
      {
        "passes": 7655,
        "fails": 0,
        "name": "status is 200",
        "path": "::status is 200",
        "id": "6210a8cd14cd70477eba5c5e4cb3fb5f"
      }
    ],
    "name": "",
    "path": "",
    "id": "d41d8cd98f00b204e9800998ecf8427e",
    "groups": []
  }
}