{
  "state": {
    "isStdOutTTY": false,
    "isStdErrTTY": false,
    "testRunDurationMs": 90018.318672
  },
  "metrics": {
    "http_req_sending": {
      "type": "trend",
      "contains": "time",
      "values": {
        "min": 0.01289,
        "med": 0.02876,
        "max": 1.97089,
        "p(50)": 0.02876,
        "p(95)": 0.05479,
        "p(99)": 0.13279440000000003,
        "avg": 0.03457598856582818
      }
    },
    "http_req_blocked": {
      "type": "trend",
      "contains": "time",
      "values": {
        "avg": 0.12673268768376253,
        "min": 0.00431,
        "med": 0.00727,
        "max": 12.53127,
        "p(50)": 0.00727,
        "p(95)": 0.01241,
        "p(99)": 5.292143400000002
      }
    },
    "round_trip_count": {
      "type": "trend",
      "contains": "default",
      "values": {
        "p(95)": 1,
        "p(99)": 1,
        "avg": 1,
        "min": 1,
        "med": 1,
        "max": 1,
        "p(50)": 1
      }
    },
    "payload_bytes": {
      "type": "trend",
      "contains": "default",
      "values": {
        "p(99)": 2655,
        "avg": 2472.6363933355115,
        "min": 1729,
        "med": 2506,
        "max": 2666,
        "p(50)": 2506,
        "p(95)": 2639
      }
    },
    "page_latency": {
      "type": "trend",
      "contains": "default",
      "values": {
        "avg": 17.895821113034977,
        "min": 11.972216,
        "med": 16.868218,
        "max": 87.841107,
        "p(50)": 16.868218,
        "p(95)": 20.75623,
        "p(99)": 58.465603000000044
      }
    },
    "req_latency": {
      "values": {
        "p(99)": 58.465603000000044,
        "avg": 17.895821113034977,
        "min": 11.972216,
        "med": 16.868218,
        "max": 87.841107,
        "p(50)": 16.868218,
        "p(95)": 20.75623
      },
      "type": "trend",
      "contains": "default"
    },
    "http_req_receiving": {
      "type": "trend",
      "contains": "time",
      "values": {
        "avg": 0.10813696700424683,
        "min": 0.044681,
        "med": 0.094801,
        "max": 4.16332,
        "p(50)": 0.094801,
        "p(95)": 0.154271,
        "p(99)": 0.45641640000000017
      }
    },
    "http_req_duration{expected_response:true}": {
      "type": "trend",
      "contains": "time",
      "values": {
        "max": 87.841107,
        "p(50)": 16.868218,
        "p(95)": 20.75623,
        "p(99)": 58.465603000000044,
        "avg": 17.895821113034977,
        "min": 11.972216,
        "med": 16.868218
      }
    },
    "http_req_failed": {
      "type": "rate",
      "contains": "default",
      "values": {
        "rate": 0,
        "passes": 0,
        "fails": 3061
      }
    },
    "checks": {
      "type": "rate",
      "contains": "default",
      "values": {
        "rate": 1,
        "passes": 6122,
        "fails": 0
      }
    },
    "data_received": {
      "type": "counter",
      "contains": "data",
      "values": {
        "rate": 92989.09514740463,
        "count": 8370722
      }
    },
    "iteration_duration": {
      "contains": "time",
      "values": {
        "med": 18.233536,
        "max": 89.041223,
        "p(50)": 18.233536,
        "p(95)": 23.017562,
        "p(99)": 59.78221420000002,
        "avg": 19.35494739823587,
        "min": 12.954451
      },
      "type": "trend"
    },
    "iterations": {
      "contains": "default",
      "values": {
        "count": 3061,
        "rate": 34.004189871101396
      },
      "type": "counter"
    },
    "http_req_connecting": {
      "type": "trend",
      "contains": "time",
      "values": {
        "p(99)": 5.170439400000005,
        "avg": 0.1163705514537733,
        "min": 0,
        "med": 0,
        "max": 12.395279,
        "p(50)": 0,
        "p(95)": 0
      }
    },
    "data_sent": {
      "type": "counter",
      "contains": "data",
      "values": {
        "count": 918676,
        "rate": 10205.43388893301
      }
    },
    "vus_max": {
      "type": "gauge",
      "contains": "default",
      "values": {
        "value": 68,
        "min": 68,
        "max": 68
      }
    },
    "http_req_duration": {
      "contains": "time",
      "values": {
        "max": 87.841107,
        "p(50)": 16.868218,
        "p(95)": 20.75623,
        "p(99)": 58.465603000000044,
        "avg": 17.895821113034977,
        "min": 11.972216,
        "med": 16.868218
      },
      "type": "trend"
    },
    "http_req_tls_handshaking": {
      "type": "trend",
      "contains": "time",
      "values": {
        "p(95)": 0,
        "p(99)": 0,
        "avg": 0,
        "min": 0,
        "med": 0,
        "max": 0,
        "p(50)": 0
      }
    },
    "http_req_waiting": {
      "type": "trend",
      "contains": "time",
      "values": {
        "avg": 17.75310815746484,
        "min": 11.863013,
        "med": 16.731266,
        "max": 87.256035,
        "p(50)": 16.731266,
        "p(95)": 20.564734,
        "p(99)": 58.02746340000002
      }
    },
    "vus": {
      "type": "gauge",
      "contains": "default",
      "values": {
        "value": 0,
        "min": 0,
        "max": 1
      }
    },
    "http_reqs": {
      "type": "counter",
      "contains": "default",
      "values": {
        "rate": 34.004189871101396,
        "count": 3061
      }
    }
  },
  "root_group": {
    "name": "",
    "path": "",
    "id": "d41d8cd98f00b204e9800998ecf8427e",
    "groups": [],
    "checks": [
        {
          "fails": 0,
          "name": "status is 200",
          "path": "::status is 200",
          "id": "6210a8cd14cd70477eba5c5e4cb3fb5f",
          "passes": 3061
        },
        {
          "path": "::no graphql errors",
          "id": "7c29382b2a87caa2e50f0d89170b649f",
          "passes": 3061,
          "fails": 0,
          "name": "no graphql errors"
        }
      ]
  },
  "options": {
    "summaryTrendStats": [
      "avg",
      "min",
      "med",
      "max",
      "p(50)",
      "p(95)",
      "p(99)"
    ],
    "summaryTimeUnit": "",
    "noColor": false
  }
}