{
  "state": {
    "isStdOutTTY": false,
    "isStdErrTTY": false,
    "testRunDurationMs": 90009.614719
  },
  "metrics": {
    "req_latency": {
      "contains": "default",
      "values": {
        "avg": 9.181185856508229,
        "min": 4.560057,
        "med": 9.187973,
        "max": 13.366114,
        "p(50)": 9.187973,
        "p(95)": 11.038166499999999,
        "p(99)": 11.900834499999998
      },
      "type": "trend"
    },
    "http_req_duration": {
      "type": "trend",
      "contains": "time",
      "values": {
        "p(95)": 11.038166499999999,
        "p(99)": 11.900834499999998,
        "avg": 9.181185856508229,
        "min": 4.560057,
        "med": 9.187973,
        "max": 13.366114,
        "p(50)": 9.187973
      }
    },
    "payload_bytes": {
      "type": "trend",
      "contains": "default",
      "values": {
        "p(99)": 4744,
        "avg": 2971.8334073745004,
        "min": 2012,
        "med": 2829,
        "max": 10688,
        "p(50)": 2829,
        "p(95)": 4430
      }
    },
    "round_trip_count": {
      "type": "trend",
      "contains": "default",
      "values": {
        "p(95)": 1,
        "p(99)": 1,
        "avg": 1,
        "min": 1,
        "med": 1,
        "max": 1,
        "p(50)": 1
      }
    },
    "http_req_blocked": {
      "values": {
        "p(95)": 0.0317195,
        "p(99)": 5.6676234999999995,
        "avg": 0.12927098000888487,
        "min": 0.00427,
        "med": 0.0076,
        "max": 7.107369,
        "p(50)": 0.0076
      },
      "type": "trend",
      "contains": "time"
    },
    "data_sent": {
      "type": "counter",
      "contains": "data",
      "values": {
        "rate": 2985.358851261455,
        "count": 268711
      }
    },
    "vus_max": {
      "type": "gauge",
      "contains": "default",
      "values": {
        "value": 50,
        "min": 50,
        "max": 50
      }
    },
    "http_req_failed": {
      "type": "rate",
      "contains": "default",
      "values": {
        "rate": 0,
        "passes": 0,
        "fails": 2251
      }
    },
    "http_reqs": {
      "values": {
        "count": 2251,
        "rate": 25.008439454244655
      },
      "type": "counter",
      "contains": "default"
    },
    "http_req_tls_handshaking": {
      "type": "trend",
      "contains": "time",
      "values": {
        "med": 0,
        "max": 0,
        "p(50)": 0,
        "p(95)": 0,
        "p(99)": 0,
        "avg": 0,
        "min": 0
      }
    },
    "http_req_waiting": {
      "type": "trend",
      "contains": "time",
      "values": {
        "p(50)": 9.038546,
        "p(95)": 10.892498,
        "p(99)": 11.7362915,
        "avg": 9.034229822745434,
        "min": 4.414138,
        "med": 9.038546,
        "max": 13.214614
      }
    },
    "vus": {
      "type": "gauge",
      "contains": "default",
      "values": {
        "value": 0,
        "min": 0,
        "max": 0
      }
    },
    "http_req_duration{expected_response:true}": {
      "type": "trend",
      "contains": "time",
      "values": {
        "min": 4.560057,
        "med": 9.187973,
        "max": 13.366114,
        "p(50)": 9.187973,
        "p(95)": 11.038166499999999,
        "p(99)": 11.900834499999998,
        "avg": 9.181185856508229
      }
    },
    "iteration_duration": {
      "type": "trend",
      "contains": "time",
      "values": {
        "min": 4.916436,
        "med": 9.582403,
        "max": 19.139812,
        "p(50)": 9.582403,
        "p(95)": 11.714033,
        "p(99)": 15.2243605,
        "avg": 9.665571343847182
      }
    },
    "checks": {
      "type": "rate",
      "contains": "default",
      "values": {
        "passes": 2251,
        "fails": 0,
        "rate": 1
      }
    },
    "data_received": {
      "type": "counter",
      "contains": "data",
      "values": {
        "count": 7279360,
        "rate": 80873.13808336311
      }
    },
    "iterations": {
      "type": "counter",
      "contains": "default",
      "values": {
        "count": 2251,
        "rate": 25.008439454244655
      }
    },
    "http_req_connecting": {
      "contains": "time",
      "values": {
        "max": 7.00989,
        "p(50)": 0,
        "p(95)": 0,
        "p(99)": 5.5517445,
        "avg": 0.11739167392270104,
        "min": 0,
        "med": 0
      },
      "type": "trend"
    },
    "http_req_sending": {
      "type": "trend",
      "contains": "time",
      "values": {
        "avg": 0.03259829942247891,
        "min": 0.01151,
        "med": 0.02693,
        "max": 0.316397,
        "p(50)": 0.02693,
        "p(95)": 0.0699645,
        "p(99)": 0.128344
      }
    },
    "http_req_receiving": {
      "contains": "time",
      "values": {
        "min": 0.043309,
        "med": 0.103259,
        "max": 0.655756,
        "p(50)": 0.103259,
        "p(95)": 0.1889895,
        "p(99)": 0.24729299999999999,
        "avg": 0.11435773434029303
      },
      "type": "trend"
    }
  },
  "root_group": {
    "name": "",
    "path": "",
    "id": "d41d8cd98f00b204e9800998ecf8427e",
    "groups": [],
    "checks": [
        {
          "name": "status is 200",
          "path": "::status is 200",
          "id": "6210a8cd14cd70477eba5c5e4cb3fb5f",
          "passes": 2251,
          "fails": 0
        }
      ]
  },
  "options": {
    "summaryTimeUnit": "",
    "noColor": false,
    "summaryTrendStats": [
      "avg",
      "min",
      "med",
      "max",
      "p(50)",
      "p(95)",
      "p(99)"
    ]
  }
}