{
  "metrics": {
    "data_sent": {
      "type": "counter",
      "contains": "data",
      "values": {
        "count": 1767515,
        "rate": 19638.63794842966
      }
    },
    "http_req_tls_handshaking": {
      "contains": "time",
      "values": {
        "avg": 0,
        "min": 0,
        "med": 0,
        "max": 0,
        "p(50)": 0,
        "p(95)": 0,
        "p(99)": 0
      },
      "type": "trend"
    },
    "http_req_sending": {
      "contains": "time",
      "values": {
        "p(95)": 0.052639499999999846,
        "p(99)": 0.11255971,
        "avg": 0.03167159564564563,
        "min": 0.01282,
        "med": 0.026379,
        "max": 2.103156,
        "p(50)": 0.026379
      },
      "type": "trend"
    },
    "vus_max": {
      "values": {
        "max": 148,
        "value": 148,
        "min": 148
      },
      "type": "gauge",
      "contains": "default"
    },
    "req_latency": {
      "type": "trend",
      "contains": "default",
      "values": {
        "p(95)": 15.537689299999998,
        "p(99)": 50.61614798999994,
        "avg": 12.790330695645686,
        "min": 7.956738,
        "med": 11.82503,
        "max": 75.271701,
        "p(50)": 11.82503
      }
    },
    "http_req_duration{expected_response:true}": {
      "type": "trend",
      "contains": "time",
      "values": {
        "avg": 12.790330695645686,
        "min": 7.956738,
        "med": 11.82503,
        "max": 75.271701,
        "p(50)": 11.82503,
        "p(95)": 15.537689299999998,
        "p(99)": 50.61614798999994
      }
    },
    "checks": {
      "contains": "default",
      "values": {
        "rate": 1,
        "passes": 13320,
        "fails": 0
      },
      "type": "rate"
    },
    "round_trip_count": {
      "type": "trend",
      "contains": "default",
      "values": {
        "p(50)": 1,
        "p(95)": 1,
        "p(99)": 1,
        "avg": 1,
        "min": 1,
        "med": 1,
        "max": 1
      }
    },
    "http_req_receiving": {
      "type": "trend",
      "contains": "time",
      "values": {
        "p(95)": 0.15316799999999942,
        "p(99)": 0.6922877999999987,
        "avg": 0.11559791396396386,
        "min": 0.038939,
        "med": 0.0888635,
        "max": 6.677701,
        "p(50)": 0.0888635
      }
    },
    "data_received": {
      "values": {
        "count": 3226316,
        "rate": 35847.19328052423
      },
      "type": "counter",
      "contains": "data"
    },
    "http_req_blocked": {
      "type": "trend",
      "contains": "time",
      "values": {
        "p(99)": 5.372682689999998,
        "avg": 0.12716231276276208,
        "min": 0.00448,
        "med": 0.0069,
        "max": 15.774111,
        "p(50)": 0.0069,
        "p(95)": 0.013969999999999986
      }
    },
    "http_req_waiting": {
      "type": "trend",
      "contains": "time",
      "values": {
        "max": 74.217245,
        "p(50)": 11.7041005,
        "p(95)": 15.407996749999983,
        "p(99)": 49.89913839,
        "avg": 12.643061186036089,
        "min": 7.82627,
        "med": 11.7041005
      }
    },
    "iterations": {
      "contains": "default",
      "values": {
        "count": 6660,
        "rate": 73.99842645552741
      },
      "type": "counter"
    },
    "vus": {
      "type": "gauge",
      "contains": "default",
      "values": {
        "value": 0,
        "min": 0,
        "max": 4
      }
    },
    "iteration_duration": {
      "type": "trend",
      "contains": "time",
      "values": {
        "min": 8.399589,
        "med": 12.396862,
        "max": 75.626264,
        "p(50)": 12.396862,
        "p(95)": 17.205604499999986,
        "p(99)": 51.37412890999998,
        "avg": 13.449820659159172
      }
    },
    "payload_bytes": {
      "type": "trend",
      "contains": "default",
      "values": {
        "avg": 223.43183183183183,
        "min": 124,
        "med": 224,
        "max": 305,
        "p(50)": 224,
        "p(95)": 251,
        "p(99)": 276
      }
    },
    "http_reqs": {
      "values": {
        "count": 6660,
        "rate": 73.99842645552741
      },
      "type": "counter",
      "contains": "default"
    },
    "http_req_duration": {
      "contains": "time",
      "values": {
        "avg": 12.790330695645686,
        "min": 7.956738,
        "med": 11.82503,
        "max": 75.271701,
        "p(50)": 11.82503,
        "p(95)": 15.537689299999998,
        "p(99)": 50.61614798999994
      },
      "type": "trend"
    },
    "http_req_connecting": {
      "type": "trend",
      "contains": "time",
      "values": {
        "p(95)": 0,
        "p(99)": 5.27450091,
        "avg": 0.1171556165165165,
        "min": 0,
        "med": 0,
        "max": 15.672373,
        "p(50)": 0
      }
    },
    "http_req_failed": {
      "type": "rate",
      "contains": "default",
      "values": {
        "rate": 0,
        "passes": 0,
        "fails": 6660
      }
    }
  },
  "root_group": {
    "name": "",
    "path": "",
    "id": "d41d8cd98f00b204e9800998ecf8427e",
    "groups": [],
    "checks": [
        {
          "id": "6210a8cd14cd70477eba5c5e4cb3fb5f",
          "passes": 6660,
          "fails": 0,
          "name": "status is 200",
          "path": "::status is 200"
        },
        {
          "path": "::no graphql errors",
          "id": "7c29382b2a87caa2e50f0d89170b649f",
          "passes": 6660,
          "fails": 0,
          "name": "no graphql errors"
        }
      ]
  },
  "options": {
    "summaryTrendStats": [
      "avg",
      "min",
      "med",
      "max",
      "p(50)",
      "p(95)",
      "p(99)"
    ],
    "summaryTimeUnit": "",
    "noColor": false
  },
  "state": {
    "isStdOutTTY": false,
    "isStdErrTTY": false,
    "testRunDurationMs": 90001.913811
  }
}