{
  "root_group": {
    "checks": [
      {
        "path": "::status is 200",
        "id": "6210a8cd14cd70477eba5c5e4cb3fb5f",
        "passes": 6661,
        "fails": 0,
        "name": "status is 200"
      }
    ],
    "name": "",
    "path": "",
    "id": "d41d8cd98f00b204e9800998ecf8427e",
    "groups": []
  },
  "options": {
    "summaryTrendStats": [
      "avg",
      "min",
      "med",
      "max",
      "p(50)",
      "p(95)",
      "p(99)"
    ],
    "summaryTimeUnit": "",
    "noColor": false
  },
  "state": {
    "isStdOutTTY": false,
    "isStdErrTTY": false,
    "testRunDurationMs": 90010.981907
  },
  "metrics": {
    "http_req_tls_handshaking": {
      "type": "trend",
      "contains": "time",
      "values": {
        "max": 0,
        "p(50)": 0,
        "p(95)": 0,
        "p(99)": 0,
        "avg": 0,
        "min": 0,
        "med": 0
      }
    },
    "http_req_waiting": {
      "type": "trend",
      "contains": "time",
      "values": {
        "avg": 8.528107078366586,
        "min": 3.935148,
        "med": 8.499908,
        "max": 15.756364,
        "p(50)": 8.499908,
        "p(95)": 10.459847,
        "p(99)": 11.383405999999999
      }
    },
    "payload_bytes": {
      "type": "trend",
      "contains": "default",
      "values": {
        "med": 7438,
        "max": 29291,
        "p(50)": 7438,
        "p(95)": 12149,
        "p(99)": 13025,
        "avg": 8044.516739228344,
        "min": 5330
      }
    },
    "http_reqs": {
      "type": "counter",
      "contains": "default",
      "values": {
        "count": 6661,
        "rate": 74.00208128917195
      }
    },
    "http_req_receiving": {
      "type": "trend",
      "contains": "time",
      "values": {
        "p(95)": 0.16664,
        "p(99)": 0.2731289999999996,
        "avg": 0.14777587134064002,
        "min": 0.04761,
        "med": 0.105906,
        "max": 8.009544,
        "p(50)": 0.105906
      }
    },
    "http_req_sending": {
      "type": "trend",
      "contains": "time",
      "values": {
        "min": 0.011939,
        "med": 0.026759,
        "max": 0.246489,
        "p(50)": 0.026759,
        "p(95)": 0.052828,
        "p(99)": 0.11588359999999967,
        "avg": 0.030961827953760762
      }
    },
    "round_trip_count": {
      "type": "trend",
      "contains": "default",
      "values": {
        "min": 1,
        "med": 1,
        "max": 1,
        "p(50)": 1,
        "p(95)": 1,
        "p(99)": 1,
        "avg": 1
      }
    },
    "http_req_duration{expected_response:true}": {
      "type": "trend",
      "contains": "time",
      "values": {
        "p(95)": 10.681753,
        "p(99)": 12.18457719999999,
        "avg": 8.706844777661017,
        "min": 4.072062,
        "med": 8.641041,
        "max": 21.489264,
        "p(50)": 8.641041
      }
    },
    "http_req_blocked": {
      "type": "trend",
      "contains": "time",
      "values": {
        "min": 0.0045,
        "med": 0.00739,
        "max": 18.149452,
        "p(50)": 0.00739,
        "p(95)": 0.017099,
        "p(99)": 5.670400599999976,
        "avg": 0.13359370409848392
      }
    },
    "http_req_failed": {
      "type": "rate",
      "contains": "default",
      "values": {
        "fails": 6661,
        "rate": 0,
        "passes": 0
      }
    },
    "iterations": {
      "type": "counter",
      "contains": "default",
      "values": {
        "count": 6661,
        "rate": 74.00208128917195
      }
    },
    "vus_max": {
      "type": "gauge",
      "contains": "default",
      "values": {
        "value": 148,
        "min": 148,
        "max": 148
      }
    },
    "data_received": {
      "type": "counter",
      "contains": "data",
      "values": {
        "count": 55331248,
        "rate": 614716.6359896912
      }
    },
    "http_req_connecting": {
      "values": {
        "avg": 0.12287409833358352,
        "min": 0,
        "med": 0,
        "max": 18.064852,
        "p(50)": 0,
        "p(95)": 0,
        "p(99)": 5.544359199999991
      },
      "type": "trend",
      "contains": "time"
    },
    "http_req_duration": {
      "values": {
        "avg": 8.706844777661017,
        "min": 4.072062,
        "med": 8.641041,
        "max": 21.489264,
        "p(50)": 8.641041,
        "p(95)": 10.681753,
        "p(99)": 12.18457719999999
      },
      "type": "trend",
      "contains": "time"
    },
    "checks": {
      "type": "rate",
      "contains": "default",
      "values": {
        "rate": 1,
        "passes": 6661,
        "fails": 0
      }
    },
    "data_sent": {
      "type": "counter",
      "contains": "data",
      "values": {
        "count": 981717,
        "rate": 10906.6358259964
      }
    },
    "iteration_duration": {
      "values": {
        "p(50)": 8.98553,
        "p(95)": 11.377652,
        "p(99)": 16.123311599999997,
        "avg": 9.16753867557427,
        "min": 4.364252,
        "med": 8.98553,
        "max": 33.993563
      },
      "type": "trend",
      "contains": "time"
    },
    "req_latency": {
      "type": "trend",
      "contains": "default",
      "values": {
        "max": 21.489264,
        "p(50)": 8.641041,
        "p(95)": 10.681753,
        "p(99)": 12.18457719999999,
        "avg": 8.706844777661017,
        "min": 4.072062,
        "med": 8.641041
      }
    },
    "vus": {
      "type": "gauge",
      "contains": "default",
      "values": {
        "value": 1,
        "min": 1,
        "max": 2
      }
    }
  }
}