{
  "root_group": {
    "path": "",
    "id": "d41d8cd98f00b204e9800998ecf8427e",
    "groups": [],
    "checks": [
        {
          "id": "6210a8cd14cd70477eba5c5e4cb3fb5f",
          "passes": 9000,
          "fails": 0,
          "name": "status is 200",
          "path": "::status is 200"
        }
      ],
    "name": ""
  },
  "options": {
    "summaryTrendStats": [
      "avg",
      "min",
      "med",
      "max",
      "p(50)",
      "p(95)",
      "p(99)"
    ],
    "summaryTimeUnit": "",
    "noColor": false
  },
  "state": {
    "isStdOutTTY": false,
    "isStdErrTTY": false,
    "testRunDurationMs": 90000.873957
  },
  "metrics": {
    "http_req_tls_handshaking": {
      "contains": "time",
      "values": {
        "max": 0,
        "p(50)": 0,
        "p(95)": 0,
        "p(99)": 0,
        "avg": 0,
        "min": 0,
        "med": 0
      },
      "type": "trend"
    },
    "iteration_duration": {
      "type": "trend",
      "contains": "time",
      "values": {
        "min": 10.035674,
        "med": 15.241862000000001,
        "max": 50.770744,
        "p(50)": 15.241862000000001,
        "p(95)": 18.029261200000004,
        "p(99)": 21.808137900000006,
        "avg": 15.40298510622225
      }
    },
    "http_req_duration": {
      "values": {
        "max": 43.082012,
        "p(50)": 7.3602595,
        "p(95)": 9.12089255,
        "p(99)": 9.914741330000005,
        "avg": 7.361856434222157,
        "min": 3.35226,
        "med": 7.3602595
      },
      "type": "trend",
      "contains": "time"
    },
    "http_req_connecting": {
      "values": {
        "p(95)": 0,
        "p(99)": 4.338234800000018,
        "avg": 0.05983975844444442,
        "min": 0,
        "med": 0,
        "max": 10.599718,
        "p(50)": 0
      },
      "type": "trend",
      "contains": "time"
    },
    "payload_bytes": {
      "values": {
        "avg": 1009.6292222222222,
        "min": 110,
        "med": 129,
        "max": 2386,
        "p(50)": 129,
        "p(95)": 2327,
        "p(99)": 2347
      },
      "type": "trend",
      "contains": "default"
    },
    "checks": {
      "type": "rate",
      "contains": "default",
      "values": {
        "passes": 9000,
        "fails": 0,
        "rate": 1
      }
    },
    "page_latency": {
      "type": "trend",
      "contains": "default",
      "values": {
        "avg": 14.723712868444453,
        "min": 9.474032,
        "med": 14.688656,
        "max": 50.16802,
        "p(50)": 14.688656,
        "p(95)": 17.04744045,
        "p(99)": 18.1834288
      }
    },
    "vus": {
      "contains": "default",
      "values": {
        "value": 1,
        "min": 0,
        "max": 2
      },
      "type": "gauge"
    },
    "http_req_sending": {
      "type": "trend",
      "contains": "time",
      "values": {
        "p(50)": 0.02144,
        "p(95)": 0.04220204999999997,
        "p(99)": 0.0780483000000004,
        "avg": 0.024058672999999888,
        "min": 0.00834,
        "med": 0.02144,
        "max": 3.173758
      }
    },
    "req_latency": {
      "contains": "default",
      "values": {
        "avg": 7.361856434222157,
        "min": 3.35226,
        "med": 7.3602595,
        "max": 43.082012,
        "p(50)": 7.3602595,
        "p(95)": 9.12089255,
        "p(99)": 9.914741330000005
      },
      "type": "trend"
    },
    "http_reqs": {
      "type": "counter",
      "contains": "default",
      "values": {
        "count": 9000,
        "rate": 99.99902894609622
      }
    },
    "data_received": {
      "type": "counter",
      "contains": "data",
      "values": {
        "count": 11439727,
        "rate": 127106.8434898265
      }
    },
    "http_req_receiving": {
      "values": {
        "avg": 0.09184801200000003,
        "min": 0.04059,
        "med": 0.086461,
        "max": 1.815659,
        "p(50)": 0.086461,
        "p(95)": 0.13690199999999997,
        "p(99)": 0.18883341000000006
      },
      "type": "trend",
      "contains": "time"
    },
    "vus_max": {
      "values": {
        "value": 100,
        "min": 100,
        "max": 100
      },
      "type": "gauge",
      "contains": "default"
    },
    "http_req_blocked": {
      "contains": "time",
      "values": {
        "p(95)": 0.011130499999999993,
        "p(99)": 4.45226390000001,
        "avg": 0.06774449422222076,
        "min": 0.00312,
        "med": 0.00643,
        "max": 10.669158,
        "p(50)": 0.00643
      },
      "type": "trend"
    },
    "http_req_failed": {
      "type": "rate",
      "contains": "default",
      "values": {
        "rate": 0,
        "passes": 0,
        "fails": 9000
      }
    },
    "http_req_waiting": {
      "type": "trend",
      "contains": "time",
      "values": {
        "p(99)": 9.80386425,
        "avg": 7.245949749222236,
        "min": 3.24488,
        "med": 7.2399135,
        "max": 42.520519,
        "p(50)": 7.2399135,
        "p(95)": 9.006345299999998
      }
    },
    "round_trip_count": {
      "type": "trend",
      "contains": "default",
      "values": {
        "p(95)": 2,
        "p(99)": 2,
        "avg": 2,
        "min": 2,
        "med": 2,
        "max": 2,
        "p(50)": 2
      }
    },
    "http_req_duration{expected_response:true}": {
      "values": {
        "med": 7.3602595,
        "max": 43.082012,
        "p(50)": 7.3602595,
        "p(95)": 9.12089255,
        "p(99)": 9.914741330000005,
        "avg": 7.361856434222157,
        "min": 3.35226
      },
      "type": "trend",
      "contains": "time"
    },
    "data_sent": {
      "type": "counter",
      "contains": "data",
      "values": {
        "rate": 10012.136109150695,
        "count": 901101
      }
    },
    "iterations": {
      "contains": "default",
      "values": {
        "rate": 49.99951447304811,
        "count": 4500
      },
      "type": "counter"
    }
  }
}