{
  "options": {
    "summaryTrendStats": [
      "avg",
      "min",
      "med",
      "max",
      "p(50)",
      "p(95)",
      "p(99)"
    ],
    "summaryTimeUnit": "",
    "noColor": false
  },
  "state": {
    "isStdOutTTY": false,
    "isStdErrTTY": false,
    "testRunDurationMs": 90001.874427
  },
  "metrics": {
    "http_req_sending": {
      "type": "trend",
      "contains": "time",
      "values": {
        "avg": 0.030510685585585534,
        "min": 0.01142,
        "med": 0.02616,
        "max": 0.213929,
        "p(50)": 0.02616,
        "p(95)": 0.05146004999999984,
        "p(99)": 0.10989941
      }
    },
    "http_req_blocked": {
      "type": "trend",
      "contains": "time",
      "values": {
        "avg": 0.131365737687687,
        "min": 0.00446,
        "med": 0.0069695,
        "max": 14.409505,
        "p(50)": 0.0069695,
        "p(95)": 0.013400499999999994,
        "p(99)": 5.495619799999999
      }
    },
    "http_req_waiting": {
      "type": "trend",
      "contains": "time",
      "values": {
        "p(50)": 15.8925555,
        "p(95)": 34.5130780499999,
        "p(99)": 68.45203040999999,
        "avg": 17.785170433333274,
        "min": 9.758737,
        "med": 15.8925555,
        "max": 104.364346
      }
    },
    "http_req_connecting": {
      "type": "trend",
      "contains": "time",
      "values": {
        "p(50)": 0,
        "p(95)": 0,
        "p(99)": 5.378895989999995,
        "avg": 0.12091522102102097,
        "min": 0,
        "med": 0,
        "max": 14.314006
      }
    },
    "req_latency": {
      "type": "trend",
      "contains": "default",
      "values": {
        "med": 16.0190065,
        "max": 105.744429,
        "p(50)": 16.0190065,
        "p(95)": 36.87420789999961,
        "p(99)": 69.49653223999998,
        "avg": 18.014646823723762,
        "min": 9.863127
      }
    },
    "round_trip_count": {
      "type": "trend",
      "contains": "default",
      "values": {
        "med": 1,
        "max": 1,
        "p(50)": 1,
        "p(95)": 1,
        "p(99)": 1,
        "avg": 1,
        "min": 1
      }
    },
    "checks": {
      "type": "rate",
      "contains": "default",
      "values": {
        "fails": 0,
        "rate": 1,
        "passes": 13320
      }
    },
    "data_sent": {
      "values": {
        "count": 1768680,
        "rate": 19651.590716975188
      },
      "type": "counter",
      "contains": "data"
    },
    "vus": {
      "type": "gauge",
      "contains": "default",
      "values": {
        "value": 2,
        "min": 1,
        "max": 5
      }
    },
    "http_req_duration{expected_response:true}": {
      "type": "trend",
      "contains": "time",
      "values": {
        "min": 9.863127,
        "med": 16.0190065,
        "max": 105.744429,
        "p(50)": 16.0190065,
        "p(95)": 36.87420789999961,
        "p(99)": 69.49653223999998,
        "avg": 18.014646823723762
      }
    },
    "payload_bytes": {
      "values": {
        "min": 634,
        "med": 3437,
        "max": 29374,
        "p(50)": 3437,
        "p(95)": 5124,
        "p(99)": 5281,
        "avg": 2939.7993993993996
      },
      "type": "trend",
      "contains": "default"
    },
    "iteration_duration": {
      "type": "trend",
      "contains": "time",
      "values": {
        "p(99)": 70.88143543999998,
        "avg": 19.435479662312254,
        "min": 10.584604,
        "med": 17.5872015,
        "max": 106.308446,
        "p(50)": 17.5872015,
        "p(95)": 38.20081399999995
      }
    },
    "iterations": {
      "type": "counter",
      "contains": "default",
      "values": {
        "count": 6660,
        "rate": 73.99845883656442
      }
    },
    "http_reqs": {
      "type": "counter",
      "contains": "default",
      "values": {
        "count": 6660,
        "rate": 73.99845883656442
      }
    },
    "http_req_tls_handshaking": {
      "type": "trend",
      "contains": "time",
      "values": {
        "avg": 0,
        "min": 0,
        "med": 0,
        "max": 0,
        "p(50)": 0,
        "p(95)": 0,
        "p(99)": 0
      }
    },
    "data_received": {
      "contains": "data",
      "values": {
        "count": 21322063,
        "rate": 236906.87705947948
      },
      "type": "counter"
    },
    "http_req_failed": {
      "type": "rate",
      "contains": "default",
      "values": {
        "rate": 0,
        "passes": 0,
        "fails": 6660
      }
    },
    "http_req_duration": {
      "type": "trend",
      "contains": "time",
      "values": {
        "avg": 18.014646823723762,
        "min": 9.863127,
        "med": 16.0190065,
        "max": 105.744429,
        "p(50)": 16.0190065,
        "p(95)": 36.87420789999961,
        "p(99)": 69.49653223999998
      }
    },
    "http_req_receiving": {
      "type": "trend",
      "contains": "time",
      "values": {
        "med": 0.0964845,
        "max": 22.678951,
        "p(50)": 0.0964845,
        "p(95)": 0.5267234999999996,
        "p(99)": 1.3065696099999993,
        "avg": 0.19896570480480372,
        "min": 0.039659
      }
    },
    "vus_max": {
      "type": "gauge",
      "contains": "default",
      "values": {
        "value": 148,
        "min": 148,
        "max": 148
      }
    }
  },
  "root_group": {
    "id": "d41d8cd98f00b204e9800998ecf8427e",
    "groups": [],
    "checks": [
        {
          "id": "6210a8cd14cd70477eba5c5e4cb3fb5f",
          "passes": 6660,
          "fails": 0,
          "name": "status is 200",
          "path": "::status is 200"
        },
        {
          "path": "::no graphql errors",
          "id": "7c29382b2a87caa2e50f0d89170b649f",
          "passes": 6660,
          "fails": 0,
          "name": "no graphql errors"
        }
      ],
    "name": "",
    "path": ""
  }
}