{
  "state": {
    "isStdOutTTY": false,
    "isStdErrTTY": false,
    "testRunDurationMs": 90018.208775
  },
  "metrics": {
    "http_req_blocked": {
      "type": "trend",
      "contains": "time",
      "values": {
        "max": 14.011916,
        "p(50)": 0.00706,
        "p(95)": 0.0131,
        "p(99)": 5.750475,
        "avg": 0.1326409397911563,
        "min": 0.00414,
        "med": 0.00706
      }
    },
    "checks": {
      "type": "rate",
      "contains": "default",
      "values": {
        "passes": 9002,
        "fails": 0,
        "rate": 1
      }
    },
    "http_req_duration": {
      "values": {
        "avg": 16.36985164141304,
        "min": 10.400501,
        "med": 15.566844,
        "max": 65.716634,
        "p(50)": 15.566844,
        "p(95)": 19.799028,
        "p(99)": 52.377059
      },
      "type": "trend",
      "contains": "time"
    },
    "iteration_duration": {
      "type": "trend",
      "contains": "time",
      "values": {
        "max": 66.877366,
        "p(50)": 16.993102,
        "p(95)": 22.293546,
        "p(99)": 53.510895,
        "avg": 17.88766289780047,
        "min": 11.315693,
        "med": 16.993102
      }
    },
    "http_req_connecting": {
      "values": {
        "max": 13.905506,
        "p(50)": 0,
        "p(95)": 0,
        "p(99)": 5.653513,
        "avg": 0.12244197956009784,
        "min": 0,
        "med": 0
      },
      "type": "trend",
      "contains": "time"
    },
    "http_req_receiving": {
      "contains": "time",
      "values": {
        "p(50)": 0.094411,
        "p(95)": 0.15852,
        "p(99)": 0.460801,
        "avg": 0.10808963874694526,
        "min": 0.041241,
        "med": 0.094411,
        "max": 9.147513
      },
      "type": "trend"
    },
    "http_req_sending": {
      "type": "trend",
      "contains": "time",
      "values": {
        "min": 0.01172,
        "med": 0.02744,
        "max": 0.452571,
        "p(50)": 0.02744,
        "p(95)": 0.05638,
        "p(99)": 0.119171,
        "avg": 0.032000766274161305
      }
    },
    "req_latency": {
      "type": "trend",
      "contains": "default",
      "values": {
        "med": 15.566844,
        "max": 65.716634,
        "p(50)": 15.566844,
        "p(95)": 19.799028,
        "p(99)": 52.377059,
        "avg": 16.36985164141304,
        "min": 10.400501
      }
    },
    "payload_bytes": {
      "type": "trend",
      "contains": "default",
      "values": {
        "min": 2031,
        "med": 2759,
        "max": 10707,
        "p(50)": 2759,
        "p(95)": 4452,
        "p(99)": 4763,
        "avg": 2984.6696289713395
      }
    },
    "data_received": {
      "type": "counter",
      "contains": "data",
      "values": {
        "count": 14613269,
        "rate": 162336.81161692276
      }
    },
    "vus": {
      "type": "gauge",
      "contains": "default",
      "values": {
        "min": 0,
        "max": 3,
        "value": 1
      }
    },
    "vus_max": {
      "type": "gauge",
      "contains": "default",
      "values": {
        "value": 100,
        "min": 100,
        "max": 100
      }
    },
    "round_trip_count": {
      "type": "trend",
      "contains": "default",
      "values": {
        "min": 1,
        "med": 1,
        "max": 1,
        "p(50)": 1,
        "p(95)": 1,
        "p(99)": 1,
        "avg": 1
      }
    },
    "iterations": {
      "contains": "default",
      "values": {
        "count": 4501,
        "rate": 50.00099492370731
      },
      "type": "counter"
    },
    "http_reqs": {
      "type": "counter",
      "contains": "default",
      "values": {
        "rate": 50.00099492370731,
        "count": 4501
      }
    },
    "http_req_waiting": {
      "type": "trend",
      "contains": "time",
      "values": {
        "p(99)": 51.69044,
        "avg": 16.229761236391894,
        "min": 10.3028,
        "med": 15.442438,
        "max": 65.067202,
        "p(50)": 15.442438,
        "p(95)": 19.62654
      }
    },
    "data_sent": {
      "type": "counter",
      "contains": "data",
      "values": {
        "count": 1194542,
        "rate": 13270.004105344407
      }
    },
    "http_req_failed": {
      "type": "rate",
      "contains": "default",
      "values": {
        "rate": 0,
        "passes": 0,
        "fails": 4501
      }
    },
    "http_req_duration{expected_response:true}": {
      "type": "trend",
      "contains": "time",
      "values": {
        "max": 65.716634,
        "p(50)": 15.566844,
        "p(95)": 19.799028,
        "p(99)": 52.377059,
        "avg": 16.36985164141304,
        "min": 10.400501,
        "med": 15.566844
      }
    },
    "http_req_tls_handshaking": {
      "type": "trend",
      "contains": "time",
      "values": {
        "max": 0,
        "p(50)": 0,
        "p(95)": 0,
        "p(99)": 0,
        "avg": 0,
        "min": 0,
        "med": 0
      }
    }
  },
  "root_group": {
    "name": "",
    "path": "",
    "id": "d41d8cd98f00b204e9800998ecf8427e",
    "groups": [],
    "checks": [
        {
          "fails": 0,
          "name": "status is 200",
          "path": "::status is 200",
          "id": "6210a8cd14cd70477eba5c5e4cb3fb5f",
          "passes": 4501
        },
        {
          "name": "no graphql errors",
          "path": "::no graphql errors",
          "id": "7c29382b2a87caa2e50f0d89170b649f",
          "passes": 4501,
          "fails": 0
        }
      ]
  },
  "options": {
    "summaryTrendStats": [
      "avg",
      "min",
      "med",
      "max",
      "p(50)",
      "p(95)",
      "p(99)"
    ],
    "summaryTimeUnit": "",
    "noColor": false
  }
}