{
  "root_group": {
    "name": "",
    "path": "",
    "id": "d41d8cd98f00b204e9800998ecf8427e",
    "groups": [],
    "checks": [
        {
          "passes": 1531,
          "fails": 0,
          "name": "status is 200",
          "path": "::status is 200",
          "id": "6210a8cd14cd70477eba5c5e4cb3fb5f"
        },
        {
          "name": "no graphql errors",
          "path": "::no graphql errors",
          "id": "7c29382b2a87caa2e50f0d89170b649f",
          "passes": 1531,
          "fails": 0
        }
      ]
  },
  "options": {
    "summaryTrendStats": [
      "avg",
      "min",
      "med",
      "max",
      "p(50)",
      "p(95)",
      "p(99)"
    ],
    "summaryTimeUnit": "",
    "noColor": false
  },
  "state": {
    "testRunDurationMs": 90019.438895,
    "isStdOutTTY": false,
    "isStdErrTTY": false
  },
  "metrics": {
    "http_req_tls_handshaking": {
      "type": "trend",
      "contains": "time",
      "values": {
        "max": 0,
        "p(50)": 0,
        "p(95)": 0,
        "p(99)": 0,
        "avg": 0,
        "min": 0,
        "med": 0
      }
    },
    "http_req_blocked": {
      "contains": "time",
      "values": {
        "med": 0.00755,
        "max": 7.480197,
        "p(50)": 0.00755,
        "p(95)": 0.013759500000000001,
        "p(99)": 5.842692300000002,
        "avg": 0.1337391064663617,
        "min": 0.00476
      },
      "type": "trend"
    },
    "http_req_waiting": {
      "type": "trend",
      "contains": "time",
      "values": {
        "max": 85.429169,
        "p(50)": 16.688741,
        "p(95)": 20.1247775,
        "p(99)": 23.887047800000015,
        "avg": 17.351221637491808,
        "min": 11.775827,
        "med": 16.688741
      }
    },
    "http_req_receiving": {
      "type": "trend",
      "contains": "time",
      "values": {
        "p(50)": 0.095961,
        "p(95)": 0.16324450000000001,
        "p(99)": 0.28975400000000057,
        "avg": 0.10675927955584595,
        "min": 0.04566,
        "med": 0.095961,
        "max": 0.538516
      }
    },
    "http_req_failed": {
      "values": {
        "rate": 0,
        "passes": 0,
        "fails": 1531
      },
      "type": "rate",
      "contains": "default"
    },
    "http_req_sending": {
      "contains": "time",
      "values": {
        "avg": 0.03542510320052257,
        "min": 0.013419,
        "med": 0.029819,
        "max": 0.306727,
        "p(50)": 0.029819,
        "p(95)": 0.0624345,
        "p(99)": 0.13153200000000012
      },
      "type": "trend"
    },
    "page_latency": {
      "type": "trend",
      "contains": "default",
      "values": {
        "p(95)": 20.2951205,
        "p(99)": 24.043015500000017,
        "avg": 17.493406020248216,
        "min": 11.907156,
        "med": 16.823792,
        "max": 85.834607,
        "p(50)": 16.823792
      }
    },
    "http_req_duration": {
      "type": "trend",
      "contains": "time",
      "values": {
        "avg": 17.493406020248216,
        "min": 11.907156,
        "med": 16.823792,
        "max": 85.834607,
        "p(50)": 16.823792,
        "p(95)": 20.2951205,
        "p(99)": 24.043015500000017
      }
    },
    "http_req_duration{expected_response:true}": {
      "type": "trend",
      "contains": "time",
      "values": {
        "med": 16.823792,
        "max": 85.834607,
        "p(50)": 16.823792,
        "p(95)": 20.2951205,
        "p(99)": 24.043015500000017,
        "avg": 17.493406020248216,
        "min": 11.907156
      }
    },
    "iterations": {
      "type": "counter",
      "contains": "default",
      "values": {
        "count": 1531,
        "rate": 17.007437713378565
      }
    },
    "http_reqs": {
      "contains": "default",
      "values": {
        "count": 1531,
        "rate": 17.007437713378565
      },
      "type": "counter"
    },
    "payload_bytes": {
      "type": "trend",
      "contains": "default",
      "values": {
        "p(95)": 2641,
        "p(99)": 2650,
        "avg": 2475.8817766165903,
        "min": 1729,
        "med": 2507,
        "max": 2666,
        "p(50)": 2507
      }
    },
    "data_sent": {
      "type": "counter",
      "contains": "data",
      "values": {
        "count": 459467,
        "rate": 5104.086468878451
      }
    },
    "req_latency": {
      "type": "trend",
      "contains": "default",
      "values": {
        "p(99)": 24.043015500000017,
        "avg": 17.493406020248216,
        "min": 11.907156,
        "med": 16.823792,
        "max": 85.834607,
        "p(50)": 16.823792,
        "p(95)": 20.2951205
      }
    },
    "checks": {
      "contains": "default",
      "values": {
        "fails": 0,
        "rate": 1,
        "passes": 3062
      },
      "type": "rate"
    },
    "round_trip_count": {
      "type": "trend",
      "contains": "default",
      "values": {
        "avg": 1,
        "min": 1,
        "med": 1,
        "max": 1,
        "p(50)": 1,
        "p(95)": 1,
        "p(99)": 1
      }
    },
    "data_received": {
      "type": "counter",
      "contains": "data",
      "values": {
        "count": 4191697,
        "rate": 46564.3537824009
      }
    },
    "vus_max": {
      "type": "gauge",
      "contains": "default",
      "values": {
        "value": 34,
        "min": 34,
        "max": 34
      }
    },
    "http_req_connecting": {
      "values": {
        "max": 7.379887,
        "p(50)": 0,
        "p(95)": 0,
        "p(99)": 5.7284873,
        "avg": 0.12300937622468976,
        "min": 0,
        "med": 0
      },
      "type": "trend",
      "contains": "time"
    },
    "vus": {
      "contains": "default",
      "values": {
        "value": 0,
        "min": 0,
        "max": 1
      },
      "type": "gauge"
    },
    "iteration_duration": {
      "type": "trend",
      "contains": "time",
      "values": {
        "avg": 18.96501037687782,
        "min": 12.874959,
        "med": 18.231561,
        "max": 87.190977,
        "p(50)": 18.231561,
        "p(95)": 22.5728995,
        "p(99)": 28.88253480000001
      }
    }
  }
}