{
  "options": {
    "summaryTrendStats": [
      "avg",
      "min",
      "med",
      "max",
      "p(50)",
      "p(95)",
      "p(99)"
    ],
    "summaryTimeUnit": "",
    "noColor": false
  },
  "state": {
    "isStdOutTTY": false,
    "isStdErrTTY": false,
    "testRunDurationMs": 90015.955389
  },
  "metrics": {
    "http_req_receiving": {
      "type": "trend",
      "contains": "time",
      "values": {
        "avg": 0.09523024019607862,
        "min": 0.03739,
        "med": 0.0851905,
        "max": 0.826455,
        "p(50)": 0.0851905,
        "p(95)": 0.15825299999999992,
        "p(99)": 0.36347941000000006
      }
    },
    "checks": {
      "type": "rate",
      "contains": "default",
      "values": {
        "passes": 15300,
        "fails": 0,
        "rate": 1
      }
    },
    "vus_max": {
      "values": {
        "min": 34,
        "max": 34,
        "value": 34
      },
      "type": "gauge",
      "contains": "default"
    },
    "http_req_duration{expected_response:true}": {
      "type": "trend",
      "contains": "time",
      "values": {
        "avg": 7.566876695947705,
        "min": 4.122416,
        "med": 7.493881,
        "max": 40.128996,
        "p(50)": 7.493881,
        "p(95)": 9.4010909,
        "p(99)": 10.439097610000001
      }
    },
    "http_req_waiting": {
      "values": {
        "p(50)": 7.384591,
        "p(95)": 9.2590225,
        "p(99)": 10.29628491,
        "avg": 7.4520937497385695,
        "min": 4.008347,
        "med": 7.384591,
        "max": 39.872417
      },
      "type": "trend",
      "contains": "time"
    },
    "payload_bytes": {
      "type": "trend",
      "contains": "default",
      "values": {
        "p(95)": 526,
        "p(99)": 529,
        "avg": 490.5330718954248,
        "min": 251,
        "med": 517,
        "max": 536,
        "p(50)": 517
      }
    },
    "iterations": {
      "type": "counter",
      "contains": "default",
      "values": {
        "rate": 16.996986738497327,
        "count": 1530
      }
    },
    "http_req_duration": {
      "contains": "time",
      "values": {
        "avg": 7.566876695947705,
        "min": 4.122416,
        "med": 7.493881,
        "max": 40.128996,
        "p(50)": 7.493881,
        "p(95)": 9.4010909,
        "p(99)": 10.439097610000001
      },
      "type": "trend"
    },
    "round_trip_count": {
      "type": "trend",
      "contains": "default",
      "values": {
        "max": 10,
        "p(50)": 10,
        "p(95)": 10,
        "p(99)": 10,
        "avg": 10,
        "min": 10,
        "med": 10
      }
    },
    "http_req_sending": {
      "type": "trend",
      "contains": "time",
      "values": {
        "avg": 0.01955270601307187,
        "min": 0.00722,
        "med": 0.0185295,
        "max": 0.213449,
        "p(50)": 0.0185295,
        "p(95)": 0.03700049999999999,
        "p(99)": 0.06358200000000007
      }
    },
    "data_sent": {
      "type": "counter",
      "contains": "data",
      "values": {
        "rate": 17308.6648168864,
        "count": 1558056
      }
    },
    "http_req_connecting": {
      "type": "trend",
      "contains": "time",
      "values": {
        "p(95)": 0,
        "p(99)": 0,
        "avg": 0.011186582679738565,
        "min": 0,
        "med": 0,
        "max": 7.713344,
        "p(50)": 0
      }
    },
    "http_req_failed": {
      "type": "rate",
      "contains": "default",
      "values": {
        "rate": 0,
        "passes": 0,
        "fails": 15300
      }
    },
    "http_req_tls_handshaking": {
      "type": "trend",
      "contains": "time",
      "values": {
        "p(50)": 0,
        "p(95)": 0,
        "p(99)": 0,
        "avg": 0,
        "min": 0,
        "med": 0,
        "max": 0
      }
    },
    "iteration_duration": {
      "values": {
        "avg": 78.02238535882358,
        "min": 66.646386,
        "med": 77.42544649999999,
        "max": 115.242088,
        "p(50)": 77.42544649999999,
        "p(95)": 85.5022943,
        "p(99)": 88.99803255
      },
      "type": "trend",
      "contains": "time"
    },
    "vus": {
      "contains": "default",
      "values": {
        "value": 1,
        "min": 1,
        "max": 2
      },
      "type": "gauge"
    },
    "page_latency": {
      "type": "trend",
      "contains": "default",
      "values": {
        "p(95)": 83.11141024999999,
        "p(99)": 86.19629867000002,
        "avg": 75.66876695947708,
        "min": 65.08581299999999,
        "med": 75.1403185,
        "max": 113.25341,
        "p(50)": 75.1403185
      }
    },
    "http_req_blocked": {
      "type": "trend",
      "contains": "time",
      "values": {
        "min": 0.00269,
        "med": 0.00636,
        "max": 7.807164,
        "p(50)": 0.00636,
        "p(95)": 0.009780449999999994,
        "p(99)": 0.03385160000000005,
        "avg": 0.017852790261437903
      }
    },
    "req_latency": {
      "type": "trend",
      "contains": "default",
      "values": {
        "p(99)": 10.439097610000001,
        "avg": 7.566876695947705,
        "min": 4.122416,
        "med": 7.493881,
        "max": 40.128996,
        "p(50)": 7.493881,
        "p(95)": 9.4010909
      }
    },
    "data_received": {
      "type": "counter",
      "contains": "data",
      "values": {
        "count": 11498456,
        "rate": 127737.97656548694
      }
    },
    "http_reqs": {
      "type": "counter",
      "contains": "default",
      "values": {
        "count": 15300,
        "rate": 169.96986738497327
      }
    }
  },
  "root_group": {
    "name": "",
    "path": "",
    "id": "d41d8cd98f00b204e9800998ecf8427e",
    "groups": [],
    "checks": [
        {
          "name": "status is 200",
          "path": "::status is 200",
          "id": "6210a8cd14cd70477eba5c5e4cb3fb5f",
          "passes": 15300,
          "fails": 0
        }
      ]
  }
}