{
  "options": {
    "summaryTrendStats": [
      "avg",
      "min",
      "med",
      "max",
      "p(50)",
      "p(95)",
      "p(99)"
    ],
    "summaryTimeUnit": "",
    "noColor": false
  },
  "state": {
    "isStdErrTTY": false,
    "testRunDurationMs": 90035.834553,
    "isStdOutTTY": false
  },
  "metrics": {
    "page_latency": {
      "values": {
        "med": 36.952554,
        "max": 69.279234,
        "p(50)": 36.952554,
        "p(95)": 44.76510300000001,
        "p(99)": 47.815481799999986,
        "avg": 37.83930646015824,
        "min": 29.967382999999998
      },
      "type": "trend",
      "contains": "default"
    },
    "vus_max": {
      "type": "gauge",
      "contains": "default",
      "values": {
        "value": 104,
        "min": 104,
        "max": 104
      }
    },
    "http_req_receiving": {
      "type": "trend",
      "contains": "time",
      "values": {
        "avg": 0.10291323170262813,
        "min": 0.03123,
        "med": 0.084539,
        "max": 1.370921,
        "p(50)": 0.084539,
        "p(95)": 0.27320419999999995,
        "p(99)": 0.3988505199999998
      }
    },
    "data_received": {
      "type": "counter",
      "contains": "data",
      "values": {
        "rate": 195184.34062667825,
        "count": 17573585
      }
    },
    "http_req_failed": {
      "contains": "default",
      "values": {
        "rate": 0,
        "passes": 0,
        "fails": 23405
      },
      "type": "rate"
    },
    "req_latency": {
      "type": "trend",
      "contains": "default",
      "values": {
        "p(95)": 9.618919,
        "p(99)": 10.759300199999991,
        "avg": 7.5678612920316315,
        "min": 3.876378,
        "med": 7.446231,
        "max": 35.59925,
        "p(50)": 7.446231
      }
    },
    "http_req_duration{expected_response:true}": {
      "type": "trend",
      "contains": "time",
      "values": {
        "min": 3.876378,
        "med": 7.446231,
        "max": 35.59925,
        "p(50)": 7.446231,
        "p(95)": 9.618919,
        "p(99)": 10.759300199999991,
        "avg": 7.5678612920316315
      }
    },
    "http_req_blocked": {
      "type": "trend",
      "contains": "time",
      "values": {
        "med": 0.00544,
        "max": 14.483314,
        "p(50)": 0.00544,
        "p(95)": 0.00984,
        "p(99)": 0.033813159999999856,
        "avg": 0.031093334800255234,
        "min": 0.00247
      }
    },
    "http_req_connecting": {
      "contains": "time",
      "values": {
        "max": 14.383014,
        "p(50)": 0,
        "p(95)": 0,
        "p(99)": 0,
        "avg": 0.02461792176885282,
        "min": 0,
        "med": 0
      },
      "type": "trend"
    },
    "round_trip_count": {
      "type": "trend",
      "contains": "default",
      "values": {
        "p(95)": 5,
        "p(99)": 5,
        "avg": 5,
        "min": 5,
        "med": 5,
        "max": 5,
        "p(50)": 5
      }
    },
    "iterations": {
      "type": "counter",
      "contains": "default",
      "values": {
        "count": 4681,
        "rate": 51.99041052087442
      }
    },
    "payload_bytes": {
      "type": "trend",
      "contains": "default",
      "values": {
        "med": 517,
        "max": 536,
        "p(50)": 517,
        "p(95)": 526,
        "p(99)": 529,
        "avg": 489.84746848963897,
        "min": 251
      }
    },
    "http_reqs": {
      "type": "counter",
      "contains": "default",
      "values": {
        "count": 23405,
        "rate": 259.9520526043721
      }
    },
    "http_req_waiting": {
      "type": "trend",
      "contains": "time",
      "values": {
        "p(95)": 9.448502,
        "p(99)": 10.5389816,
        "avg": 7.4451493400982915,
        "min": 3.734819,
        "med": 7.335341,
        "max": 34.803745,
        "p(50)": 7.335341
      }
    },
    "iteration_duration": {
      "type": "trend",
      "contains": "time",
      "values": {
        "max": 70.465207,
        "p(50)": 38.044837,
        "p(95)": 46.146124,
        "p(99)": 49.450221,
        "avg": 39.02827110895121,
        "min": 31.007786,
        "med": 38.044837
      }
    },
    "http_req_tls_handshaking": {
      "type": "trend",
      "contains": "time",
      "values": {
        "p(99)": 0,
        "avg": 0,
        "min": 0,
        "med": 0,
        "max": 0,
        "p(50)": 0,
        "p(95)": 0
      }
    },
    "http_req_sending": {
      "values": {
        "med": 0.01619,
        "max": 0.416587,
        "p(50)": 0.01619,
        "p(95)": 0.03777799999999999,
        "p(99)": 0.06593835999999953,
        "avg": 0.019798720230719845,
        "min": 0.00701
      },
      "type": "trend",
      "contains": "time"
    },
    "data_sent": {
      "type": "counter",
      "contains": "data",
      "values": {
        "count": 2383121,
        "rate": 26468.583446040753
      }
    },
    "vus": {
      "type": "gauge",
      "contains": "default",
      "values": {
        "value": 2,
        "min": 2,
        "max": 2
      }
    },
    "http_req_duration": {
      "values": {
        "p(99)": 10.759300199999991,
        "avg": 7.5678612920316315,
        "min": 3.876378,
        "med": 7.446231,
        "max": 35.59925,
        "p(50)": 7.446231,
        "p(95)": 9.618919
      },
      "type": "trend",
      "contains": "time"
    },
    "checks": {
      "type": "rate",
      "contains": "default",
      "values": {
        "passes": 23405,
        "fails": 0,
        "rate": 1
      }
    }
  },
  "root_group": {
    "name": "",
    "path": "",
    "id": "d41d8cd98f00b204e9800998ecf8427e",
    "groups": [],
    "checks": [
        {
          "passes": 23405,
          "fails": 0,
          "name": "status is 200",
          "path": "::status is 200",
          "id": "6210a8cd14cd70477eba5c5e4cb3fb5f"
        }
      ]
  }
}