{
  "options": {
    "summaryTrendStats": [
      "avg",
      "min",
      "med",
      "max",
      "p(50)",
      "p(95)",
      "p(99)"
    ],
    "summaryTimeUnit": "",
    "noColor": false
  },
  "state": {
    "isStdOutTTY": false,
    "isStdErrTTY": false,
    "testRunDurationMs": 90077.670191
  },
  "metrics": {
    "http_req_sending": {
      "contains": "time",
      "values": {
        "max": 0.369077,
        "p(50)": 0.018534500000000002,
        "p(95)": 0.03859955,
        "p(99)": 0.06548739999999999,
        "avg": 0.02001222397126065,
        "min": 0.00771,
        "med": 0.018534500000000002
      },
      "type": "trend"
    },
    "http_req_receiving": {
      "values": {
        "med": 0.0860705,
        "max": 0.905056,
        "p(50)": 0.0860705,
        "p(95)": 0.1602649999999995,
        "p(99)": 0.34690639,
        "avg": 0.09538221796211638,
        "min": 0.03119
      },
      "type": "trend",
      "contains": "time"
    },
    "http_req_duration": {
      "type": "trend",
      "contains": "time",
      "values": {
        "avg": 7.538202975832817,
        "min": 3.863039,
        "med": 7.459769,
        "max": 36.93021,
        "p(50)": 7.459769,
        "p(95)": 9.367105,
        "p(99)": 10.271292089999998
      }
    },
    "vus": {
      "type": "gauge",
      "contains": "default",
      "values": {
        "value": 1,
        "min": 1,
        "max": 1
      }
    },
    "http_req_connecting": {
      "type": "trend",
      "contains": "time",
      "values": {
        "avg": 0.012224533442194645,
        "min": 0,
        "med": 0,
        "max": 7.512099,
        "p(50)": 0,
        "p(95)": 0,
        "p(99)": 0
      }
    },
    "iteration_duration": {
      "type": "trend",
      "contains": "time",
      "values": {
        "p(50)": 77.201501,
        "p(95)": 85.1612845,
        "p(99)": 87.97160070000001,
        "avg": 77.77631209405622,
        "min": 66.938755,
        "med": 77.201501,
        "max": 105.856676
      }
    },
    "http_reqs": {
      "values": {
        "count": 15310,
        "rate": 169.96443144607088
      },
      "type": "counter",
      "contains": "default"
    },
    "vus_max": {
      "type": "gauge",
      "contains": "default",
      "values": {
        "value": 34,
        "min": 34,
        "max": 34
      }
    },
    "http_req_waiting": {
      "type": "trend",
      "contains": "time",
      "values": {
        "max": 36.763601,
        "p(50)": 7.3457895,
        "p(95)": 9.228559549999998,
        "p(99)": 10.11261439,
        "avg": 7.4228085338993735,
        "min": 3.777369,
        "med": 7.3457895
      }
    },
    "req_latency": {
      "type": "trend",
      "contains": "default",
      "values": {
        "max": 36.93021,
        "p(50)": 7.459769,
        "p(95)": 9.367105,
        "p(99)": 10.271292089999998,
        "avg": 7.538202975832817,
        "min": 3.863039,
        "med": 7.459769
      }
    },
    "data_received": {
      "type": "counter",
      "contains": "data",
      "values": {
        "count": 11498058,
        "rate": 127646.04119555498
      }
    },
    "checks": {
      "type": "rate",
      "contains": "default",
      "values": {
        "rate": 1,
        "passes": 15310,
        "fails": 0
      }
    },
    "http_req_duration{expected_response:true}": {
      "values": {
        "avg": 7.538202975832817,
        "min": 3.863039,
        "med": 7.459769,
        "max": 36.93021,
        "p(50)": 7.459769,
        "p(95)": 9.367105,
        "p(99)": 10.271292089999998
      },
      "type": "trend",
      "contains": "time"
    },
    "http_req_tls_handshaking": {
      "type": "trend",
      "contains": "time",
      "values": {
        "p(50)": 0,
        "p(95)": 0,
        "p(99)": 0,
        "avg": 0,
        "min": 0,
        "med": 0,
        "max": 0
      }
    },
    "page_latency": {
      "type": "trend",
      "contains": "default",
      "values": {
        "min": 64.677918,
        "med": 74.949114,
        "max": 103.949108,
        "p(50)": 74.949114,
        "p(95)": 82.65548000000001,
        "p(99)": 85.05894230000001,
        "avg": 75.38202975832792
      }
    },
    "round_trip_count": {
      "type": "trend",
      "contains": "default",
      "values": {
        "min": 10,
        "med": 10,
        "max": 10,
        "p(50)": 10,
        "p(95)": 10,
        "p(99)": 10,
        "avg": 10
      }
    },
    "data_sent": {
      "type": "counter",
      "contains": "data",
      "values": {
        "count": 1558963,
        "rate": 17306.875241049052
      }
    },
    "http_req_blocked": {
      "type": "trend",
      "contains": "time",
      "values": {
        "avg": 0.018929155649901726,
        "min": 0.00271,
        "med": 0.0064245,
        "max": 7.615288,
        "p(50)": 0.0064245,
        "p(95)": 0.00997055,
        "p(99)": 0.031988399999999965
      }
    },
    "http_req_failed": {
      "type": "rate",
      "contains": "default",
      "values": {
        "rate": 0,
        "passes": 0,
        "fails": 15310
      }
    },
    "iterations": {
      "type": "counter",
      "contains": "default",
      "values": {
        "rate": 16.99644314460709,
        "count": 1531
      }
    },
    "payload_bytes": {
      "type": "trend",
      "contains": "default",
      "values": {
        "p(95)": 526,
        "p(99)": 529,
        "avg": 490.0161985630307,
        "min": 251,
        "med": 517,
        "max": 536,
        "p(50)": 517
      }
    }
  },
  "root_group": {
    "name": "",
    "path": "",
    "id": "d41d8cd98f00b204e9800998ecf8427e",
    "groups": [],
    "checks": [
        {
          "passes": 15310,
          "fails": 0,
          "name": "status is 200",
          "path": "::status is 200",
          "id": "6210a8cd14cd70477eba5c5e4cb3fb5f"
        }
      ]
  }
}