{
  "root_group": {
    "path": "",
    "id": "d41d8cd98f00b204e9800998ecf8427e",
    "groups": [],
    "checks": [
        {
          "name": "status is 200",
          "path": "::status is 200",
          "id": "6210a8cd14cd70477eba5c5e4cb3fb5f",
          "passes": 13322,
          "fails": 0
        }
      ],
    "name": ""
  },
  "options": {
    "summaryTrendStats": [
      "avg",
      "min",
      "med",
      "max",
      "p(50)",
      "p(95)",
      "p(99)"
    ],
    "summaryTimeUnit": "",
    "noColor": false
  },
  "state": {
    "testRunDurationMs": 90018.713861,
    "isStdOutTTY": false,
    "isStdErrTTY": false
  },
  "metrics": {
    "http_req_duration": {
      "type": "trend",
      "contains": "time",
      "values": {
        "p(95)": 8.80016395,
        "p(99)": 9.641107309999999,
        "avg": 7.218507114322166,
        "min": 2.581291,
        "med": 7.215996499999999,
        "max": 34.952675,
        "p(50)": 7.215996499999999
      }
    },
    "data_received": {
      "contains": "data",
      "values": {
        "count": 8463741,
        "rate": 94022.01650058076
      },
      "type": "counter"
    },
    "http_reqs": {
      "values": {
        "count": 13322,
        "rate": 147.99145009526367
      },
      "type": "counter",
      "contains": "default"
    },
    "http_req_duration{expected_response:true}": {
      "type": "trend",
      "contains": "time",
      "values": {
        "med": 7.215996499999999,
        "max": 34.952675,
        "p(50)": 7.215996499999999,
        "p(95)": 8.80016395,
        "p(99)": 9.641107309999999,
        "avg": 7.218507114322166,
        "min": 2.581291
      }
    },
    "http_req_blocked": {
      "values": {
        "max": 17.464403,
        "p(50)": 0.00688,
        "p(95)": 0.011599499999999988,
        "p(99)": 4.5196427099998955,
        "avg": 0.0724505424110485,
        "min": 0.00307,
        "med": 0.00688
      },
      "type": "trend",
      "contains": "time"
    },
    "iteration_duration": {
      "type": "trend",
      "contains": "time",
      "values": {
        "p(50)": 14.946031,
        "p(95)": 17.632982,
        "p(99)": 21.524569999999986,
        "avg": 15.120850438672896,
        "min": 9.679628,
        "med": 14.946031,
        "max": 43.094548
      }
    },
    "http_req_tls_handshaking": {
      "contains": "time",
      "values": {
        "max": 0,
        "p(50)": 0,
        "p(95)": 0,
        "p(99)": 0,
        "avg": 0,
        "min": 0,
        "med": 0
      },
      "type": "trend"
    },
    "http_req_waiting": {
      "type": "trend",
      "contains": "time",
      "values": {
        "max": 34.841126,
        "p(50)": 7.096732,
        "p(95)": 8.678429449999998,
        "p(99)": 9.491384799999995,
        "avg": 7.098825195991623,
        "min": 2.469211,
        "med": 7.096732
      }
    },
    "data_sent": {
      "values": {
        "count": 1334186,
        "rate": 14821.207088785426
      },
      "type": "counter",
      "contains": "data"
    },
    "http_req_sending": {
      "type": "trend",
      "contains": "time",
      "values": {
        "avg": 0.02453533861282092,
        "min": 0.00851,
        "med": 0.0220845,
        "max": 2.316513,
        "p(50)": 0.0220845,
        "p(95)": 0.0421,
        "p(99)": 0.08348377999999992
      }
    },
    "round_trip_count": {
      "type": "trend",
      "contains": "default",
      "values": {
        "p(50)": 2,
        "p(95)": 2,
        "p(99)": 2,
        "avg": 2,
        "min": 2,
        "med": 2,
        "max": 2
      }
    },
    "checks": {
      "contains": "default",
      "values": {
        "fails": 0,
        "rate": 1,
        "passes": 13322
      },
      "type": "rate"
    },
    "payload_bytes": {
      "type": "trend",
      "contains": "default",
      "values": {
        "p(50)": 129,
        "p(95)": 782,
        "p(99)": 788,
        "avg": 374.3205975078817,
        "min": 110,
        "med": 129,
        "max": 796
      }
    },
    "vus_max": {
      "contains": "default",
      "values": {
        "value": 148,
        "min": 148,
        "max": 148
      },
      "type": "gauge"
    },
    "req_latency": {
      "type": "trend",
      "contains": "default",
      "values": {
        "avg": 7.218507114322166,
        "min": 2.581291,
        "med": 7.215996499999999,
        "max": 34.952675,
        "p(50)": 7.215996499999999,
        "p(95)": 8.80016395,
        "p(99)": 9.641107309999999
      }
    },
    "page_latency": {
      "contains": "default",
      "values": {
        "avg": 14.437014228644347,
        "min": 9.14338,
        "med": 14.390831,
        "max": 42.47425,
        "p(50)": 14.390831,
        "p(95)": 16.648596,
        "p(99)": 17.681290399999998
      },
      "type": "trend"
    },
    "http_req_connecting": {
      "type": "trend",
      "contains": "time",
      "values": {
        "avg": 0.06403107453835764,
        "min": 0,
        "med": 0,
        "max": 17.302673,
        "p(50)": 0,
        "p(95)": 0,
        "p(99)": 4.4350292999998775
      }
    },
    "iterations": {
      "type": "counter",
      "contains": "default",
      "values": {
        "count": 6661,
        "rate": 73.99572504763184
      }
    },
    "vus": {
      "values": {
        "value": 1,
        "min": 1,
        "max": 2
      },
      "type": "gauge",
      "contains": "default"
    },
    "http_req_receiving": {
      "contains": "time",
      "values": {
        "avg": 0.09514657971776022,
        "min": 0.0375,
        "med": 0.0870045,
        "max": 9.930217,
        "p(50)": 0.0870045,
        "p(95)": 0.14912749999999997,
        "p(99)": 0.24234429999999993
      },
      "type": "trend"
    },
    "http_req_failed": {
      "type": "rate",
      "contains": "default",
      "values": {
        "rate": 0,
        "passes": 0,
        "fails": 13322
      }
    }
  }
}