{
  "metrics": {
    "http_req_waiting": {
      "type": "trend",
      "contains": "time",
      "values": {
        "p(95)": 20.799065000000002,
        "p(99)": 58.712695090000004,
        "avg": 17.76497524935897,
        "min": 13.156989,
        "med": 16.570824,
        "max": 81.756801,
        "p(50)": 16.570824
      }
    },
    "checks": {
      "type": "rate",
      "contains": "default",
      "values": {
        "fails": 0,
        "rate": 1,
        "passes": 9360
      }
    },
    "data_received": {
      "contains": "data",
      "values": {
        "count": 12803563,
        "rate": 142247.48988039227
      },
      "type": "counter"
    },
    "http_req_sending": {
      "type": "trend",
      "contains": "time",
      "values": {
        "p(95)": 0.047859450000000026,
        "p(99)": 0.0976636,
        "avg": 0.028610990598290514,
        "min": 0.01199,
        "med": 0.02408,
        "max": 0.20029,
        "p(50)": 0.02408
      }
    },
    "payload_bytes": {
      "type": "trend",
      "contains": "default",
      "values": {
        "p(50)": 2506,
        "p(95)": 2640,
        "p(99)": 2655,
        "avg": 2473.80405982906,
        "min": 1729,
        "med": 2506,
        "max": 2666
      }
    },
    "iteration_duration": {
      "type": "trend",
      "contains": "time",
      "values": {
        "max": 83.868926,
        "p(50)": 17.9830805,
        "p(95)": 23.961629450000036,
        "p(99)": 60.283463620000006,
        "avg": 19.27068159850429,
        "min": 14.358406,
        "med": 17.9830805
      }
    },
    "data_sent": {
      "type": "counter",
      "contains": "data",
      "values": {
        "rate": 15604.25121325744,
        "count": 1404524
      }
    },
    "http_reqs": {
      "type": "counter",
      "contains": "default",
      "values": {
        "count": 4680,
        "rate": 51.994765257158164
      }
    },
    "req_latency": {
      "type": "trend",
      "contains": "default",
      "values": {
        "p(99)": 59.26117169,
        "avg": 17.904519186111045,
        "min": 13.267119,
        "med": 16.6959415,
        "max": 82.611029,
        "p(50)": 16.6959415,
        "p(95)": 20.888574650000002
      }
    },
    "iterations": {
      "type": "counter",
      "contains": "default",
      "values": {
        "count": 4680,
        "rate": 51.994765257158164
      }
    },
    "vus": {
      "type": "gauge",
      "contains": "default",
      "values": {
        "min": 1,
        "max": 2,
        "value": 1
      }
    },
    "http_req_blocked": {
      "type": "trend",
      "contains": "time",
      "values": {
        "p(99)": 5.493776390000001,
        "avg": 0.1283374814102544,
        "min": 0.00427,
        "med": 0.00594,
        "max": 11.323726,
        "p(50)": 0.00594,
        "p(95)": 0.011221000000000004
      }
    },
    "http_req_connecting": {
      "type": "trend",
      "contains": "time",
      "values": {
        "avg": 0.11952741880341879,
        "min": 0,
        "med": 0,
        "max": 11.239436,
        "p(50)": 0,
        "p(95)": 0,
        "p(99)": 5.4161868900000005
      }
    },
    "http_req_tls_handshaking": {
      "type": "trend",
      "contains": "time",
      "values": {
        "avg": 0,
        "min": 0,
        "med": 0,
        "max": 0,
        "p(50)": 0,
        "p(95)": 0,
        "p(99)": 0
      }
    },
    "http_req_duration": {
      "contains": "time",
      "values": {
        "min": 13.267119,
        "med": 16.6959415,
        "max": 82.611029,
        "p(50)": 16.6959415,
        "p(95)": 20.888574650000002,
        "p(99)": 59.26117169,
        "avg": 17.904519186111045
      },
      "type": "trend"
    },
    "http_req_failed": {
      "type": "rate",
      "contains": "default",
      "values": {
        "rate": 0,
        "passes": 0,
        "fails": 4680
      }
    },
    "http_req_duration{expected_response:true}": {
      "type": "trend",
      "contains": "time",
      "values": {
        "p(99)": 59.26117169,
        "avg": 17.904519186111045,
        "min": 13.267119,
        "med": 16.6959415,
        "max": 82.611029,
        "p(50)": 16.6959415,
        "p(95)": 20.888574650000002
      }
    },
    "page_latency": {
      "contains": "default",
      "values": {
        "avg": 17.904519186111045,
        "min": 13.267119,
        "med": 16.6959415,
        "max": 82.611029,
        "p(50)": 16.6959415,
        "p(95)": 20.888574650000002,
        "p(99)": 59.26117169
      },
      "type": "trend"
    },
    "vus_max": {
      "type": "gauge",
      "contains": "default",
      "values": {
        "max": 104,
        "value": 104,
        "min": 104
      }
    },
    "round_trip_count": {
      "type": "trend",
      "contains": "default",
      "values": {
        "min": 1,
        "med": 1,
        "max": 1,
        "p(50)": 1,
        "p(95)": 1,
        "p(99)": 1,
        "avg": 1
      }
    },
    "http_req_receiving": {
      "type": "trend",
      "contains": "time",
      "values": {
        "med": 0.0887595,
        "max": 11.572337,
        "p(50)": 0.0887595,
        "p(95)": 0.17232295000000003,
        "p(99)": 0.5573427000000001,
        "avg": 0.11093294615384594,
        "min": 0.03913
      }
    }
  },
  "root_group": {
    "name": "",
    "path": "",
    "id": "d41d8cd98f00b204e9800998ecf8427e",
    "groups": [],
    "checks": [
        {
          "name": "status is 200",
          "path": "::status is 200",
          "id": "6210a8cd14cd70477eba5c5e4cb3fb5f",
          "passes": 4680,
          "fails": 0
        },
        {
          "fails": 0,
          "name": "no graphql errors",
          "path": "::no graphql errors",
          "id": "7c29382b2a87caa2e50f0d89170b649f",
          "passes": 4680
        }
      ]
  },
  "options": {
    "noColor": false,
    "summaryTrendStats": [
      "avg",
      "min",
      "med",
      "max",
      "p(50)",
      "p(95)",
      "p(99)"
    ],
    "summaryTimeUnit": ""
  },
  "state": {
    "isStdOutTTY": false,
    "isStdErrTTY": false,
    "testRunDurationMs": 90009.061044
  }
}