{
  "metrics": {
    "http_req_receiving": {
      "type": "trend",
      "contains": "time",
      "values": {
        "p(95)": 0.13485,
        "p(99)": 0.17664799999999994,
        "avg": 0.09289933838762945,
        "min": 0.04303,
        "med": 0.09119,
        "max": 0.656659,
        "p(50)": 0.09119
      }
    },
    "checks": {
      "type": "rate",
      "contains": "default",
      "values": {
        "passes": 6661,
        "fails": 0,
        "rate": 1
      }
    },
    "vus": {
      "values": {
        "value": 1,
        "min": 1,
        "max": 1
      },
      "type": "gauge",
      "contains": "default"
    },
    "http_req_tls_handshaking": {
      "type": "trend",
      "contains": "time",
      "values": {
        "p(95)": 0,
        "p(99)": 0,
        "avg": 0,
        "min": 0,
        "med": 0,
        "max": 0,
        "p(50)": 0
      }
    },
    "http_req_blocked": {
      "type": "trend",
      "contains": "time",
      "values": {
        "avg": 0.13783086128208913,
        "min": 0.00466,
        "med": 0.00735,
        "max": 19.369343,
        "p(50)": 0.00735,
        "p(95)": 0.01872,
        "p(99)": 5.776712399999999
      }
    },
    "http_req_waiting": {
      "type": "trend",
      "contains": "time",
      "values": {
        "avg": 7.21522145158386,
        "min": 2.784499,
        "med": 7.195531,
        "max": 36.550677,
        "p(50)": 7.195531,
        "p(95)": 9.007521,
        "p(99)": 9.7104588
      }
    },
    "iteration_duration": {
      "type": "trend",
      "contains": "time",
      "values": {
        "p(50)": 7.638149,
        "p(95)": 9.701361,
        "p(99)": 14.165369999999996,
        "avg": 7.7877338950608115,
        "min": 3.278849,
        "med": 7.638149,
        "max": 43.037448
      }
    },
    "http_req_sending": {
      "values": {
        "avg": 0.029985838913076202,
        "min": 0.01111,
        "med": 0.02617,
        "max": 0.3123,
        "p(50)": 0.02617,
        "p(95)": 0.05334,
        "p(99)": 0.11645999999999995
      },
      "type": "trend",
      "contains": "time"
    },
    "data_received": {
      "values": {
        "count": 2685537,
        "rate": 29837.07752958433
      },
      "type": "counter",
      "contains": "data"
    },
    "payload_bytes": {
      "type": "trend",
      "contains": "default",
      "values": {
        "p(50)": 135,
        "p(95)": 212,
        "p(99)": 237,
        "avg": 142.39513586548566,
        "min": 59,
        "med": 135,
        "max": 290
      }
    },
    "iterations": {
      "contains": "default",
      "values": {
        "count": 6661,
        "rate": 74.00559866595069
      },
      "type": "counter"
    },
    "http_req_failed": {
      "type": "rate",
      "contains": "default",
      "values": {
        "rate": 0,
        "passes": 0,
        "fails": 6661
      }
    },
    "req_latency": {
      "type": "trend",
      "contains": "default",
      "values": {
        "p(50)": 7.31323,
        "p(95)": 9.136741,
        "p(99)": 9.832146999999999,
        "avg": 7.3381066288845505,
        "min": 2.910759,
        "med": 7.31323,
        "max": 36.768947
      }
    },
    "data_sent": {
      "type": "counter",
      "contains": "data",
      "values": {
        "count": 629946,
        "rate": 6998.878675457285
      }
    },
    "vus_max": {
      "type": "gauge",
      "contains": "default",
      "values": {
        "value": 148,
        "min": 148,
        "max": 148
      }
    },
    "http_reqs": {
      "type": "counter",
      "contains": "default",
      "values": {
        "count": 6661,
        "rate": 74.00559866595069
      }
    },
    "http_req_connecting": {
      "contains": "time",
      "values": {
        "p(99)": 5.670054599999996,
        "avg": 0.1271139803332833,
        "min": 0,
        "med": 0,
        "max": 19.234703,
        "p(50)": 0,
        "p(95)": 0
      },
      "type": "trend"
    },
    "http_req_duration": {
      "type": "trend",
      "contains": "time",
      "values": {
        "avg": 7.3381066288845505,
        "min": 2.910759,
        "med": 7.31323,
        "max": 36.768947,
        "p(50)": 7.31323,
        "p(95)": 9.136741,
        "p(99)": 9.832146999999999
      }
    },
    "round_trip_count": {
      "values": {
        "med": 1,
        "max": 1,
        "p(50)": 1,
        "p(95)": 1,
        "p(99)": 1,
        "avg": 1,
        "min": 1
      },
      "type": "trend",
      "contains": "default"
    },
    "http_req_duration{expected_response:true}": {
      "type": "trend",
      "contains": "time",
      "values": {
        "p(50)": 7.31323,
        "p(95)": 9.136741,
        "p(99)": 9.832146999999999,
        "avg": 7.3381066288845505,
        "min": 2.910759,
        "med": 7.31323,
        "max": 36.768947
      }
    }
  },
  "root_group": {
    "name": "",
    "path": "",
    "id": "d41d8cd98f00b204e9800998ecf8427e",
    "groups": [],
    "checks": [
        {
          "name": "status is 200",
          "path": "::status is 200",
          "id": "6210a8cd14cd70477eba5c5e4cb3fb5f",
          "passes": 6661,
          "fails": 0
        }
      ]
  },
  "options": {
    "summaryTrendStats": [
      "avg",
      "min",
      "med",
      "max",
      "p(50)",
      "p(95)",
      "p(99)"
    ],
    "summaryTimeUnit": "",
    "noColor": false
  },
  "state": {
    "isStdOutTTY": false,
    "isStdErrTTY": false,
    "testRunDurationMs": 90006.703818
  }
}