{
  "state": {
    "isStdOutTTY": false,
    "isStdErrTTY": false,
    "testRunDurationMs": 90019.757897
  },
  "metrics": {
    "http_req_connecting": {
      "type": "trend",
      "contains": "time",
      "values": {
        "med": 0,
        "max": 7.755812,
        "p(50)": 0,
        "p(95)": 0,
        "p(99)": 5.556626,
        "avg": 0.12156439182585518,
        "min": 0
      }
    },
    "http_req_sending": {
      "type": "trend",
      "contains": "time",
      "values": {
        "p(50)": 0.026901,
        "p(95)": 0.053256,
        "p(99)": 0.12312799999999999,
        "avg": 0.03185001066192796,
        "min": 0.01192,
        "med": 0.026901,
        "max": 0.280037
      }
    },
    "http_req_waiting": {
      "type": "trend",
      "contains": "time",
      "values": {
        "max": 12.184758,
        "p(50)": 7.610303,
        "p(95)": 9.403406,
        "p(99)": 10.2479765,
        "avg": 7.628552391825852,
        "min": 4.170607,
        "med": 7.610303
      }
    },
    "checks": {
      "type": "rate",
      "contains": "default",
      "values": {
        "rate": 1,
        "passes": 2251,
        "fails": 0
      }
    },
    "payload_bytes": {
      "type": "trend",
      "contains": "default",
      "values": {
        "p(50)": 135,
        "p(95)": 212,
        "p(99)": 237,
        "avg": 140.5726343847179,
        "min": 59,
        "med": 135,
        "max": 262
      }
    },
    "http_reqs": {
      "type": "counter",
      "contains": "default",
      "values": {
        "count": 2251,
        "rate": 25.005621572272823
      }
    },
    "round_trip_count": {
      "type": "trend",
      "contains": "default",
      "values": {
        "max": 1,
        "p(50)": 1,
        "p(95)": 1,
        "p(99)": 1,
        "avg": 1,
        "min": 1,
        "med": 1
      }
    },
    "data_received": {
      "values": {
        "rate": 10035.719058850158,
        "count": 903413
      },
      "type": "counter",
      "contains": "data"
    },
    "http_req_blocked": {
      "type": "trend",
      "contains": "time",
      "values": {
        "med": 0.00769,
        "max": 7.855745,
        "p(50)": 0.00769,
        "p(95)": 0.021496,
        "p(99)": 5.655053499999999,
        "avg": 0.13319548645046617,
        "min": 0.00455
      }
    },
    "req_latency": {
      "contains": "default",
      "values": {
        "avg": 7.760417463793886,
        "min": 4.28393,
        "med": 7.738055,
        "max": 12.436024,
        "p(50)": 7.738055,
        "p(95)": 9.532847,
        "p(99)": 10.383489
      },
      "type": "trend"
    },
    "http_req_duration{expected_response:true}": {
      "type": "trend",
      "contains": "time",
      "values": {
        "p(99)": 10.383489,
        "avg": 7.760417463793886,
        "min": 4.28393,
        "med": 7.738055,
        "max": 12.436024,
        "p(50)": 7.738055,
        "p(95)": 9.532847
      }
    },
    "http_req_tls_handshaking": {
      "values": {
        "p(95)": 0,
        "p(99)": 0,
        "avg": 0,
        "min": 0,
        "med": 0,
        "max": 0,
        "p(50)": 0
      },
      "type": "trend",
      "contains": "time"
    },
    "http_req_failed": {
      "type": "rate",
      "contains": "default",
      "values": {
        "rate": 0,
        "passes": 0,
        "fails": 2251
      }
    },
    "http_req_receiving": {
      "type": "trend",
      "contains": "time",
      "values": {
        "avg": 0.10001506130608614,
        "min": 0.045121,
        "med": 0.093913,
        "max": 0.334968,
        "p(50)": 0.093913,
        "p(95)": 0.15071400000000001,
        "p(99)": 0.193605
      }
    },
    "vus": {
      "type": "gauge",
      "contains": "default",
      "values": {
        "value": 0,
        "min": 0,
        "max": 0
      }
    },
    "vus_max": {
      "type": "gauge",
      "contains": "default",
      "values": {
        "value": 50,
        "min": 50,
        "max": 50
      }
    },
    "data_sent": {
      "type": "counter",
      "contains": "data",
      "values": {
        "rate": 2364.9808105859715,
        "count": 212895
      }
    },
    "iteration_duration": {
      "contains": "time",
      "values": {
        "avg": 8.246963453131942,
        "min": 4.607688,
        "med": 8.124012,
        "max": 17.1815,
        "p(50)": 8.124012,
        "p(95)": 10.1893755,
        "p(99)": 14.468
      },
      "type": "trend"
    },
    "iterations": {
      "type": "counter",
      "contains": "default",
      "values": {
        "count": 2251,
        "rate": 25.005621572272823
      }
    },
    "http_req_duration": {
      "values": {
        "p(50)": 7.738055,
        "p(95)": 9.532847,
        "p(99)": 10.383489,
        "avg": 7.760417463793886,
        "min": 4.28393,
        "med": 7.738055,
        "max": 12.436024
      },
      "type": "trend",
      "contains": "time"
    }
  },
  "root_group": {
    "groups": [],
    "checks": [
        {
          "name": "status is 200",
          "path": "::status is 200",
          "id": "6210a8cd14cd70477eba5c5e4cb3fb5f",
          "passes": 2251,
          "fails": 0
        }
      ],
    "name": "",
    "path": "",
    "id": "d41d8cd98f00b204e9800998ecf8427e"
  },
  "options": {
    "summaryTrendStats": [
      "avg",
      "min",
      "med",
      "max",
      "p(50)",
      "p(95)",
      "p(99)"
    ],
    "summaryTimeUnit": "",
    "noColor": false
  }
}