{
  "options": {
    "summaryTrendStats": [
      "avg",
      "min",
      "med",
      "max",
      "p(50)",
      "p(95)",
      "p(99)"
    ],
    "summaryTimeUnit": "",
    "noColor": false
  },
  "state": {
    "isStdOutTTY": false,
    "isStdErrTTY": false,
    "testRunDurationMs": 90004.709721
  },
  "metrics": {
    "http_req_blocked": {
      "type": "trend",
      "contains": "time",
      "values": {
        "med": 0.00738,
        "max": 13.373584,
        "p(50)": 0.00738,
        "p(95)": 0.013811499999999978,
        "p(99)": 5.399741689999996,
        "avg": 0.12778161681681702,
        "min": 0.00465
      }
    },
    "checks": {
      "type": "rate",
      "contains": "default",
      "values": {
        "rate": 1,
        "passes": 13320,
        "fails": 0
      }
    },
    "page_latency": {
      "type": "trend",
      "contains": "default",
      "values": {
        "min": 11.667269,
        "med": 16.278257,
        "max": 88.073374,
        "p(50)": 16.278257,
        "p(95)": 40.79820479999995,
        "p(99)": 65.04516995999998,
        "avg": 18.66111505795802
      }
    },
    "iteration_duration": {
      "type": "trend",
      "contains": "time",
      "values": {
        "avg": 19.88151994129121,
        "min": 12.142398,
        "med": 17.485107,
        "max": 89.514383,
        "p(50)": 17.485107,
        "p(95)": 42.302835549999905,
        "p(99)": 66.59555642
      }
    },
    "iterations": {
      "type": "counter",
      "contains": "default",
      "values": {
        "rate": 73.99612776536827,
        "count": 6660
      }
    },
    "vus_max": {
      "type": "gauge",
      "contains": "default",
      "values": {
        "value": 148,
        "min": 148,
        "max": 148
      }
    },
    "round_trip_count": {
      "type": "trend",
      "contains": "default",
      "values": {
        "max": 1,
        "p(50)": 1,
        "p(95)": 1,
        "p(99)": 1,
        "avg": 1,
        "min": 1,
        "med": 1
      }
    },
    "data_sent": {
      "type": "counter",
      "contains": "data",
      "values": {
        "count": 1967776,
        "rate": 21863.033680123925
      }
    },
    "data_received": {
      "type": "counter",
      "contains": "data",
      "values": {
        "count": 14578503,
        "rate": 161974.89048285357
      }
    },
    "payload_bytes": {
      "values": {
        "min": 147,
        "med": 2200,
        "max": 2405,
        "p(50)": 2200,
        "p(95)": 2357,
        "p(99)": 2373,
        "avg": 1927.0572072072073
      },
      "type": "trend",
      "contains": "default"
    },
    "http_req_tls_handshaking": {
      "type": "trend",
      "contains": "time",
      "values": {
        "p(50)": 0,
        "p(95)": 0,
        "p(99)": 0,
        "avg": 0,
        "min": 0,
        "med": 0,
        "max": 0
      }
    },
    "http_req_waiting": {
      "type": "trend",
      "contains": "time",
      "values": {
        "p(50)": 16.148935,
        "p(95)": 38.00537559999999,
        "p(99)": 62.26573110999996,
        "avg": 18.38618614804813,
        "min": 11.550609,
        "med": 16.148935,
        "max": 86.855375
      }
    },
    "http_reqs": {
      "contains": "default",
      "values": {
        "rate": 73.99612776536827,
        "count": 6660
      },
      "type": "counter"
    },
    "http_req_failed": {
      "type": "rate",
      "contains": "default",
      "values": {
        "fails": 6660,
        "rate": 0,
        "passes": 0
      }
    },
    "vus": {
      "type": "gauge",
      "contains": "default",
      "values": {
        "value": 1,
        "min": 1,
        "max": 6
      }
    },
    "http_req_sending": {
      "type": "trend",
      "contains": "time",
      "values": {
        "avg": 0.03443055360360357,
        "min": 0.01374,
        "med": 0.0282945,
        "max": 2.939058,
        "p(50)": 0.0282945,
        "p(95)": 0.05306204999999996,
        "p(99)": 0.12133279999999999
      }
    },
    "http_req_duration{expected_response:true}": {
      "contains": "time",
      "values": {
        "med": 16.278257,
        "max": 88.073374,
        "p(50)": 16.278257,
        "p(95)": 40.79820479999995,
        "p(99)": 65.04516995999998,
        "avg": 18.66111505795802,
        "min": 11.667269
      },
      "type": "trend"
    },
    "req_latency": {
      "values": {
        "avg": 18.66111505795802,
        "min": 11.667269,
        "med": 16.278257,
        "max": 88.073374,
        "p(50)": 16.278257,
        "p(95)": 40.79820479999995,
        "p(99)": 65.04516995999998
      },
      "type": "trend",
      "contains": "default"
    },
    "http_req_connecting": {
      "values": {
        "p(50)": 0,
        "p(95)": 0,
        "p(99)": 5.3121495,
        "avg": 0.11736113453453452,
        "min": 0,
        "med": 0,
        "max": 13.277504
      },
      "type": "trend",
      "contains": "time"
    },
    "http_req_receiving": {
      "type": "trend",
      "contains": "time",
      "values": {
        "max": 20.635681,
        "p(50)": 0.09298,
        "p(95)": 0.5131104499999992,
        "p(99)": 1.6500715899998855,
        "avg": 0.24049835630630556,
        "min": 0.04322,
        "med": 0.09298
      }
    },
    "http_req_duration": {
      "type": "trend",
      "contains": "time",
      "values": {
        "p(50)": 16.278257,
        "p(95)": 40.79820479999995,
        "p(99)": 65.04516995999998,
        "avg": 18.66111505795802,
        "min": 11.667269,
        "med": 16.278257,
        "max": 88.073374
      }
    }
  },
  "root_group": {
    "name": "",
    "path": "",
    "id": "d41d8cd98f00b204e9800998ecf8427e",
    "groups": [],
    "checks": [
        {
          "path": "::status is 200",
          "id": "6210a8cd14cd70477eba5c5e4cb3fb5f",
          "passes": 6660,
          "fails": 0,
          "name": "status is 200"
        },
        {
          "path": "::no graphql errors",
          "id": "7c29382b2a87caa2e50f0d89170b649f",
          "passes": 6660,
          "fails": 0,
          "name": "no graphql errors"
        }
      ]
  }
}