{
  "state": {
    "testRunDurationMs": 90004.641256,
    "isStdOutTTY": false,
    "isStdErrTTY": false
  },
  "metrics": {
    "req_latency": {
      "values": {
        "min": 8.838547,
        "med": 13.3440665,
        "max": 76.095446,
        "p(50)": 13.3440665,
        "p(95)": 17.507769349999997,
        "p(99)": 52.21625977999998,
        "avg": 14.34331174249247
      },
      "type": "trend",
      "contains": "default"
    },
    "iterations": {
      "type": "counter",
      "contains": "default",
      "values": {
        "count": 6660,
        "rate": 73.9961840529643
      }
    },
    "data_sent": {
      "contains": "data",
      "values": {
        "count": 1768726,
        "rate": 19651.497692982484
      },
      "type": "counter"
    },
    "round_trip_count": {
      "type": "trend",
      "contains": "default",
      "values": {
        "p(95)": 1,
        "p(99)": 1,
        "avg": 1,
        "min": 1,
        "med": 1,
        "max": 1,
        "p(50)": 1
      }
    },
    "http_req_duration": {
      "contains": "time",
      "values": {
        "p(99)": 52.21625977999998,
        "avg": 14.34331174249247,
        "min": 8.838547,
        "med": 13.3440665,
        "max": 76.095446,
        "p(50)": 13.3440665,
        "p(95)": 17.507769349999997
      },
      "type": "trend"
    },
    "http_req_connecting": {
      "type": "trend",
      "contains": "time",
      "values": {
        "avg": 0.12130524324324321,
        "min": 0,
        "med": 0,
        "max": 17.340248,
        "p(50)": 0,
        "p(95)": 0,
        "p(99)": 5.4114361999999945
      }
    },
    "data_received": {
      "type": "counter",
      "contains": "data",
      "values": {
        "count": 9461144,
        "rate": 105118.4013176575
      }
    },
    "http_req_sending": {
      "type": "trend",
      "contains": "time",
      "values": {
        "p(99)": 0.10627548999999997,
        "avg": 0.028825360510510385,
        "min": 0.01165,
        "med": 0.023649,
        "max": 1.214657,
        "p(50)": 0.023649,
        "p(95)": 0.05013449999999992
      }
    },
    "http_req_receiving": {
      "values": {
        "max": 8.210563,
        "p(50)": 0.0856985,
        "p(95)": 0.2112904999999999,
        "p(99)": 0.7264425199999999,
        "avg": 0.11196906786786805,
        "min": 0.041439,
        "med": 0.0856985
      },
      "type": "trend",
      "contains": "time"
    },
    "http_reqs": {
      "type": "counter",
      "contains": "default",
      "values": {
        "count": 6660,
        "rate": 73.9961840529643
      }
    },
    "http_req_tls_handshaking": {
      "type": "trend",
      "contains": "time",
      "values": {
        "avg": 0,
        "min": 0,
        "med": 0,
        "max": 0,
        "p(50)": 0,
        "p(95)": 0,
        "p(99)": 0
      }
    },
    "iteration_duration": {
      "type": "trend",
      "contains": "time",
      "values": {
        "avg": 15.251278557657642,
        "min": 9.612886,
        "med": 14.209989,
        "max": 76.73258,
        "p(50)": 14.209989,
        "p(95)": 19.4657298,
        "p(99)": 53.135354179999986
      }
    },
    "payload_bytes": {
      "type": "trend",
      "contains": "default",
      "values": {
        "p(95)": 1947,
        "p(99)": 2012,
        "avg": 1158.9732732732732,
        "min": 322,
        "med": 1366,
        "max": 10657,
        "p(50)": 1366
      }
    },
    "vus_max": {
      "values": {
        "value": 148,
        "min": 148,
        "max": 148
      },
      "type": "gauge",
      "contains": "default"
    },
    "http_req_failed": {
      "type": "rate",
      "contains": "default",
      "values": {
        "rate": 0,
        "passes": 0,
        "fails": 6660
      }
    },
    "vus": {
      "type": "gauge",
      "contains": "default",
      "values": {
        "value": 1,
        "min": 1,
        "max": 5
      }
    },
    "http_req_blocked": {
      "type": "trend",
      "contains": "time",
      "values": {
        "med": 0.00608,
        "max": 17.457475,
        "p(50)": 0.00608,
        "p(95)": 0.012960449999999993,
        "p(99)": 5.489505489999994,
        "avg": 0.1307193082582572,
        "min": 0.00405
      }
    },
    "http_req_duration{expected_response:true}": {
      "type": "trend",
      "contains": "time",
      "values": {
        "max": 76.095446,
        "p(50)": 13.3440665,
        "p(95)": 17.507769349999997,
        "p(99)": 52.21625977999998,
        "avg": 14.34331174249247,
        "min": 8.838547,
        "med": 13.3440665
      }
    },
    "checks": {
      "type": "rate",
      "contains": "default",
      "values": {
        "rate": 1,
        "passes": 13320,
        "fails": 0
      }
    },
    "http_req_waiting": {
      "type": "trend",
      "contains": "time",
      "values": {
        "p(50)": 13.2046055,
        "p(95)": 17.39723665,
        "p(99)": 51.751299289999984,
        "avg": 14.20251731411407,
        "min": 8.72972,
        "med": 13.2046055,
        "max": 75.135909
      }
    }
  },
  "root_group": {
    "name": "",
    "path": "",
    "id": "d41d8cd98f00b204e9800998ecf8427e",
    "groups": [],
    "checks": [
        {
          "fails": 0,
          "name": "status is 200",
          "path": "::status is 200",
          "id": "6210a8cd14cd70477eba5c5e4cb3fb5f",
          "passes": 6660
        },
        {
          "id": "7c29382b2a87caa2e50f0d89170b649f",
          "passes": 6660,
          "fails": 0,
          "name": "no graphql errors",
          "path": "::no graphql errors"
        }
      ]
  },
  "options": {
    "summaryTrendStats": [
      "avg",
      "min",
      "med",
      "max",
      "p(50)",
      "p(95)",
      "p(99)"
    ],
    "summaryTimeUnit": "",
    "noColor": false
  }
}