{
  "options": {
    "summaryTimeUnit": "",
    "noColor": false,
    "summaryTrendStats": [
      "avg",
      "min",
      "med",
      "max",
      "p(50)",
      "p(95)",
      "p(99)"
    ]
  },
  "state": {
    "isStdOutTTY": false,
    "isStdErrTTY": false,
    "testRunDurationMs": 90015.30824
  },
  "metrics": {
    "http_req_duration": {
      "type": "trend",
      "contains": "time",
      "values": {
        "min": 9.335215,
        "med": 13.918566,
        "max": 82.841167,
        "p(50)": 13.918566,
        "p(95)": 18.764995,
        "p(99)": 54.01846999999997,
        "avg": 15.297891648701455
      }
    },
    "http_req_receiving": {
      "type": "trend",
      "contains": "time",
      "values": {
        "avg": 0.129557175349047,
        "min": 0.04119,
        "med": 0.087499,
        "max": 9.161889,
        "p(50)": 0.087499,
        "p(95)": 0.239028,
        "p(99)": 0.8296256000000001
      }
    },
    "http_req_connecting": {
      "type": "trend",
      "contains": "time",
      "values": {
        "avg": 0.11720213946854825,
        "min": 0,
        "med": 0,
        "max": 13.122497,
        "p(50)": 0,
        "p(95)": 0,
        "p(99)": 5.303876999999998
      }
    },
    "http_req_waiting": {
      "type": "trend",
      "contains": "time",
      "values": {
        "p(95)": 18.611623,
        "p(99)": 53.389689399999966,
        "avg": 15.13764963774209,
        "min": 9.202787,
        "med": 13.804433,
        "max": 81.65769,
        "p(50)": 13.804433
      }
    },
    "checks": {
      "type": "rate",
      "contains": "default",
      "values": {
        "fails": 0,
        "rate": 1,
        "passes": 13322
      }
    },
    "http_req_duration{expected_response:true}": {
      "values": {
        "p(50)": 13.918566,
        "p(95)": 18.764995,
        "p(99)": 54.01846999999997,
        "avg": 15.297891648701455,
        "min": 9.335215,
        "med": 13.918566,
        "max": 82.841167
      },
      "type": "trend",
      "contains": "time"
    },
    "http_req_failed": {
      "type": "rate",
      "contains": "default",
      "values": {
        "rate": 0,
        "passes": 0,
        "fails": 6661
      }
    },
    "req_latency": {
      "values": {
        "p(95)": 18.764995,
        "p(99)": 54.01846999999997,
        "avg": 15.297891648701455,
        "min": 9.335215,
        "med": 13.918566,
        "max": 82.841167,
        "p(50)": 13.918566
      },
      "type": "trend",
      "contains": "default"
    },
    "iteration_duration": {
      "type": "trend",
      "contains": "time",
      "values": {
        "p(50)": 14.568157,
        "p(95)": 21.246646,
        "p(99)": 54.75736339999997,
        "avg": 16.065233803482904,
        "min": 9.833461,
        "med": 14.568157,
        "max": 83.132323
      }
    },
    "http_req_blocked": {
      "type": "trend",
      "contains": "time",
      "values": {
        "avg": 0.12725759300405337,
        "min": 0.0042,
        "med": 0.00731,
        "max": 13.198437,
        "p(50)": 0.00731,
        "p(95)": 0.01559,
        "p(99)": 5.387014199999991
      }
    },
    "data_received": {
      "type": "counter",
      "contains": "data",
      "values": {
        "count": 6444306,
        "rate": 71591.22293752643
      }
    },
    "iterations": {
      "values": {
        "count": 6661,
        "rate": 73.9985245869553
      },
      "type": "counter",
      "contains": "default"
    },
    "round_trip_count": {
      "contains": "default",
      "values": {
        "avg": 1,
        "min": 1,
        "med": 1,
        "max": 1,
        "p(50)": 1,
        "p(95)": 1,
        "p(99)": 1
      },
      "type": "trend"
    },
    "data_sent": {
      "type": "counter",
      "contains": "data",
      "values": {
        "count": 1768985,
        "rate": 19652.046241773776
      }
    },
    "vus_max": {
      "contains": "default",
      "values": {
        "value": 148,
        "min": 148,
        "max": 148
      },
      "type": "gauge"
    },
    "http_reqs": {
      "values": {
        "count": 6661,
        "rate": 73.9985245869553
      },
      "type": "counter",
      "contains": "default"
    },
    "http_req_sending": {
      "type": "trend",
      "contains": "time",
      "values": {
        "p(99)": 0.10373999999999997,
        "avg": 0.030684835610268756,
        "min": 0.01179,
        "med": 0.0264,
        "max": 1.049879,
        "p(50)": 0.0264,
        "p(95)": 0.054599
      }
    },
    "vus": {
      "type": "gauge",
      "contains": "default",
      "values": {
        "min": 0,
        "max": 5,
        "value": 0
      }
    },
    "payload_bytes": {
      "type": "trend",
      "contains": "default",
      "values": {
        "min": 147,
        "med": 450,
        "max": 2590,
        "p(50)": 450,
        "p(95)": 1818,
        "p(99)": 2466,
        "avg": 706.1355652304459
      }
    },
    "http_req_tls_handshaking": {
      "type": "trend",
      "contains": "time",
      "values": {
        "p(99)": 0,
        "avg": 0,
        "min": 0,
        "med": 0,
        "max": 0,
        "p(50)": 0,
        "p(95)": 0
      }
    }
  },
  "root_group": {
    "name": "",
    "path": "",
    "id": "d41d8cd98f00b204e9800998ecf8427e",
    "groups": [],
    "checks": [
        {
          "path": "::status is 200",
          "id": "6210a8cd14cd70477eba5c5e4cb3fb5f",
          "passes": 6661,
          "fails": 0,
          "name": "status is 200"
        },
        {
          "id": "7c29382b2a87caa2e50f0d89170b649f",
          "passes": 6661,
          "fails": 0,
          "name": "no graphql errors",
          "path": "::no graphql errors"
        }
      ]
  }
}