{
  "metrics": {
    "iteration_duration": {
      "type": "trend",
      "contains": "time",
      "values": {
        "p(95)": 10.429881,
        "p(99)": 15.075504999999989,
        "avg": 8.493078241705442,
        "min": 4.705443,
        "med": 8.346013,
        "max": 40.473068,
        "p(50)": 8.346013
      }
    },
    "req_latency": {
      "type": "trend",
      "contains": "default",
      "values": {
        "avg": 8.037982297853175,
        "min": 4.292003,
        "med": 8.01484,
        "max": 40.218678,
        "p(50)": 8.01484,
        "p(95)": 9.837651,
        "p(99)": 10.6377758
      }
    },
    "vus": {
      "contains": "default",
      "values": {
        "value": 1,
        "min": 1,
        "max": 2
      },
      "type": "gauge"
    },
    "http_req_receiving": {
      "type": "trend",
      "contains": "time",
      "values": {
        "p(99)": 0.1916021999999999,
        "avg": 0.09969611064404732,
        "min": 0.04435,
        "med": 0.09565,
        "max": 0.523441,
        "p(50)": 0.09565,
        "p(95)": 0.14289
      }
    },
    "http_req_connecting": {
      "type": "trend",
      "contains": "time",
      "values": {
        "avg": 0.1266747624981234,
        "min": 0,
        "med": 0,
        "max": 13.34337,
        "p(50)": 0,
        "p(95)": 0,
        "p(99)": 5.841969999999994
      }
    },
    "payload_bytes": {
      "type": "trend",
      "contains": "default",
      "values": {
        "max": 10688,
        "p(50)": 2758,
        "p(95)": 4426,
        "p(99)": 4744,
        "avg": 2968.58474703498,
        "min": 2012,
        "med": 2758
      }
    },
    "data_sent": {
      "type": "counter",
      "contains": "data",
      "values": {
        "count": 795216,
        "rate": 8834.87924533463
      }
    },
    "http_req_duration": {
      "type": "trend",
      "contains": "time",
      "values": {
        "avg": 8.037982297853175,
        "min": 4.292003,
        "med": 8.01484,
        "max": 40.218678,
        "p(50)": 8.01484,
        "p(95)": 9.837651,
        "p(99)": 10.6377758
      }
    },
    "http_req_tls_handshaking": {
      "type": "trend",
      "contains": "time",
      "values": {
        "avg": 0,
        "min": 0,
        "med": 0,
        "max": 0,
        "p(50)": 0,
        "p(95)": 0,
        "p(99)": 0
      }
    },
    "round_trip_count": {
      "type": "trend",
      "contains": "default",
      "values": {
        "p(50)": 1,
        "p(95)": 1,
        "p(99)": 1,
        "avg": 1,
        "min": 1,
        "med": 1,
        "max": 1
      }
    },
    "http_req_blocked": {
      "type": "trend",
      "contains": "time",
      "values": {
        "max": 13.51209,
        "p(50)": 0.0074,
        "p(95)": 0.01757,
        "p(99)": 5.964656999999998,
        "avg": 0.13747519726767743,
        "min": 0.00421,
        "med": 0.0074
      }
    },
    "http_req_duration{expected_response:true}": {
      "type": "trend",
      "contains": "time",
      "values": {
        "min": 4.292003,
        "med": 8.01484,
        "max": 40.218678,
        "p(50)": 8.01484,
        "p(95)": 9.837651,
        "p(99)": 10.6377758,
        "avg": 8.037982297853175
      }
    },
    "http_reqs": {
      "contains": "default",
      "values": {
        "count": 6661,
        "rate": 74.0039569792031
      },
      "type": "counter"
    },
    "iterations": {
      "contains": "default",
      "values": {
        "rate": 74.0039569792031,
        "count": 6661
      },
      "type": "counter"
    },
    "http_req_sending": {
      "values": {
        "min": 0.01147,
        "med": 0.02671,
        "max": 0.41498,
        "p(50)": 0.02671,
        "p(95)": 0.05174,
        "p(99)": 0.11883799999999992,
        "avg": 0.030739388079867855
      },
      "type": "trend",
      "contains": "time"
    },
    "vus_max": {
      "contains": "default",
      "values": {
        "value": 148,
        "min": 148,
        "max": 148
      },
      "type": "gauge"
    },
    "data_received": {
      "type": "counter",
      "contains": "data",
      "values": {
        "count": 21518933,
        "rate": 239076.143517543
      }
    },
    "http_req_waiting": {
      "contains": "time",
      "values": {
        "p(50)": 7.887295,
        "p(95)": 9.707667,
        "p(99)": 10.508677999999998,
        "avg": 7.907546799129254,
        "min": 4.110113,
        "med": 7.887295,
        "max": 40.059877
      },
      "type": "trend"
    },
    "http_req_failed": {
      "values": {
        "rate": 0,
        "passes": 0,
        "fails": 6661
      },
      "type": "rate",
      "contains": "default"
    },
    "checks": {
      "type": "rate",
      "contains": "default",
      "values": {
        "rate": 1,
        "passes": 6661,
        "fails": 0
      }
    }
  },
  "root_group": {
    "id": "d41d8cd98f00b204e9800998ecf8427e",
    "groups": [],
    "checks": [
        {
          "name": "status is 200",
          "path": "::status is 200",
          "id": "6210a8cd14cd70477eba5c5e4cb3fb5f",
          "passes": 6661,
          "fails": 0
        }
      ],
    "name": "",
    "path": ""
  },
  "options": {
    "noColor": false,
    "summaryTrendStats": [
      "avg",
      "min",
      "med",
      "max",
      "p(50)",
      "p(95)",
      "p(99)"
    ],
    "summaryTimeUnit": ""
  },
  "state": {
    "isStdErrTTY": false,
    "testRunDurationMs": 90008.700506,
    "isStdOutTTY": false
  }
}