{
  "metrics": {
    "http_req_duration": {
      "type": "trend",
      "contains": "time",
      "values": {
        "p(99)": 18.814613600000005,
        "avg": 14.651825422599615,
        "min": 10.3256,
        "med": 14.195246,
        "max": 59.98856,
        "p(50)": 14.195246,
        "p(95)": 17.4673635
      }
    },
    "http_req_waiting": {
      "type": "trend",
      "contains": "time",
      "values": {
        "p(99)": 18.692223000000006,
        "avg": 14.525590969954282,
        "min": 10.210801,
        "med": 14.072038,
        "max": 59.846801,
        "p(50)": 14.072038,
        "p(95)": 17.3298645
      }
    },
    "http_req_blocked": {
      "type": "trend",
      "contains": "time",
      "values": {
        "med": 0.00678,
        "max": 7.868195,
        "p(50)": 0.00678,
        "p(95)": 0.014045,
        "p(99)": 5.7009050000000006,
        "avg": 0.13254840953625086,
        "min": 0.00395
      }
    },
    "http_req_connecting": {
      "contains": "time",
      "values": {
        "avg": 0.12194653690398433,
        "min": 0,
        "med": 0,
        "max": 7.753125,
        "p(50)": 0,
        "p(95)": 0,
        "p(99)": 5.536964700000001
      },
      "type": "trend"
    },
    "http_req_sending": {
      "type": "trend",
      "contains": "time",
      "values": {
        "avg": 0.03196506270411488,
        "min": 0.01239,
        "med": 0.02668,
        "max": 0.387398,
        "p(50)": 0.02668,
        "p(95)": 0.0584545,
        "p(99)": 0.13078200000000006
      }
    },
    "iteration_duration": {
      "type": "trend",
      "contains": "time",
      "values": {
        "med": 14.953542,
        "max": 60.683165,
        "p(50)": 14.953542,
        "p(95)": 18.691325,
        "p(99)": 23.45682230000001,
        "avg": 15.510849937295877,
        "min": 11.040675
      }
    },
    "round_trip_count": {
      "type": "trend",
      "contains": "default",
      "values": {
        "max": 1,
        "p(50)": 1,
        "p(95)": 1,
        "p(99)": 1,
        "avg": 1,
        "min": 1,
        "med": 1
      }
    },
    "data_received": {
      "type": "counter",
      "contains": "data",
      "values": {
        "count": 1186640,
        "rate": 13182.647369240924
      }
    },
    "http_reqs": {
      "type": "counter",
      "contains": "default",
      "values": {
        "count": 1531,
        "rate": 17.008219107992193
      }
    },
    "checks": {
      "type": "rate",
      "contains": "default",
      "values": {
        "rate": 1,
        "passes": 3062,
        "fails": 0
      }
    },
    "payload_bytes": {
      "type": "trend",
      "contains": "default",
      "values": {
        "p(50)": 539,
        "p(95)": 548,
        "p(99)": 551,
        "avg": 514.0751143043763,
        "min": 275,
        "med": 539,
        "max": 554
      }
    },
    "http_req_duration{expected_response:true}": {
      "values": {
        "avg": 14.651825422599615,
        "min": 10.3256,
        "med": 14.195246,
        "max": 59.98856,
        "p(50)": 14.195246,
        "p(95)": 17.4673635,
        "p(99)": 18.814613600000005
      },
      "type": "trend",
      "contains": "time"
    },
    "req_latency": {
      "type": "trend",
      "contains": "default",
      "values": {
        "med": 14.195246,
        "max": 59.98856,
        "p(50)": 14.195246,
        "p(95)": 17.4673635,
        "p(99)": 18.814613600000005,
        "avg": 14.651825422599615,
        "min": 10.3256
      }
    },
    "iterations": {
      "type": "counter",
      "contains": "default",
      "values": {
        "rate": 17.008219107992193,
        "count": 1531
      }
    },
    "http_req_failed": {
      "type": "rate",
      "contains": "default",
      "values": {
        "rate": 0,
        "passes": 0,
        "fails": 1531
      }
    },
    "vus_max": {
      "type": "gauge",
      "contains": "default",
      "values": {
        "min": 34,
        "max": 34,
        "value": 34
      }
    },
    "http_req_receiving": {
      "type": "trend",
      "contains": "time",
      "values": {
        "avg": 0.09426938994121489,
        "min": 0.04345,
        "med": 0.08793,
        "max": 0.484558,
        "p(50)": 0.08793,
        "p(95)": 0.136849,
        "p(99)": 0.17737400000000006
      }
    },
    "http_req_tls_handshaking": {
      "type": "trend",
      "contains": "time",
      "values": {
        "min": 0,
        "med": 0,
        "max": 0,
        "p(50)": 0,
        "p(95)": 0,
        "p(99)": 0,
        "avg": 0
      }
    },
    "page_latency": {
      "type": "trend",
      "contains": "default",
      "values": {
        "med": 14.195246,
        "max": 59.98856,
        "p(50)": 14.195246,
        "p(95)": 17.4673635,
        "p(99)": 18.814613600000005,
        "avg": 14.651825422599615,
        "min": 10.3256
      }
    },
    "data_sent": {
      "type": "counter",
      "contains": "data",
      "values": {
        "count": 417697,
        "rate": 4640.288763390604
      }
    },
    "vus": {
      "type": "gauge",
      "contains": "default",
      "values": {
        "value": 0,
        "min": 0,
        "max": 1
      }
    }
  },
  "root_group": {
    "id": "d41d8cd98f00b204e9800998ecf8427e",
    "groups": [],
    "checks": [
        {
          "fails": 0,
          "name": "status is 200",
          "path": "::status is 200",
          "id": "6210a8cd14cd70477eba5c5e4cb3fb5f",
          "passes": 1531
        },
        {
          "name": "no graphql errors",
          "path": "::no graphql errors",
          "id": "7c29382b2a87caa2e50f0d89170b649f",
          "passes": 1531,
          "fails": 0
        }
      ],
    "name": "",
    "path": ""
  },
  "options": {
    "summaryTrendStats": [
      "avg",
      "min",
      "med",
      "max",
      "p(50)",
      "p(95)",
      "p(99)"
    ],
    "summaryTimeUnit": "",
    "noColor": false
  },
  "state": {
    "isStdOutTTY": false,
    "isStdErrTTY": false,
    "testRunDurationMs": 90015.303206
  }
}