{
  "state": {
    "isStdOutTTY": false,
    "isStdErrTTY": false,
    "testRunDurationMs": 90001.543862
  },
  "metrics": {
    "http_req_blocked": {
      "type": "trend",
      "contains": "time",
      "values": {
        "p(50)": 0.00696,
        "p(95)": 0.012651500000000005,
        "p(99)": 5.650276820000004,
        "avg": 0.13144918799999905,
        "min": 0.00413,
        "med": 0.00696,
        "max": 8.941807
      }
    },
    "http_req_failed": {
      "type": "rate",
      "contains": "default",
      "values": {
        "rate": 0,
        "passes": 0,
        "fails": 4500
      }
    },
    "http_req_sending": {
      "type": "trend",
      "contains": "time",
      "values": {
        "p(99)": 0.11762839000000014,
        "avg": 0.033513306444444425,
        "min": 0.01226,
        "med": 0.0272005,
        "max": 9.605189,
        "p(50)": 0.0272005,
        "p(95)": 0.053223050000000015
      }
    },
    "http_req_tls_handshaking": {
      "type": "trend",
      "contains": "time",
      "values": {
        "p(95)": 0,
        "p(99)": 0,
        "avg": 0,
        "min": 0,
        "med": 0,
        "max": 0,
        "p(50)": 0
      }
    },
    "checks": {
      "contains": "default",
      "values": {
        "rate": 1,
        "passes": 9000,
        "fails": 0
      },
      "type": "rate"
    },
    "data_sent": {
      "type": "counter",
      "contains": "data",
      "values": {
        "count": 1194218,
        "rate": 13268.86127454772
      }
    },
    "data_received": {
      "type": "counter",
      "contains": "data",
      "values": {
        "count": 14626389,
        "rate": 162512.64558779952
      }
    },
    "iterations": {
      "type": "counter",
      "contains": "default",
      "values": {
        "count": 4500,
        "rate": 49.99914231360166
      }
    },
    "http_req_duration{expected_response:true}": {
      "type": "trend",
      "contains": "time",
      "values": {
        "avg": 16.443059784444422,
        "min": 11.080431,
        "med": 15.571873499999999,
        "max": 80.739493,
        "p(50)": 15.571873499999999,
        "p(95)": 19.6911087,
        "p(99)": 53.32991491000002
      }
    },
    "http_reqs": {
      "type": "counter",
      "contains": "default",
      "values": {
        "count": 4500,
        "rate": 49.99914231360166
      }
    },
    "iteration_duration": {
      "type": "trend",
      "contains": "time",
      "values": {
        "p(95)": 22.353510500000006,
        "p(99)": 54.550491060000034,
        "avg": 17.97275337555557,
        "min": 12.219416,
        "med": 16.983843999999998,
        "max": 82.242609,
        "p(50)": 16.983843999999998
      }
    },
    "req_latency": {
      "type": "trend",
      "contains": "default",
      "values": {
        "avg": 16.443059784444422,
        "min": 11.080431,
        "med": 15.571873499999999,
        "max": 80.739493,
        "p(50)": 15.571873499999999,
        "p(95)": 19.6911087,
        "p(99)": 53.32991491000002
      }
    },
    "http_req_waiting": {
      "values": {
        "p(99)": 52.255465340000086,
        "avg": 16.29215838888891,
        "min": 10.898839,
        "med": 15.4358055,
        "max": 76.887754,
        "p(50)": 15.4358055,
        "p(95)": 19.531426300000003
      },
      "type": "trend",
      "contains": "time"
    },
    "http_req_duration": {
      "type": "trend",
      "contains": "time",
      "values": {
        "avg": 16.443059784444422,
        "min": 11.080431,
        "med": 15.571873499999999,
        "max": 80.739493,
        "p(50)": 15.571873499999999,
        "p(95)": 19.6911087,
        "p(99)": 53.32991491000002
      }
    },
    "vus": {
      "type": "gauge",
      "contains": "default",
      "values": {
        "value": 1,
        "min": 1,
        "max": 3
      }
    },
    "http_req_receiving": {
      "type": "trend",
      "contains": "time",
      "values": {
        "p(50)": 0.094371,
        "p(95)": 0.16131600000000001,
        "p(99)": 0.4578172000000001,
        "avg": 0.11738808911111138,
        "min": 0.04674,
        "med": 0.094371,
        "max": 11.932198
      }
    },
    "payload_bytes": {
      "type": "trend",
      "contains": "default",
      "values": {
        "p(99)": 4768,
        "avg": 2988.306888888889,
        "min": 2031,
        "med": 2765,
        "max": 10707,
        "p(50)": 2765,
        "p(95)": 4449
      }
    },
    "round_trip_count": {
      "type": "trend",
      "contains": "default",
      "values": {
        "p(50)": 1,
        "p(95)": 1,
        "p(99)": 1,
        "avg": 1,
        "min": 1,
        "med": 1,
        "max": 1
      }
    },
    "vus_max": {
      "type": "gauge",
      "contains": "default",
      "values": {
        "value": 100,
        "min": 100,
        "max": 100
      }
    },
    "http_req_connecting": {
      "type": "trend",
      "contains": "time",
      "values": {
        "max": 8.849056,
        "p(50)": 0,
        "p(95)": 0,
        "p(99)": 5.555192710000004,
        "avg": 0.12128071422222224,
        "min": 0,
        "med": 0
      }
    }
  },
  "root_group": {
    "name": "",
    "path": "",
    "id": "d41d8cd98f00b204e9800998ecf8427e",
    "groups": [],
    "checks": [
        {
          "id": "6210a8cd14cd70477eba5c5e4cb3fb5f",
          "passes": 4500,
          "fails": 0,
          "name": "status is 200",
          "path": "::status is 200"
        },
        {
          "name": "no graphql errors",
          "path": "::no graphql errors",
          "id": "7c29382b2a87caa2e50f0d89170b649f",
          "passes": 4500,
          "fails": 0
        }
      ]
  },
  "options": {
    "summaryTrendStats": [
      "avg",
      "min",
      "med",
      "max",
      "p(50)",
      "p(95)",
      "p(99)"
    ],
    "summaryTimeUnit": "",
    "noColor": false
  }
}