{
  "root_group": {
    "path": "",
    "id": "d41d8cd98f00b204e9800998ecf8427e",
    "groups": [],
    "checks": [
        {
          "name": "status is 200",
          "path": "::status is 200",
          "id": "6210a8cd14cd70477eba5c5e4cb3fb5f",
          "passes": 13322,
          "fails": 0
        }
      ],
    "name": ""
  },
  "options": {
    "summaryTrendStats": [
      "avg",
      "min",
      "med",
      "max",
      "p(50)",
      "p(95)",
      "p(99)"
    ],
    "summaryTimeUnit": "",
    "noColor": false
  },
  "state": {
    "isStdOutTTY": false,
    "isStdErrTTY": false,
    "testRunDurationMs": 90015.002252
  },
  "metrics": {
    "http_req_tls_handshaking": {
      "type": "trend",
      "contains": "time",
      "values": {
        "max": 0,
        "p(50)": 0,
        "p(95)": 0,
        "p(99)": 0,
        "avg": 0,
        "min": 0,
        "med": 0
      }
    },
    "http_reqs": {
      "type": "counter",
      "contains": "default",
      "values": {
        "count": 13322,
        "rate": 147.99755226028452
      }
    },
    "req_latency": {
      "type": "trend",
      "contains": "default",
      "values": {
        "med": 7.622215000000001,
        "max": 44.062059,
        "p(50)": 7.622215000000001,
        "p(95)": 9.5419255,
        "p(99)": 10.481921569999994,
        "avg": 7.595568867587404,
        "min": 3.121751
      }
    },
    "http_req_receiving": {
      "type": "trend",
      "contains": "time",
      "values": {
        "p(50)": 0.0866635,
        "p(95)": 0.14510699999999996,
        "p(99)": 0.21865129999999983,
        "avg": 0.09204633906320324,
        "min": 0.038419,
        "med": 0.0866635,
        "max": 1.853588
      }
    },
    "http_req_duration{expected_response:true}": {
      "type": "trend",
      "contains": "time",
      "values": {
        "p(50)": 7.622215000000001,
        "p(95)": 9.5419255,
        "p(99)": 10.481921569999994,
        "avg": 7.595568867587404,
        "min": 3.121751,
        "med": 7.622215000000001,
        "max": 44.062059
      }
    },
    "checks": {
      "type": "rate",
      "contains": "default",
      "values": {
        "passes": 13322,
        "fails": 0,
        "rate": 1
      }
    },
    "iteration_duration": {
      "type": "trend",
      "contains": "time",
      "values": {
        "p(99)": 22.70418959999998,
        "avg": 15.832059877045468,
        "min": 10.611678,
        "med": 15.610306,
        "max": 53.883846,
        "p(50)": 15.610306,
        "p(95)": 18.553306
      }
    },
    "http_req_connecting": {
      "values": {
        "avg": 0.06208544017414799,
        "min": 0,
        "med": 0,
        "max": 17.604133,
        "p(50)": 0,
        "p(95)": 0,
        "p(99)": 4.21733129999999
      },
      "type": "trend",
      "contains": "time"
    },
    "vus": {
      "type": "gauge",
      "contains": "default",
      "values": {
        "value": 1,
        "min": 1,
        "max": 2
      }
    },
    "http_req_blocked": {
      "type": "trend",
      "contains": "time",
      "values": {
        "p(50)": 0.00655,
        "p(95)": 0.01087804999999998,
        "p(99)": 4.309572599999981,
        "avg": 0.07017175769403912,
        "min": 0.003,
        "med": 0.00655,
        "max": 17.786093
      }
    },
    "http_req_waiting": {
      "type": "trend",
      "contains": "time",
      "values": {
        "avg": 7.4801794671970505,
        "min": 3.035981,
        "med": 7.5059415000000005,
        "max": 43.473635,
        "p(50)": 7.5059415000000005,
        "p(95)": 9.416748100000001,
        "p(99)": 10.341093759999998
      }
    },
    "data_sent": {
      "type": "counter",
      "contains": "data",
      "values": {
        "count": 1339043,
        "rate": 14875.77588734936
      }
    },
    "page_latency": {
      "contains": "default",
      "values": {
        "med": 15.091147,
        "max": 53.53224,
        "p(50)": 15.091147,
        "p(95)": 17.500029,
        "p(99)": 19.074779599999996,
        "avg": 15.191137735174925,
        "min": 10.115813
      },
      "type": "trend"
    },
    "http_req_duration": {
      "type": "trend",
      "contains": "time",
      "values": {
        "avg": 7.595568867587404,
        "min": 3.121751,
        "med": 7.622215000000001,
        "max": 44.062059,
        "p(50)": 7.622215000000001,
        "p(95)": 9.5419255,
        "p(99)": 10.481921569999994
      }
    },
    "data_received": {
      "type": "counter",
      "contains": "data",
      "values": {
        "count": 41172745,
        "rate": 457398.6998826654
      }
    },
    "vus_max": {
      "values": {
        "value": 148,
        "min": 148,
        "max": 148
      },
      "type": "gauge",
      "contains": "default"
    },
    "round_trip_count": {
      "type": "trend",
      "contains": "default",
      "values": {
        "min": 2,
        "med": 2,
        "max": 2,
        "p(50)": 2,
        "p(95)": 2,
        "p(99)": 2,
        "avg": 2
      }
    },
    "iterations": {
      "type": "counter",
      "contains": "default",
      "values": {
        "count": 6661,
        "rate": 73.99877613014226
      }
    },
    "http_req_failed": {
      "type": "rate",
      "contains": "default",
      "values": {
        "rate": 0,
        "passes": 0,
        "fails": 13322
      }
    },
    "payload_bytes": {
      "type": "trend",
      "contains": "default",
      "values": {
        "min": 110,
        "med": 907,
        "max": 6366,
        "p(50)": 907,
        "p(95)": 6202,
        "p(99)": 6254,
        "avg": 2829.082870439874
      }
    },
    "http_req_sending": {
      "contains": "time",
      "values": {
        "avg": 0.023343061327128108,
        "min": 0.0081,
        "med": 0.021249,
        "max": 0.341696,
        "p(50)": 0.021249,
        "p(95)": 0.04089899999999998,
        "p(99)": 0.08541299999999943
      },
      "type": "trend"
    }
  }
}