{
  "root_group": {
    "id": "d41d8cd98f00b204e9800998ecf8427e",
    "groups": [],
    "checks": [
        {
          "path": "::status is 200",
          "id": "6210a8cd14cd70477eba5c5e4cb3fb5f",
          "passes": 2250,
          "fails": 0,
          "name": "status is 200"
        },
        {
          "name": "no graphql errors",
          "path": "::no graphql errors",
          "id": "7c29382b2a87caa2e50f0d89170b649f",
          "passes": 2250,
          "fails": 0
        }
      ],
    "name": "",
    "path": ""
  },
  "options": {
    "summaryTrendStats": [
      "avg",
      "min",
      "med",
      "max",
      "p(50)",
      "p(95)",
      "p(99)"
    ],
    "summaryTimeUnit": "",
    "noColor": false
  },
  "state": {
    "isStdErrTTY": false,
    "testRunDurationMs": 90001.492037,
    "isStdOutTTY": false
  },
  "metrics": {
    "http_req_sending": {
      "values": {
        "med": 0.02786,
        "max": 0.22222,
        "p(50)": 0.02786,
        "p(95)": 0.053994999999999974,
        "p(99)": 0.1238588099999999,
        "avg": 0.03277307111111116,
        "min": 0.01324
      },
      "type": "trend",
      "contains": "time"
    },
    "http_req_waiting": {
      "contains": "time",
      "values": {
        "avg": 16.456573117777797,
        "min": 11.396128,
        "med": 16.13955,
        "max": 57.44148,
        "p(50)": 16.13955,
        "p(95)": 19.30095105,
        "p(99)": 22.63457038999996
      },
      "type": "trend"
    },
    "page_latency": {
      "type": "trend",
      "contains": "default",
      "values": {
        "p(95)": 19.46096409999999,
        "p(99)": 22.79276936999998,
        "avg": 16.589826148888925,
        "min": 11.509307,
        "med": 16.268079,
        "max": 57.758549,
        "p(50)": 16.268079
      }
    },
    "http_req_duration": {
      "type": "trend",
      "contains": "time",
      "values": {
        "med": 16.268079,
        "max": 57.758549,
        "p(50)": 16.268079,
        "p(95)": 19.46096409999999,
        "p(99)": 22.79276936999998,
        "avg": 16.589826148888925,
        "min": 11.509307
      }
    },
    "http_req_duration{expected_response:true}": {
      "type": "trend",
      "contains": "time",
      "values": {
        "p(95)": 19.46096409999999,
        "p(99)": 22.79276936999998,
        "avg": 16.589826148888925,
        "min": 11.509307,
        "med": 16.268079,
        "max": 57.758549,
        "p(50)": 16.268079
      }
    },
    "data_sent": {
      "type": "counter",
      "contains": "data",
      "values": {
        "count": 664782,
        "rate": 7386.344214457081
      }
    },
    "http_reqs": {
      "type": "counter",
      "contains": "default",
      "values": {
        "count": 2250,
        "rate": 24.99958555214857
      }
    },
    "checks": {
      "type": "rate",
      "contains": "default",
      "values": {
        "rate": 1,
        "passes": 4500,
        "fails": 0
      }
    },
    "payload_bytes": {
      "type": "trend",
      "contains": "default",
      "values": {
        "p(95)": 2357,
        "p(99)": 2375,
        "avg": 1929.8591111111111,
        "min": 147,
        "med": 2196,
        "max": 2405,
        "p(50)": 2196
      }
    },
    "req_latency": {
      "values": {
        "p(99)": 22.79276936999998,
        "avg": 16.589826148888925,
        "min": 11.509307,
        "med": 16.268079,
        "max": 57.758549,
        "p(50)": 16.268079,
        "p(95)": 19.46096409999999
      },
      "type": "trend",
      "contains": "default"
    },
    "iteration_duration": {
      "type": "trend",
      "contains": "time",
      "values": {
        "avg": 17.88963494933329,
        "min": 12.188497,
        "med": 17.482605,
        "max": 59.174486,
        "p(50)": 17.482605,
        "p(95)": 21.24589055,
        "p(99)": 25.714893129999975
      }
    },
    "http_req_blocked": {
      "type": "trend",
      "contains": "time",
      "values": {
        "p(99)": 5.500456879999978,
        "avg": 0.127349112444444,
        "min": 0.00433,
        "med": 0.00697,
        "max": 8.288578,
        "p(50)": 0.00697,
        "p(95)": 0.013470999999999995
      }
    },
    "http_req_connecting": {
      "type": "trend",
      "contains": "time",
      "values": {
        "min": 0,
        "med": 0,
        "max": 8.172948,
        "p(50)": 0,
        "p(95)": 0,
        "p(99)": 5.388851289999984,
        "avg": 0.11723906
      }
    },
    "http_req_receiving": {
      "values": {
        "p(95)": 0.14873689999999976,
        "p(99)": 0.23120688999999794,
        "avg": 0.10047995999999997,
        "min": 0.04193,
        "med": 0.093249,
        "max": 0.537369,
        "p(50)": 0.093249
      },
      "type": "trend",
      "contains": "time"
    },
    "vus_max": {
      "type": "gauge",
      "contains": "default",
      "values": {
        "max": 50,
        "value": 50,
        "min": 50
      }
    },
    "http_req_tls_handshaking": {
      "type": "trend",
      "contains": "time",
      "values": {
        "p(99)": 0,
        "avg": 0,
        "min": 0,
        "med": 0,
        "max": 0,
        "p(50)": 0,
        "p(95)": 0
      }
    },
    "http_req_failed": {
      "type": "rate",
      "contains": "default",
      "values": {
        "rate": 0,
        "passes": 0,
        "fails": 2250
      }
    },
    "iterations": {
      "type": "counter",
      "contains": "default",
      "values": {
        "count": 2250,
        "rate": 24.99958555214857
      }
    },
    "round_trip_count": {
      "values": {
        "p(50)": 1,
        "p(95)": 1,
        "p(99)": 1,
        "avg": 1,
        "min": 1,
        "med": 1,
        "max": 1
      },
      "type": "trend",
      "contains": "default"
    },
    "data_received": {
      "type": "counter",
      "contains": "data",
      "values": {
        "count": 4931482,
        "rate": 54793.336070169215
      }
    },
    "vus": {
      "type": "gauge",
      "contains": "default",
      "values": {
        "value": 0,
        "min": 0,
        "max": 1
      }
    }
  }
}