{
  "state": {
    "isStdErrTTY": false,
    "testRunDurationMs": 90074.837331,
    "isStdOutTTY": false
  },
  "metrics": {
    "http_req_connecting": {
      "contains": "time",
      "values": {
        "p(50)": 0,
        "p(95)": 0,
        "p(99)": 0,
        "avg": 0.011889199150881775,
        "min": 0,
        "med": 0,
        "max": 7.628035
      },
      "type": "trend"
    },
    "iteration_duration": {
      "type": "trend",
      "contains": "time",
      "values": {
        "p(99)": 92.91965940000004,
        "avg": 78.00387110973216,
        "min": 67.023823,
        "med": 77.275043,
        "max": 125.783798,
        "p(50)": 77.275043,
        "p(95)": 85.42882
      }
    },
    "vus_max": {
      "type": "gauge",
      "contains": "default",
      "values": {
        "value": 34,
        "min": 34,
        "max": 34
      }
    },
    "vus": {
      "type": "gauge",
      "contains": "default",
      "values": {
        "value": 1,
        "min": 1,
        "max": 1
      }
    },
    "http_req_sending": {
      "type": "trend",
      "contains": "time",
      "values": {
        "avg": 0.020125360809928262,
        "min": 0.00804,
        "med": 0.017185,
        "max": 3.650743,
        "p(50)": 0.017185,
        "p(95)": 0.038995049999999996,
        "p(99)": 0.06594290999999995
      }
    },
    "round_trip_count": {
      "type": "trend",
      "contains": "default",
      "values": {
        "p(95)": 10,
        "p(99)": 10,
        "avg": 10,
        "min": 10,
        "med": 10,
        "max": 10,
        "p(50)": 10
      }
    },
    "checks": {
      "type": "rate",
      "contains": "default",
      "values": {
        "rate": 1,
        "passes": 15310,
        "fails": 0
      }
    },
    "http_req_duration": {
      "values": {
        "avg": 7.564685144284787,
        "min": 3.686562,
        "med": 7.450226000000001,
        "max": 56.759787,
        "p(50)": 7.450226000000001,
        "p(95)": 9.407985,
        "p(99)": 10.436233199999998
      },
      "type": "trend",
      "contains": "time"
    },
    "data_sent": {
      "contains": "data",
      "values": {
        "count": 1558800,
        "rate": 17305.609937121986
      },
      "type": "counter"
    },
    "req_latency": {
      "type": "trend",
      "contains": "default",
      "values": {
        "med": 7.450226000000001,
        "max": 56.759787,
        "p(50)": 7.450226000000001,
        "p(95)": 9.407985,
        "p(99)": 10.436233199999998,
        "avg": 7.564685144284787,
        "min": 3.686562
      }
    },
    "payload_bytes": {
      "contains": "default",
      "values": {
        "p(50)": 517,
        "p(95)": 526,
        "p(99)": 529,
        "avg": 490.3362508164598,
        "min": 251,
        "med": 517,
        "max": 536
      },
      "type": "trend"
    },
    "data_received": {
      "type": "counter",
      "contains": "data",
      "values": {
        "count": 11502958,
        "rate": 127704.45488266413
      }
    },
    "http_req_duration{expected_response:true}": {
      "contains": "time",
      "values": {
        "p(99)": 10.436233199999998,
        "avg": 7.564685144284787,
        "min": 3.686562,
        "med": 7.450226000000001,
        "max": 56.759787,
        "p(50)": 7.450226000000001,
        "p(95)": 9.407985
      },
      "type": "trend"
    },
    "http_req_receiving": {
      "type": "trend",
      "contains": "time",
      "values": {
        "p(99)": 0.40086988999999995,
        "avg": 0.10223683396472862,
        "min": 0.039449,
        "med": 0.08603,
        "max": 25.425483,
        "p(50)": 0.08603,
        "p(95)": 0.20951899999999984
      }
    },
    "page_latency": {
      "type": "trend",
      "contains": "default",
      "values": {
        "p(99)": 89.84527010000001,
        "avg": 75.64685144284769,
        "min": 64.57890499999999,
        "med": 74.96156299999998,
        "max": 123.722199,
        "p(50)": 74.96156299999998,
        "p(95)": 83.062659
      }
    },
    "iterations": {
      "type": "counter",
      "contains": "default",
      "values": {
        "count": 1531,
        "rate": 16.99697768394519
      }
    },
    "http_req_blocked": {
      "type": "trend",
      "contains": "time",
      "values": {
        "min": 0.00273,
        "med": 0.00579,
        "max": 7.735735,
        "p(50)": 0.00579,
        "p(95)": 0.0102,
        "p(99)": 0.03429919999999998,
        "avg": 0.01850962018288689
      }
    },
    "http_reqs": {
      "type": "counter",
      "contains": "default",
      "values": {
        "count": 15310,
        "rate": 169.9697768394519
      }
    },
    "http_req_waiting": {
      "type": "trend",
      "contains": "time",
      "values": {
        "min": 3.573253,
        "med": 7.3303104999999995,
        "max": 56.554838,
        "p(50)": 7.3303104999999995,
        "p(95)": 9.260356049999999,
        "p(99)": 10.2936493,
        "avg": 7.4423229495101495
      }
    },
    "http_req_failed": {
      "type": "rate",
      "contains": "default",
      "values": {
        "fails": 15310,
        "rate": 0,
        "passes": 0
      }
    },
    "http_req_tls_handshaking": {
      "type": "trend",
      "contains": "time",
      "values": {
        "min": 0,
        "med": 0,
        "max": 0,
        "p(50)": 0,
        "p(95)": 0,
        "p(99)": 0,
        "avg": 0
      }
    }
  },
  "root_group": {
    "name": "",
    "path": "",
    "id": "d41d8cd98f00b204e9800998ecf8427e",
    "groups": [],
    "checks": [
        {
          "id": "6210a8cd14cd70477eba5c5e4cb3fb5f",
          "passes": 15310,
          "fails": 0,
          "name": "status is 200",
          "path": "::status is 200"
        }
      ]
  },
  "options": {
    "summaryTrendStats": [
      "avg",
      "min",
      "med",
      "max",
      "p(50)",
      "p(95)",
      "p(99)"
    ],
    "summaryTimeUnit": "",
    "noColor": false
  }
}