{
  "state": {
    "isStdOutTTY": false,
    "isStdErrTTY": false,
    "testRunDurationMs": 90001.554896
  },
  "metrics": {
    "http_req_connecting": {
      "type": "trend",
      "contains": "time",
      "values": {
        "med": 0,
        "max": 7.621096,
        "p(50)": 0,
        "p(95)": 0,
        "p(99)": 5.424505899999994,
        "avg": 0.12025698755555557,
        "min": 0
      }
    },
    "http_req_sending": {
      "type": "trend",
      "contains": "time",
      "values": {
        "min": 0.01145,
        "med": 0.02728,
        "max": 3.296427,
        "p(50)": 0.02728,
        "p(95)": 0.056691549999999986,
        "p(99)": 0.13569439999999988,
        "avg": 0.038619952444444404
      }
    },
    "http_req_receiving": {
      "type": "trend",
      "contains": "time",
      "values": {
        "avg": 0.10454477155555549,
        "min": 0.045039,
        "med": 0.087999,
        "max": 7.866064,
        "p(50)": 0.087999,
        "p(95)": 0.16106549999999994,
        "p(99)": 0.23671949999999983
      }
    },
    "http_req_failed": {
      "values": {
        "rate": 0,
        "passes": 0,
        "fails": 2250
      },
      "type": "rate",
      "contains": "default"
    },
    "vus": {
      "type": "gauge",
      "contains": "default",
      "values": {
        "value": 0,
        "min": 0,
        "max": 0
      }
    },
    "http_reqs": {
      "type": "counter",
      "contains": "default",
      "values": {
        "count": 2250,
        "rate": 24.999568091906358
      }
    },
    "payload_bytes": {
      "type": "trend",
      "contains": "default",
      "values": {
        "avg": 489.8008888888889,
        "min": 242,
        "med": 447,
        "max": 29406,
        "p(50)": 447,
        "p(95)": 546,
        "p(99)": 549
      }
    },
    "http_req_blocked": {
      "type": "trend",
      "contains": "time",
      "values": {
        "p(95)": 0.013619499999999975,
        "p(99)": 5.516767199999994,
        "avg": 0.1320258982222223,
        "min": 0.00403,
        "med": 0.0068095,
        "max": 7.710436,
        "p(50)": 0.0068095
      }
    },
    "iterations": {
      "contains": "default",
      "values": {
        "count": 2250,
        "rate": 24.999568091906358
      },
      "type": "counter"
    },
    "vus_max": {
      "type": "gauge",
      "contains": "default",
      "values": {
        "value": 50,
        "min": 50,
        "max": 50
      }
    },
    "http_req_duration{expected_response:true}": {
      "type": "trend",
      "contains": "time",
      "values": {
        "min": 9.433234,
        "med": 12.8924295,
        "max": 76.809217,
        "p(50)": 12.8924295,
        "p(95)": 16.32578905,
        "p(99)": 20.32419428999995,
        "avg": 13.399241888888893
      }
    },
    "http_req_tls_handshaking": {
      "type": "trend",
      "contains": "time",
      "values": {
        "min": 0,
        "med": 0,
        "max": 0,
        "p(50)": 0,
        "p(95)": 0,
        "p(99)": 0,
        "avg": 0
      }
    },
    "data_sent": {
      "type": "counter",
      "contains": "data",
      "values": {
        "count": 598492,
        "rate": 6649.796225093875
      }
    },
    "http_req_duration": {
      "values": {
        "min": 9.433234,
        "med": 12.8924295,
        "max": 76.809217,
        "p(50)": 12.8924295,
        "p(95)": 16.32578905,
        "p(99)": 20.32419428999995,
        "avg": 13.399241888888893
      },
      "type": "trend",
      "contains": "time"
    },
    "checks": {
      "type": "rate",
      "contains": "default",
      "values": {
        "rate": 1,
        "passes": 4500,
        "fails": 0
      }
    },
    "http_req_waiting": {
      "type": "trend",
      "contains": "time",
      "values": {
        "avg": 13.256077164888927,
        "min": 9.317374,
        "med": 12.7559605,
        "max": 76.348921,
        "p(50)": 12.7559605,
        "p(95)": 16.1404604,
        "p(99)": 20.160721879999954
      }
    },
    "round_trip_count": {
      "type": "trend",
      "contains": "default",
      "values": {
        "avg": 1,
        "min": 1,
        "med": 1,
        "max": 1,
        "p(50)": 1,
        "p(95)": 1,
        "p(99)": 1
      }
    },
    "iteration_duration": {
      "type": "trend",
      "contains": "time",
      "values": {
        "med": 13.5404145,
        "max": 82.804005,
        "p(50)": 13.5404145,
        "p(95)": 17.565773999999987,
        "p(99)": 22.73683512999978,
        "avg": 14.179972791111114,
        "min": 9.999419
      }
    },
    "data_received": {
      "type": "counter",
      "contains": "data",
      "values": {
        "count": 1689306,
        "rate": 18769.742388918203
      }
    },
    "req_latency": {
      "type": "trend",
      "contains": "default",
      "values": {
        "p(50)": 12.8924295,
        "p(95)": 16.32578905,
        "p(99)": 20.32419428999995,
        "avg": 13.399241888888893,
        "min": 9.433234,
        "med": 12.8924295,
        "max": 76.809217
      }
    }
  },
  "root_group": {
    "checks": [
      {
        "name": "status is 200",
        "path": "::status is 200",
        "id": "6210a8cd14cd70477eba5c5e4cb3fb5f",
        "passes": 2250,
        "fails": 0
      },
      {
        "name": "no graphql errors",
        "path": "::no graphql errors",
        "id": "7c29382b2a87caa2e50f0d89170b649f",
        "passes": 2250,
        "fails": 0
      }
    ],
    "name": "",
    "path": "",
    "id": "d41d8cd98f00b204e9800998ecf8427e",
    "groups": []
  },
  "options": {
    "summaryTrendStats": [
      "avg",
      "min",
      "med",
      "max",
      "p(50)",
      "p(95)",
      "p(99)"
    ],
    "summaryTimeUnit": "",
    "noColor": false
  }
}