{
  "metrics": {
    "page_latency": {
      "type": "trend",
      "contains": "default",
      "values": {
        "p(95)": 17.222546,
        "p(99)": 18.35437619999999,
        "avg": 14.902570519555535,
        "min": 10.323271,
        "med": 14.8540735,
        "max": 19.904724,
        "p(50)": 14.8540735
      }
    },
    "data_received": {
      "type": "counter",
      "contains": "data",
      "values": {
        "count": 2868718,
        "rate": 31874.37867197932
      }
    },
    "round_trip_count": {
      "type": "trend",
      "contains": "default",
      "values": {
        "p(99)": 2,
        "avg": 2,
        "min": 2,
        "med": 2,
        "max": 2,
        "p(50)": 2,
        "p(95)": 2
      }
    },
    "iteration_duration": {
      "type": "trend",
      "contains": "time",
      "values": {
        "avg": 15.717301822666645,
        "min": 11.048898,
        "med": 15.575669999999999,
        "max": 25.428468,
        "p(50)": 15.575669999999999,
        "p(95)": 18.35456105,
        "p(99)": 21.795868179999996
      }
    },
    "http_req_receiving": {
      "type": "trend",
      "contains": "time",
      "values": {
        "p(99)": 0.19385190000000005,
        "avg": 0.10033507577777764,
        "min": 0.050989,
        "med": 0.0935645,
        "max": 0.747976,
        "p(50)": 0.0935645,
        "p(95)": 0.14223900000000003
      }
    },
    "checks": {
      "type": "rate",
      "contains": "default",
      "values": {
        "passes": 4500,
        "fails": 0,
        "rate": 1
      }
    },
    "http_req_failed": {
      "contains": "default",
      "values": {
        "rate": 0,
        "passes": 0,
        "fails": 4500
      },
      "type": "rate"
    },
    "vus": {
      "contains": "default",
      "values": {
        "value": 1,
        "min": 1,
        "max": 1
      },
      "type": "gauge"
    },
    "http_reqs": {
      "values": {
        "count": 4500,
        "rate": 49.999583097365075
      },
      "type": "counter",
      "contains": "default"
    },
    "vus_max": {
      "type": "gauge",
      "contains": "default",
      "values": {
        "value": 50,
        "min": 50,
        "max": 50
      }
    },
    "http_req_duration{expected_response:true}": {
      "type": "trend",
      "contains": "time",
      "values": {
        "p(50)": 7.471469,
        "p(95)": 9.110190000000001,
        "p(99)": 9.902500600000002,
        "avg": 7.451285259777795,
        "min": 3.407543,
        "med": 7.471469,
        "max": 11.258606
      }
    },
    "http_req_sending": {
      "type": "trend",
      "contains": "time",
      "values": {
        "avg": 0.027324666666666556,
        "min": 0.00946,
        "med": 0.023975000000000003,
        "max": 0.261538,
        "p(50)": 0.023975000000000003,
        "p(95)": 0.053791450000000005,
        "p(99)": 0.10996060000000026
      }
    },
    "iterations": {
      "values": {
        "count": 2250,
        "rate": 24.999791548682538
      },
      "type": "counter",
      "contains": "default"
    },
    "http_req_duration": {
      "values": {
        "avg": 7.451285259777795,
        "min": 3.407543,
        "med": 7.471469,
        "max": 11.258606,
        "p(50)": 7.471469,
        "p(95)": 9.110190000000001,
        "p(99)": 9.902500600000002
      },
      "type": "trend",
      "contains": "time"
    },
    "http_req_blocked": {
      "type": "trend",
      "contains": "time",
      "values": {
        "max": 7.524704,
        "p(50)": 0.00713,
        "p(95)": 0.013982500000000009,
        "p(99)": 4.034332590000039,
        "avg": 0.07036492222222197,
        "min": 0.00327,
        "med": 0.00713
      }
    },
    "payload_bytes": {
      "type": "trend",
      "contains": "default",
      "values": {
        "med": 129,
        "max": 794,
        "p(50)": 129,
        "p(95)": 782,
        "p(99)": 787,
        "avg": 376.4928888888889,
        "min": 110
      }
    },
    "req_latency": {
      "type": "trend",
      "contains": "default",
      "values": {
        "max": 11.258606,
        "p(50)": 7.471469,
        "p(95)": 9.110190000000001,
        "p(99)": 9.902500600000002,
        "avg": 7.451285259777795,
        "min": 3.407543,
        "med": 7.471469
      }
    },
    "http_req_connecting": {
      "type": "trend",
      "contains": "time",
      "values": {
        "avg": 0.06107501444444445,
        "min": 0,
        "med": 0,
        "max": 7.399494,
        "p(50)": 0,
        "p(95)": 0,
        "p(99)": 3.9468328800000414
      }
    },
    "http_req_tls_handshaking": {
      "type": "trend",
      "contains": "time",
      "values": {
        "p(95)": 0,
        "p(99)": 0,
        "avg": 0,
        "min": 0,
        "med": 0,
        "max": 0,
        "p(50)": 0
      }
    },
    "http_req_waiting": {
      "type": "trend",
      "contains": "time",
      "values": {
        "med": 7.34102,
        "max": 11.145587,
        "p(50)": 7.34102,
        "p(95)": 8.98512,
        "p(99)": 9.7773809,
        "avg": 7.323625517333319,
        "min": 3.297274
      }
    },
    "data_sent": {
      "type": "counter",
      "contains": "data",
      "values": {
        "count": 450691,
        "rate": 5007.63602349657
      }
    }
  },
  "root_group": {
    "name": "",
    "path": "",
    "id": "d41d8cd98f00b204e9800998ecf8427e",
    "groups": [],
    "checks": [
        {
          "name": "status is 200",
          "path": "::status is 200",
          "id": "6210a8cd14cd70477eba5c5e4cb3fb5f",
          "passes": 4500,
          "fails": 0
        }
      ]
  },
  "options": {
    "summaryTrendStats": [
      "avg",
      "min",
      "med",
      "max",
      "p(50)",
      "p(95)",
      "p(99)"
    ],
    "summaryTimeUnit": "",
    "noColor": false
  },
  "state": {
    "isStdErrTTY": false,
    "testRunDurationMs": 90000.750431,
    "isStdOutTTY": false
  }
}