{
  "state": {
    "isStdOutTTY": false,
    "isStdErrTTY": false,
    "testRunDurationMs": 90014.605112
  },
  "metrics": {
    "http_req_duration{expected_response:true}": {
      "type": "trend",
      "contains": "time",
      "values": {
        "avg": 14.333391479226831,
        "min": 8.9818,
        "med": 13.272666,
        "max": 88.064857,
        "p(50)": 13.272666,
        "p(95)": 17.031946,
        "p(99)": 66.622173
      }
    },
    "http_req_sending": {
      "type": "trend",
      "contains": "time",
      "values": {
        "med": 0.028071,
        "max": 0.241468,
        "p(50)": 0.028071,
        "p(95)": 0.06447,
        "p(99)": 0.125519,
        "avg": 0.03382237880471006,
        "min": 0.01401
      }
    },
    "http_req_receiving": {
      "type": "trend",
      "contains": "time",
      "values": {
        "avg": 0.12196691668518106,
        "min": 0.04594,
        "med": 0.093959,
        "max": 8.316165,
        "p(50)": 0.093959,
        "p(95)": 0.156323,
        "p(99)": 0.692445
      }
    },
    "round_trip_count": {
      "type": "trend",
      "contains": "default",
      "values": {
        "avg": 1,
        "min": 1,
        "med": 1,
        "max": 1,
        "p(50)": 1,
        "p(95)": 1,
        "p(99)": 1
      }
    },
    "http_req_duration": {
      "type": "trend",
      "contains": "time",
      "values": {
        "p(50)": 13.272666,
        "p(95)": 17.031946,
        "p(99)": 66.622173,
        "avg": 14.333391479226831,
        "min": 8.9818,
        "med": 13.272666,
        "max": 88.064857
      }
    },
    "vus": {
      "type": "gauge",
      "contains": "default",
      "values": {
        "max": 1,
        "value": 1,
        "min": 0
      }
    },
    "http_req_waiting": {
      "type": "trend",
      "contains": "time",
      "values": {
        "max": 86.914556,
        "p(50)": 13.149258,
        "p(95)": 16.896949,
        "p(99)": 64.505611,
        "avg": 14.177602183736923,
        "min": 8.83808,
        "med": 13.149258
      }
    },
    "data_sent": {
      "values": {
        "count": 1195270,
        "rate": 13278.622935831294
      },
      "type": "counter",
      "contains": "data"
    },
    "iteration_duration": {
      "type": "trend",
      "contains": "time",
      "values": {
        "p(99)": 67.277978,
        "avg": 15.34930159831149,
        "min": 9.490217,
        "med": 14.285588,
        "max": 88.95927,
        "p(50)": 14.285588,
        "p(95)": 19.017591
      }
    },
    "http_req_connecting": {
      "type": "trend",
      "contains": "time",
      "values": {
        "avg": 0.1276564487891579,
        "min": 0,
        "med": 0,
        "max": 11.40397,
        "p(50)": 0,
        "p(95)": 0,
        "p(99)": 5.911593
      }
    },
    "http_req_tls_handshaking": {
      "type": "trend",
      "contains": "time",
      "values": {
        "p(95)": 0,
        "p(99)": 0,
        "avg": 0,
        "min": 0,
        "med": 0,
        "max": 0,
        "p(50)": 0
      }
    },
    "payload_bytes": {
      "type": "trend",
      "contains": "default",
      "values": {
        "med": 1372,
        "max": 10657,
        "p(50)": 1372,
        "p(95)": 1939,
        "p(99)": 2011,
        "avg": 1173.4081315263275,
        "min": 322
      }
    },
    "iterations": {
      "type": "counter",
      "contains": "default",
      "values": {
        "count": 4501,
        "rate": 50.002996673702725
      }
    },
    "vus_max": {
      "values": {
        "value": 100,
        "min": 100,
        "max": 100
      },
      "type": "gauge",
      "contains": "default"
    },
    "http_reqs": {
      "type": "counter",
      "contains": "default",
      "values": {
        "rate": 50.002996673702725,
        "count": 4501
      }
    },
    "http_req_blocked": {
      "type": "trend",
      "contains": "time",
      "values": {
        "min": 0.00484,
        "med": 0.00723,
        "max": 11.49244,
        "p(50)": 0.00723,
        "p(95)": 0.01416,
        "p(99)": 6.024013,
        "avg": 0.13824217551655055
      }
    },
    "http_req_failed": {
      "type": "rate",
      "contains": "default",
      "values": {
        "rate": 0,
        "passes": 0,
        "fails": 4501
      }
    },
    "data_received": {
      "type": "counter",
      "contains": "data",
      "values": {
        "count": 6459087,
        "rate": 71755.98884162553
      }
    },
    "checks": {
      "type": "rate",
      "contains": "default",
      "values": {
        "passes": 9002,
        "fails": 0,
        "rate": 1
      }
    },
    "req_latency": {
      "type": "trend",
      "contains": "default",
      "values": {
        "max": 88.064857,
        "p(50)": 13.272666,
        "p(95)": 17.031946,
        "p(99)": 66.622173,
        "avg": 14.333391479226835,
        "min": 8.9818,
        "med": 13.272666
      }
    }
  },
  "root_group": {
    "id": "d41d8cd98f00b204e9800998ecf8427e",
    "groups": [],
    "checks": [
        {
          "name": "status is 200",
          "path": "::status is 200",
          "id": "6210a8cd14cd70477eba5c5e4cb3fb5f",
          "passes": 4501,
          "fails": 0
        },
        {
          "fails": 0,
          "name": "no graphql errors",
          "path": "::no graphql errors",
          "id": "7c29382b2a87caa2e50f0d89170b649f",
          "passes": 4501
        }
      ],
    "name": "",
    "path": ""
  },
  "options": {
    "summaryTimeUnit": "",
    "noColor": false,
    "summaryTrendStats": [
      "avg",
      "min",
      "med",
      "max",
      "p(50)",
      "p(95)",
      "p(99)"
    ]
  }
}