{
  "options": {
    "summaryTrendStats": [
      "avg",
      "min",
      "med",
      "max",
      "p(50)",
      "p(95)",
      "p(99)"
    ],
    "summaryTimeUnit": "",
    "noColor": false
  },
  "state": {
    "isStdOutTTY": false,
    "isStdErrTTY": false,
    "testRunDurationMs": 90001.055895
  },
  "metrics": {
    "http_req_waiting": {
      "type": "trend",
      "contains": "time",
      "values": {
        "p(99)": 16.51058061999999,
        "avg": 12.081346815111088,
        "min": 7.518943,
        "med": 11.701782,
        "max": 56.893306,
        "p(50)": 11.701782,
        "p(95)": 14.83080539999999
      }
    },
    "checks": {
      "type": "rate",
      "contains": "default",
      "values": {
        "rate": 1,
        "passes": 4500,
        "fails": 0
      }
    },
    "http_req_receiving": {
      "type": "trend",
      "contains": "time",
      "values": {
        "p(50)": 0.085928,
        "p(95)": 0.1371874999999999,
        "p(99)": 0.19252828999999996,
        "avg": 0.09183179999999985,
        "min": 0.04283,
        "med": 0.085928,
        "max": 0.656712
      }
    },
    "payload_bytes": {
      "contains": "default",
      "values": {
        "p(99)": 276,
        "avg": 223.23866666666666,
        "min": 124,
        "med": 224,
        "max": 305,
        "p(50)": 224,
        "p(95)": 251
      },
      "type": "trend"
    },
    "vus_max": {
      "type": "gauge",
      "contains": "default",
      "values": {
        "min": 50,
        "max": 50,
        "value": 50
      }
    },
    "http_req_sending": {
      "type": "trend",
      "contains": "time",
      "values": {
        "p(95)": 0.07079994999999997,
        "p(99)": 0.11896769999999988,
        "avg": 0.03182425777777777,
        "min": 0.01184,
        "med": 0.026134499999999998,
        "max": 0.337707,
        "p(50)": 0.026134499999999998
      }
    },
    "http_reqs": {
      "type": "counter",
      "contains": "default",
      "values": {
        "count": 2250,
        "rate": 24.999706699274387
      }
    },
    "round_trip_count": {
      "type": "trend",
      "contains": "default",
      "values": {
        "p(99)": 1,
        "avg": 1,
        "min": 1,
        "med": 1,
        "max": 1,
        "p(50)": 1,
        "p(95)": 1
      }
    },
    "http_req_duration": {
      "type": "trend",
      "contains": "time",
      "values": {
        "p(95)": 14.958005099999994,
        "p(99)": 16.66377101999999,
        "avg": 12.205002872888914,
        "min": 7.652511,
        "med": 11.8228475,
        "max": 57.162283,
        "p(50)": 11.8228475
      }
    },
    "http_req_connecting": {
      "type": "trend",
      "contains": "time",
      "values": {
        "p(95)": 0,
        "p(99)": 5.4510308799999985,
        "avg": 0.1168914715555555,
        "min": 0,
        "med": 0,
        "max": 7.463557,
        "p(50)": 0
      }
    },
    "req_latency": {
      "values": {
        "min": 7.652511,
        "med": 11.8228475,
        "max": 57.162283,
        "p(50)": 11.8228475,
        "p(95)": 14.958005099999994,
        "p(99)": 16.66377101999999,
        "avg": 12.205002872888914
      },
      "type": "trend",
      "contains": "default"
    },
    "iterations": {
      "contains": "default",
      "values": {
        "count": 2250,
        "rate": 24.999706699274387
      },
      "type": "counter"
    },
    "vus": {
      "type": "gauge",
      "contains": "default",
      "values": {
        "value": 0,
        "min": 0,
        "max": 1
      }
    },
    "data_sent": {
      "values": {
        "rate": 6635.011045833465,
        "count": 597158
      },
      "type": "counter",
      "contains": "data"
    },
    "http_req_blocked": {
      "type": "trend",
      "contains": "time",
      "values": {
        "p(50)": 0.00659,
        "p(95)": 0.01396,
        "p(99)": 5.524443209999998,
        "avg": 0.12654696533333348,
        "min": 0.004,
        "med": 0.00659,
        "max": 7.579265
      }
    },
    "data_received": {
      "contains": "data",
      "values": {
        "rate": 12105.824639114364,
        "count": 1089537
      },
      "type": "counter"
    },
    "http_req_duration{expected_response:true}": {
      "type": "trend",
      "contains": "time",
      "values": {
        "p(99)": 16.66377101999999,
        "avg": 12.205002872888914,
        "min": 7.652511,
        "med": 11.8228475,
        "max": 57.162283,
        "p(50)": 11.8228475,
        "p(95)": 14.958005099999994
      }
    },
    "http_req_tls_handshaking": {
      "type": "trend",
      "contains": "time",
      "values": {
        "avg": 0,
        "min": 0,
        "med": 0,
        "max": 0,
        "p(50)": 0,
        "p(95)": 0,
        "p(99)": 0
      }
    },
    "iteration_duration": {
      "type": "trend",
      "contains": "time",
      "values": {
        "p(99)": 20.183183279999966,
        "avg": 12.875800156444473,
        "min": 8.368642,
        "med": 12.369408499999999,
        "max": 57.715256,
        "p(50)": 12.369408499999999,
        "p(95)": 16.093747949999997
      }
    },
    "http_req_failed": {
      "type": "rate",
      "contains": "default",
      "values": {
        "rate": 0,
        "passes": 0,
        "fails": 2250
      }
    }
  },
  "root_group": {
    "name": "",
    "path": "",
    "id": "d41d8cd98f00b204e9800998ecf8427e",
    "groups": [],
    "checks": [
        {
          "passes": 2250,
          "fails": 0,
          "name": "status is 200",
          "path": "::status is 200",
          "id": "6210a8cd14cd70477eba5c5e4cb3fb5f"
        },
        {
          "name": "no graphql errors",
          "path": "::no graphql errors",
          "id": "7c29382b2a87caa2e50f0d89170b649f",
          "passes": 2250,
          "fails": 0
        }
      ]
  }
}