{
  "root_group": {
    "groups": [],
    "checks": [
        {
          "name": "status is 200",
          "path": "::status is 200",
          "id": "6210a8cd14cd70477eba5c5e4cb3fb5f",
          "passes": 2250,
          "fails": 0
        }
      ],
    "name": "",
    "path": "",
    "id": "d41d8cd98f00b204e9800998ecf8427e"
  },
  "options": {
    "summaryTrendStats": [
      "avg",
      "min",
      "med",
      "max",
      "p(50)",
      "p(95)",
      "p(99)"
    ],
    "summaryTimeUnit": "",
    "noColor": false
  },
  "state": {
    "isStdOutTTY": false,
    "isStdErrTTY": false,
    "testRunDurationMs": 90001.199435
  },
  "metrics": {
    "http_req_duration": {
      "values": {
        "min": 4.557872,
        "med": 7.6878835,
        "max": 11.081045,
        "p(50)": 7.6878835,
        "p(95)": 9.348716499999998,
        "p(99)": 10.095364509999998,
        "avg": 7.679282449333344
      },
      "type": "trend",
      "contains": "time"
    },
    "http_req_duration{expected_response:true}": {
      "type": "trend",
      "contains": "time",
      "values": {
        "max": 11.081045,
        "p(50)": 7.6878835,
        "p(95)": 9.348716499999998,
        "p(99)": 10.095364509999998,
        "avg": 7.679282449333344,
        "min": 4.557872,
        "med": 7.6878835
      }
    },
    "http_req_failed": {
      "type": "rate",
      "contains": "default",
      "values": {
        "fails": 2250,
        "rate": 0,
        "passes": 0
      }
    },
    "req_latency": {
      "type": "trend",
      "contains": "default",
      "values": {
        "avg": 7.679282449333344,
        "min": 4.557872,
        "med": 7.6878835,
        "max": 11.081045,
        "p(50)": 7.6878835,
        "p(95)": 9.348716499999998,
        "p(99)": 10.095364509999998
      }
    },
    "data_sent": {
      "type": "counter",
      "contains": "data",
      "values": {
        "count": 400490,
        "rate": 4449.829585762786
      }
    },
    "vus_max": {
      "contains": "default",
      "values": {
        "value": 50,
        "min": 50,
        "max": 50
      },
      "type": "gauge"
    },
    "payload_bytes": {
      "type": "trend",
      "contains": "default",
      "values": {
        "p(50)": 329,
        "p(95)": 428,
        "p(99)": 431,
        "avg": 325.62755555555555,
        "min": 128,
        "med": 329,
        "max": 528
      }
    },
    "round_trip_count": {
      "values": {
        "p(95)": 1,
        "p(99)": 1,
        "avg": 1,
        "min": 1,
        "med": 1,
        "max": 1,
        "p(50)": 1
      },
      "type": "trend",
      "contains": "default"
    },
    "data_received": {
      "type": "counter",
      "contains": "data",
      "values": {
        "count": 1319912,
        "rate": 14665.49344104305
      }
    },
    "http_req_sending": {
      "type": "trend",
      "contains": "time",
      "values": {
        "p(50)": 0.02615,
        "p(95)": 0.060501999999999986,
        "p(99)": 0.1340840899999999,
        "avg": 0.031830811555555574,
        "min": 0.01182,
        "med": 0.02615,
        "max": 2.237502
      }
    },
    "iteration_duration": {
      "type": "trend",
      "contains": "time",
      "values": {
        "p(50)": 8.0358995,
        "p(95)": 9.971399949999997,
        "p(99)": 14.437870199999995,
        "avg": 8.129854918666647,
        "min": 4.848572,
        "med": 8.0358995,
        "max": 17.539268
      }
    },
    "http_req_waiting": {
      "type": "trend",
      "contains": "time",
      "values": {
        "avg": 7.5544091577777905,
        "min": 4.472192,
        "med": 7.555803,
        "max": 10.979385,
        "p(50)": 7.555803,
        "p(95)": 9.247767999999999,
        "p(99)": 9.998373809999997
      }
    },
    "vus": {
      "type": "gauge",
      "contains": "default",
      "values": {
        "value": 0,
        "min": 0,
        "max": 0
      }
    },
    "http_req_blocked": {
      "type": "trend",
      "contains": "time",
      "values": {
        "p(50)": 0.00719,
        "p(95)": 0.020630499999999916,
        "p(99)": 5.8461425899999835,
        "avg": 0.13121883999999906,
        "min": 0.00397,
        "med": 0.00719,
        "max": 7.949524
      }
    },
    "checks": {
      "type": "rate",
      "contains": "default",
      "values": {
        "rate": 1,
        "passes": 2250,
        "fails": 0
      }
    },
    "iterations": {
      "type": "counter",
      "contains": "default",
      "values": {
        "rate": 24.99966682805131,
        "count": 2250
      }
    },
    "http_req_connecting": {
      "type": "trend",
      "contains": "time",
      "values": {
        "max": 7.863514,
        "p(50)": 0,
        "p(95)": 0,
        "p(99)": 5.743456079999984,
        "avg": 0.12041025155555556,
        "min": 0,
        "med": 0
      }
    },
    "http_reqs": {
      "type": "counter",
      "contains": "default",
      "values": {
        "count": 2250,
        "rate": 24.99966682805131
      }
    },
    "http_req_receiving": {
      "type": "trend",
      "contains": "time",
      "values": {
        "p(50)": 0.0897055,
        "p(95)": 0.14263004999999998,
        "p(99)": 0.17803159999999923,
        "avg": 0.09304248000000007,
        "min": 0.04415,
        "med": 0.0897055,
        "max": 0.31825
      }
    },
    "http_req_tls_handshaking": {
      "values": {
        "p(95)": 0,
        "p(99)": 0,
        "avg": 0,
        "min": 0,
        "med": 0,
        "max": 0,
        "p(50)": 0
      },
      "type": "trend",
      "contains": "time"
    }
  }
}