{
  "metrics": {
    "iterations": {
      "type": "counter",
      "contains": "default",
      "values": {
        "rate": 73.99595468990267,
        "count": 6661
      }
    },
    "http_req_connecting": {
      "type": "trend",
      "contains": "time",
      "values": {
        "max": 17.604048,
        "p(50)": 0,
        "p(95)": 0,
        "p(99)": 5.293106599999994,
        "avg": 0.11820799609668214,
        "min": 0,
        "med": 0
      }
    },
    "round_trip_count": {
      "type": "trend",
      "contains": "default",
      "values": {
        "p(99)": 1,
        "avg": 1,
        "min": 1,
        "med": 1,
        "max": 1,
        "p(50)": 1,
        "p(95)": 1
      }
    },
    "http_reqs": {
      "type": "counter",
      "contains": "default",
      "values": {
        "count": 6661,
        "rate": 73.99595468990267
      }
    },
    "http_req_waiting": {
      "type": "trend",
      "contains": "time",
      "values": {
        "p(99)": 67.20183199999995,
        "avg": 15.387329762197865,
        "min": 8.799805,
        "med": 13.399245,
        "max": 106.402512,
        "p(50)": 13.399245,
        "p(95)": 20.7439
      }
    },
    "http_req_duration": {
      "type": "trend",
      "contains": "time",
      "values": {
        "min": 8.899874,
        "med": 13.534615,
        "max": 108.282849,
        "p(50)": 13.534615,
        "p(95)": 21.033848,
        "p(99)": 69.18122059999986,
        "avg": 15.597022812640782
      }
    },
    "req_latency": {
      "type": "trend",
      "contains": "default",
      "values": {
        "p(95)": 21.033848,
        "p(99)": 69.18122059999986,
        "avg": 15.597022812640782,
        "min": 8.899874,
        "med": 13.534615,
        "max": 108.282849,
        "p(50)": 13.534615
      }
    },
    "vus_max": {
      "type": "gauge",
      "contains": "default",
      "values": {
        "value": 148,
        "min": 148,
        "max": 148
      }
    },
    "http_req_failed": {
      "type": "rate",
      "contains": "default",
      "values": {
        "rate": 0,
        "passes": 0,
        "fails": 6661
      }
    },
    "http_req_duration{expected_response:true}": {
      "type": "trend",
      "contains": "time",
      "values": {
        "p(50)": 13.534615,
        "p(95)": 21.033848,
        "p(99)": 69.18122059999986,
        "avg": 15.597022812640782,
        "min": 8.899874,
        "med": 13.534615,
        "max": 108.282849
      }
    },
    "http_req_tls_handshaking": {
      "type": "trend",
      "contains": "time",
      "values": {
        "p(50)": 0,
        "p(95)": 0,
        "p(99)": 0,
        "avg": 0,
        "min": 0,
        "med": 0,
        "max": 0
      }
    },
    "http_req_sending": {
      "type": "trend",
      "contains": "time",
      "values": {
        "avg": 0.031381343942350905,
        "min": 0.011799,
        "med": 0.02657,
        "max": 0.503188,
        "p(50)": 0.02657,
        "p(95)": 0.05519,
        "p(99)": 0.12345499999999981
      }
    },
    "data_sent": {
      "type": "counter",
      "contains": "data",
      "values": {
        "count": 1771804,
        "rate": 19682.679553128408
      }
    },
    "iteration_duration": {
      "values": {
        "med": 14.098261,
        "max": 108.700916,
        "p(50)": 14.098261,
        "p(95)": 22.736046,
        "p(99)": 69.55810999999987,
        "avg": 16.26184581113942,
        "min": 9.423811
      },
      "type": "trend",
      "contains": "time"
    },
    "http_req_blocked": {
      "type": "trend",
      "contains": "time",
      "values": {
        "min": 0.0042,
        "med": 0.00745,
        "max": 17.692387,
        "p(50)": 0.00745,
        "p(95)": 0.0143,
        "p(99)": 5.395650199999994,
        "avg": 0.12871055562227893
      }
    },
    "payload_bytes": {
      "type": "trend",
      "contains": "default",
      "values": {
        "p(50)": 348,
        "p(95)": 447,
        "p(99)": 450,
        "avg": 344.8443176700195,
        "min": 147,
        "med": 348,
        "max": 547
      }
    },
    "data_received": {
      "type": "counter",
      "contains": "data",
      "values": {
        "count": 4035529,
        "rate": 44830.028679445764
      }
    },
    "vus": {
      "type": "gauge",
      "contains": "default",
      "values": {
        "value": 1,
        "min": 1,
        "max": 6
      }
    },
    "http_req_receiving": {
      "type": "trend",
      "contains": "time",
      "values": {
        "p(95)": 0.278659,
        "p(99)": 1.1945319999999982,
        "avg": 0.17831170650052597,
        "min": 0.03771,
        "med": 0.0889,
        "max": 14.980656,
        "p(50)": 0.0889
      }
    },
    "checks": {
      "type": "rate",
      "contains": "default",
      "values": {
        "passes": 13322,
        "fails": 0,
        "rate": 1
      }
    }
  },
  "root_group": {
    "name": "",
    "path": "",
    "id": "d41d8cd98f00b204e9800998ecf8427e",
    "groups": [],
    "checks": [
        {
          "name": "status is 200",
          "path": "::status is 200",
          "id": "6210a8cd14cd70477eba5c5e4cb3fb5f",
          "passes": 6661,
          "fails": 0
        },
        {
          "path": "::no graphql errors",
          "id": "7c29382b2a87caa2e50f0d89170b649f",
          "passes": 6661,
          "fails": 0,
          "name": "no graphql errors"
        }
      ]
  },
  "options": {
    "noColor": false,
    "summaryTrendStats": [
      "avg",
      "min",
      "med",
      "max",
      "p(50)",
      "p(95)",
      "p(99)"
    ],
    "summaryTimeUnit": ""
  },
  "state": {
    "isStdOutTTY": false,
    "isStdErrTTY": false,
    "testRunDurationMs": 90018.434493
  }
}