{
  "state": {
    "isStdOutTTY": false,
    "isStdErrTTY": false,
    "testRunDurationMs": 90001.60987
  },
  "metrics": {
    "http_req_failed": {
      "type": "rate",
      "contains": "default",
      "values": {
        "fails": 6660,
        "rate": 0,
        "passes": 0
      }
    },
    "checks": {
      "type": "rate",
      "contains": "default",
      "values": {
        "rate": 1,
        "passes": 13320,
        "fails": 0
      }
    },
    "req_latency": {
      "type": "trend",
      "contains": "default",
      "values": {
        "avg": 14.77318934849849,
        "min": 9.332792,
        "med": 12.9021695,
        "max": 111.364391,
        "p(50)": 12.9021695,
        "p(95)": 20.001105549999888,
        "p(99)": 68.21143813999998
      }
    },
    "iterations": {
      "type": "counter",
      "contains": "default",
      "values": {
        "count": 6660,
        "rate": 73.99867635278778
      }
    },
    "http_req_duration{expected_response:true}": {
      "values": {
        "p(99)": 68.21143813999998,
        "avg": 14.77318934849849,
        "min": 9.332792,
        "med": 12.9021695,
        "max": 111.364391,
        "p(50)": 12.9021695,
        "p(95)": 20.001105549999888
      },
      "type": "trend",
      "contains": "time"
    },
    "http_req_sending": {
      "contains": "time",
      "values": {
        "p(50)": 0.025425000000000003,
        "p(95)": 0.05539099999999999,
        "p(99)": 0.10118759999999995,
        "avg": 0.030335557957958056,
        "min": 0.01166,
        "med": 0.025425000000000003,
        "max": 0.321371
      },
      "type": "trend"
    },
    "round_trip_count": {
      "type": "trend",
      "contains": "default",
      "values": {
        "avg": 1,
        "min": 1,
        "med": 1,
        "max": 1,
        "p(50)": 1,
        "p(95)": 1,
        "p(99)": 1
      }
    },
    "http_req_tls_handshaking": {
      "type": "trend",
      "contains": "time",
      "values": {
        "med": 0,
        "max": 0,
        "p(50)": 0,
        "p(95)": 0,
        "p(99)": 0,
        "avg": 0,
        "min": 0
      }
    },
    "iteration_duration": {
      "values": {
        "p(99)": 68.86110235999998,
        "avg": 15.500645302852872,
        "min": 9.771472,
        "med": 13.5007845,
        "max": 111.877321,
        "p(50)": 13.5007845,
        "p(95)": 22.360792399999998
      },
      "type": "trend",
      "contains": "time"
    },
    "vus_max": {
      "type": "gauge",
      "contains": "default",
      "values": {
        "value": 148,
        "min": 148,
        "max": 148
      }
    },
    "data_received": {
      "type": "counter",
      "contains": "data",
      "values": {
        "count": 5300717,
        "rate": 58895.80206016819
      }
    },
    "http_reqs": {
      "type": "counter",
      "contains": "default",
      "values": {
        "count": 6660,
        "rate": 73.99867635278778
      }
    },
    "vus": {
      "type": "gauge",
      "contains": "default",
      "values": {
        "value": 1,
        "min": 1,
        "max": 4
      }
    },
    "http_req_connecting": {
      "type": "trend",
      "contains": "time",
      "values": {
        "avg": 0.11833393813813808,
        "min": 0,
        "med": 0,
        "max": 11.819103,
        "p(50)": 0,
        "p(95)": 0,
        "p(99)": 5.45035961
      }
    },
    "data_sent": {
      "type": "counter",
      "contains": "data",
      "values": {
        "count": 1771550,
        "rate": 19683.5368007179
      }
    },
    "http_req_blocked": {
      "values": {
        "p(50)": 0.00724,
        "p(95)": 0.015020499999999994,
        "p(99)": 5.5263851,
        "avg": 0.1283964379879873,
        "min": 0.0038,
        "med": 0.00724,
        "max": 11.909653
      },
      "type": "trend",
      "contains": "time"
    },
    "http_req_receiving": {
      "type": "trend",
      "contains": "time",
      "values": {
        "max": 13.549811,
        "p(50)": 0.0896995,
        "p(95)": 0.2578404999999997,
        "p(99)": 1.2644716899999997,
        "avg": 0.1639878941441447,
        "min": 0.03167,
        "med": 0.0896995
      }
    },
    "payload_bytes": {
      "type": "trend",
      "contains": "default",
      "values": {
        "p(50)": 447,
        "p(95)": 547,
        "p(99)": 549,
        "avg": 534.8986486486486,
        "min": 242,
        "med": 447,
        "max": 29406
      }
    },
    "http_req_duration": {
      "type": "trend",
      "contains": "time",
      "values": {
        "min": 9.332792,
        "med": 12.9021695,
        "max": 111.364391,
        "p(50)": 12.9021695,
        "p(95)": 20.001105549999888,
        "p(99)": 68.21143813999998,
        "avg": 14.77318934849849
      }
    },
    "http_req_waiting": {
      "values": {
        "p(50)": 12.768147500000001,
        "p(95)": 19.790060099999966,
        "p(99)": 67.44757356,
        "avg": 14.578865896396385,
        "min": 9.194673,
        "med": 12.768147500000001,
        "max": 109.935133
      },
      "type": "trend",
      "contains": "time"
    }
  },
  "root_group": {
    "groups": [],
    "checks": [
        {
          "name": "status is 200",
          "path": "::status is 200",
          "id": "6210a8cd14cd70477eba5c5e4cb3fb5f",
          "passes": 6660,
          "fails": 0
        },
        {
          "id": "7c29382b2a87caa2e50f0d89170b649f",
          "passes": 6660,
          "fails": 0,
          "name": "no graphql errors",
          "path": "::no graphql errors"
        }
      ],
    "name": "",
    "path": "",
    "id": "d41d8cd98f00b204e9800998ecf8427e"
  },
  "options": {
    "noColor": false,
    "summaryTrendStats": [
      "avg",
      "min",
      "med",
      "max",
      "p(50)",
      "p(95)",
      "p(99)"
    ],
    "summaryTimeUnit": ""
  }
}