{
  "state": {
    "isStdOutTTY": false,
    "isStdErrTTY": false,
    "testRunDurationMs": 90015.743983
  },
  "metrics": {
    "http_req_duration{expected_response:true}": {
      "type": "trend",
      "contains": "time",
      "values": {
        "avg": 15.27047477182848,
        "min": 10.216038,
        "med": 14.663322,
        "max": 63.904295,
        "p(50)": 14.663322,
        "p(95)": 17.978775,
        "p(99)": 40.979461
      }
    },
    "http_req_receiving": {
      "type": "trend",
      "contains": "time",
      "values": {
        "p(95)": 0.143649,
        "p(99)": 0.437967,
        "avg": 0.10566576471895169,
        "min": 0.04546,
        "med": 0.092829,
        "max": 2.362881,
        "p(50)": 0.092829
      }
    },
    "page_latency": {
      "type": "trend",
      "contains": "default",
      "values": {
        "med": 14.663322,
        "max": 63.904295,
        "p(50)": 14.663322,
        "p(95)": 17.978775,
        "p(99)": 40.979461,
        "avg": 15.27047477182848,
        "min": 10.216038
      }
    },
    "http_req_sending": {
      "values": {
        "p(95)": 0.056789,
        "p(99)": 0.123989,
        "avg": 0.03579431437458342,
        "min": 0.01308,
        "med": 0.0276,
        "max": 3.289214,
        "p(50)": 0.0276
      },
      "type": "trend",
      "contains": "time"
    },
    "data_received": {
      "type": "counter",
      "contains": "data",
      "values": {
        "count": 4044282,
        "rate": 44928.60716413994
      }
    },
    "checks": {
      "type": "rate",
      "contains": "default",
      "values": {
        "rate": 1,
        "passes": 9002,
        "fails": 0
      }
    },
    "req_latency": {
      "contains": "default",
      "values": {
        "min": 10.216038,
        "med": 14.663322,
        "max": 63.904295,
        "p(50)": 14.663322,
        "p(95)": 17.978775,
        "p(99)": 40.979461,
        "avg": 15.27047477182848
      },
      "type": "trend"
    },
    "http_req_duration": {
      "type": "trend",
      "contains": "time",
      "values": {
        "max": 63.904295,
        "p(50)": 14.663322,
        "p(95)": 17.978775,
        "p(99)": 40.979461,
        "avg": 15.27047477182848,
        "min": 10.216038,
        "med": 14.663322
      }
    },
    "http_req_blocked": {
      "type": "trend",
      "contains": "time",
      "values": {
        "p(50)": 0.00719,
        "p(95)": 0.01295,
        "p(99)": 5.531176,
        "avg": 0.130288424350144,
        "min": 0.00473,
        "med": 0.00719,
        "max": 11.540256
      }
    },
    "data_sent": {
      "type": "counter",
      "contains": "data",
      "values": {
        "count": 1329857,
        "rate": 14773.604495799662
      }
    },
    "http_req_connecting": {
      "type": "trend",
      "contains": "time",
      "values": {
        "p(95)": 0,
        "p(99)": 5.398857,
        "avg": 0.11847048211508554,
        "min": 0,
        "med": 0,
        "max": 11.395768,
        "p(50)": 0
      }
    },
    "http_req_tls_handshaking": {
      "type": "trend",
      "contains": "time",
      "values": {
        "p(95)": 0,
        "p(99)": 0,
        "avg": 0,
        "min": 0,
        "med": 0,
        "max": 0,
        "p(50)": 0
      }
    },
    "vus": {
      "values": {
        "value": 1,
        "min": 1,
        "max": 3
      },
      "type": "gauge",
      "contains": "default"
    },
    "vus_max": {
      "type": "gauge",
      "contains": "default",
      "values": {
        "min": 100,
        "max": 100,
        "value": 100
      }
    },
    "http_reqs": {
      "type": "counter",
      "contains": "default",
      "values": {
        "count": 4501,
        "rate": 50.002364040339884
      }
    },
    "payload_bytes": {
      "values": {
        "p(99)": 809,
        "avg": 637.5296600755388,
        "min": 147,
        "med": 786,
        "max": 815,
        "p(50)": 786,
        "p(95)": 803
      },
      "type": "trend",
      "contains": "default"
    },
    "http_req_failed": {
      "type": "rate",
      "contains": "default",
      "values": {
        "rate": 0,
        "passes": 0,
        "fails": 4501
      }
    },
    "http_req_waiting": {
      "type": "trend",
      "contains": "time",
      "values": {
        "p(99)": 40.467025,
        "avg": 15.129014692734934,
        "min": 10.083538,
        "med": 14.519672,
        "max": 63.426888,
        "p(50)": 14.519672,
        "p(95)": 17.848535
      }
    },
    "round_trip_count": {
      "contains": "default",
      "values": {
        "avg": 1,
        "min": 1,
        "med": 1,
        "max": 1,
        "p(50)": 1,
        "p(95)": 1,
        "p(99)": 1
      },
      "type": "trend"
    },
    "iteration_duration": {
      "type": "trend",
      "contains": "time",
      "values": {
        "max": 64.626409,
        "p(50)": 15.479994,
        "p(95)": 19.702749,
        "p(99)": 41.581656,
        "avg": 16.189367470117748,
        "min": 10.747203,
        "med": 15.479994
      }
    },
    "iterations": {
      "type": "counter",
      "contains": "default",
      "values": {
        "count": 4501,
        "rate": 50.002364040339884
      }
    }
  },
  "root_group": {
    "name": "",
    "path": "",
    "id": "d41d8cd98f00b204e9800998ecf8427e",
    "groups": [],
    "checks": [
        {
          "name": "status is 200",
          "path": "::status is 200",
          "id": "6210a8cd14cd70477eba5c5e4cb3fb5f",
          "passes": 4501,
          "fails": 0
        },
        {
          "name": "no graphql errors",
          "path": "::no graphql errors",
          "id": "7c29382b2a87caa2e50f0d89170b649f",
          "passes": 4501,
          "fails": 0
        }
      ]
  },
  "options": {
    "summaryTrendStats": [
      "avg",
      "min",
      "med",
      "max",
      "p(50)",
      "p(95)",
      "p(99)"
    ],
    "summaryTimeUnit": "",
    "noColor": false
  }
}