{
  "options": {
    "summaryTrendStats": [
      "avg",
      "min",
      "med",
      "max",
      "p(50)",
      "p(95)",
      "p(99)"
    ],
    "summaryTimeUnit": "",
    "noColor": false
  },
  "state": {
    "isStdOutTTY": false,
    "isStdErrTTY": false,
    "testRunDurationMs": 90000.996134
  },
  "metrics": {
    "data_received": {
      "type": "counter",
      "contains": "data",
      "values": {
        "count": 4955546,
        "rate": 55061.01279836752
      }
    },
    "req_latency": {
      "type": "trend",
      "contains": "default",
      "values": {
        "max": 63.770813,
        "p(50)": 16.1865885,
        "p(95)": 19.262556249999996,
        "p(99)": 23.831792299999897,
        "avg": 16.56675067511113,
        "min": 11.598589,
        "med": 16.1865885
      }
    },
    "http_req_sending": {
      "contains": "time",
      "values": {
        "avg": 0.03780561777777778,
        "min": 0.01287,
        "med": 0.02934,
        "max": 2.101151,
        "p(50)": 0.02934,
        "p(95)": 0.06036749999999993,
        "p(99)": 0.13461039999999921
      },
      "type": "trend"
    },
    "http_req_receiving": {
      "contains": "time",
      "values": {
        "max": 2.240218,
        "p(50)": 0.094958,
        "p(95)": 0.1565759999999999,
        "p(99)": 0.20943290999999983,
        "avg": 0.10372734399999993,
        "min": 0.043869,
        "med": 0.094958
      },
      "type": "trend"
    },
    "iteration_duration": {
      "type": "trend",
      "contains": "time",
      "values": {
        "min": 12.200551,
        "med": 17.479923,
        "max": 64.899261,
        "p(50)": 17.479923,
        "p(95)": 21.44808325,
        "p(99)": 26.087978939999925,
        "avg": 17.922091071111133
      }
    },
    "http_req_duration{expected_response:true}": {
      "type": "trend",
      "contains": "time",
      "values": {
        "max": 63.770813,
        "p(50)": 16.1865885,
        "p(95)": 19.262556249999996,
        "p(99)": 23.831792299999897,
        "avg": 16.56675067511113,
        "min": 11.598589,
        "med": 16.1865885
      }
    },
    "http_req_waiting": {
      "contains": "time",
      "values": {
        "avg": 16.42521771333331,
        "min": 11.470842,
        "med": 16.0477705,
        "max": 63.40609,
        "p(50)": 16.0477705,
        "p(95)": 19.1091875,
        "p(99)": 23.701871409999892
      },
      "type": "trend"
    },
    "http_req_blocked": {
      "values": {
        "med": 0.00753,
        "max": 7.597965,
        "p(50)": 0.00753,
        "p(95)": 0.014049049999999974,
        "p(99)": 5.686731909999992,
        "avg": 0.13156922711111088,
        "min": 0.00448
      },
      "type": "trend",
      "contains": "time"
    },
    "http_req_failed": {
      "type": "rate",
      "contains": "default",
      "values": {
        "rate": 0,
        "passes": 0,
        "fails": 2250
      }
    },
    "checks": {
      "type": "rate",
      "contains": "default",
      "values": {
        "fails": 0,
        "rate": 1,
        "passes": 4500
      }
    },
    "page_latency": {
      "values": {
        "p(99)": 23.831792299999897,
        "avg": 16.56675067511113,
        "min": 11.598589,
        "med": 16.1865885,
        "max": 63.770813,
        "p(50)": 16.1865885,
        "p(95)": 19.262556249999996
      },
      "type": "trend",
      "contains": "default"
    },
    "vus": {
      "values": {
        "max": 1,
        "value": 1,
        "min": 0
      },
      "type": "gauge",
      "contains": "default"
    },
    "http_reqs": {
      "values": {
        "count": 2250,
        "rate": 24.999723299173677
      },
      "type": "counter",
      "contains": "default"
    },
    "payload_bytes": {
      "type": "trend",
      "contains": "default",
      "values": {
        "min": 147,
        "med": 2207,
        "max": 2405,
        "p(50)": 2207,
        "p(95)": 2357,
        "p(99)": 2373,
        "avg": 1940.5555555555557
      }
    },
    "http_req_duration": {
      "type": "trend",
      "contains": "time",
      "values": {
        "max": 63.770813,
        "p(50)": 16.1865885,
        "p(95)": 19.262556249999996,
        "p(99)": 23.831792299999897,
        "avg": 16.56675067511113,
        "min": 11.598589,
        "med": 16.1865885
      }
    },
    "vus_max": {
      "type": "gauge",
      "contains": "default",
      "values": {
        "min": 50,
        "max": 50,
        "value": 50
      }
    },
    "http_req_connecting": {
      "type": "trend",
      "contains": "time",
      "values": {
        "max": 7.493208,
        "p(50)": 0,
        "p(95)": 0,
        "p(99)": 5.549045709999999,
        "avg": 0.11975407555555555,
        "min": 0,
        "med": 0
      }
    },
    "data_sent": {
      "contains": "data",
      "values": {
        "count": 664789,
        "rate": 7386.462689926387
      },
      "type": "counter"
    },
    "iterations": {
      "type": "counter",
      "contains": "default",
      "values": {
        "count": 2250,
        "rate": 24.999723299173677
      }
    },
    "round_trip_count": {
      "contains": "default",
      "values": {
        "avg": 1,
        "min": 1,
        "med": 1,
        "max": 1,
        "p(50)": 1,
        "p(95)": 1,
        "p(99)": 1
      },
      "type": "trend"
    },
    "http_req_tls_handshaking": {
      "contains": "time",
      "values": {
        "min": 0,
        "med": 0,
        "max": 0,
        "p(50)": 0,
        "p(95)": 0,
        "p(99)": 0,
        "avg": 0
      },
      "type": "trend"
    }
  },
  "root_group": {
    "checks": [
      {
        "fails": 0,
        "name": "status is 200",
        "path": "::status is 200",
        "id": "6210a8cd14cd70477eba5c5e4cb3fb5f",
        "passes": 2250
      },
      {
        "fails": 0,
        "name": "no graphql errors",
        "path": "::no graphql errors",
        "id": "7c29382b2a87caa2e50f0d89170b649f",
        "passes": 2250
      }
    ],
    "name": "",
    "path": "",
    "id": "d41d8cd98f00b204e9800998ecf8427e",
    "groups": []
  }
}