{
  "options": {
    "summaryTrendStats": [
      "avg",
      "min",
      "med",
      "max",
      "p(50)",
      "p(95)",
      "p(99)"
    ],
    "summaryTimeUnit": "",
    "noColor": false
  },
  "state": {
    "isStdOutTTY": false,
    "isStdErrTTY": false,
    "testRunDurationMs": 90001.462115
  },
  "metrics": {
    "iterations": {
      "type": "counter",
      "contains": "default",
      "values": {
        "rate": 49.99918772708485,
        "count": 4500
      }
    },
    "http_req_tls_handshaking": {
      "values": {
        "max": 0,
        "p(50)": 0,
        "p(95)": 0,
        "p(99)": 0,
        "avg": 0,
        "min": 0,
        "med": 0
      },
      "type": "trend",
      "contains": "time"
    },
    "http_req_connecting": {
      "type": "trend",
      "contains": "time",
      "values": {
        "med": 0,
        "max": 11.225128,
        "p(50)": 0,
        "p(95)": 0,
        "p(99)": 5.544196400000004,
        "avg": 0.12298762977777782,
        "min": 0
      }
    },
    "payload_bytes": {
      "type": "trend",
      "contains": "default",
      "values": {
        "max": 29291,
        "p(50)": 7460,
        "p(95)": 12125,
        "p(99)": 13021.04,
        "avg": 8027.918,
        "min": 5330,
        "med": 7460
      }
    },
    "data_sent": {
      "type": "counter",
      "contains": "data",
      "values": {
        "count": 663157,
        "rate": 7368.291407895646
      }
    },
    "round_trip_count": {
      "contains": "default",
      "values": {
        "p(95)": 1,
        "p(99)": 1,
        "avg": 1,
        "min": 1,
        "med": 1,
        "max": 1,
        "p(50)": 1
      },
      "type": "trend"
    },
    "http_req_sending": {
      "type": "trend",
      "contains": "time",
      "values": {
        "min": 0.01146,
        "med": 0.024454999999999998,
        "max": 0.356578,
        "p(50)": 0.024454999999999998,
        "p(95)": 0.044861500000000006,
        "p(99)": 0.1145231100000003,
        "avg": 0.028195700666666653
      }
    },
    "http_req_receiving": {
      "type": "trend",
      "contains": "time",
      "values": {
        "avg": 0.14693863844444424,
        "min": 0.04427,
        "med": 0.101884,
        "max": 7.877842,
        "p(50)": 0.101884,
        "p(95)": 0.16968195,
        "p(99)": 0.2771832000000005
      }
    },
    "iteration_duration": {
      "type": "trend",
      "contains": "time",
      "values": {
        "p(95)": 11.451935450000002,
        "p(99)": 15.952432600000018,
        "avg": 9.215007956888904,
        "min": 4.596743,
        "med": 9.0382715,
        "max": 23.471054,
        "p(50)": 9.0382715
      }
    },
    "vus": {
      "type": "gauge",
      "contains": "default",
      "values": {
        "value": 1,
        "min": 1,
        "max": 1
      }
    },
    "http_reqs": {
      "type": "counter",
      "contains": "default",
      "values": {
        "rate": 49.99918772708485,
        "count": 4500
      }
    },
    "req_latency": {
      "type": "trend",
      "contains": "default",
      "values": {
        "med": 8.690058,
        "max": 23.246033,
        "p(50)": 8.690058,
        "p(95)": 10.6675085,
        "p(99)": 11.942957890000004,
        "avg": 8.752102228000025,
        "min": 4.394644
      }
    },
    "http_req_blocked": {
      "type": "trend",
      "contains": "time",
      "values": {
        "med": 0.00674,
        "max": 11.320638,
        "p(50)": 0.00674,
        "p(95)": 0.019604000000000014,
        "p(99)": 5.631308500000002,
        "avg": 0.1329659535555547,
        "min": 0.00396
      }
    },
    "http_req_waiting": {
      "type": "trend",
      "contains": "time",
      "values": {
        "avg": 8.576967888888905,
        "min": 4.329854,
        "med": 8.551938,
        "max": 16.660058,
        "p(50)": 8.551938,
        "p(95)": 10.4475915,
        "p(99)": 11.408948500000003
      }
    },
    "data_received": {
      "values": {
        "rate": 414500.4105859131,
        "count": 37305643
      },
      "type": "counter",
      "contains": "data"
    },
    "http_req_failed": {
      "type": "rate",
      "contains": "default",
      "values": {
        "rate": 0,
        "passes": 0,
        "fails": 4500
      }
    },
    "vus_max": {
      "values": {
        "value": 100,
        "min": 100,
        "max": 100
      },
      "type": "gauge",
      "contains": "default"
    },
    "http_req_duration{expected_response:true}": {
      "type": "trend",
      "contains": "time",
      "values": {
        "max": 23.246033,
        "p(50)": 8.690058,
        "p(95)": 10.6675085,
        "p(99)": 11.942957890000004,
        "avg": 8.752102228000025,
        "min": 4.394644,
        "med": 8.690058
      }
    },
    "checks": {
      "type": "rate",
      "contains": "default",
      "values": {
        "rate": 1,
        "passes": 4500,
        "fails": 0
      }
    },
    "http_req_duration": {
      "type": "trend",
      "contains": "time",
      "values": {
        "avg": 8.752102228000025,
        "min": 4.394644,
        "med": 8.690058,
        "max": 23.246033,
        "p(50)": 8.690058,
        "p(95)": 10.6675085,
        "p(99)": 11.942957890000004
      }
    }
  },
  "root_group": {
    "checks": [
      {
        "fails": 0,
        "name": "status is 200",
        "path": "::status is 200",
        "id": "6210a8cd14cd70477eba5c5e4cb3fb5f",
        "passes": 4500
      }
    ],
    "name": "",
    "path": "",
    "id": "d41d8cd98f00b204e9800998ecf8427e",
    "groups": []
  }
}