{
  "root_group": {
    "path": "",
    "id": "d41d8cd98f00b204e9800998ecf8427e",
    "groups": [],
    "checks": [
        {
          "name": "status is 200",
          "path": "::status is 200",
          "id": "6210a8cd14cd70477eba5c5e4cb3fb5f",
          "passes": 6661,
          "fails": 0
        }
      ],
    "name": ""
  },
  "options": {
    "summaryTrendStats": [
      "avg",
      "min",
      "med",
      "max",
      "p(50)",
      "p(95)",
      "p(99)"
    ],
    "summaryTimeUnit": "",
    "noColor": false
  },
  "state": {
    "isStdErrTTY": false,
    "testRunDurationMs": 90010.825998,
    "isStdOutTTY": false
  },
  "metrics": {
    "req_latency": {
      "type": "trend",
      "contains": "default",
      "values": {
        "max": 32.360736,
        "p(50)": 7.180467,
        "p(95)": 8.925723,
        "p(99)": 9.696895199999997,
        "avg": 7.206263264674985,
        "min": 3.516132,
        "med": 7.180467
      }
    },
    "checks": {
      "values": {
        "rate": 1,
        "passes": 6661,
        "fails": 0
      },
      "type": "rate",
      "contains": "default"
    },
    "http_req_duration{expected_response:true}": {
      "type": "trend",
      "contains": "time",
      "values": {
        "max": 32.360736,
        "p(50)": 7.180467,
        "p(95)": 8.925723,
        "p(99)": 9.696895199999997,
        "avg": 7.206263264674985,
        "min": 3.516132,
        "med": 7.180467
      }
    },
    "http_req_duration": {
      "contains": "time",
      "values": {
        "med": 7.180467,
        "max": 32.360736,
        "p(50)": 7.180467,
        "p(95)": 8.925723,
        "p(99)": 9.696895199999997,
        "avg": 7.206263264674985,
        "min": 3.516132
      },
      "type": "trend"
    },
    "iterations": {
      "type": "counter",
      "contains": "default",
      "values": {
        "count": 6661,
        "rate": 74.00220946920324
      }
    },
    "http_req_tls_handshaking": {
      "values": {
        "p(50)": 0,
        "p(95)": 0,
        "p(99)": 0,
        "avg": 0,
        "min": 0,
        "med": 0,
        "max": 0
      },
      "type": "trend",
      "contains": "time"
    },
    "http_req_sending": {
      "type": "trend",
      "contains": "time",
      "values": {
        "med": 0.027069,
        "max": 0.279933,
        "p(50)": 0.027069,
        "p(95)": 0.052779,
        "p(99)": 0.10783499999999994,
        "avg": 0.03091030791172494,
        "min": 0.01244
      }
    },
    "http_reqs": {
      "values": {
        "count": 6661,
        "rate": 74.00220946920324
      },
      "type": "counter",
      "contains": "default"
    },
    "http_req_failed": {
      "type": "rate",
      "contains": "default",
      "values": {
        "rate": 0,
        "passes": 0,
        "fails": 6661
      }
    },
    "data_received": {
      "type": "counter",
      "contains": "data",
      "values": {
        "count": 6307794,
        "rate": 70078.17037630736
      }
    },
    "http_req_waiting": {
      "contains": "time",
      "values": {
        "min": 3.395284,
        "med": 7.059721,
        "max": 32.215699,
        "p(50)": 7.059721,
        "p(95)": 8.792938,
        "p(99)": 9.5576274,
        "avg": 7.080953474703509
      },
      "type": "trend"
    },
    "http_req_receiving": {
      "values": {
        "min": 0.042189,
        "med": 0.091598,
        "max": 0.40939,
        "p(50)": 0.091598,
        "p(95)": 0.135696,
        "p(99)": 0.17340539999999952,
        "avg": 0.09439948205975063
      },
      "type": "trend",
      "contains": "time"
    },
    "iteration_duration": {
      "type": "trend",
      "contains": "time",
      "values": {
        "p(95)": 9.563521,
        "p(99)": 14.246565999999998,
        "avg": 7.657619765951053,
        "min": 3.837758,
        "med": 7.51021,
        "max": 32.713017,
        "p(50)": 7.51021
      }
    },
    "http_req_connecting": {
      "type": "trend",
      "contains": "time",
      "values": {
        "med": 0,
        "max": 12.643449,
        "p(50)": 0,
        "p(95)": 0,
        "p(99)": 5.715036999999996,
        "avg": 0.12489614967722568,
        "min": 0
      }
    },
    "vus": {
      "values": {
        "value": 1,
        "min": 1,
        "max": 1
      },
      "type": "gauge",
      "contains": "default"
    },
    "round_trip_count": {
      "type": "trend",
      "contains": "default",
      "values": {
        "avg": 1,
        "min": 1,
        "med": 1,
        "max": 1,
        "p(50)": 1,
        "p(95)": 1,
        "p(99)": 1
      }
    },
    "http_req_blocked": {
      "contains": "time",
      "values": {
        "med": 0.00739,
        "max": 12.723526,
        "p(50)": 0.00739,
        "p(95)": 0.01902,
        "p(99)": 5.814631399999999,
        "avg": 0.13556847545413528,
        "min": 0.004469
      },
      "type": "trend"
    },
    "data_sent": {
      "values": {
        "count": 1182810,
        "rate": 13140.752647090269
      },
      "type": "counter",
      "contains": "data"
    },
    "vus_max": {
      "type": "gauge",
      "contains": "default",
      "values": {
        "max": 148,
        "value": 148,
        "min": 148
      }
    },
    "payload_bytes": {
      "type": "trend",
      "contains": "default",
      "values": {
        "min": 128,
        "med": 432,
        "max": 2571,
        "p(50)": 432,
        "p(95)": 1799,
        "p(99)": 2381.3999999999996,
        "avg": 685.6435970574988
      }
    }
  }
}