{
  "options": {
    "summaryTimeUnit": "",
    "noColor": false,
    "summaryTrendStats": [
      "avg",
      "min",
      "med",
      "max",
      "p(50)",
      "p(95)",
      "p(99)"
    ]
  },
  "state": {
    "isStdOutTTY": false,
    "isStdErrTTY": false,
    "testRunDurationMs": 90016.430843
  },
  "metrics": {
    "page_latency": {
      "type": "trend",
      "contains": "default",
      "values": {
        "avg": 15.15555932307464,
        "min": 9.480049000000001,
        "med": 15.077299,
        "max": 53.449737999999996,
        "p(50)": 15.077299,
        "p(95)": 17.386569,
        "p(99)": 18.984587599999973
      }
    },
    "http_reqs": {
      "type": "counter",
      "contains": "default",
      "values": {
        "count": 13322,
        "rate": 147.9952034894079
      }
    },
    "http_req_connecting": {
      "type": "trend",
      "contains": "time",
      "values": {
        "max": 16.614533,
        "p(50)": 0,
        "p(95)": 0,
        "p(99)": 4.247891499999978,
        "avg": 0.06355495616273832,
        "min": 0,
        "med": 0
      }
    },
    "data_received": {
      "type": "counter",
      "contains": "data",
      "values": {
        "count": 41152193,
        "rate": 457163.1269381766
      }
    },
    "http_req_blocked": {
      "type": "trend",
      "contains": "time",
      "values": {
        "med": 0.00694,
        "max": 16.715924,
        "p(50)": 0.00694,
        "p(95)": 0.01119,
        "p(99)": 4.349701499999979,
        "avg": 0.07203876842816283,
        "min": 0.00296
      }
    },
    "http_req_sending": {
      "type": "trend",
      "contains": "time",
      "values": {
        "max": 1.818333,
        "p(50)": 0.02304,
        "p(95)": 0.04404804999999998,
        "p(99)": 0.08306080999999986,
        "avg": 0.024884376895360927,
        "min": 0.00839,
        "med": 0.02304
      }
    },
    "http_req_duration{expected_response:true}": {
      "values": {
        "p(50)": 7.6110045,
        "p(95)": 9.545530949999998,
        "p(99)": 10.469226489999993,
        "avg": 7.577779661537309,
        "min": 2.49009,
        "med": 7.6110045,
        "max": 44.825242
      },
      "type": "trend",
      "contains": "time"
    },
    "http_req_receiving": {
      "type": "trend",
      "contains": "time",
      "values": {
        "p(95)": 0.14603995,
        "p(99)": 0.2336396999999997,
        "avg": 0.09610299639693684,
        "min": 0.04304,
        "med": 0.09069050000000001,
        "max": 2.260331,
        "p(50)": 0.09069050000000001
      }
    },
    "http_req_waiting": {
      "contains": "time",
      "values": {
        "max": 44.405773,
        "p(50)": 7.487929,
        "p(95)": 9.417178999999999,
        "p(99)": 10.327660469999998,
        "avg": 7.456792288245006,
        "min": 2.41096,
        "med": 7.487929
      },
      "type": "trend"
    },
    "round_trip_count": {
      "type": "trend",
      "contains": "default",
      "values": {
        "p(99)": 2,
        "avg": 2,
        "min": 2,
        "med": 2,
        "max": 2,
        "p(50)": 2,
        "p(95)": 2
      }
    },
    "http_req_tls_handshaking": {
      "type": "trend",
      "contains": "time",
      "values": {
        "med": 0,
        "max": 0,
        "p(50)": 0,
        "p(95)": 0,
        "p(99)": 0,
        "avg": 0,
        "min": 0
      }
    },
    "http_req_failed": {
      "type": "rate",
      "contains": "default",
      "values": {
        "fails": 13322,
        "rate": 0,
        "passes": 0
      }
    },
    "iterations": {
      "type": "counter",
      "contains": "default",
      "values": {
        "count": 6661,
        "rate": 73.99760174470396
      }
    },
    "vus_max": {
      "values": {
        "max": 148,
        "value": 148,
        "min": 148
      },
      "type": "gauge",
      "contains": "default"
    },
    "payload_bytes": {
      "type": "trend",
      "contains": "default",
      "values": {
        "avg": 2827.540159135265,
        "min": 110,
        "med": 907,
        "max": 6366,
        "p(50)": 907,
        "p(95)": 6202,
        "p(99)": 6250
      }
    },
    "vus": {
      "type": "gauge",
      "contains": "default",
      "values": {
        "max": 2,
        "value": 2,
        "min": 1
      }
    },
    "http_req_duration": {
      "contains": "time",
      "values": {
        "avg": 7.577779661537309,
        "min": 2.49009,
        "med": 7.6110045,
        "max": 44.825242,
        "p(50)": 7.6110045,
        "p(95)": 9.545530949999998,
        "p(99)": 10.469226489999993
      },
      "type": "trend"
    },
    "data_sent": {
      "type": "counter",
      "contains": "data",
      "values": {
        "count": 1339107,
        "rate": 14876.250785099128
      }
    },
    "iteration_duration": {
      "values": {
        "p(95)": 18.444182,
        "p(99)": 22.838136999999985,
        "avg": 15.830431337636949,
        "min": 10.011008,
        "med": 15.623224,
        "max": 60.411159,
        "p(50)": 15.623224
      },
      "type": "trend",
      "contains": "time"
    },
    "checks": {
      "type": "rate",
      "contains": "default",
      "values": {
        "rate": 1,
        "passes": 13322,
        "fails": 0
      }
    },
    "req_latency": {
      "values": {
        "med": 7.6110045,
        "max": 44.825242,
        "p(50)": 7.6110045,
        "p(95)": 9.545530949999998,
        "p(99)": 10.469226489999993,
        "avg": 7.577779661537309,
        "min": 2.49009
      },
      "type": "trend",
      "contains": "default"
    }
  },
  "root_group": {
    "path": "",
    "id": "d41d8cd98f00b204e9800998ecf8427e",
    "groups": [],
    "checks": [
        {
          "name": "status is 200",
          "path": "::status is 200",
          "id": "6210a8cd14cd70477eba5c5e4cb3fb5f",
          "passes": 13322,
          "fails": 0
        }
      ],
    "name": ""
  }
}