{
  "options": {
    "summaryTrendStats": [
      "avg",
      "min",
      "med",
      "max",
      "p(50)",
      "p(95)",
      "p(99)"
    ],
    "summaryTimeUnit": "",
    "noColor": false
  },
  "state": {
    "isStdOutTTY": false,
    "isStdErrTTY": false,
    "testRunDurationMs": 90019.798656
  },
  "metrics": {
    "http_req_connecting": {
      "type": "trend",
      "contains": "time",
      "values": {
        "p(99)": 5.4761050000000004,
        "avg": 0.11912350277687032,
        "min": 0,
        "med": 0,
        "max": 11.831639,
        "p(50)": 0,
        "p(95)": 0
      }
    },
    "round_trip_count": {
      "type": "trend",
      "contains": "default",
      "values": {
        "p(50)": 1,
        "p(95)": 1,
        "p(99)": 1,
        "avg": 1,
        "min": 1,
        "med": 1,
        "max": 1
      }
    },
    "http_req_sending": {
      "type": "trend",
      "contains": "time",
      "values": {
        "p(50)": 0.02779,
        "p(95)": 0.05715,
        "p(99)": 0.1291630000000001,
        "avg": 0.03300320418163997,
        "min": 0.01341,
        "med": 0.02779,
        "max": 0.227928
      }
    },
    "http_req_duration": {
      "type": "trend",
      "contains": "time",
      "values": {
        "p(99)": 39.730809000000015,
        "avg": 17.452081458673593,
        "min": 12.722194,
        "med": 16.801183,
        "max": 63.261421,
        "p(50)": 16.801183,
        "p(95)": 20.335374
      }
    },
    "http_req_waiting": {
      "values": {
        "avg": 17.312940112054942,
        "min": 12.618484,
        "med": 16.667953,
        "max": 62.827633,
        "p(50)": 16.667953,
        "p(95)": 20.194885,
        "p(99)": 39.503125600000004
      },
      "type": "trend",
      "contains": "time"
    },
    "vus_max": {
      "type": "gauge",
      "contains": "default",
      "values": {
        "value": 68,
        "min": 68,
        "max": 68
      }
    },
    "http_req_tls_handshaking": {
      "type": "trend",
      "contains": "time",
      "values": {
        "p(95)": 0,
        "p(99)": 0,
        "avg": 0,
        "min": 0,
        "med": 0,
        "max": 0,
        "p(50)": 0
      }
    },
    "req_latency": {
      "values": {
        "avg": 17.452081458673593,
        "min": 12.722194,
        "med": 16.801183,
        "max": 63.261421,
        "p(50)": 16.801183,
        "p(95)": 20.335374,
        "p(99)": 39.730809000000015
      },
      "type": "trend",
      "contains": "default"
    },
    "payload_bytes": {
      "contains": "default",
      "values": {
        "avg": 2477.700751388435,
        "min": 1729,
        "med": 2508,
        "max": 2666,
        "p(50)": 2508,
        "p(95)": 2640,
        "p(99)": 2653
      },
      "type": "trend"
    },
    "http_req_receiving": {
      "type": "trend",
      "contains": "time",
      "values": {
        "p(50)": 0.0944,
        "p(95)": 0.15499,
        "p(99)": 0.2566066000000002,
        "avg": 0.10613814243711221,
        "min": 0.04716,
        "med": 0.0944,
        "max": 4.017649
      }
    },
    "page_latency": {
      "type": "trend",
      "contains": "default",
      "values": {
        "p(50)": 16.801183,
        "p(95)": 20.335374,
        "p(99)": 39.730809000000015,
        "avg": 17.452081458673593,
        "min": 12.722194,
        "med": 16.801183,
        "max": 63.261421
      }
    },
    "data_received": {
      "values": {
        "count": 8386224,
        "rate": 93159.77290781289
      },
      "type": "counter",
      "contains": "data"
    },
    "checks": {
      "type": "rate",
      "contains": "default",
      "values": {
        "rate": 1,
        "passes": 6122,
        "fails": 0
      }
    },
    "http_req_duration{expected_response:true}": {
      "contains": "time",
      "values": {
        "avg": 17.452081458673593,
        "min": 12.722194,
        "med": 16.801183,
        "max": 63.261421,
        "p(50)": 16.801183,
        "p(95)": 20.335374,
        "p(99)": 39.730809000000015
      },
      "type": "trend"
    },
    "http_req_failed": {
      "type": "rate",
      "contains": "default",
      "values": {
        "rate": 0,
        "passes": 0,
        "fails": 3061
      }
    },
    "iteration_duration": {
      "values": {
        "avg": 18.910237457693572,
        "min": 13.846547,
        "med": 18.150855,
        "max": 64.549834,
        "p(50)": 18.150855,
        "p(95)": 22.724072,
        "p(99)": 41.01639820000004
      },
      "type": "trend",
      "contains": "time"
    },
    "vus": {
      "type": "gauge",
      "contains": "default",
      "values": {
        "value": 0,
        "min": 0,
        "max": 1
      }
    },
    "http_req_blocked": {
      "type": "trend",
      "contains": "time",
      "values": {
        "p(99)": 5.5804204,
        "avg": 0.12933361319830083,
        "min": 0.00397,
        "med": 0.0071,
        "max": 11.947678,
        "p(50)": 0.0071,
        "p(95)": 0.01377
      }
    },
    "data_sent": {
      "values": {
        "count": 918655,
        "rate": 10205.032822951884
      },
      "type": "counter",
      "contains": "data"
    },
    "http_reqs": {
      "type": "counter",
      "contains": "default",
      "values": {
        "count": 3061,
        "rate": 34.00363082011824
      }
    },
    "iterations": {
      "type": "counter",
      "contains": "default",
      "values": {
        "count": 3061,
        "rate": 34.00363082011824
      }
    }
  },
  "root_group": {
    "name": "",
    "path": "",
    "id": "d41d8cd98f00b204e9800998ecf8427e",
    "groups": [],
    "checks": [
        {
          "name": "status is 200",
          "path": "::status is 200",
          "id": "6210a8cd14cd70477eba5c5e4cb3fb5f",
          "passes": 3061,
          "fails": 0
        },
        {
          "path": "::no graphql errors",
          "id": "7c29382b2a87caa2e50f0d89170b649f",
          "passes": 3061,
          "fails": 0,
          "name": "no graphql errors"
        }
      ]
  }
}