{
  "metrics": {
    "http_req_sending": {
      "type": "trend",
      "contains": "time",
      "values": {
        "max": 3.607226,
        "p(50)": 0.0132,
        "p(95)": 0.03469955,
        "p(99)": 0.05394449999999999,
        "avg": 0.01701017840574975,
        "min": 0.00724,
        "med": 0.0132
      }
    },
    "http_req_waiting": {
      "type": "trend",
      "contains": "time",
      "values": {
        "avg": 7.965363956092774,
        "min": 3.945632,
        "med": 7.799910499999999,
        "max": 35.358766,
        "p(50)": 7.799910499999999,
        "p(95)": 10.37937955,
        "p(99)": 11.64302646
      }
    },
    "http_req_receiving": {
      "type": "trend",
      "contains": "time",
      "values": {
        "med": 0.0973125,
        "max": 21.912423,
        "p(50)": 0.0973125,
        "p(95)": 0.38829499999999995,
        "p(99)": 0.5796536999999999,
        "avg": 0.1431896441032352,
        "min": 0.030419
      }
    },
    "page_latency": {
      "type": "trend",
      "contains": "default",
      "values": {
        "min": 67.039626,
        "med": 80.24240300000001,
        "max": 117.071742,
        "p(50)": 80.24240300000001,
        "p(95)": 92.506466,
        "p(99)": 100.4086498,
        "avg": 81.25563778601752
      }
    },
    "http_reqs": {
      "type": "counter",
      "contains": "default",
      "values": {
        "count": 30610,
        "rate": 339.8054751379848
      }
    },
    "data_sent": {
      "contains": "data",
      "values": {
        "rate": 34601.777641018234,
        "count": 3116961
      },
      "type": "counter"
    },
    "iteration_duration": {
      "type": "trend",
      "contains": "time",
      "values": {
        "max": 119.460757,
        "p(50)": 82.172471,
        "p(95)": 94.601081,
        "p(99)": 102.54801340000003,
        "avg": 83.15807281934015,
        "min": 68.544845,
        "med": 82.172471
      }
    },
    "iterations": {
      "type": "counter",
      "contains": "default",
      "values": {
        "count": 3061,
        "rate": 33.98054751379848
      }
    },
    "http_req_connecting": {
      "values": {
        "min": 0,
        "med": 0,
        "max": 13.912896,
        "p(50)": 0,
        "p(95)": 0,
        "p(99)": 0,
        "avg": 0.011924252009147337
      },
      "type": "trend",
      "contains": "time"
    },
    "data_received": {
      "contains": "data",
      "values": {
        "rate": 255223.58513914744,
        "count": 22990783
      },
      "type": "counter"
    },
    "vus_max": {
      "type": "gauge",
      "contains": "default",
      "values": {
        "value": 68,
        "min": 68,
        "max": 68
      }
    },
    "http_req_duration{expected_response:true}": {
      "contains": "time",
      "values": {
        "avg": 8.125563778601732,
        "min": 4.032161,
        "med": 7.954847,
        "max": 35.622649,
        "p(50)": 7.954847,
        "p(95)": 10.610592149999999,
        "p(99)": 11.90281604
      },
      "type": "trend"
    },
    "req_latency": {
      "type": "trend",
      "contains": "default",
      "values": {
        "p(99)": 11.90281604,
        "avg": 8.125563778601732,
        "min": 4.032161,
        "med": 7.954847,
        "max": 35.622649,
        "p(50)": 7.954847,
        "p(95)": 10.610592149999999
      }
    },
    "http_req_duration": {
      "type": "trend",
      "contains": "time",
      "values": {
        "p(99)": 11.90281604,
        "avg": 8.125563778601732,
        "min": 4.032161,
        "med": 7.954847,
        "max": 35.622649,
        "p(50)": 7.954847,
        "p(95)": 10.610592149999999
      }
    },
    "http_req_blocked": {
      "type": "trend",
      "contains": "time",
      "values": {
        "p(50)": 0.00429,
        "p(95)": 0.00832,
        "p(99)": 0.02395360999999999,
        "avg": 0.017431313034955844,
        "min": 0.00247,
        "med": 0.00429,
        "max": 14.008484
      }
    },
    "payload_bytes": {
      "type": "trend",
      "contains": "default",
      "values": {
        "p(95)": 526,
        "p(99)": 529,
        "avg": 490.08732440378964,
        "min": 251,
        "med": 517,
        "max": 536,
        "p(50)": 517
      }
    },
    "round_trip_count": {
      "values": {
        "p(99)": 10,
        "avg": 10,
        "min": 10,
        "med": 10,
        "max": 10,
        "p(50)": 10,
        "p(95)": 10
      },
      "type": "trend",
      "contains": "default"
    },
    "checks": {
      "type": "rate",
      "contains": "default",
      "values": {
        "fails": 0,
        "rate": 1,
        "passes": 30610
      }
    },
    "http_req_tls_handshaking": {
      "type": "trend",
      "contains": "time",
      "values": {
        "min": 0,
        "med": 0,
        "max": 0,
        "p(50)": 0,
        "p(95)": 0,
        "p(99)": 0,
        "avg": 0
      }
    },
    "http_req_failed": {
      "type": "rate",
      "contains": "default",
      "values": {
        "rate": 0,
        "passes": 0,
        "fails": 30610
      }
    },
    "vus": {
      "type": "gauge",
      "contains": "default",
      "values": {
        "value": 3,
        "min": 2,
        "max": 3
      }
    }
  },
  "root_group": {
    "checks": [
      {
        "name": "status is 200",
        "path": "::status is 200",
        "id": "6210a8cd14cd70477eba5c5e4cb3fb5f",
        "passes": 30610,
        "fails": 0
      }
    ],
    "name": "",
    "path": "",
    "id": "d41d8cd98f00b204e9800998ecf8427e",
    "groups": []
  },
  "options": {
    "summaryTimeUnit": "",
    "noColor": false,
    "summaryTrendStats": [
      "avg",
      "min",
      "med",
      "max",
      "p(50)",
      "p(95)",
      "p(99)"
    ]
  },
  "state": {
    "isStdOutTTY": false,
    "isStdErrTTY": false,
    "testRunDurationMs": 90080.949954
  }
}