{
  "state": {
    "isStdOutTTY": false,
    "isStdErrTTY": false,
    "testRunDurationMs": 90005.219695
  },
  "metrics": {
    "http_reqs": {
      "values": {
        "count": 6660,
        "rate": 73.99570849967026
      },
      "type": "counter",
      "contains": "default"
    },
    "http_req_duration{expected_response:true}": {
      "values": {
        "min": 8.373934,
        "med": 16.171067,
        "max": 151.920293,
        "p(50)": 16.171067,
        "p(95)": 56.724872499999904,
        "p(99)": 95.70109974999987,
        "avg": 20.14479348723723
      },
      "type": "trend",
      "contains": "time"
    },
    "checks": {
      "values": {
        "rate": 1,
        "passes": 13320,
        "fails": 0
      },
      "type": "rate",
      "contains": "default"
    },
    "vus": {
      "type": "gauge",
      "contains": "default",
      "values": {
        "value": 1,
        "min": 0,
        "max": 7
      }
    },
    "http_req_waiting": {
      "type": "trend",
      "contains": "time",
      "values": {
        "avg": 19.746549343843796,
        "min": 8.230844,
        "med": 16.038562,
        "max": 148.301468,
        "p(50)": 16.038562,
        "p(95)": 52.87073184999999,
        "p(99)": 92.51667522999995
      }
    },
    "http_req_sending": {
      "type": "trend",
      "contains": "time",
      "values": {
        "min": 0.01188,
        "med": 0.026854999999999997,
        "max": 0.22895,
        "p(50)": 0.026854999999999997,
        "p(95)": 0.056409549999999996,
        "p(99)": 0.11800878999999997,
        "avg": 0.031521824024024085
      }
    },
    "data_received": {
      "type": "counter",
      "contains": "data",
      "values": {
        "count": 21358730,
        "rate": 237305.4593097841
      }
    },
    "http_req_tls_handshaking": {
      "type": "trend",
      "contains": "time",
      "values": {
        "p(50)": 0,
        "p(95)": 0,
        "p(99)": 0,
        "avg": 0,
        "min": 0,
        "med": 0,
        "max": 0
      }
    },
    "iteration_duration": {
      "type": "trend",
      "contains": "time",
      "values": {
        "p(99)": 97.04328085999995,
        "avg": 21.57907989369375,
        "min": 8.892063,
        "med": 17.746841500000002,
        "max": 153.26217,
        "p(50)": 17.746841500000002,
        "p(95)": 58.589270699999815
      }
    },
    "vus_max": {
      "type": "gauge",
      "contains": "default",
      "values": {
        "value": 148,
        "min": 148,
        "max": 148
      }
    },
    "data_sent": {
      "type": "counter",
      "contains": "data",
      "values": {
        "count": 1768683,
        "rate": 19650.89364809644
      }
    },
    "http_req_receiving": {
      "type": "trend",
      "contains": "time",
      "values": {
        "avg": 0.3667223193693702,
        "min": 0.03229,
        "med": 0.0985655,
        "max": 37.473912,
        "p(50)": 0.0985655,
        "p(95)": 0.9392364999999966,
        "p(99)": 10.442944139999998
      }
    },
    "http_req_blocked": {
      "type": "trend",
      "contains": "time",
      "values": {
        "p(50)": 0.00713,
        "p(95)": 0.01395,
        "p(99)": 5.51943749,
        "avg": 0.13055709189189163,
        "min": 0.00412,
        "med": 0.00713,
        "max": 12.774521
      }
    },
    "http_req_connecting": {
      "type": "trend",
      "contains": "time",
      "values": {
        "min": 0,
        "med": 0,
        "max": 12.708021,
        "p(50)": 0,
        "p(95)": 0,
        "p(99)": 5.435739809999999,
        "avg": 0.11994879564564566
      }
    },
    "req_latency": {
      "type": "trend",
      "contains": "default",
      "values": {
        "p(50)": 16.171067,
        "p(95)": 56.724872499999904,
        "p(99)": 95.70109974999987,
        "avg": 20.14479348723723,
        "min": 8.373934,
        "med": 16.171067,
        "max": 151.920293
      }
    },
    "payload_bytes": {
      "type": "trend",
      "contains": "default",
      "values": {
        "min": 634,
        "med": 3497,
        "max": 29374,
        "p(50)": 3497,
        "p(95)": 5140,
        "p(99)": 5281,
        "avg": 2945.305705705706
      }
    },
    "http_req_duration": {
      "type": "trend",
      "contains": "time",
      "values": {
        "p(99)": 95.70109974999987,
        "avg": 20.14479348723723,
        "min": 8.373934,
        "med": 16.171067,
        "max": 151.920293,
        "p(50)": 16.171067,
        "p(95)": 56.724872499999904
      }
    },
    "iterations": {
      "type": "counter",
      "contains": "default",
      "values": {
        "count": 6660,
        "rate": 73.99570849967026
      }
    },
    "http_req_failed": {
      "type": "rate",
      "contains": "default",
      "values": {
        "rate": 0,
        "passes": 0,
        "fails": 6660
      }
    },
    "round_trip_count": {
      "type": "trend",
      "contains": "default",
      "values": {
        "min": 1,
        "med": 1,
        "max": 1,
        "p(50)": 1,
        "p(95)": 1,
        "p(99)": 1,
        "avg": 1
      }
    }
  },
  "root_group": {
    "path": "",
    "id": "d41d8cd98f00b204e9800998ecf8427e",
    "groups": [],
    "checks": [
        {
          "fails": 0,
          "name": "status is 200",
          "path": "::status is 200",
          "id": "6210a8cd14cd70477eba5c5e4cb3fb5f",
          "passes": 6660
        },
        {
          "passes": 6660,
          "fails": 0,
          "name": "no graphql errors",
          "path": "::no graphql errors",
          "id": "7c29382b2a87caa2e50f0d89170b649f"
        }
      ],
    "name": ""
  },
  "options": {
    "summaryTrendStats": [
      "avg",
      "min",
      "med",
      "max",
      "p(50)",
      "p(95)",
      "p(99)"
    ],
    "summaryTimeUnit": "",
    "noColor": false
  }
}