{
  "metrics": {
    "http_req_tls_handshaking": {
      "type": "trend",
      "contains": "time",
      "values": {
        "p(99)": 0,
        "avg": 0,
        "min": 0,
        "med": 0,
        "max": 0,
        "p(50)": 0,
        "p(95)": 0
      }
    },
    "http_req_failed": {
      "contains": "default",
      "values": {
        "rate": 0,
        "passes": 0,
        "fails": 3060
      },
      "type": "rate"
    },
    "http_req_duration{expected_response:true}": {
      "type": "trend",
      "contains": "time",
      "values": {
        "p(50)": 16.762512,
        "p(95)": 20.141035949999992,
        "p(99)": 38.20736139999999,
        "avg": 17.369373952941203,
        "min": 13.018596,
        "med": 16.762512,
        "max": 57.12678
      }
    },
    "http_req_connecting": {
      "type": "trend",
      "contains": "time",
      "values": {
        "min": 0,
        "med": 0,
        "max": 10.570608,
        "p(50)": 0,
        "p(95)": 0,
        "p(99)": 5.680283209999999,
        "avg": 0.12197908333333335
      }
    },
    "http_req_receiving": {
      "type": "trend",
      "contains": "time",
      "values": {
        "p(50)": 0.096225,
        "p(95)": 0.161779,
        "p(99)": 0.25613779999999975,
        "avg": 0.10416880424836598,
        "min": 0.04837,
        "med": 0.096225,
        "max": 0.478168
      }
    },
    "checks": {
      "type": "rate",
      "contains": "default",
      "values": {
        "rate": 1,
        "passes": 6120,
        "fails": 0
      }
    },
    "http_reqs": {
      "type": "counter",
      "contains": "default",
      "values": {
        "count": 3060,
        "rate": 33.99940918055576
      }
    },
    "page_latency": {
      "type": "trend",
      "contains": "default",
      "values": {
        "min": 13.018596,
        "med": 16.762512,
        "max": 57.12678,
        "p(50)": 16.762512,
        "p(95)": 20.141035949999992,
        "p(99)": 38.20736139999999,
        "avg": 17.369373952941203
      }
    },
    "http_req_duration": {
      "type": "trend",
      "contains": "time",
      "values": {
        "p(50)": 16.762512,
        "p(95)": 20.141035949999992,
        "p(99)": 38.20736139999999,
        "avg": 17.369373952941203,
        "min": 13.018596,
        "med": 16.762512,
        "max": 57.12678
      }
    },
    "data_sent": {
      "type": "counter",
      "contains": "data",
      "values": {
        "count": 918304,
        "rate": 10203.200473248718
      }
    },
    "iteration_duration": {
      "type": "trend",
      "contains": "time",
      "values": {
        "min": 14.253491,
        "med": 18.1283055,
        "max": 58.553483,
        "p(50)": 18.1283055,
        "p(95)": 22.270561999999995,
        "p(99)": 39.58054566999999,
        "avg": 18.834598618627474
      }
    },
    "http_req_blocked": {
      "type": "trend",
      "contains": "time",
      "values": {
        "min": 0.00467,
        "med": 0.0075,
        "max": 10.657528,
        "p(50)": 0.0075,
        "p(95)": 0.01254054999999999,
        "p(99)": 5.7682398099999945,
        "avg": 0.1324087297385615
      }
    },
    "payload_bytes": {
      "type": "trend",
      "contains": "default",
      "values": {
        "med": 2504,
        "max": 2666,
        "p(50)": 2504,
        "p(95)": 2640,
        "p(99)": 2655,
        "avg": 2470.6630718954248,
        "min": 1729
      }
    },
    "data_received": {
      "type": "counter",
      "contains": "data",
      "values": {
        "count": 8361949,
        "rate": 92908.92993396701
      }
    },
    "http_req_sending": {
      "values": {
        "p(50)": 0.029199,
        "p(95)": 0.062344949999999975,
        "p(99)": 0.12036160999999994,
        "avg": 0.034792866339869256,
        "min": 0.01373,
        "med": 0.029199,
        "max": 0.419497
      },
      "type": "trend",
      "contains": "time"
    },
    "round_trip_count": {
      "type": "trend",
      "contains": "default",
      "values": {
        "p(50)": 1,
        "p(95)": 1,
        "p(99)": 1,
        "avg": 1,
        "min": 1,
        "med": 1,
        "max": 1
      }
    },
    "vus": {
      "type": "gauge",
      "contains": "default",
      "values": {
        "value": 0,
        "min": 0,
        "max": 2
      }
    },
    "iterations": {
      "type": "counter",
      "contains": "default",
      "values": {
        "count": 3060,
        "rate": 33.99940918055576
      }
    },
    "vus_max": {
      "type": "gauge",
      "contains": "default",
      "values": {
        "value": 68,
        "min": 68,
        "max": 68
      }
    },
    "req_latency": {
      "values": {
        "max": 57.12678,
        "p(50)": 16.762512,
        "p(95)": 20.141035949999992,
        "p(99)": 38.20736139999999,
        "avg": 17.369373952941203,
        "min": 13.018596,
        "med": 16.762512
      },
      "type": "trend",
      "contains": "default"
    },
    "http_req_waiting": {
      "values": {
        "med": 16.621363000000002,
        "max": 56.82911,
        "p(50)": 16.621363000000002,
        "p(95)": 20.000184899999994,
        "p(99)": 37.86905548999999,
        "avg": 17.23041228235292,
        "min": 12.857206
      },
      "type": "trend",
      "contains": "time"
    }
  },
  "root_group": {
    "name": "",
    "path": "",
    "id": "d41d8cd98f00b204e9800998ecf8427e",
    "groups": [],
    "checks": [
        {
          "passes": 3060,
          "fails": 0,
          "name": "status is 200",
          "path": "::status is 200",
          "id": "6210a8cd14cd70477eba5c5e4cb3fb5f"
        },
        {
          "path": "::no graphql errors",
          "id": "7c29382b2a87caa2e50f0d89170b649f",
          "passes": 3060,
          "fails": 0,
          "name": "no graphql errors"
        }
      ]
  },
  "options": {
    "summaryTrendStats": [
      "avg",
      "min",
      "med",
      "max",
      "p(50)",
      "p(95)",
      "p(99)"
    ],
    "summaryTimeUnit": "",
    "noColor": false
  },
  "state": {
    "testRunDurationMs": 90001.563961,
    "isStdOutTTY": false,
    "isStdErrTTY": false
  }
}