{
  "options": {
    "summaryTrendStats": [
      "avg",
      "min",
      "med",
      "max",
      "p(50)",
      "p(95)",
      "p(99)"
    ],
    "summaryTimeUnit": "",
    "noColor": false
  },
  "state": {
    "isStdOutTTY": false,
    "isStdErrTTY": false,
    "testRunDurationMs": 90013.826442
  },
  "metrics": {
    "round_trip_count": {
      "type": "trend",
      "contains": "default",
      "values": {
        "min": 1,
        "med": 1,
        "max": 1,
        "p(50)": 1,
        "p(95)": 1,
        "p(99)": 1,
        "avg": 1
      }
    },
    "iteration_duration": {
      "type": "trend",
      "contains": "time",
      "values": {
        "avg": 14.036882857365027,
        "min": 9.210678,
        "med": 13.379178,
        "max": 69.340907,
        "p(50)": 13.379178,
        "p(95)": 16.827841,
        "p(99)": 42.317714
      }
    },
    "http_req_blocked": {
      "type": "trend",
      "contains": "time",
      "values": {
        "avg": 0.1317871764052427,
        "min": 0.00456,
        "med": 0.007299,
        "max": 15.310898,
        "p(50)": 0.007299,
        "p(95)": 0.012979,
        "p(99)": 5.707409
      }
    },
    "http_req_receiving": {
      "type": "trend",
      "contains": "time",
      "values": {
        "p(95)": 0.148899,
        "p(99)": 0.378556,
        "avg": 0.11482624283492586,
        "min": 0.040309,
        "med": 0.093069,
        "max": 7.588343,
        "p(50)": 0.093069
      }
    },
    "http_req_waiting": {
      "contains": "time",
      "values": {
        "avg": 13.092043004887802,
        "min": 8.350816,
        "med": 12.570243,
        "max": 67.921161,
        "p(50)": 12.570243,
        "p(95)": 15.152886,
        "p(99)": 41.344285
      },
      "type": "trend"
    },
    "data_received": {
      "type": "counter",
      "contains": "data",
      "values": {
        "count": 3525820,
        "rate": 39169.76023979879
      }
    },
    "http_reqs": {
      "type": "counter",
      "contains": "default",
      "values": {
        "count": 4501,
        "rate": 50.003429227622036
      }
    },
    "http_req_duration{expected_response:true}": {
      "type": "trend",
      "contains": "time",
      "values": {
        "min": 8.470875,
        "med": 12.703535,
        "max": 68.681473,
        "p(50)": 12.703535,
        "p(95)": 15.272534,
        "p(99)": 41.777191,
        "avg": 13.240564017773812
      }
    },
    "payload_bytes": {
      "type": "trend",
      "contains": "default",
      "values": {
        "avg": 522.3374805598755,
        "min": 242,
        "med": 447,
        "max": 29406,
        "p(50)": 447,
        "p(95)": 546,
        "p(99)": 549
      }
    },
    "http_req_duration": {
      "type": "trend",
      "contains": "time",
      "values": {
        "p(50)": 12.703535,
        "p(95)": 15.272534,
        "p(99)": 41.777191,
        "avg": 13.240564017773812,
        "min": 8.470875,
        "med": 12.703535,
        "max": 68.681473
      }
    },
    "checks": {
      "values": {
        "rate": 1,
        "passes": 9002,
        "fails": 0
      },
      "type": "rate",
      "contains": "default"
    },
    "http_req_tls_handshaking": {
      "type": "trend",
      "contains": "time",
      "values": {
        "min": 0,
        "med": 0,
        "max": 0,
        "p(50)": 0,
        "p(95)": 0,
        "p(99)": 0,
        "avg": 0
      }
    },
    "req_latency": {
      "contains": "default",
      "values": {
        "avg": 13.240564017773812,
        "min": 8.470875,
        "med": 12.703535,
        "max": 68.681473,
        "p(50)": 12.703535,
        "p(95)": 15.272534,
        "p(99)": 41.777191
      },
      "type": "trend"
    },
    "vus": {
      "type": "gauge",
      "contains": "default",
      "values": {
        "value": 1,
        "min": 1,
        "max": 3
      }
    },
    "http_req_connecting": {
      "type": "trend",
      "contains": "time",
      "values": {
        "p(95)": 0,
        "p(99)": 5.600101,
        "avg": 0.12149498844701177,
        "min": 0,
        "med": 0,
        "max": 15.212548,
        "p(50)": 0
      }
    },
    "vus_max": {
      "type": "gauge",
      "contains": "default",
      "values": {
        "min": 100,
        "max": 100,
        "value": 100
      }
    },
    "iterations": {
      "type": "counter",
      "contains": "default",
      "values": {
        "count": 4501,
        "rate": 50.003429227622036
      }
    },
    "http_req_failed": {
      "contains": "default",
      "values": {
        "passes": 0,
        "fails": 4501,
        "rate": 0
      },
      "type": "rate"
    },
    "data_sent": {
      "contains": "data",
      "values": {
        "count": 1197250,
        "rate": 13300.73442407698
      },
      "type": "counter"
    },
    "http_req_sending": {
      "values": {
        "p(99)": 0.128929,
        "avg": 0.03369477005109975,
        "min": 0.01425,
        "med": 0.028559,
        "max": 0.280257,
        "p(50)": 0.028559,
        "p(95)": 0.053299
      },
      "type": "trend",
      "contains": "time"
    }
  },
  "root_group": {
    "groups": [],
    "checks": [
        {
          "passes": 4501,
          "fails": 0,
          "name": "status is 200",
          "path": "::status is 200",
          "id": "6210a8cd14cd70477eba5c5e4cb3fb5f"
        },
        {
          "fails": 0,
          "name": "no graphql errors",
          "path": "::no graphql errors",
          "id": "7c29382b2a87caa2e50f0d89170b649f",
          "passes": 4501
        }
      ],
    "name": "",
    "path": "",
    "id": "d41d8cd98f00b204e9800998ecf8427e"
  }
}