{
  "state": {
    "isStdOutTTY": false,
    "isStdErrTTY": false,
    "testRunDurationMs": 90001.331967
  },
  "metrics": {
    "data_received": {
      "values": {
        "count": 2294772,
        "rate": 25497.089319093677
      },
      "type": "counter",
      "contains": "data"
    },
    "iteration_duration": {
      "type": "trend",
      "contains": "time",
      "values": {
        "med": 8.084092,
        "max": 20.120854,
        "p(50)": 8.084092,
        "p(95)": 10.093127949999998,
        "p(99)": 14.093296199999983,
        "avg": 8.171201358169913,
        "min": 3.904127
      }
    },
    "http_req_connecting": {
      "type": "trend",
      "contains": "time",
      "values": {
        "p(95)": 0,
        "p(99)": 5.4782414899999985,
        "avg": 0.12074310686274513,
        "min": 0,
        "med": 0,
        "max": 10.655375,
        "p(50)": 0
      }
    },
    "data_sent": {
      "values": {
        "rate": 3461.3598842539895,
        "count": 311527
      },
      "type": "counter",
      "contains": "data"
    },
    "http_req_failed": {
      "type": "rate",
      "contains": "default",
      "values": {
        "rate": 0,
        "passes": 0,
        "fails": 3060
      }
    },
    "payload_bytes": {
      "values": {
        "p(99)": 529,
        "avg": 488.92549019607844,
        "min": 251,
        "med": 517,
        "max": 536,
        "p(50)": 517,
        "p(95)": 526
      },
      "type": "trend",
      "contains": "default"
    },
    "http_req_receiving": {
      "contains": "time",
      "values": {
        "max": 0.367389,
        "p(50)": 0.0867595,
        "p(95)": 0.13871699999999995,
        "p(99)": 0.18954748999999968,
        "avg": 0.0920624173202615,
        "min": 0.04285,
        "med": 0.0867595
      },
      "type": "trend"
    },
    "vus_max": {
      "type": "gauge",
      "contains": "default",
      "values": {
        "value": 68,
        "min": 68,
        "max": 68
      }
    },
    "http_reqs": {
      "values": {
        "count": 3060,
        "rate": 33.999496819913546
      },
      "type": "counter",
      "contains": "default"
    },
    "http_req_duration": {
      "values": {
        "max": 11.363671,
        "p(50)": 7.6795235,
        "p(95)": 9.42520205,
        "p(99)": 10.164929019999997,
        "avg": 7.668877586928096,
        "min": 3.499948,
        "med": 7.6795235
      },
      "type": "trend",
      "contains": "time"
    },
    "checks": {
      "values": {
        "rate": 1,
        "passes": 3060,
        "fails": 0
      },
      "type": "rate",
      "contains": "default"
    },
    "http_req_duration{expected_response:true}": {
      "type": "trend",
      "contains": "time",
      "values": {
        "p(95)": 9.42520205,
        "p(99)": 10.164929019999997,
        "avg": 7.668877586928096,
        "min": 3.499948,
        "med": 7.6795235,
        "max": 11.363671,
        "p(50)": 7.6795235
      }
    },
    "http_req_tls_handshaking": {
      "type": "trend",
      "contains": "time",
      "values": {
        "min": 0,
        "med": 0,
        "max": 0,
        "p(50)": 0,
        "p(95)": 0,
        "p(99)": 0,
        "avg": 0
      }
    },
    "http_req_sending": {
      "contains": "time",
      "values": {
        "avg": 0.029319775816993472,
        "min": 0.01192,
        "med": 0.02474,
        "max": 0.262709,
        "p(50)": 0.02474,
        "p(95)": 0.052113499999999924,
        "p(99)": 0.11441559999999983
      },
      "type": "trend"
    },
    "req_latency": {
      "type": "trend",
      "contains": "default",
      "values": {
        "p(99)": 10.164929019999997,
        "avg": 7.668877586928096,
        "min": 3.499948,
        "med": 7.6795235,
        "max": 11.363671,
        "p(50)": 7.6795235,
        "p(95)": 9.42520205
      }
    },
    "vus": {
      "type": "gauge",
      "contains": "default",
      "values": {
        "value": 0,
        "min": 0,
        "max": 0
      }
    },
    "page_latency": {
      "contains": "default",
      "values": {
        "p(50)": 7.6795235,
        "p(95)": 9.42520205,
        "p(99)": 10.164929019999997,
        "avg": 7.668877586928096,
        "min": 3.499948,
        "med": 7.6795235,
        "max": 11.363671
      },
      "type": "trend"
    },
    "http_req_blocked": {
      "contains": "time",
      "values": {
        "p(50)": 0.00664,
        "p(95)": 0.015830499999999997,
        "p(99)": 5.564156399999999,
        "avg": 0.1304153627450981,
        "min": 0.00402,
        "med": 0.00664,
        "max": 10.736915
      },
      "type": "trend"
    },
    "round_trip_count": {
      "values": {
        "p(95)": 1,
        "p(99)": 1,
        "avg": 1,
        "min": 1,
        "med": 1,
        "max": 1,
        "p(50)": 1
      },
      "type": "trend",
      "contains": "default"
    },
    "iterations": {
      "contains": "default",
      "values": {
        "count": 3060,
        "rate": 33.999496819913546
      },
      "type": "counter"
    },
    "http_req_waiting": {
      "values": {
        "avg": 7.5474953937908635,
        "min": 3.368848,
        "med": 7.5628595,
        "max": 11.243131,
        "p(50)": 7.5628595,
        "p(95)": 9.301687549999999,
        "p(99)": 10.036211889999999
      },
      "type": "trend",
      "contains": "time"
    }
  },
  "root_group": {
    "name": "",
    "path": "",
    "id": "d41d8cd98f00b204e9800998ecf8427e",
    "groups": [],
    "checks": [
        {
          "path": "::status is 200",
          "id": "6210a8cd14cd70477eba5c5e4cb3fb5f",
          "passes": 3060,
          "fails": 0,
          "name": "status is 200"
        }
      ]
  },
  "options": {
    "summaryTrendStats": [
      "avg",
      "min",
      "med",
      "max",
      "p(50)",
      "p(95)",
      "p(99)"
    ],
    "summaryTimeUnit": "",
    "noColor": false
  }
}