{
  "state": {
    "isStdOutTTY": false,
    "isStdErrTTY": false,
    "testRunDurationMs": 90008.504788
  },
  "metrics": {
    "http_req_connecting": {
      "type": "trend",
      "contains": "time",
      "values": {
        "min": 0,
        "med": 0,
        "max": 13.878464,
        "p(50)": 0,
        "p(95)": 0,
        "p(99)": 5.780526999999999,
        "avg": 0.1254328956613121
      }
    },
    "http_req_duration": {
      "type": "trend",
      "contains": "time",
      "values": {
        "p(95)": 9.016644,
        "p(99)": 9.704617399999998,
        "avg": 7.254610210779138,
        "min": 3.229472,
        "med": 7.249447,
        "max": 11.388677,
        "p(50)": 7.249447
      }
    },
    "http_req_waiting": {
      "contains": "time",
      "values": {
        "min": 3.158333,
        "med": 7.135865,
        "max": 11.253259,
        "p(50)": 7.135865,
        "p(95)": 8.898944,
        "p(99)": 9.595409999999998,
        "avg": 7.138799144873132
      },
      "type": "trend"
    },
    "data_sent": {
      "type": "counter",
      "contains": "data",
      "values": {
        "count": 1182791,
        "rate": 13140.880439974719
      }
    },
    "iteration_duration": {
      "type": "trend",
      "contains": "time",
      "values": {
        "avg": 7.679289674523365,
        "min": 3.40307,
        "med": 7.561691,
        "max": 21.554413,
        "p(50)": 7.561691,
        "p(95)": 9.587591,
        "p(99)": 14.09429099999998
      }
    },
    "http_req_failed": {
      "values": {
        "rate": 0,
        "passes": 0,
        "fails": 6661
      },
      "type": "rate",
      "contains": "default"
    },
    "http_req_sending": {
      "type": "trend",
      "contains": "time",
      "values": {
        "p(99)": 0.11880499999999991,
        "avg": 0.026800810989340857,
        "min": 0.01094,
        "med": 0.02307,
        "max": 0.273197,
        "p(50)": 0.02307,
        "p(95)": 0.047299
      }
    },
    "req_latency": {
      "type": "trend",
      "contains": "default",
      "values": {
        "avg": 7.254610210779138,
        "min": 3.229472,
        "med": 7.249447,
        "max": 11.388677,
        "p(50)": 7.249447,
        "p(95)": 9.016644,
        "p(99)": 9.704617399999998
      }
    },
    "vus_max": {
      "values": {
        "value": 148,
        "min": 148,
        "max": 148
      },
      "type": "gauge",
      "contains": "default"
    },
    "http_req_blocked": {
      "type": "trend",
      "contains": "time",
      "values": {
        "min": 0.00406,
        "med": 0.00607,
        "max": 13.949514,
        "p(50)": 0.00607,
        "p(95)": 0.01876,
        "p(99)": 5.846715599999997,
        "avg": 0.1349554050442859
      }
    },
    "iterations": {
      "type": "counter",
      "contains": "default",
      "values": {
        "count": 6661,
        "rate": 74.00411789629072
      }
    },
    "payload_bytes": {
      "type": "trend",
      "contains": "default",
      "values": {
        "max": 2571,
        "p(50)": 431,
        "p(95)": 1799,
        "p(99)": 2449.7999999999975,
        "avg": 683.14202071761,
        "min": 128,
        "med": 431
      }
    },
    "http_req_tls_handshaking": {
      "type": "trend",
      "contains": "time",
      "values": {
        "p(50)": 0,
        "p(95)": 0,
        "p(99)": 0,
        "avg": 0,
        "min": 0,
        "med": 0,
        "max": 0
      }
    },
    "round_trip_count": {
      "type": "trend",
      "contains": "default",
      "values": {
        "avg": 1,
        "min": 1,
        "med": 1,
        "max": 1,
        "p(50)": 1,
        "p(95)": 1,
        "p(99)": 1
      }
    },
    "data_received": {
      "contains": "data",
      "values": {
        "count": 6291095,
        "rate": 69894.45069460518
      },
      "type": "counter"
    },
    "vus": {
      "type": "gauge",
      "contains": "default",
      "values": {
        "value": 0,
        "min": 0,
        "max": 1
      }
    },
    "http_req_duration{expected_response:true}": {
      "type": "trend",
      "contains": "time",
      "values": {
        "p(95)": 9.016644,
        "p(99)": 9.704617399999998,
        "avg": 7.254610210779138,
        "min": 3.229472,
        "med": 7.249447,
        "max": 11.388677,
        "p(50)": 7.249447
      }
    },
    "checks": {
      "type": "rate",
      "contains": "default",
      "values": {
        "rate": 1,
        "passes": 6661,
        "fails": 0
      }
    },
    "http_req_receiving": {
      "contains": "time",
      "values": {
        "avg": 0.08901025491667888,
        "min": 0.042129,
        "med": 0.085199,
        "max": 1.010898,
        "p(50)": 0.085199,
        "p(95)": 0.129969,
        "p(99)": 0.1571925999999999
      },
      "type": "trend"
    },
    "http_reqs": {
      "contains": "default",
      "values": {
        "count": 6661,
        "rate": 74.00411789629072
      },
      "type": "counter"
    }
  },
  "root_group": {
    "id": "d41d8cd98f00b204e9800998ecf8427e",
    "groups": [],
    "checks": [
        {
          "path": "::status is 200",
          "id": "6210a8cd14cd70477eba5c5e4cb3fb5f",
          "passes": 6661,
          "fails": 0,
          "name": "status is 200"
        }
      ],
    "name": "",
    "path": ""
  },
  "options": {
    "summaryTrendStats": [
      "avg",
      "min",
      "med",
      "max",
      "p(50)",
      "p(95)",
      "p(99)"
    ],
    "summaryTimeUnit": "",
    "noColor": false
  }
}