{
  "root_group": {
    "path": "",
    "id": "d41d8cd98f00b204e9800998ecf8427e",
    "groups": [],
    "checks": [
        {
          "id": "6210a8cd14cd70477eba5c5e4cb3fb5f",
          "passes": 3060,
          "fails": 0,
          "name": "status is 200",
          "path": "::status is 200"
        },
        {
          "name": "no graphql errors",
          "path": "::no graphql errors",
          "id": "7c29382b2a87caa2e50f0d89170b649f",
          "passes": 3060,
          "fails": 0
        }
      ],
    "name": ""
  },
  "options": {
    "summaryTrendStats": [
      "avg",
      "min",
      "med",
      "max",
      "p(50)",
      "p(95)",
      "p(99)"
    ],
    "summaryTimeUnit": "",
    "noColor": false
  },
  "state": {
    "isStdOutTTY": false,
    "isStdErrTTY": false,
    "testRunDurationMs": 90001.499445
  },
  "metrics": {
    "http_req_sending": {
      "type": "trend",
      "contains": "time",
      "values": {
        "max": 0.234678,
        "p(50)": 0.02428,
        "p(95)": 0.04929449999999998,
        "p(99)": 0.11470339999999973,
        "avg": 0.0289827156862745,
        "min": 0.01203,
        "med": 0.02428
      }
    },
    "req_latency": {
      "type": "trend",
      "contains": "default",
      "values": {
        "avg": 14.815494132352955,
        "min": 10.694383,
        "med": 14.164461,
        "max": 63.877128,
        "p(50)": 14.164461,
        "p(95)": 17.718598549999996,
        "p(99)": 34.15108925999991
      }
    },
    "http_req_waiting": {
      "values": {
        "avg": 14.69185061372555,
        "min": 10.588115,
        "med": 14.040973999999999,
        "max": 63.51314,
        "p(50)": 14.040973999999999,
        "p(95)": 17.607823149999998,
        "p(99)": 34.0451215599999
      },
      "type": "trend",
      "contains": "time"
    },
    "http_req_blocked": {
      "values": {
        "min": 0.00398,
        "med": 0.00589,
        "max": 11.619266,
        "p(50)": 0.00589,
        "p(95)": 0.012744999999999972,
        "p(99)": 5.3925632899999965,
        "avg": 0.125689109150327
      },
      "type": "trend",
      "contains": "time"
    },
    "http_req_duration": {
      "values": {
        "med": 14.164461,
        "max": 63.877128,
        "p(50)": 14.164461,
        "p(95)": 17.718598549999996,
        "p(99)": 34.15108925999991,
        "avg": 14.815494132352955,
        "min": 10.694383
      },
      "type": "trend",
      "contains": "time"
    },
    "payload_bytes": {
      "type": "trend",
      "contains": "default",
      "values": {
        "p(50)": 539,
        "p(95)": 548,
        "p(99)": 551,
        "avg": 511.1875816993464,
        "min": 273,
        "med": 539,
        "max": 558
      }
    },
    "vus_max": {
      "contains": "default",
      "values": {
        "value": 68,
        "min": 68,
        "max": 68
      },
      "type": "gauge"
    },
    "http_req_tls_handshaking": {
      "type": "trend",
      "contains": "time",
      "values": {
        "max": 0,
        "p(50)": 0,
        "p(95)": 0,
        "p(99)": 0,
        "avg": 0,
        "min": 0,
        "med": 0
      }
    },
    "checks": {
      "type": "rate",
      "contains": "default",
      "values": {
        "fails": 0,
        "rate": 1,
        "passes": 6120
      }
    },
    "round_trip_count": {
      "type": "trend",
      "contains": "default",
      "values": {
        "min": 1,
        "med": 1,
        "max": 1,
        "p(50)": 1,
        "p(95)": 1,
        "p(99)": 1,
        "avg": 1
      }
    },
    "http_req_failed": {
      "type": "rate",
      "contains": "default",
      "values": {
        "rate": 0,
        "passes": 0,
        "fails": 3060
      }
    },
    "page_latency": {
      "values": {
        "p(95)": 17.718598549999996,
        "p(99)": 34.15108925999991,
        "avg": 14.815494132352955,
        "min": 10.694383,
        "med": 14.164461,
        "max": 63.877128,
        "p(50)": 14.164461
      },
      "type": "trend",
      "contains": "default"
    },
    "iterations": {
      "contains": "default",
      "values": {
        "rate": 33.9994335524373,
        "count": 3060
      },
      "type": "counter"
    },
    "data_sent": {
      "type": "counter",
      "contains": "data",
      "values": {
        "count": 834847,
        "rate": 9275.9232362587
      }
    },
    "data_received": {
      "type": "counter",
      "contains": "data",
      "values": {
        "count": 2362894,
        "rate": 26253.940374004178
      }
    },
    "vus": {
      "type": "gauge",
      "contains": "default",
      "values": {
        "max": 2,
        "value": 0,
        "min": 0
      }
    },
    "http_req_receiving": {
      "type": "trend",
      "contains": "time",
      "values": {
        "max": 7.957027,
        "p(50)": 0.085355,
        "p(95)": 0.12968394999999996,
        "p(99)": 0.21762609999999907,
        "avg": 0.0946608029411764,
        "min": 0.046919,
        "med": 0.085355
      }
    },
    "iteration_duration": {
      "values": {
        "p(99)": 34.87427216999992,
        "avg": 15.627662526143803,
        "min": 11.326389,
        "med": 14.8930405,
        "max": 64.571332,
        "p(50)": 14.8930405,
        "p(95)": 19.0578632
      },
      "type": "trend",
      "contains": "time"
    },
    "http_reqs": {
      "type": "counter",
      "contains": "default",
      "values": {
        "count": 3060,
        "rate": 33.9994335524373
      }
    },
    "http_req_duration{expected_response:true}": {
      "type": "trend",
      "contains": "time",
      "values": {
        "avg": 14.815494132352955,
        "min": 10.694383,
        "med": 14.164461,
        "max": 63.877128,
        "p(50)": 14.164461,
        "p(95)": 17.718598549999996,
        "p(99)": 34.15108925999991
      }
    },
    "http_req_connecting": {
      "type": "trend",
      "contains": "time",
      "values": {
        "avg": 0.11678712254901966,
        "min": 0,
        "med": 0,
        "max": 11.530006,
        "p(50)": 0,
        "p(95)": 0,
        "p(99)": 5.306410499999997
      }
    }
  }
}