{
  "root_group": {
    "name": "",
    "path": "",
    "id": "d41d8cd98f00b204e9800998ecf8427e",
    "groups": [],
    "checks": [
        {
          "id": "6210a8cd14cd70477eba5c5e4cb3fb5f",
          "passes": 4501,
          "fails": 0,
          "name": "status is 200",
          "path": "::status is 200"
        }
      ]
  },
  "options": {
    "summaryTrendStats": [
      "avg",
      "min",
      "med",
      "max",
      "p(50)",
      "p(95)",
      "p(99)"
    ],
    "summaryTimeUnit": "",
    "noColor": false
  },
  "state": {
    "isStdOutTTY": false,
    "isStdErrTTY": false,
    "testRunDurationMs": 90009.446695
  },
  "metrics": {
    "http_req_sending": {
      "values": {
        "avg": 0.03025590513219292,
        "min": 0.01172,
        "med": 0.02665,
        "max": 0.22669,
        "p(50)": 0.02665,
        "p(95)": 0.0508,
        "p(99)": 0.114969
      },
      "type": "trend",
      "contains": "time"
    },
    "iterations": {
      "type": "counter",
      "contains": "default",
      "values": {
        "count": 4501,
        "rate": 50.00586233189266
      }
    },
    "iteration_duration": {
      "contains": "time",
      "values": {
        "p(50)": 8.578455,
        "p(95)": 10.706334,
        "p(99)": 15.20553,
        "avg": 8.702843688958009,
        "min": 5.154714,
        "med": 8.578455,
        "max": 19.998265
      },
      "type": "trend"
    },
    "http_req_duration{expected_response:true}": {
      "type": "trend",
      "contains": "time",
      "values": {
        "med": 8.226786,
        "max": 15.077581,
        "p(50)": 8.226786,
        "p(95)": 10.055888,
        "p(99)": 10.893703,
        "avg": 8.246297487225048,
        "min": 4.746506
      }
    },
    "http_req_connecting": {
      "type": "trend",
      "contains": "time",
      "values": {
        "avg": 0.12174213752499442,
        "min": 0,
        "med": 0,
        "max": 10.695154,
        "p(50)": 0,
        "p(95)": 0,
        "p(99)": 5.63812
      }
    },
    "checks": {
      "type": "rate",
      "contains": "default",
      "values": {
        "rate": 1,
        "passes": 4501,
        "fails": 0
      }
    },
    "req_latency": {
      "type": "trend",
      "contains": "default",
      "values": {
        "med": 8.226786,
        "max": 15.077581,
        "p(50)": 8.226786,
        "p(95)": 10.055888,
        "p(99)": 10.893703,
        "avg": 8.246297487225048,
        "min": 4.746506
      }
    },
    "http_reqs": {
      "type": "counter",
      "contains": "default",
      "values": {
        "rate": 50.00586233189266,
        "count": 4501
      }
    },
    "http_req_waiting": {
      "type": "trend",
      "contains": "time",
      "values": {
        "med": 8.102478,
        "max": 14.853073,
        "p(50)": 8.102478,
        "p(95)": 9.912839,
        "p(99)": 10.737673,
        "avg": 8.114181550988661,
        "min": 4.594777
      }
    },
    "payload_bytes": {
      "type": "trend",
      "contains": "default",
      "values": {
        "min": 2012,
        "med": 2764,
        "max": 10688,
        "p(50)": 2764,
        "p(95)": 4403,
        "p(99)": 4740,
        "avg": 2972.4538991335257
      }
    },
    "http_req_receiving": {
      "type": "trend",
      "contains": "time",
      "values": {
        "avg": 0.10186003110419886,
        "min": 0.044259,
        "med": 0.09741,
        "max": 0.955364,
        "p(50)": 0.09741,
        "p(95)": 0.14582,
        "p(99)": 0.197129
      }
    },
    "http_req_failed": {
      "type": "rate",
      "contains": "default",
      "values": {
        "rate": 0,
        "passes": 0,
        "fails": 4501
      }
    },
    "data_received": {
      "type": "counter",
      "contains": "data",
      "values": {
        "count": 14558285,
        "rate": 161741.7452784843
      }
    },
    "vus": {
      "type": "gauge",
      "contains": "default",
      "values": {
        "value": 1,
        "min": 0,
        "max": 1
      }
    },
    "data_sent": {
      "contains": "data",
      "values": {
        "count": 537331,
        "rate": 5969.717843292205
      },
      "type": "counter"
    },
    "http_req_tls_handshaking": {
      "type": "trend",
      "contains": "time",
      "values": {
        "p(50)": 0,
        "p(95)": 0,
        "p(99)": 0,
        "avg": 0,
        "min": 0,
        "med": 0,
        "max": 0
      }
    },
    "round_trip_count": {
      "type": "trend",
      "contains": "default",
      "values": {
        "p(50)": 1,
        "p(95)": 1,
        "p(99)": 1,
        "avg": 1,
        "min": 1,
        "med": 1,
        "max": 1
      }
    },
    "http_req_duration": {
      "values": {
        "p(99)": 10.893703,
        "avg": 8.246297487225048,
        "min": 4.746506,
        "med": 8.226786,
        "max": 15.077581,
        "p(50)": 8.226786,
        "p(95)": 10.055888
      },
      "type": "trend",
      "contains": "time"
    },
    "http_req_blocked": {
      "type": "trend",
      "contains": "time",
      "values": {
        "min": 0.00394,
        "med": 0.00744,
        "max": 10.810353,
        "p(50)": 0.00744,
        "p(95)": 0.02106,
        "p(99)": 5.71467,
        "avg": 0.13235733459231228
      }
    },
    "vus_max": {
      "type": "gauge",
      "contains": "default",
      "values": {
        "min": 100,
        "max": 100,
        "value": 100
      }
    }
  }
}