{
  "metrics": {
    "http_reqs": {
      "contains": "default",
      "values": {
        "count": 2251,
        "rate": 25.005742599059154
      },
      "type": "counter"
    },
    "http_req_failed": {
      "type": "rate",
      "contains": "default",
      "values": {
        "rate": 0,
        "passes": 0,
        "fails": 2251
      }
    },
    "data_received": {
      "type": "counter",
      "contains": "data",
      "values": {
        "rate": 18439.20793160342,
        "count": 1659885
      }
    },
    "http_req_blocked": {
      "type": "trend",
      "contains": "time",
      "values": {
        "min": 0.00394,
        "med": 0.00682,
        "max": 8.179107,
        "p(50)": 0.00682,
        "p(95)": 0.01524,
        "p(99)": 5.479447,
        "avg": 0.13183440115504266
      }
    },
    "req_latency": {
      "type": "trend",
      "contains": "default",
      "values": {
        "min": 9.35298,
        "med": 12.866101,
        "max": 62.19782,
        "p(50)": 12.866101,
        "p(95)": 16.3247755,
        "p(99)": 20.5948075,
        "avg": 13.358436781430468
      }
    },
    "iteration_duration": {
      "type": "trend",
      "contains": "time",
      "values": {
        "max": 65.479504,
        "p(50)": 13.523706,
        "p(95)": 17.933483,
        "p(99)": 23.5805205,
        "avg": 14.175337135939555,
        "min": 9.746447,
        "med": 13.523706
      }
    },
    "vus": {
      "type": "gauge",
      "contains": "default",
      "values": {
        "value": 0,
        "min": 0,
        "max": 0
      }
    },
    "vus_max": {
      "contains": "default",
      "values": {
        "value": 50,
        "min": 50,
        "max": 50
      },
      "type": "gauge"
    },
    "http_req_duration{expected_response:true}": {
      "contains": "time",
      "values": {
        "p(50)": 12.866101,
        "p(95)": 16.3247755,
        "p(99)": 20.5948075,
        "avg": 13.358436781430468,
        "min": 9.35298,
        "med": 12.866101,
        "max": 62.19782
      },
      "type": "trend"
    },
    "http_req_connecting": {
      "type": "trend",
      "contains": "time",
      "values": {
        "avg": 0.1205213656152821,
        "min": 0,
        "med": 0,
        "max": 8.094699,
        "p(50)": 0,
        "p(95)": 0,
        "p(99)": 5.3871424999999995
      }
    },
    "http_req_sending": {
      "contains": "time",
      "values": {
        "p(99)": 0.11402899999999999,
        "avg": 0.03112719635717461,
        "min": 0.01147,
        "med": 0.02665,
        "max": 0.226678,
        "p(50)": 0.02665,
        "p(95)": 0.054334999999999994
      },
      "type": "trend"
    },
    "http_req_receiving": {
      "contains": "time",
      "values": {
        "max": 14.961235,
        "p(50)": 0.08707,
        "p(95)": 0.148614,
        "p(99)": 0.25420299999999996,
        "avg": 0.10661495957352275,
        "min": 0.04286,
        "med": 0.08707
      },
      "type": "trend"
    },
    "http_req_waiting": {
      "type": "trend",
      "contains": "time",
      "values": {
        "p(95)": 16.1790365,
        "p(99)": 20.3231845,
        "avg": 13.22069462549978,
        "min": 9.25799,
        "med": 12.752434,
        "max": 61.833902,
        "p(50)": 12.752434
      }
    },
    "iterations": {
      "type": "counter",
      "contains": "default",
      "values": {
        "rate": 25.005742599059154,
        "count": 2251
      }
    },
    "checks": {
      "values": {
        "rate": 1,
        "passes": 4502,
        "fails": 0
      },
      "type": "rate",
      "contains": "default"
    },
    "data_sent": {
      "contains": "data",
      "values": {
        "count": 598762,
        "rate": 6651.483096445072
      },
      "type": "counter"
    },
    "http_req_tls_handshaking": {
      "values": {
        "avg": 0,
        "min": 0,
        "med": 0,
        "max": 0,
        "p(50)": 0,
        "p(95)": 0,
        "p(99)": 0
      },
      "type": "trend",
      "contains": "time"
    },
    "payload_bytes": {
      "type": "trend",
      "contains": "default",
      "values": {
        "p(99)": 548,
        "avg": 476.39804531319413,
        "min": 242,
        "med": 447,
        "max": 29406,
        "p(50)": 447,
        "p(95)": 547
      }
    },
    "round_trip_count": {
      "type": "trend",
      "contains": "default",
      "values": {
        "avg": 1,
        "min": 1,
        "med": 1,
        "max": 1,
        "p(50)": 1,
        "p(95)": 1,
        "p(99)": 1
      }
    },
    "http_req_duration": {
      "contains": "time",
      "values": {
        "p(99)": 20.5948075,
        "avg": 13.358436781430468,
        "min": 9.35298,
        "med": 12.866101,
        "max": 62.19782,
        "p(50)": 12.866101,
        "p(95)": 16.3247755
      },
      "type": "trend"
    }
  },
  "root_group": {
    "groups": [],
    "checks": [
        {
          "name": "status is 200",
          "path": "::status is 200",
          "id": "6210a8cd14cd70477eba5c5e4cb3fb5f",
          "passes": 2251,
          "fails": 0
        },
        {
          "passes": 2251,
          "fails": 0,
          "name": "no graphql errors",
          "path": "::no graphql errors",
          "id": "7c29382b2a87caa2e50f0d89170b649f"
        }
      ],
    "name": "",
    "path": "",
    "id": "d41d8cd98f00b204e9800998ecf8427e"
  },
  "options": {
    "summaryTrendStats": [
      "avg",
      "min",
      "med",
      "max",
      "p(50)",
      "p(95)",
      "p(99)"
    ],
    "summaryTimeUnit": "",
    "noColor": false
  },
  "state": {
    "isStdOutTTY": false,
    "isStdErrTTY": false,
    "testRunDurationMs": 90019.322205
  }
}