{
  "options": {
    "summaryTrendStats": [
      "avg",
      "min",
      "med",
      "max",
      "p(50)",
      "p(95)",
      "p(99)"
    ],
    "summaryTimeUnit": "",
    "noColor": false
  },
  "state": {
    "testRunDurationMs": 90001.241435,
    "isStdOutTTY": false,
    "isStdErrTTY": false
  },
  "metrics": {
    "http_req_duration{expected_response:true}": {
      "type": "trend",
      "contains": "time",
      "values": {
        "p(95)": 17.296325500000002,
        "p(99)": 46.88393998000004,
        "avg": 14.398471695777788,
        "min": 8.79144,
        "med": 13.7148815,
        "max": 63.022639,
        "p(50)": 13.7148815
      }
    },
    "http_req_blocked": {
      "values": {
        "avg": 0.1301065557777769,
        "min": 0.00414,
        "med": 0.00639,
        "max": 10.031981,
        "p(50)": 0.00639,
        "p(95)": 0.012383500000000013,
        "p(99)": 5.5393031000000015
      },
      "type": "trend",
      "contains": "time"
    },
    "checks": {
      "type": "rate",
      "contains": "default",
      "values": {
        "rate": 1,
        "passes": 9000,
        "fails": 0
      }
    },
    "data_received": {
      "type": "counter",
      "contains": "data",
      "values": {
        "count": 4356958,
        "rate": 48409.97669067319
      }
    },
    "vus": {
      "type": "gauge",
      "contains": "default",
      "values": {
        "value": 1,
        "min": 1,
        "max": 2
      }
    },
    "http_req_waiting": {
      "type": "trend",
      "contains": "time",
      "values": {
        "p(95)": 17.173529,
        "p(99)": 46.33839957000005,
        "avg": 14.269488071777808,
        "min": 8.657542,
        "med": 13.590277,
        "max": 62.543234,
        "p(50)": 13.590277
      }
    },
    "http_req_sending": {
      "contains": "time",
      "values": {
        "min": 0.0121,
        "med": 0.02512,
        "max": 0.260948,
        "p(50)": 0.02512,
        "p(95)": 0.04812450000000002,
        "p(99)": 0.11793181000000007,
        "avg": 0.029675755555555548
      },
      "type": "trend"
    },
    "data_sent": {
      "type": "counter",
      "contains": "data",
      "values": {
        "count": 1195027,
        "rate": 13277.894626187608
      }
    },
    "http_reqs": {
      "values": {
        "count": 4500,
        "rate": 49.9993103234021
      },
      "type": "counter",
      "contains": "default"
    },
    "round_trip_count": {
      "contains": "default",
      "values": {
        "min": 1,
        "med": 1,
        "max": 1,
        "p(50)": 1,
        "p(95)": 1,
        "p(99)": 1,
        "avg": 1
      },
      "type": "trend"
    },
    "http_req_failed": {
      "values": {
        "rate": 0,
        "passes": 0,
        "fails": 4500
      },
      "type": "rate",
      "contains": "default"
    },
    "payload_bytes": {
      "type": "trend",
      "contains": "default",
      "values": {
        "avg": 706.872,
        "min": 147,
        "med": 451,
        "max": 2590,
        "p(50)": 451,
        "p(95)": 1795,
        "p(99)": 2400
      }
    },
    "http_req_duration": {
      "type": "trend",
      "contains": "time",
      "values": {
        "med": 13.7148815,
        "max": 63.022639,
        "p(50)": 13.7148815,
        "p(95)": 17.296325500000002,
        "p(99)": 46.88393998000004,
        "avg": 14.398471695777788,
        "min": 8.79144
      }
    },
    "iterations": {
      "type": "counter",
      "contains": "default",
      "values": {
        "count": 4500,
        "rate": 49.9993103234021
      }
    },
    "vus_max": {
      "type": "gauge",
      "contains": "default",
      "values": {
        "value": 100,
        "min": 100,
        "max": 100
      }
    },
    "http_req_connecting": {
      "type": "trend",
      "contains": "time",
      "values": {
        "p(99)": 5.417287200000007,
        "avg": 0.12099210399999998,
        "min": 0,
        "med": 0,
        "max": 9.949571,
        "p(50)": 0,
        "p(95)": 0
      }
    },
    "http_req_tls_handshaking": {
      "contains": "time",
      "values": {
        "p(95)": 0,
        "p(99)": 0,
        "avg": 0,
        "min": 0,
        "med": 0,
        "max": 0,
        "p(50)": 0
      },
      "type": "trend"
    },
    "iteration_duration": {
      "type": "trend",
      "contains": "time",
      "values": {
        "p(50)": 14.4468105,
        "p(95)": 18.962366950000003,
        "p(99)": 47.430563480000046,
        "avg": 15.22274178377775,
        "min": 9.298546,
        "med": 14.4468105,
        "max": 63.974713
      }
    },
    "http_req_receiving": {
      "type": "trend",
      "contains": "time",
      "values": {
        "avg": 0.09930786844444431,
        "min": 0.04336,
        "med": 0.087725,
        "max": 0.632805,
        "p(50)": 0.087725,
        "p(95)": 0.14145850000000001,
        "p(99)": 0.3952448100000008
      }
    },
    "req_latency": {
      "type": "trend",
      "contains": "default",
      "values": {
        "p(95)": 17.296325500000002,
        "p(99)": 46.88393998000004,
        "avg": 14.398471695777788,
        "min": 8.79144,
        "med": 13.7148815,
        "max": 63.022639,
        "p(50)": 13.7148815
      }
    }
  },
  "root_group": {
    "name": "",
    "path": "",
    "id": "d41d8cd98f00b204e9800998ecf8427e",
    "groups": [],
    "checks": [
        {
          "id": "6210a8cd14cd70477eba5c5e4cb3fb5f",
          "passes": 4500,
          "fails": 0,
          "name": "status is 200",
          "path": "::status is 200"
        },
        {
          "name": "no graphql errors",
          "path": "::no graphql errors",
          "id": "7c29382b2a87caa2e50f0d89170b649f",
          "passes": 4500,
          "fails": 0
        }
      ]
  }
}