{
  "root_group": {
    "name": "",
    "path": "",
    "id": "d41d8cd98f00b204e9800998ecf8427e",
    "groups": [],
    "checks": [
        {
          "name": "status is 200",
          "path": "::status is 200",
          "id": "6210a8cd14cd70477eba5c5e4cb3fb5f",
          "passes": 15310,
          "fails": 0
        }
      ]
  },
  "options": {
    "summaryTrendStats": [
      "avg",
      "min",
      "med",
      "max",
      "p(50)",
      "p(95)",
      "p(99)"
    ],
    "summaryTimeUnit": "",
    "noColor": false
  },
  "state": {
    "isStdOutTTY": false,
    "isStdErrTTY": false,
    "testRunDurationMs": 90084.034883
  },
  "metrics": {
    "http_req_duration": {
      "type": "trend",
      "contains": "time",
      "values": {
        "max": 39.437556,
        "p(50)": 7.512093,
        "p(95)": 9.49284645,
        "p(99)": 10.442299,
        "avg": 7.612940041149554,
        "min": 3.713941,
        "med": 7.512093
      }
    },
    "http_req_duration{expected_response:true}": {
      "type": "trend",
      "contains": "time",
      "values": {
        "min": 3.713941,
        "med": 7.512093,
        "max": 39.437556,
        "p(50)": 7.512093,
        "p(95)": 9.49284645,
        "p(99)": 10.442299,
        "avg": 7.612940041149554
      }
    },
    "http_req_sending": {
      "type": "trend",
      "contains": "time",
      "values": {
        "min": 0.00785,
        "med": 0.01822,
        "max": 0.206869,
        "p(50)": 0.01822,
        "p(95)": 0.03728099999999998,
        "p(99)": 0.06445640999999998,
        "avg": 0.019219575440888197
      }
    },
    "http_req_connecting": {
      "type": "trend",
      "contains": "time",
      "values": {
        "avg": 0.012365455584585239,
        "min": 0,
        "med": 0,
        "max": 6.983976,
        "p(50)": 0,
        "p(95)": 0,
        "p(99)": 0
      }
    },
    "data_received": {
      "values": {
        "rate": 127743.9339273162,
        "count": 11507689
      },
      "type": "counter",
      "contains": "data"
    },
    "http_req_waiting": {
      "type": "trend",
      "contains": "time",
      "values": {
        "med": 7.407679,
        "max": 39.333977,
        "p(50)": 7.407679,
        "p(95)": 9.3455435,
        "p(99)": 10.30063508,
        "avg": 7.4985578581319015,
        "min": 3.610201
      }
    },
    "data_sent": {
      "type": "counter",
      "contains": "data",
      "values": {
        "count": 1558635,
        "rate": 17302.01141661045
      }
    },
    "iteration_duration": {
      "type": "trend",
      "contains": "time",
      "values": {
        "p(50)": 77.659777,
        "p(95)": 85.830868,
        "p(99)": 88.67045730000001,
        "avg": 78.46446886675388,
        "min": 67.31216,
        "med": 77.659777,
        "max": 114.634126
      }
    },
    "vus_max": {
      "type": "gauge",
      "contains": "default",
      "values": {
        "value": 34,
        "min": 34,
        "max": 34
      }
    },
    "vus": {
      "values": {
        "value": 1,
        "min": 1,
        "max": 2
      },
      "type": "gauge",
      "contains": "default"
    },
    "round_trip_count": {
      "type": "trend",
      "contains": "default",
      "values": {
        "med": 10,
        "max": 10,
        "p(50)": 10,
        "p(95)": 10,
        "p(99)": 10,
        "avg": 10,
        "min": 10
      }
    },
    "http_req_blocked": {
      "values": {
        "p(95)": 0.00986955,
        "p(99)": 0.03465189999999999,
        "avg": 0.01893974154147608,
        "min": 0.00279,
        "med": 0.0063,
        "max": 7.067575,
        "p(50)": 0.0063
      },
      "type": "trend",
      "contains": "time"
    },
    "iterations": {
      "type": "counter",
      "contains": "default",
      "values": {
        "count": 1531,
        "rate": 16.995242297799418
      }
    },
    "req_latency": {
      "type": "trend",
      "contains": "default",
      "values": {
        "p(50)": 7.512093,
        "p(95)": 9.49284645,
        "p(99)": 10.442299,
        "avg": 7.612940041149554,
        "min": 3.713941,
        "med": 7.512093,
        "max": 39.437556
      }
    },
    "page_latency": {
      "type": "trend",
      "contains": "default",
      "values": {
        "min": 65.19421,
        "med": 75.441459,
        "max": 112.273399,
        "p(50)": 75.441459,
        "p(95)": 83.42990850000001,
        "p(99)": 85.54220260000001,
        "avg": 76.12940041149568
      }
    },
    "http_req_failed": {
      "type": "rate",
      "contains": "default",
      "values": {
        "rate": 0,
        "passes": 0,
        "fails": 15310
      }
    },
    "checks": {
      "type": "rate",
      "contains": "default",
      "values": {
        "rate": 1,
        "passes": 15310,
        "fails": 0
      }
    },
    "payload_bytes": {
      "type": "trend",
      "contains": "default",
      "values": {
        "med": 517,
        "max": 536,
        "p(50)": 517,
        "p(95)": 526,
        "p(99)": 529,
        "avg": 490.645264532985,
        "min": 251
      }
    },
    "http_req_tls_handshaking": {
      "type": "trend",
      "contains": "time",
      "values": {
        "p(50)": 0,
        "p(95)": 0,
        "p(99)": 0,
        "avg": 0,
        "min": 0,
        "med": 0,
        "max": 0
      }
    },
    "http_req_receiving": {
      "type": "trend",
      "contains": "time",
      "values": {
        "p(50)": 0.08306,
        "p(95)": 0.17102454999999994,
        "p(99)": 0.38655688999999993,
        "avg": 0.09516260757674708,
        "min": 0.04011,
        "med": 0.08306,
        "max": 1.113014
      }
    },
    "http_reqs": {
      "type": "counter",
      "contains": "default",
      "values": {
        "count": 15310,
        "rate": 169.9524229779942
      }
    }
  }
}