{
  "options": {
    "summaryTimeUnit": "",
    "noColor": false,
    "summaryTrendStats": [
      "avg",
      "min",
      "med",
      "max",
      "p(50)",
      "p(95)",
      "p(99)"
    ]
  },
  "state": {
    "isStdOutTTY": false,
    "isStdErrTTY": false,
    "testRunDurationMs": 90001.11188
  },
  "metrics": {
    "http_req_connecting": {
      "type": "trend",
      "contains": "time",
      "values": {
        "med": 0,
        "max": 16.722106,
        "p(50)": 0,
        "p(95)": 0,
        "p(99)": 5.443331309999997,
        "avg": 0.12030047822822822,
        "min": 0
      }
    },
    "iterations": {
      "contains": "default",
      "values": {
        "count": 6660,
        "rate": 73.9990857988498
      },
      "type": "counter"
    },
    "http_req_duration": {
      "contains": "time",
      "values": {
        "avg": 12.723935865615603,
        "min": 8.352425,
        "med": 11.7700995,
        "max": 72.389366,
        "p(50)": 11.7700995,
        "p(95)": 15.547413099999998,
        "p(99)": 50.34859140999994
      },
      "type": "trend"
    },
    "http_req_tls_handshaking": {
      "type": "trend",
      "contains": "time",
      "values": {
        "med": 0,
        "max": 0,
        "p(50)": 0,
        "p(95)": 0,
        "p(99)": 0,
        "avg": 0,
        "min": 0
      }
    },
    "data_sent": {
      "type": "counter",
      "contains": "data",
      "values": {
        "count": 1767465,
        "rate": 19638.257384604214
      }
    },
    "http_reqs": {
      "contains": "default",
      "values": {
        "count": 6660,
        "rate": 73.9990857988498
      },
      "type": "counter"
    },
    "payload_bytes": {
      "type": "trend",
      "contains": "default",
      "values": {
        "max": 305,
        "p(50)": 224,
        "p(95)": 251,
        "p(99)": 276,
        "avg": 222.30960960960962,
        "min": 124,
        "med": 224
      }
    },
    "iteration_duration": {
      "values": {
        "p(99)": 50.83133376999992,
        "avg": 13.384209726426421,
        "min": 8.8227,
        "med": 12.3365695,
        "max": 72.87152,
        "p(50)": 12.3365695,
        "p(95)": 17.15772675
      },
      "type": "trend",
      "contains": "time"
    },
    "http_req_blocked": {
      "type": "trend",
      "contains": "time",
      "values": {
        "min": 0.00435,
        "med": 0.00728,
        "max": 16.827685,
        "p(50)": 0.00728,
        "p(95)": 0.01375,
        "p(99)": 5.550462599999997,
        "avg": 0.13066051246246194
      }
    },
    "http_req_receiving": {
      "type": "trend",
      "contains": "time",
      "values": {
        "p(50)": 0.090329,
        "p(95)": 0.15615104999999996,
        "p(99)": 0.6581492099999999,
        "avg": 0.11363946291291281,
        "min": 0.04104,
        "med": 0.090329,
        "max": 6.437422
      }
    },
    "http_req_failed": {
      "type": "rate",
      "contains": "default",
      "values": {
        "rate": 0,
        "passes": 0,
        "fails": 6660
      }
    },
    "http_req_waiting": {
      "type": "trend",
      "contains": "time",
      "values": {
        "max": 71.268931,
        "p(50)": 11.6500635,
        "p(95)": 15.4183344,
        "p(99)": 49.415217569999925,
        "avg": 12.57844815480481,
        "min": 8.253516,
        "med": 11.6500635
      }
    },
    "vus_max": {
      "values": {
        "value": 148,
        "min": 148,
        "max": 148
      },
      "type": "gauge",
      "contains": "default"
    },
    "data_received": {
      "contains": "data",
      "values": {
        "rate": 35764.46926891011,
        "count": 3218842
      },
      "type": "counter"
    },
    "http_req_duration{expected_response:true}": {
      "type": "trend",
      "contains": "time",
      "values": {
        "max": 72.389366,
        "p(50)": 11.7700995,
        "p(95)": 15.547413099999998,
        "p(99)": 50.34859140999994,
        "avg": 12.723935865615603,
        "min": 8.352425,
        "med": 11.7700995
      }
    },
    "round_trip_count": {
      "contains": "default",
      "values": {
        "max": 1,
        "p(50)": 1,
        "p(95)": 1,
        "p(99)": 1,
        "avg": 1,
        "min": 1,
        "med": 1
      },
      "type": "trend"
    },
    "vus": {
      "type": "gauge",
      "contains": "default",
      "values": {
        "max": 1,
        "value": 1,
        "min": 0
      }
    },
    "req_latency": {
      "contains": "default",
      "values": {
        "max": 72.389366,
        "p(50)": 11.7700995,
        "p(95)": 15.547413099999998,
        "p(99)": 50.34859140999994,
        "avg": 12.723935865615603,
        "min": 8.352425,
        "med": 11.7700995
      },
      "type": "trend"
    },
    "checks": {
      "type": "rate",
      "contains": "default",
      "values": {
        "rate": 1,
        "passes": 13320,
        "fails": 0
      }
    },
    "http_req_sending": {
      "type": "trend",
      "contains": "time",
      "values": {
        "max": 0.517884,
        "p(50)": 0.027279,
        "p(95)": 0.05209144999999998,
        "p(99)": 0.12131409999999997,
        "avg": 0.031848247897897926,
        "min": 0.01227,
        "med": 0.027279
      }
    }
  },
  "root_group": {
    "id": "d41d8cd98f00b204e9800998ecf8427e",
    "groups": [],
    "checks": [
        {
          "path": "::status is 200",
          "id": "6210a8cd14cd70477eba5c5e4cb3fb5f",
          "passes": 6660,
          "fails": 0,
          "name": "status is 200"
        },
        {
          "name": "no graphql errors",
          "path": "::no graphql errors",
          "id": "7c29382b2a87caa2e50f0d89170b649f",
          "passes": 6660,
          "fails": 0
        }
      ],
    "name": "",
    "path": ""
  }
}