{
  "state": {
    "isStdOutTTY": false,
    "isStdErrTTY": false,
    "testRunDurationMs": 90010.559533
  },
  "metrics": {
    "http_req_connecting": {
      "type": "trend",
      "contains": "time",
      "values": {
        "max": 12.070835,
        "p(50)": 0,
        "p(95)": 0,
        "p(99)": 5.445937000000005,
        "avg": 0.12178560503103558,
        "min": 0,
        "med": 0
      }
    },
    "http_req_waiting": {
      "contains": "time",
      "values": {
        "med": 7.48593,
        "max": 11.475028,
        "p(50)": 7.48593,
        "p(95)": 9.198678,
        "p(99)": 9.8741906,
        "avg": 7.4777653247304805,
        "min": 4.040116
      },
      "type": "trend"
    },
    "http_req_receiving": {
      "type": "trend",
      "contains": "time",
      "values": {
        "p(95)": 0.134701,
        "p(99)": 0.1690954000000001,
        "avg": 0.09347332048350221,
        "min": 0.04354,
        "med": 0.08963,
        "max": 0.513282,
        "p(50)": 0.08963
      }
    },
    "data_sent": {
      "type": "counter",
      "contains": "data",
      "values": {
        "count": 311654,
        "rate": 3462.4159833795975
      }
    },
    "http_req_sending": {
      "contains": "time",
      "values": {
        "p(50)": 0.02614,
        "p(95)": 0.053361,
        "p(99)": 0.11581600000000003,
        "avg": 0.030719061744528063,
        "min": 0.01206,
        "med": 0.02614,
        "max": 0.226222
      },
      "type": "trend"
    },
    "http_req_duration": {
      "type": "trend",
      "contains": "time",
      "values": {
        "p(95)": 9.327758,
        "p(99)": 10.002604000000002,
        "avg": 7.601957706958536,
        "min": 4.156646,
        "med": 7.613487,
        "max": 11.625568,
        "p(50)": 7.613487
      }
    },
    "req_latency": {
      "type": "trend",
      "contains": "default",
      "values": {
        "p(95)": 9.327758,
        "p(99)": 10.002604000000002,
        "avg": 7.601957706958536,
        "min": 4.156646,
        "med": 7.613487,
        "max": 11.625568,
        "p(50)": 7.613487
      }
    },
    "page_latency": {
      "contains": "default",
      "values": {
        "p(95)": 9.327758,
        "p(99)": 10.002604000000002,
        "avg": 7.601957706958536,
        "min": 4.156646,
        "med": 7.613487,
        "max": 11.625568,
        "p(50)": 7.613487
      },
      "type": "trend"
    },
    "round_trip_count": {
      "type": "trend",
      "contains": "default",
      "values": {
        "med": 1,
        "max": 1,
        "p(50)": 1,
        "p(95)": 1,
        "p(99)": 1,
        "avg": 1,
        "min": 1
      }
    },
    "http_req_blocked": {
      "type": "trend",
      "contains": "time",
      "values": {
        "med": 0.00713,
        "max": 12.151515,
        "p(50)": 0.00713,
        "p(95)": 0.01454,
        "p(99)": 5.544050000000007,
        "avg": 0.13208574322116987,
        "min": 0.00427
      }
    },
    "http_req_tls_handshaking": {
      "type": "trend",
      "contains": "time",
      "values": {
        "p(99)": 0,
        "avg": 0,
        "min": 0,
        "med": 0,
        "max": 0,
        "p(50)": 0,
        "p(95)": 0
      }
    },
    "iteration_duration": {
      "values": {
        "p(99)": 14.127321800000004,
        "avg": 8.113230526625282,
        "min": 4.499838,
        "med": 8.023625,
        "max": 19.755786,
        "p(50)": 8.023625,
        "p(95)": 9.948519
      },
      "type": "trend",
      "contains": "time"
    },
    "vus": {
      "type": "gauge",
      "contains": "default",
      "values": {
        "value": 0,
        "min": 0,
        "max": 1
      }
    },
    "checks": {
      "type": "rate",
      "contains": "default",
      "values": {
        "rate": 1,
        "passes": 3061,
        "fails": 0
      }
    },
    "data_received": {
      "type": "counter",
      "contains": "data",
      "values": {
        "count": 2294457,
        "rate": 25490.975857769194
      }
    },
    "iterations": {
      "type": "counter",
      "contains": "default",
      "values": {
        "count": 3061,
        "rate": 34.00712111869235
      }
    },
    "vus_max": {
      "type": "gauge",
      "contains": "default",
      "values": {
        "value": 68,
        "min": 68,
        "max": 68
      }
    },
    "http_reqs": {
      "type": "counter",
      "contains": "default",
      "values": {
        "rate": 34.00712111869235,
        "count": 3061
      }
    },
    "http_req_failed": {
      "type": "rate",
      "contains": "default",
      "values": {
        "fails": 3061,
        "rate": 0,
        "passes": 0
      }
    },
    "payload_bytes": {
      "type": "trend",
      "contains": "default",
      "values": {
        "med": 517,
        "max": 536,
        "p(50)": 517,
        "p(95)": 526,
        "p(99)": 529,
        "avg": 488.57758902319506,
        "min": 251
      }
    },
    "http_req_duration{expected_response:true}": {
      "type": "trend",
      "contains": "time",
      "values": {
        "p(99)": 10.002604000000002,
        "avg": 7.601957706958536,
        "min": 4.156646,
        "med": 7.613487,
        "max": 11.625568,
        "p(50)": 7.613487,
        "p(95)": 9.327758
      }
    }
  },
  "root_group": {
    "id": "d41d8cd98f00b204e9800998ecf8427e",
    "groups": [],
    "checks": [
        {
          "id": "6210a8cd14cd70477eba5c5e4cb3fb5f",
          "passes": 3061,
          "fails": 0,
          "name": "status is 200",
          "path": "::status is 200"
        }
      ],
    "name": "",
    "path": ""
  },
  "options": {
    "summaryTrendStats": [
      "avg",
      "min",
      "med",
      "max",
      "p(50)",
      "p(95)",
      "p(99)"
    ],
    "summaryTimeUnit": "",
    "noColor": false
  }
}