{
  "root_group": {
    "name": "",
    "path": "",
    "id": "d41d8cd98f00b204e9800998ecf8427e",
    "groups": [],
    "checks": [
        {
          "name": "status is 200",
          "path": "::status is 200",
          "id": "6210a8cd14cd70477eba5c5e4cb3fb5f",
          "passes": 2250,
          "fails": 0
        }
      ]
  },
  "options": {
    "summaryTrendStats": [
      "avg",
      "min",
      "med",
      "max",
      "p(50)",
      "p(95)",
      "p(99)"
    ],
    "summaryTimeUnit": "",
    "noColor": false
  },
  "state": {
    "isStdOutTTY": false,
    "isStdErrTTY": false,
    "testRunDurationMs": 90001.254977
  },
  "metrics": {
    "http_req_connecting": {
      "type": "trend",
      "contains": "time",
      "values": {
        "p(99)": 5.412187499999987,
        "avg": 0.11571968977777777,
        "min": 0,
        "med": 0,
        "max": 7.341763,
        "p(50)": 0,
        "p(95)": 0
      }
    },
    "http_req_tls_handshaking": {
      "type": "trend",
      "contains": "time",
      "values": {
        "min": 0,
        "med": 0,
        "max": 0,
        "p(50)": 0,
        "p(95)": 0,
        "p(99)": 0,
        "avg": 0
      }
    },
    "http_req_blocked": {
      "type": "trend",
      "contains": "time",
      "values": {
        "p(95)": 0.020484999999999972,
        "p(99)": 5.513558909999985,
        "avg": 0.12635641599999972,
        "min": 0.00384,
        "med": 0.00718,
        "max": 7.414573,
        "p(50)": 0.00718
      }
    },
    "req_latency": {
      "type": "trend",
      "contains": "default",
      "values": {
        "avg": 7.6487276066666725,
        "min": 3.452547,
        "med": 7.6363505,
        "max": 22.610023,
        "p(50)": 7.6363505,
        "p(95)": 9.294484950000001,
        "p(99)": 9.924325189999996
      }
    },
    "data_sent": {
      "values": {
        "count": 332996,
        "rate": 3699.903963395819
      },
      "type": "counter",
      "contains": "data"
    },
    "http_req_duration": {
      "type": "trend",
      "contains": "time",
      "values": {
        "min": 3.452547,
        "med": 7.6363505,
        "max": 22.610023,
        "p(50)": 7.6363505,
        "p(95)": 9.294484950000001,
        "p(99)": 9.924325189999996,
        "avg": 7.6487276066666725
      }
    },
    "http_req_waiting": {
      "values": {
        "avg": 7.5177187333333455,
        "min": 3.340478,
        "med": 7.505876499999999,
        "max": 16.055526,
        "p(50)": 7.505876499999999,
        "p(95)": 9.165532,
        "p(99)": 9.818210899999997
      },
      "type": "trend",
      "contains": "time"
    },
    "payload_bytes": {
      "type": "trend",
      "contains": "default",
      "values": {
        "avg": 471.7408888888889,
        "min": 223,
        "med": 428,
        "max": 29387,
        "p(50)": 428,
        "p(95)": 528,
        "p(99)": 530
      }
    },
    "http_req_receiving": {
      "type": "trend",
      "contains": "time",
      "values": {
        "max": 7.047595,
        "p(50)": 0.0904045,
        "p(95)": 0.13736099999999993,
        "p(99)": 0.18029800999999943,
        "avg": 0.10116036355555529,
        "min": 0.04423,
        "med": 0.0904045
      }
    },
    "http_req_failed": {
      "contains": "default",
      "values": {
        "rate": 0,
        "passes": 0,
        "fails": 2250
      },
      "type": "rate"
    },
    "iterations": {
      "type": "counter",
      "contains": "default",
      "values": {
        "count": 2250,
        "rate": 24.99965140013872
      }
    },
    "vus_max": {
      "type": "gauge",
      "contains": "default",
      "values": {
        "value": 50,
        "min": 50,
        "max": 50
      }
    },
    "http_req_sending": {
      "type": "trend",
      "contains": "time",
      "values": {
        "max": 0.287918,
        "p(50)": 0.02612,
        "p(95)": 0.048953999999999866,
        "p(99)": 0.12190218999999983,
        "avg": 0.029848509777777754,
        "min": 0.01049,
        "med": 0.02612
      }
    },
    "round_trip_count": {
      "values": {
        "med": 1,
        "max": 1,
        "p(50)": 1,
        "p(95)": 1,
        "p(99)": 1,
        "avg": 1,
        "min": 1
      },
      "type": "trend",
      "contains": "default"
    },
    "checks": {
      "values": {
        "passes": 2250,
        "fails": 0,
        "rate": 1
      },
      "type": "rate",
      "contains": "default"
    },
    "http_reqs": {
      "type": "counter",
      "contains": "default",
      "values": {
        "count": 2250,
        "rate": 24.99965140013872
      }
    },
    "http_req_duration{expected_response:true}": {
      "contains": "time",
      "values": {
        "avg": 7.6487276066666725,
        "min": 3.452547,
        "med": 7.6363505,
        "max": 22.610023,
        "p(50)": 7.6363505,
        "p(95)": 9.294484950000001,
        "p(99)": 9.924325189999996
      },
      "type": "trend"
    },
    "iteration_duration": {
      "values": {
        "p(99)": 14.172421019999993,
        "avg": 8.103022327555564,
        "min": 3.803686,
        "med": 8.009738500000001,
        "max": 23.004691,
        "p(50)": 8.009738500000001,
        "p(95)": 9.920007549999998
      },
      "type": "trend",
      "contains": "time"
    },
    "vus": {
      "type": "gauge",
      "contains": "default",
      "values": {
        "max": 0,
        "value": 0,
        "min": 0
      }
    },
    "data_received": {
      "type": "counter",
      "contains": "data",
      "values": {
        "count": 1648671,
        "rate": 18318.311232674714
      }
    }
  }
}