{
  "state": {
    "isStdOutTTY": false,
    "isStdErrTTY": false,
    "testRunDurationMs": 90018.610542
  },
  "metrics": {
    "vus_max": {
      "type": "gauge",
      "contains": "default",
      "values": {
        "value": 50,
        "min": 50,
        "max": 50
      }
    },
    "http_req_tls_handshaking": {
      "type": "trend",
      "contains": "time",
      "values": {
        "avg": 0,
        "min": 0,
        "med": 0,
        "max": 0,
        "p(50)": 0,
        "p(95)": 0,
        "p(99)": 0
      }
    },
    "iterations": {
      "contains": "default",
      "values": {
        "count": 2251,
        "rate": 25.005940287755834
      },
      "type": "counter"
    },
    "http_req_duration{expected_response:true}": {
      "type": "trend",
      "contains": "time",
      "values": {
        "min": 3.606643,
        "med": 7.585706999999999,
        "max": 28.715363,
        "p(50)": 7.585706999999999,
        "p(95)": 9.297984699999999,
        "p(99)": 10.066552309999999,
        "avg": 7.551843857840982
      }
    },
    "req_latency": {
      "contains": "default",
      "values": {
        "p(95)": 9.297984699999999,
        "p(99)": 10.066552309999999,
        "avg": 7.551843857840982,
        "min": 3.606643,
        "med": 7.585706999999999,
        "max": 28.715363,
        "p(50)": 7.585706999999999
      },
      "type": "trend"
    },
    "iteration_duration": {
      "values": {
        "p(50)": 15.771506,
        "p(95)": 18.390478,
        "p(99)": 22.10986,
        "avg": 15.878460426477073,
        "min": 10.394747,
        "med": 15.771506,
        "max": 41.429487
      },
      "type": "trend",
      "contains": "time"
    },
    "http_req_blocked": {
      "type": "trend",
      "contains": "time",
      "values": {
        "avg": 0.06920926299422424,
        "min": 0.00329,
        "med": 0.00692,
        "max": 7.421078,
        "p(50)": 0.00692,
        "p(95)": 0.012309499999999998,
        "p(99)": 4.156262399999948
      }
    },
    "http_req_receiving": {
      "type": "trend",
      "contains": "time",
      "values": {
        "max": 0.520301,
        "p(50)": 0.09173,
        "p(95)": 0.1399849999999999,
        "p(99)": 0.1796299,
        "avg": 0.09693404020435348,
        "min": 0.04412,
        "med": 0.09173
      }
    },
    "http_reqs": {
      "type": "counter",
      "contains": "default",
      "values": {
        "count": 4502,
        "rate": 50.01188057551167
      }
    },
    "checks": {
      "type": "rate",
      "contains": "default",
      "values": {
        "rate": 1,
        "passes": 4502,
        "fails": 0
      }
    },
    "http_req_waiting": {
      "values": {
        "avg": 7.428455860062191,
        "min": 3.449553,
        "med": 7.4587805,
        "max": 28.576542,
        "p(50)": 7.4587805,
        "p(95)": 9.174618399999998,
        "p(99)": 9.926259069999999
      },
      "type": "trend",
      "contains": "time"
    },
    "page_latency": {
      "type": "trend",
      "contains": "default",
      "values": {
        "avg": 15.103687715681948,
        "min": 9.639956999999999,
        "med": 15.081609,
        "max": 36.844842,
        "p(50)": 15.081609,
        "p(95)": 17.452845,
        "p(99)": 18.3860015
      }
    },
    "http_req_failed": {
      "type": "rate",
      "contains": "default",
      "values": {
        "rate": 0,
        "passes": 0,
        "fails": 4502
      }
    },
    "http_req_sending": {
      "values": {
        "avg": 0.026453957574411362,
        "min": 0.00979,
        "med": 0.02299,
        "max": 0.22562,
        "p(50)": 0.02299,
        "p(95)": 0.04760699999999999,
        "p(99)": 0.10297479999999967
      },
      "type": "trend",
      "contains": "time"
    },
    "round_trip_count": {
      "contains": "default",
      "values": {
        "avg": 2,
        "min": 2,
        "med": 2,
        "max": 2,
        "p(50)": 2,
        "p(95)": 2,
        "p(99)": 2
      },
      "type": "trend"
    },
    "data_received": {
      "type": "counter",
      "contains": "data",
      "values": {
        "rate": 63925.05911113955,
        "count": 5754445
      }
    },
    "payload_bytes": {
      "type": "trend",
      "contains": "default",
      "values": {
        "avg": 1016.743669480231,
        "min": 110,
        "med": 129,
        "max": 2386,
        "p(50)": 129,
        "p(95)": 2328,
        "p(99)": 2349.99
      }
    },
    "http_req_connecting": {
      "values": {
        "med": 0,
        "max": 7.327869,
        "p(50)": 0,
        "p(95)": 0,
        "p(99)": 4.063759099999949,
        "avg": 0.060363754109284753,
        "min": 0
      },
      "type": "trend",
      "contains": "time"
    },
    "data_sent": {
      "type": "counter",
      "contains": "data",
      "values": {
        "count": 450843,
        "rate": 5008.33102494567
      }
    },
    "vus": {
      "type": "gauge",
      "contains": "default",
      "values": {
        "value": 0,
        "min": 0,
        "max": 0
      }
    },
    "http_req_duration": {
      "contains": "time",
      "values": {
        "p(95)": 9.297984699999999,
        "p(99)": 10.066552309999999,
        "avg": 7.551843857840982,
        "min": 3.606643,
        "med": 7.585706999999999,
        "max": 28.715363,
        "p(50)": 7.585706999999999
      },
      "type": "trend"
    }
  },
  "root_group": {
    "checks": [
      {
        "name": "status is 200",
        "path": "::status is 200",
        "id": "6210a8cd14cd70477eba5c5e4cb3fb5f",
        "passes": 4502,
        "fails": 0
      }
    ],
    "name": "",
    "path": "",
    "id": "d41d8cd98f00b204e9800998ecf8427e",
    "groups": []
  },
  "options": {
    "summaryTrendStats": [
      "avg",
      "min",
      "med",
      "max",
      "p(50)",
      "p(95)",
      "p(99)"
    ],
    "summaryTimeUnit": "",
    "noColor": false
  }
}