{
  "metrics": {
    "vus": {
      "values": {
        "value": 0,
        "min": 0,
        "max": 4
      },
      "type": "gauge",
      "contains": "default"
    },
    "data_sent": {
      "type": "counter",
      "contains": "data",
      "values": {
        "count": 664089,
        "rate": 7378.683594249333
      }
    },
    "payload_bytes": {
      "type": "trend",
      "contains": "default",
      "values": {
        "med": 3501,
        "max": 29355,
        "p(50)": 3501,
        "p(95)": 5143,
        "p(99)": 5286,
        "avg": 2928.7471111111113,
        "min": 617
      }
    },
    "http_reqs": {
      "type": "counter",
      "contains": "default",
      "values": {
        "rate": 49.99943708467087,
        "count": 4500
      }
    },
    "http_req_connecting": {
      "type": "trend",
      "contains": "time",
      "values": {
        "p(99)": 5.480552000000005,
        "avg": 0.17288505133333332,
        "min": 0,
        "med": 0,
        "max": 248.282761,
        "p(50)": 0,
        "p(95)": 0
      }
    },
    "http_req_sending": {
      "type": "trend",
      "contains": "time",
      "values": {
        "p(95)": 0.05233,
        "p(99)": 0.12646889000000003,
        "avg": 0.03196965999999996,
        "min": 0.01182,
        "med": 0.027214500000000003,
        "max": 2.115185,
        "p(50)": 0.027214500000000003
      }
    },
    "data_received": {
      "type": "counter",
      "contains": "data",
      "values": {
        "count": 14357034,
        "rate": 159520.80404566237
      }
    },
    "round_trip_count": {
      "type": "trend",
      "contains": "default",
      "values": {
        "min": 1,
        "med": 1,
        "max": 1,
        "p(50)": 1,
        "p(95)": 1,
        "p(99)": 1,
        "avg": 1
      }
    },
    "http_req_duration": {
      "values": {
        "max": 22.002285,
        "p(50)": 7.832375,
        "p(95)": 9.659222250000001,
        "p(99)": 10.360821970000007,
        "avg": 7.825230969555537,
        "min": 4.128499,
        "med": 7.832375
      },
      "type": "trend",
      "contains": "time"
    },
    "vus_max": {
      "values": {
        "value": 100,
        "min": 100,
        "max": 100
      },
      "type": "gauge",
      "contains": "default"
    },
    "http_req_failed": {
      "type": "rate",
      "contains": "default",
      "values": {
        "rate": 0,
        "passes": 0,
        "fails": 4500
      }
    },
    "checks": {
      "type": "rate",
      "contains": "default",
      "values": {
        "rate": 1,
        "passes": 4500,
        "fails": 0
      }
    },
    "http_req_receiving": {
      "type": "trend",
      "contains": "time",
      "values": {
        "avg": 0.10763205022222257,
        "min": 0.04352,
        "med": 0.099203,
        "max": 6.551708,
        "p(50)": 0.099203,
        "p(95)": 0.14564250000000006,
        "p(99)": 0.1942341000000002
      }
    },
    "iteration_duration": {
      "values": {
        "p(99)": 14.518288690000011,
        "avg": 8.431095358666656,
        "min": 4.36653,
        "med": 8.194166,
        "max": 257.037633,
        "p(50)": 8.194166,
        "p(95)": 10.252715250000001
      },
      "type": "trend",
      "contains": "time"
    },
    "req_latency": {
      "type": "trend",
      "contains": "default",
      "values": {
        "p(99)": 10.360821970000007,
        "avg": 7.825230969555537,
        "min": 4.128499,
        "med": 7.832375,
        "max": 22.002285,
        "p(50)": 7.832375,
        "p(95)": 9.659222250000001
      }
    },
    "http_req_duration{expected_response:true}": {
      "type": "trend",
      "contains": "time",
      "values": {
        "max": 22.002285,
        "p(50)": 7.832375,
        "p(95)": 9.659222250000001,
        "p(99)": 10.360821970000007,
        "avg": 7.825230969555537,
        "min": 4.128499,
        "med": 7.832375
      }
    },
    "http_req_blocked": {
      "type": "trend",
      "contains": "time",
      "values": {
        "max": 248.419309,
        "p(50)": 0.00738,
        "p(95)": 0.021071500000000003,
        "p(99)": 5.574921100000003,
        "avg": 0.18379569866666634,
        "min": 0.00404,
        "med": 0.00738
      }
    },
    "http_req_tls_handshaking": {
      "type": "trend",
      "contains": "time",
      "values": {
        "p(50)": 0,
        "p(95)": 0,
        "p(99)": 0,
        "avg": 0,
        "min": 0,
        "med": 0,
        "max": 0
      }
    },
    "http_req_waiting": {
      "type": "trend",
      "contains": "time",
      "values": {
        "p(99)": 10.213047820000002,
        "avg": 7.6856292593333295,
        "min": 3.943172,
        "med": 7.6872229999999995,
        "max": 15.424697,
        "p(50)": 7.6872229999999995,
        "p(95)": 9.516518000000001
      }
    },
    "iterations": {
      "values": {
        "count": 4500,
        "rate": 49.99943708467087
      },
      "type": "counter",
      "contains": "default"
    }
  },
  "root_group": {
    "checks": [
      {
        "id": "6210a8cd14cd70477eba5c5e4cb3fb5f",
        "passes": 4500,
        "fails": 0,
        "name": "status is 200",
        "path": "::status is 200"
      }
    ],
    "name": "",
    "path": "",
    "id": "d41d8cd98f00b204e9800998ecf8427e",
    "groups": []
  },
  "options": {
    "summaryTrendStats": [
      "avg",
      "min",
      "med",
      "max",
      "p(50)",
      "p(95)",
      "p(99)"
    ],
    "summaryTimeUnit": "",
    "noColor": false
  },
  "state": {
    "isStdOutTTY": false,
    "isStdErrTTY": false,
    "testRunDurationMs": 90001.013259
  }
}