{
  "options": {
    "summaryTrendStats": [
      "avg",
      "min",
      "med",
      "max",
      "p(50)",
      "p(95)",
      "p(99)"
    ],
    "summaryTimeUnit": "",
    "noColor": false
  },
  "state": {
    "isStdErrTTY": false,
    "testRunDurationMs": 90014.085304,
    "isStdOutTTY": false
  },
  "metrics": {
    "http_req_receiving": {
      "contains": "time",
      "values": {
        "avg": 0.09396871693439393,
        "min": 0.0418,
        "med": 0.0886445,
        "max": 1.324286,
        "p(50)": 0.0886445,
        "p(95)": 0.1455985,
        "p(99)": 0.24248169999999988
      },
      "type": "trend"
    },
    "page_latency": {
      "type": "trend",
      "contains": "default",
      "values": {
        "max": 55.824317,
        "p(50)": 14.461496,
        "p(95)": 16.701468,
        "p(99)": 17.991490999999996,
        "avg": 14.507568922083772,
        "min": 9.948589,
        "med": 14.461496
      }
    },
    "http_req_blocked": {
      "type": "trend",
      "contains": "time",
      "values": {
        "avg": 0.07146722706800646,
        "min": 0.00311,
        "med": 0.00696,
        "max": 11.980113,
        "p(50)": 0.00696,
        "p(95)": 0.01165949999999999,
        "p(99)": 4.6837564999999595
      }
    },
    "http_req_waiting": {
      "type": "trend",
      "contains": "time",
      "values": {
        "max": 48.24738,
        "p(50)": 7.122998,
        "p(95)": 8.798485,
        "p(99)": 9.63810019999998,
        "avg": 7.134998867812608,
        "min": 3.23172,
        "med": 7.122998
      }
    },
    "http_req_connecting": {
      "type": "trend",
      "contains": "time",
      "values": {
        "avg": 0.06302402447080016,
        "min": 0,
        "med": 0,
        "max": 11.876913,
        "p(50)": 0,
        "p(95)": 0,
        "p(99)": 4.606577909999958
      }
    },
    "payload_bytes": {
      "type": "trend",
      "contains": "default",
      "values": {
        "avg": 1006.5478156432968,
        "min": 110,
        "med": 129,
        "max": 2386,
        "p(50)": 129,
        "p(95)": 2326,
        "p(99)": 2350
      }
    },
    "iteration_duration": {
      "contains": "time",
      "values": {
        "avg": 15.174045881699405,
        "min": 10.533968,
        "med": 15.002193,
        "max": 56.400455,
        "p(50)": 15.002193,
        "p(95)": 17.664325,
        "p(99)": 21.903573999999992
      },
      "type": "trend"
    },
    "http_reqs": {
      "contains": "default",
      "values": {
        "count": 13322,
        "rate": 147.99905986944472
      },
      "type": "counter"
    },
    "http_req_duration{expected_response:true}": {
      "type": "trend",
      "contains": "time",
      "values": {
        "min": 3.31684,
        "med": 7.246117,
        "max": 48.46984,
        "p(50)": 7.246117,
        "p(95)": 8.917902899999998,
        "p(99)": 9.76673900999998,
        "avg": 7.253784461041893
      }
    },
    "round_trip_count": {
      "type": "trend",
      "contains": "default",
      "values": {
        "max": 2,
        "p(50)": 2,
        "p(95)": 2,
        "p(99)": 2,
        "avg": 2,
        "min": 2,
        "med": 2
      }
    },
    "data_sent": {
      "type": "counter",
      "contains": "data",
      "values": {
        "count": 1334136,
        "rate": 14821.41373202083
      }
    },
    "http_req_tls_handshaking": {
      "values": {
        "avg": 0,
        "min": 0,
        "med": 0,
        "max": 0,
        "p(50)": 0,
        "p(95)": 0,
        "p(99)": 0
      },
      "type": "trend",
      "contains": "time"
    },
    "vus_max": {
      "type": "gauge",
      "contains": "default",
      "values": {
        "value": 148,
        "min": 148,
        "max": 148
      }
    },
    "http_req_failed": {
      "type": "rate",
      "contains": "default",
      "values": {
        "rate": 0,
        "passes": 0,
        "fails": 13322
      }
    },
    "checks": {
      "type": "rate",
      "contains": "default",
      "values": {
        "passes": 13322,
        "fails": 0,
        "rate": 1
      }
    },
    "iterations": {
      "type": "counter",
      "contains": "default",
      "values": {
        "rate": 73.99952993472236,
        "count": 6661
      }
    },
    "vus": {
      "type": "gauge",
      "contains": "default",
      "values": {
        "value": 1,
        "min": 1,
        "max": 2
      }
    },
    "http_req_duration": {
      "type": "trend",
      "contains": "time",
      "values": {
        "min": 3.31684,
        "med": 7.246117,
        "max": 48.46984,
        "p(50)": 7.246117,
        "p(95)": 8.917902899999998,
        "p(99)": 9.76673900999998,
        "avg": 7.253784461041893
      }
    },
    "data_received": {
      "type": "counter",
      "contains": "data",
      "values": {
        "count": 16892283,
        "rate": 187662.66349261397
      }
    },
    "http_req_sending": {
      "type": "trend",
      "contains": "time",
      "values": {
        "max": 0.287609,
        "p(50)": 0.0227,
        "p(95)": 0.04396095,
        "p(99)": 0.08176549999999957,
        "avg": 0.02481687629485064,
        "min": 0.00834,
        "med": 0.0227
      }
    },
    "req_latency": {
      "type": "trend",
      "contains": "default",
      "values": {
        "max": 48.46984,
        "p(50)": 7.246117,
        "p(95)": 8.917902899999998,
        "p(99)": 9.76673900999998,
        "avg": 7.253784461041893,
        "min": 3.31684,
        "med": 7.246117
      }
    }
  },
  "root_group": {
    "name": "",
    "path": "",
    "id": "d41d8cd98f00b204e9800998ecf8427e",
    "groups": [],
    "checks": [
        {
          "path": "::status is 200",
          "id": "6210a8cd14cd70477eba5c5e4cb3fb5f",
          "passes": 13322,
          "fails": 0,
          "name": "status is 200"
        }
      ]
  }
}