{
  "metrics": {
    "http_req_duration": {
      "values": {
        "p(95)": 14.520829949999998,
        "p(99)": 17.33382626999989,
        "avg": 11.759218251111118,
        "min": 8.188418,
        "med": 11.300729,
        "max": 76.163346,
        "p(50)": 11.300729
      },
      "type": "trend",
      "contains": "time"
    },
    "checks": {
      "type": "rate",
      "contains": "default",
      "values": {
        "rate": 1,
        "passes": 4500,
        "fails": 0
      }
    },
    "http_req_failed": {
      "type": "rate",
      "contains": "default",
      "values": {
        "rate": 0,
        "passes": 0,
        "fails": 2250
      }
    },
    "req_latency": {
      "type": "trend",
      "contains": "default",
      "values": {
        "max": 76.163346,
        "p(50)": 11.300729,
        "p(95)": 14.520829949999998,
        "p(99)": 17.33382626999989,
        "avg": 11.759218251111118,
        "min": 8.188418,
        "med": 11.300729
      }
    },
    "data_sent": {
      "type": "counter",
      "contains": "data",
      "values": {
        "count": 597470,
        "rate": 6638.456449891694
      }
    },
    "iteration_duration": {
      "contains": "time",
      "values": {
        "med": 11.891019,
        "max": 76.534196,
        "p(50)": 11.891019,
        "p(95)": 15.878020399999984,
        "p(99)": 20.244377789999984,
        "avg": 12.462763577333329,
        "min": 8.695875
      },
      "type": "trend"
    },
    "http_req_duration{expected_response:true}": {
      "type": "trend",
      "contains": "time",
      "values": {
        "p(95)": 14.520829949999998,
        "p(99)": 17.33382626999989,
        "avg": 11.759218251111118,
        "min": 8.188418,
        "med": 11.300729,
        "max": 76.163346,
        "p(50)": 11.300729
      }
    },
    "http_req_receiving": {
      "type": "trend",
      "contains": "time",
      "values": {
        "avg": 0.10183462133333342,
        "min": 0.045569,
        "med": 0.094419,
        "max": 0.489127,
        "p(50)": 0.094419,
        "p(95)": 0.15249104999999996,
        "p(99)": 0.21991839999999976
      }
    },
    "http_req_waiting": {
      "type": "trend",
      "contains": "time",
      "values": {
        "p(95)": 14.392466599999997,
        "p(99)": 17.125377969999935,
        "avg": 11.622885135555588,
        "min": 8.043178,
        "med": 11.169414,
        "max": 75.762829,
        "p(50)": 11.169414
      }
    },
    "round_trip_count": {
      "type": "trend",
      "contains": "default",
      "values": {
        "avg": 1,
        "min": 1,
        "med": 1,
        "max": 1,
        "p(50)": 1,
        "p(95)": 1,
        "p(99)": 1
      }
    },
    "http_reqs": {
      "type": "counter",
      "contains": "default",
      "values": {
        "count": 2250,
        "rate": 24.999626780016253
      }
    },
    "http_req_connecting": {
      "contains": "time",
      "values": {
        "p(99)": 5.540775099999991,
        "avg": 0.11922878622222222,
        "min": 0,
        "med": 0,
        "max": 7.234304,
        "p(50)": 0,
        "p(95)": 0
      },
      "type": "trend"
    },
    "iterations": {
      "type": "counter",
      "contains": "default",
      "values": {
        "count": 2250,
        "rate": 24.999626780016253
      }
    },
    "vus": {
      "type": "gauge",
      "contains": "default",
      "values": {
        "value": 0,
        "min": 0,
        "max": 0
      }
    },
    "http_req_blocked": {
      "type": "trend",
      "contains": "time",
      "values": {
        "med": 0.0077,
        "max": 7.388823,
        "p(50)": 0.0077,
        "p(95)": 0.018103999999999922,
        "p(99)": 5.6421996,
        "avg": 0.1303783506666662,
        "min": 0.0043
      }
    },
    "data_received": {
      "type": "counter",
      "contains": "data",
      "values": {
        "count": 931061,
        "rate": 10344.967781968317
      }
    },
    "vus_max": {
      "type": "gauge",
      "contains": "default",
      "values": {
        "value": 50,
        "min": 50,
        "max": 50
      }
    },
    "payload_bytes": {
      "type": "trend",
      "contains": "default",
      "values": {
        "p(95)": 225,
        "p(99)": 250,
        "avg": 153.0391111111111,
        "min": 72,
        "med": 148,
        "max": 275,
        "p(50)": 148
      }
    },
    "http_req_tls_handshaking": {
      "type": "trend",
      "contains": "time",
      "values": {
        "avg": 0,
        "min": 0,
        "med": 0,
        "max": 0,
        "p(50)": 0,
        "p(95)": 0,
        "p(99)": 0
      }
    },
    "http_req_sending": {
      "type": "trend",
      "contains": "time",
      "values": {
        "p(50)": 0.029194499999999998,
        "p(95)": 0.0613369999999999,
        "p(99)": 0.12281959999999999,
        "avg": 0.03449849422222219,
        "min": 0.01301,
        "med": 0.029194499999999998,
        "max": 0.648416
      }
    }
  },
  "root_group": {
    "name": "",
    "path": "",
    "id": "d41d8cd98f00b204e9800998ecf8427e",
    "groups": [],
    "checks": [
        {
          "id": "6210a8cd14cd70477eba5c5e4cb3fb5f",
          "passes": 2250,
          "fails": 0,
          "name": "status is 200",
          "path": "::status is 200"
        },
        {
          "name": "no graphql errors",
          "path": "::no graphql errors",
          "id": "7c29382b2a87caa2e50f0d89170b649f",
          "passes": 2250,
          "fails": 0
        }
      ]
  },
  "options": {
    "summaryTrendStats": [
      "avg",
      "min",
      "med",
      "max",
      "p(50)",
      "p(95)",
      "p(99)"
    ],
    "summaryTimeUnit": "",
    "noColor": false
  },
  "state": {
    "isStdOutTTY": false,
    "isStdErrTTY": false,
    "testRunDurationMs": 90001.343612
  }
}