{
  "root_group": {
    "name": "",
    "path": "",
    "id": "d41d8cd98f00b204e9800998ecf8427e",
    "groups": [],
    "checks": [
        {
          "name": "status is 200",
          "path": "::status is 200",
          "id": "6210a8cd14cd70477eba5c5e4cb3fb5f",
          "passes": 2251,
          "fails": 0
        }
      ]
  },
  "options": {
    "summaryTrendStats": [
      "avg",
      "min",
      "med",
      "max",
      "p(50)",
      "p(95)",
      "p(99)"
    ],
    "summaryTimeUnit": "",
    "noColor": false
  },
  "state": {
    "isStdOutTTY": false,
    "isStdErrTTY": false,
    "testRunDurationMs": 90010.101677
  },
  "metrics": {
    "http_req_waiting": {
      "type": "trend",
      "contains": "time",
      "values": {
        "med": 7.922404,
        "max": 12.62368,
        "p(50)": 7.922404,
        "p(95)": 9.7516335,
        "p(99)": 10.612064,
        "avg": 7.955777480675253,
        "min": 4.506034
      }
    },
    "data_sent": {
      "type": "counter",
      "contains": "data",
      "values": {
        "count": 269153,
        "rate": 2990.2532603046247
      }
    },
    "http_req_duration": {
      "type": "trend",
      "contains": "time",
      "values": {
        "max": 12.857294,
        "p(50)": 8.051374,
        "p(95)": 9.884053999999999,
        "p(99)": 10.7680405,
        "avg": 8.086078833407356,
        "min": 4.681509,
        "med": 8.051374
      }
    },
    "http_req_receiving": {
      "type": "trend",
      "contains": "time",
      "values": {
        "avg": 0.09888390626388266,
        "min": 0.043909,
        "med": 0.092368,
        "max": 0.678573,
        "p(50)": 0.092368,
        "p(95)": 0.148091,
        "p(99)": 0.206584
      }
    },
    "http_req_failed": {
      "values": {
        "rate": 0,
        "passes": 0,
        "fails": 2251
      },
      "type": "rate",
      "contains": "default"
    },
    "http_req_duration{expected_response:true}": {
      "type": "trend",
      "contains": "time",
      "values": {
        "avg": 8.086078833407356,
        "min": 4.681509,
        "med": 8.051374,
        "max": 12.857294,
        "p(50)": 8.051374,
        "p(95)": 9.884053999999999,
        "p(99)": 10.7680405
      }
    },
    "req_latency": {
      "type": "trend",
      "contains": "default",
      "values": {
        "med": 8.051374,
        "max": 12.857294,
        "p(50)": 8.051374,
        "p(95)": 9.884053999999999,
        "p(99)": 10.7680405,
        "avg": 8.086078833407356,
        "min": 4.681509
      }
    },
    "checks": {
      "type": "rate",
      "contains": "default",
      "values": {
        "fails": 0,
        "rate": 1,
        "passes": 2251
      }
    },
    "data_received": {
      "values": {
        "count": 3233902,
        "rate": 35928.211831209934
      },
      "type": "counter",
      "contains": "data"
    },
    "http_req_connecting": {
      "values": {
        "avg": 0.117749003553976,
        "min": 0,
        "med": 0,
        "max": 7.45208,
        "p(50)": 0,
        "p(95)": 0,
        "p(99)": 5.3305995
      },
      "type": "trend",
      "contains": "time"
    },
    "iteration_duration": {
      "type": "trend",
      "contains": "time",
      "values": {
        "p(50)": 8.412557,
        "p(95)": 10.5171915,
        "p(99)": 14.998322,
        "avg": 8.56468349400266,
        "min": 4.969335,
        "med": 8.412557,
        "max": 18.745402
      }
    },
    "vus": {
      "type": "gauge",
      "contains": "default",
      "values": {
        "min": 0,
        "max": 0,
        "value": 0
      }
    },
    "http_req_sending": {
      "type": "trend",
      "contains": "time",
      "values": {
        "avg": 0.03141744646823634,
        "min": 0.01125,
        "med": 0.0269,
        "max": 0.200684,
        "p(50)": 0.0269,
        "p(95)": 0.0561935,
        "p(99)": 0.126141
      }
    },
    "vus_max": {
      "type": "gauge",
      "contains": "default",
      "values": {
        "min": 50,
        "max": 50,
        "value": 50
      }
    },
    "round_trip_count": {
      "values": {
        "avg": 1,
        "min": 1,
        "med": 1,
        "max": 1,
        "p(50)": 1,
        "p(95)": 1,
        "p(99)": 1
      },
      "type": "trend",
      "contains": "default"
    },
    "iterations": {
      "values": {
        "count": 2251,
        "rate": 25.008304157656465
      },
      "type": "counter",
      "contains": "default"
    },
    "payload_bytes": {
      "values": {
        "p(50)": 1384,
        "p(95)": 1928,
        "p(99)": 1993,
        "avg": 1175.0142159040427,
        "min": 303,
        "med": 1384,
        "max": 10638
      },
      "type": "trend",
      "contains": "default"
    },
    "http_req_tls_handshaking": {
      "type": "trend",
      "contains": "time",
      "values": {
        "p(95)": 0,
        "p(99)": 0,
        "avg": 0,
        "min": 0,
        "med": 0,
        "max": 0,
        "p(50)": 0
      }
    },
    "http_reqs": {
      "type": "counter",
      "contains": "default",
      "values": {
        "count": 2251,
        "rate": 25.008304157656465
      }
    },
    "http_req_blocked": {
      "type": "trend",
      "contains": "time",
      "values": {
        "med": 0.007539,
        "max": 7.559077,
        "p(50)": 0.007539,
        "p(95)": 0.018709,
        "p(99)": 5.4430065,
        "avg": 0.1283962203465124,
        "min": 0.00399
      }
    }
  }
}