{
  "state": {
    "isStdErrTTY": false,
    "testRunDurationMs": 90081.124188,
    "isStdOutTTY": false
  },
  "metrics": {
    "http_req_receiving": {
      "type": "trend",
      "contains": "time",
      "values": {
        "p(50)": 0.096189,
        "p(95)": 0.3881429999999999,
        "p(99)": 0.5778392899999999,
        "avg": 0.1411917467494276,
        "min": 0.03767,
        "med": 0.096189,
        "max": 1.260745
      }
    },
    "http_reqs": {
      "type": "counter",
      "contains": "default",
      "values": {
        "count": 30610,
        "rate": 339.80481788966904
      }
    },
    "round_trip_count": {
      "type": "trend",
      "contains": "default",
      "values": {
        "p(99)": 10,
        "avg": 10,
        "min": 10,
        "med": 10,
        "max": 10,
        "p(50)": 10,
        "p(95)": 10
      }
    },
    "data_received": {
      "values": {
        "count": 22975209,
        "rate": 255050.20288213278
      },
      "type": "counter",
      "contains": "data"
    },
    "vus": {
      "contains": "default",
      "values": {
        "min": 3,
        "max": 4,
        "value": 3
      },
      "type": "gauge"
    },
    "http_req_duration{expected_response:true}": {
      "type": "trend",
      "contains": "time",
      "values": {
        "min": 3.840913,
        "med": 7.92577,
        "max": 43.847549,
        "p(50)": 7.92577,
        "p(95)": 10.5977755,
        "p(99)": 11.86213539,
        "avg": 8.113460742567788
      }
    },
    "data_sent": {
      "type": "counter",
      "contains": "data",
      "values": {
        "count": 3116794,
        "rate": 34599.856830108234
      }
    },
    "http_req_waiting": {
      "type": "trend",
      "contains": "time",
      "values": {
        "max": 43.180223,
        "p(50)": 7.7807665,
        "p(95)": 10.3599675,
        "p(99)": 11.60733532,
        "avg": 7.955194615517817,
        "min": 3.753073,
        "med": 7.7807665
      }
    },
    "iterations": {
      "type": "counter",
      "contains": "default",
      "values": {
        "count": 3061,
        "rate": 33.9804817889669
      }
    },
    "checks": {
      "contains": "default",
      "values": {
        "rate": 1,
        "passes": 30610,
        "fails": 0
      },
      "type": "rate"
    },
    "http_req_blocked": {
      "contains": "time",
      "values": {
        "p(50)": 0.00433,
        "p(95)": 0.00829,
        "p(99)": 0.024695499999999992,
        "avg": 0.017950965860829643,
        "min": 0.00243,
        "med": 0.00433,
        "max": 12.194017
      },
      "type": "trend"
    },
    "http_req_tls_handshaking": {
      "type": "trend",
      "contains": "time",
      "values": {
        "p(99)": 0,
        "avg": 0,
        "min": 0,
        "med": 0,
        "max": 0,
        "p(50)": 0,
        "p(95)": 0
      }
    },
    "payload_bytes": {
      "type": "trend",
      "contains": "default",
      "values": {
        "p(50)": 517,
        "p(95)": 526,
        "p(99)": 529,
        "avg": 489.5785364260046,
        "min": 251,
        "med": 517,
        "max": 536
      }
    },
    "http_req_duration": {
      "type": "trend",
      "contains": "time",
      "values": {
        "p(99)": 11.86213539,
        "avg": 8.113460742567788,
        "min": 3.840913,
        "med": 7.92577,
        "max": 43.847549,
        "p(50)": 7.92577,
        "p(95)": 10.5977755
      }
    },
    "vus_max": {
      "type": "gauge",
      "contains": "default",
      "values": {
        "value": 68,
        "min": 68,
        "max": 68
      }
    },
    "http_req_connecting": {
      "type": "trend",
      "contains": "time",
      "values": {
        "med": 0,
        "max": 12.098307,
        "p(50)": 0,
        "p(95)": 0,
        "p(99)": 0,
        "avg": 0.01240392943482522,
        "min": 0
      }
    },
    "http_req_sending": {
      "type": "trend",
      "contains": "time",
      "values": {
        "p(95)": 0.03496549999999999,
        "p(99)": 0.05576550999999999,
        "avg": 0.01707438030055531,
        "min": 0.00698,
        "med": 0.01344,
        "max": 0.24136,
        "p(50)": 0.01344
      }
    },
    "http_req_failed": {
      "type": "rate",
      "contains": "default",
      "values": {
        "rate": 0,
        "passes": 0,
        "fails": 30610
      }
    },
    "req_latency": {
      "type": "trend",
      "contains": "default",
      "values": {
        "avg": 8.113460742567788,
        "min": 3.840913,
        "med": 7.92577,
        "max": 43.847549,
        "p(50)": 7.92577,
        "p(95)": 10.5977755,
        "p(99)": 11.86213539
      }
    },
    "page_latency": {
      "type": "trend",
      "contains": "default",
      "values": {
        "avg": 81.13460742567801,
        "min": 64.230339,
        "med": 80.44272299999999,
        "max": 120.342545,
        "p(50)": 80.44272299999999,
        "p(95)": 91.71204499999999,
        "p(99)": 100.91387280000001
      }
    },
    "iteration_duration": {
      "values": {
        "avg": 83.06101955014718,
        "min": 65.810574,
        "med": 82.328771,
        "max": 121.899658,
        "p(50)": 82.328771,
        "p(95)": 94.138453,
        "p(99)": 103.10969920000004
      },
      "type": "trend",
      "contains": "time"
    }
  },
  "root_group": {
    "name": "",
    "path": "",
    "id": "d41d8cd98f00b204e9800998ecf8427e",
    "groups": [],
    "checks": [
        {
          "path": "::status is 200",
          "id": "6210a8cd14cd70477eba5c5e4cb3fb5f",
          "passes": 30610,
          "fails": 0,
          "name": "status is 200"
        }
      ]
  },
  "options": {
    "summaryTrendStats": [
      "avg",
      "min",
      "med",
      "max",
      "p(50)",
      "p(95)",
      "p(99)"
    ],
    "summaryTimeUnit": "",
    "noColor": false
  }
}