{
  "state": {
    "isStdOutTTY": false,
    "isStdErrTTY": false,
    "testRunDurationMs": 90017.859463
  },
  "metrics": {
    "data_received": {
      "type": "counter",
      "contains": "data",
      "values": {
        "count": 14842036,
        "rate": 164878.7928144472
      }
    },
    "payload_bytes": {
      "type": "trend",
      "contains": "default",
      "values": {
        "med": 2105,
        "max": 3474,
        "p(50)": 2105,
        "p(95)": 3084,
        "p(99)": 3281,
        "avg": 1966.279537606966,
        "min": 149
      }
    },
    "data_sent": {
      "contains": "data",
      "values": {
        "rate": 19637.23655000459,
        "count": 1767702
      },
      "type": "counter"
    },
    "http_req_waiting": {
      "type": "trend",
      "contains": "time",
      "values": {
        "p(50)": 15.344067,
        "p(95)": 33.586368,
        "p(99)": 65.44656559999997,
        "avg": 17.578427487464374,
        "min": 9.740001,
        "med": 15.344067,
        "max": 92.468531
      }
    },
    "vus_max": {
      "type": "gauge",
      "contains": "default",
      "values": {
        "value": 148,
        "min": 148,
        "max": 148
      }
    },
    "iteration_duration": {
      "type": "trend",
      "contains": "time",
      "values": {
        "avg": 18.979053656507972,
        "min": 10.230578,
        "med": 16.625652,
        "max": 98.357459,
        "p(50)": 16.625652,
        "p(95)": 38.05034,
        "p(99)": 68.39512599999996
      }
    },
    "req_latency": {
      "type": "trend",
      "contains": "default",
      "values": {
        "med": 15.47466,
        "max": 93.852852,
        "p(50)": 15.47466,
        "p(95)": 36.63789,
        "p(99)": 66.85826279999989,
        "avg": 17.80835393499468,
        "min": 9.86829
      }
    },
    "http_req_duration{expected_response:true}": {
      "type": "trend",
      "contains": "time",
      "values": {
        "max": 93.852852,
        "p(50)": 15.47466,
        "p(95)": 36.63789,
        "p(99)": 66.85826279999989,
        "avg": 17.80835393499468,
        "min": 9.86829,
        "med": 15.47466
      }
    },
    "http_req_blocked": {
      "values": {
        "p(99)": 5.445479799999994,
        "avg": 0.12821036676174677,
        "min": 0.00416,
        "med": 0.00684,
        "max": 12.36761,
        "p(50)": 0.00684,
        "p(95)": 0.01543
      },
      "type": "trend",
      "contains": "time"
    },
    "http_req_sending": {
      "type": "trend",
      "contains": "time",
      "values": {
        "med": 0.02623,
        "max": 1.934915,
        "p(50)": 0.02623,
        "p(95)": 0.060639,
        "p(99)": 0.11038299999999972,
        "avg": 0.03165130400840705,
        "min": 0.01068
      }
    },
    "vus": {
      "type": "gauge",
      "contains": "default",
      "values": {
        "min": 1,
        "max": 5,
        "value": 1
      }
    },
    "http_req_failed": {
      "type": "rate",
      "contains": "default",
      "values": {
        "fails": 6661,
        "rate": 0,
        "passes": 0
      }
    },
    "http_req_tls_handshaking": {
      "type": "trend",
      "contains": "time",
      "values": {
        "p(99)": 0,
        "avg": 0,
        "min": 0,
        "med": 0,
        "max": 0,
        "p(50)": 0,
        "p(95)": 0
      }
    },
    "iterations": {
      "type": "counter",
      "contains": "default",
      "values": {
        "count": 6661,
        "rate": 73.99642737270229
      }
    },
    "http_reqs": {
      "contains": "default",
      "values": {
        "count": 6661,
        "rate": 73.99642737270229
      },
      "type": "counter"
    },
    "http_req_receiving": {
      "contains": "time",
      "values": {
        "p(95)": 0.502066,
        "p(99)": 1.1173049999999909,
        "avg": 0.19827514352199382,
        "min": 0.031039,
        "med": 0.094699,
        "max": 22.028243,
        "p(50)": 0.094699
      },
      "type": "trend"
    },
    "http_req_connecting": {
      "contains": "time",
      "values": {
        "min": 0,
        "med": 0,
        "max": 12.272191,
        "p(50)": 0,
        "p(95)": 0,
        "p(99)": 5.3682485999999985,
        "avg": 0.11799874027923736
      },
      "type": "trend"
    },
    "round_trip_count": {
      "contains": "default",
      "values": {
        "med": 1,
        "max": 1,
        "p(50)": 1,
        "p(95)": 1,
        "p(99)": 1,
        "avg": 1,
        "min": 1
      },
      "type": "trend"
    },
    "http_req_duration": {
      "type": "trend",
      "contains": "time",
      "values": {
        "p(95)": 36.63789,
        "p(99)": 66.85826279999989,
        "avg": 17.80835393499468,
        "min": 9.86829,
        "med": 15.47466,
        "max": 93.852852,
        "p(50)": 15.47466
      }
    },
    "checks": {
      "type": "rate",
      "contains": "default",
      "values": {
        "rate": 1,
        "passes": 13322,
        "fails": 0
      }
    }
  },
  "root_group": {
    "name": "",
    "path": "",
    "id": "d41d8cd98f00b204e9800998ecf8427e",
    "groups": [],
    "checks": [
        {
          "name": "status is 200",
          "path": "::status is 200",
          "id": "6210a8cd14cd70477eba5c5e4cb3fb5f",
          "passes": 6661,
          "fails": 0
        },
        {
          "fails": 0,
          "name": "no graphql errors",
          "path": "::no graphql errors",
          "id": "7c29382b2a87caa2e50f0d89170b649f",
          "passes": 6661
        }
      ]
  },
  "options": {
    "summaryTimeUnit": "",
    "noColor": false,
    "summaryTrendStats": [
      "avg",
      "min",
      "med",
      "max",
      "p(50)",
      "p(95)",
      "p(99)"
    ]
  }
}