{
  "metrics": {
    "http_req_connecting": {
      "type": "trend",
      "contains": "time",
      "values": {
        "avg": 0.11880841581519325,
        "min": 0,
        "med": 0,
        "max": 7.40198,
        "p(50)": 0,
        "p(95)": 0,
        "p(99)": 5.3817535
      }
    },
    "http_req_waiting": {
      "type": "trend",
      "contains": "time",
      "values": {
        "min": 4.777757,
        "med": 8.720053,
        "max": 14.120395,
        "p(50)": 8.720053,
        "p(95)": 10.6143935,
        "p(99)": 11.4294635,
        "avg": 8.720440795646377
      }
    },
    "data_sent": {
      "contains": "data",
      "values": {
        "count": 268714,
        "rate": 2985.353397442675
      },
      "type": "counter"
    },
    "round_trip_count": {
      "type": "trend",
      "contains": "default",
      "values": {
        "avg": 1,
        "min": 1,
        "med": 1,
        "max": 1,
        "p(50)": 1,
        "p(95)": 1,
        "p(99)": 1
      }
    },
    "req_latency": {
      "type": "trend",
      "contains": "default",
      "values": {
        "p(50)": 8.85622,
        "p(95)": 10.756668999999999,
        "p(99)": 11.612452000000001,
        "avg": 8.85402933318525,
        "min": 4.875827,
        "med": 8.85622,
        "max": 14.256184
      }
    },
    "http_req_duration{expected_response:true}": {
      "contains": "time",
      "values": {
        "min": 4.875827,
        "med": 8.85622,
        "max": 14.256184,
        "p(50)": 8.85622,
        "p(95)": 10.756668999999999,
        "p(99)": 11.612452000000001,
        "avg": 8.85402933318525
      },
      "type": "trend"
    },
    "http_req_sending": {
      "type": "trend",
      "contains": "time",
      "values": {
        "max": 0.207059,
        "p(50)": 0.02411,
        "p(95)": 0.055999499999999994,
        "p(99)": 0.12091450000000001,
        "avg": 0.028922671701466014,
        "min": 0.01128,
        "med": 0.02411
      }
    },
    "vus": {
      "values": {
        "min": 0,
        "max": 0,
        "value": 0
      },
      "type": "gauge",
      "contains": "default"
    },
    "http_req_duration": {
      "type": "trend",
      "contains": "time",
      "values": {
        "min": 4.875827,
        "med": 8.85622,
        "max": 14.256184,
        "p(50)": 8.85622,
        "p(95)": 10.756668999999999,
        "p(99)": 11.612452000000001,
        "avg": 8.85402933318525
      }
    },
    "http_req_blocked": {
      "type": "trend",
      "contains": "time",
      "values": {
        "p(50)": 0.00653,
        "p(95)": 0.02001,
        "p(99)": 5.472408,
        "avg": 0.12896377165704215,
        "min": 0.00402,
        "med": 0.00653,
        "max": 7.528759
      }
    },
    "checks": {
      "values": {
        "rate": 1,
        "passes": 2251,
        "fails": 0
      },
      "type": "rate",
      "contains": "default"
    },
    "iteration_duration": {
      "type": "trend",
      "contains": "time",
      "values": {
        "avg": 9.3047542776544,
        "min": 5.101776,
        "med": 9.211138,
        "max": 17.914259,
        "p(50)": 9.211138,
        "p(95)": 11.396478,
        "p(99)": 15.41166
      }
    },
    "vus_max": {
      "type": "gauge",
      "contains": "default",
      "values": {
        "max": 50,
        "value": 50,
        "min": 50
      }
    },
    "http_req_tls_handshaking": {
      "type": "trend",
      "contains": "time",
      "values": {
        "min": 0,
        "med": 0,
        "max": 0,
        "p(50)": 0,
        "p(95)": 0,
        "p(99)": 0,
        "avg": 0
      }
    },
    "iterations": {
      "values": {
        "rate": 25.00811456657808,
        "count": 2251
      },
      "type": "counter",
      "contains": "default"
    },
    "http_req_receiving": {
      "type": "trend",
      "contains": "time",
      "values": {
        "p(50)": 0.093799,
        "p(95)": 0.1772735,
        "p(99)": 0.231063,
        "avg": 0.10466586583740581,
        "min": 0.04358,
        "med": 0.093799,
        "max": 1.137581
      }
    },
    "http_req_failed": {
      "type": "rate",
      "contains": "default",
      "values": {
        "rate": 0,
        "passes": 0,
        "fails": 2251
      }
    },
    "payload_bytes": {
      "type": "trend",
      "contains": "default",
      "values": {
        "p(50)": 2744,
        "p(95)": 4430,
        "p(99)": 4740,
        "avg": 2960.9124833407373,
        "min": 2012,
        "med": 2744,
        "max": 10688
      }
    },
    "data_received": {
      "type": "counter",
      "contains": "data",
      "values": {
        "count": 7254780,
        "rate": 80599.00906055945
      }
    },
    "http_reqs": {
      "type": "counter",
      "contains": "default",
      "values": {
        "count": 2251,
        "rate": 25.00811456657808
      }
    }
  },
  "root_group": {
    "id": "d41d8cd98f00b204e9800998ecf8427e",
    "groups": [],
    "checks": [
        {
          "id": "6210a8cd14cd70477eba5c5e4cb3fb5f",
          "passes": 2251,
          "fails": 0,
          "name": "status is 200",
          "path": "::status is 200"
        }
      ],
    "name": "",
    "path": ""
  },
  "options": {
    "summaryTrendStats": [
      "avg",
      "min",
      "med",
      "max",
      "p(50)",
      "p(95)",
      "p(99)"
    ],
    "summaryTimeUnit": "",
    "noColor": false
  },
  "state": {
    "isStdOutTTY": false,
    "isStdErrTTY": false,
    "testRunDurationMs": 90010.78406
  }
}