{
  "options": {
    "summaryTimeUnit": "",
    "noColor": false,
    "summaryTrendStats": [
      "avg",
      "min",
      "med",
      "max",
      "p(50)",
      "p(95)",
      "p(99)"
    ]
  },
  "state": {
    "isStdOutTTY": false,
    "isStdErrTTY": false,
    "testRunDurationMs": 90011.125115
  },
  "metrics": {
    "http_req_connecting": {
      "type": "trend",
      "contains": "time",
      "values": {
        "max": 17.390656,
        "p(50)": 0,
        "p(95)": 0,
        "p(99)": 5.537726999999999,
        "avg": 0.12625294385227448,
        "min": 0,
        "med": 0
      }
    },
    "http_req_tls_handshaking": {
      "type": "trend",
      "contains": "time",
      "values": {
        "p(99)": 0,
        "avg": 0,
        "min": 0,
        "med": 0,
        "max": 0,
        "p(50)": 0,
        "p(95)": 0
      }
    },
    "http_req_waiting": {
      "type": "trend",
      "contains": "time",
      "values": {
        "avg": 7.430808616123724,
        "min": 3.509519,
        "med": 7.403915,
        "max": 44.213095,
        "p(50)": 7.403915,
        "p(95)": 9.226064,
        "p(99)": 10.011520599999999
      }
    },
    "iterations": {
      "contains": "default",
      "values": {
        "count": 6661,
        "rate": 74.00196355161403
      },
      "type": "counter"
    },
    "data_sent": {
      "contains": "data",
      "values": {
        "count": 796444,
        "rate": 8848.284020252468
      },
      "type": "counter"
    },
    "vus_max": {
      "type": "gauge",
      "contains": "default",
      "values": {
        "value": 148,
        "min": 148,
        "max": 148
      }
    },
    "req_latency": {
      "type": "trend",
      "contains": "default",
      "values": {
        "avg": 7.558022564479799,
        "min": 3.655689,
        "med": 7.526324,
        "max": 44.416284,
        "p(50)": 7.526324,
        "p(95)": 9.367984,
        "p(99)": 10.1320414
      }
    },
    "http_req_receiving": {
      "type": "trend",
      "contains": "time",
      "values": {
        "p(99)": 0.16553699999999977,
        "avg": 0.09614360546464497,
        "min": 0.044059,
        "med": 0.092559,
        "max": 0.339348,
        "p(50)": 0.092559,
        "p(95)": 0.133369
      }
    },
    "http_req_duration{expected_response:true}": {
      "values": {
        "max": 44.416284,
        "p(50)": 7.526324,
        "p(95)": 9.367984,
        "p(99)": 10.1320414,
        "avg": 7.558022564479799,
        "min": 3.655689,
        "med": 7.526324
      },
      "type": "trend",
      "contains": "time"
    },
    "data_received": {
      "type": "counter",
      "contains": "data",
      "values": {
        "count": 9362816,
        "rate": 104018.43092215413
      }
    },
    "iteration_duration": {
      "values": {
        "p(99)": 14.443423999999997,
        "avg": 8.00746823915329,
        "min": 3.914926,
        "med": 7.863102,
        "max": 44.681732,
        "p(50)": 7.863102,
        "p(95)": 9.93897
      },
      "type": "trend",
      "contains": "time"
    },
    "checks": {
      "contains": "default",
      "values": {
        "fails": 0,
        "rate": 1,
        "passes": 6661
      },
      "type": "rate"
    },
    "http_req_duration": {
      "contains": "time",
      "values": {
        "p(50)": 7.526324,
        "p(95)": 9.367984,
        "p(99)": 10.1320414,
        "avg": 7.558022564479799,
        "min": 3.655689,
        "med": 7.526324,
        "max": 44.416284
      },
      "type": "trend"
    },
    "http_req_sending": {
      "contains": "time",
      "values": {
        "p(50)": 0.026819,
        "p(95)": 0.05364,
        "p(99)": 0.12269899999999993,
        "avg": 0.031070342891457815,
        "min": 0.01116,
        "med": 0.026819,
        "max": 0.478598
      },
      "type": "trend"
    },
    "round_trip_count": {
      "contains": "default",
      "values": {
        "p(50)": 1,
        "p(95)": 1,
        "p(99)": 1,
        "avg": 1,
        "min": 1,
        "med": 1,
        "max": 1
      },
      "type": "trend"
    },
    "http_req_blocked": {
      "type": "trend",
      "contains": "time",
      "values": {
        "med": 0.00727,
        "max": 17.501395,
        "p(50)": 0.00727,
        "p(95)": 0.02012,
        "p(99)": 5.651156199999988,
        "avg": 0.1370557970274718,
        "min": 0.0043
      }
    },
    "http_req_failed": {
      "type": "rate",
      "contains": "default",
      "values": {
        "rate": 0,
        "passes": 0,
        "fails": 6661
      }
    },
    "vus": {
      "type": "gauge",
      "contains": "default",
      "values": {
        "min": 1,
        "max": 1,
        "value": 1
      }
    },
    "http_reqs": {
      "type": "counter",
      "contains": "default",
      "values": {
        "count": 6661,
        "rate": 74.00196355161403
      }
    },
    "payload_bytes": {
      "type": "trend",
      "contains": "default",
      "values": {
        "avg": 1143.9951959165292,
        "min": 303,
        "med": 1347,
        "max": 10638,
        "p(50)": 1347,
        "p(95)": 1926,
        "p(99)": 1993
      }
    }
  },
  "root_group": {
    "name": "",
    "path": "",
    "id": "d41d8cd98f00b204e9800998ecf8427e",
    "groups": [],
    "checks": [
        {
          "fails": 0,
          "name": "status is 200",
          "path": "::status is 200",
          "id": "6210a8cd14cd70477eba5c5e4cb3fb5f",
          "passes": 6661
        }
      ]
  }
}