{
  "metrics": {
    "vus": {
      "type": "gauge",
      "contains": "default",
      "values": {
        "max": 2,
        "value": 0,
        "min": 0
      }
    },
    "iterations": {
      "contains": "default",
      "values": {
        "count": 6660,
        "rate": 73.99861656050851
      },
      "type": "counter"
    },
    "http_req_sending": {
      "contains": "time",
      "values": {
        "p(95)": 0.048015499999999905,
        "p(99)": 0.10494019999999997,
        "avg": 0.027772769969969892,
        "min": 0.00962,
        "med": 0.02424,
        "max": 0.306599,
        "p(50)": 0.02424
      },
      "type": "trend"
    },
    "req_latency": {
      "type": "trend",
      "contains": "default",
      "values": {
        "max": 37.153939,
        "p(50)": 8.6405725,
        "p(95)": 10.716089449999998,
        "p(99)": 12.00355031,
        "avg": 8.726374655705747,
        "min": 4.092233,
        "med": 8.6405725
      }
    },
    "http_req_tls_handshaking": {
      "type": "trend",
      "contains": "time",
      "values": {
        "p(95)": 0,
        "p(99)": 0,
        "avg": 0,
        "min": 0,
        "med": 0,
        "max": 0,
        "p(50)": 0
      }
    },
    "checks": {
      "values": {
        "rate": 1,
        "passes": 6660,
        "fails": 0
      },
      "type": "rate",
      "contains": "default"
    },
    "iteration_duration": {
      "type": "trend",
      "contains": "time",
      "values": {
        "avg": 9.172432334384375,
        "min": 4.398451,
        "med": 8.979316,
        "max": 37.460798,
        "p(50)": 8.979316,
        "p(95)": 11.42069445,
        "p(99)": 16.195505309999987
      }
    },
    "http_req_connecting": {
      "type": "trend",
      "contains": "time",
      "values": {
        "p(99)": 5.455531479999999,
        "avg": 0.12088274834834832,
        "min": 0,
        "med": 0,
        "max": 16.098338,
        "p(50)": 0,
        "p(95)": 0
      }
    },
    "http_req_receiving": {
      "values": {
        "min": 0.04582,
        "med": 0.1017995,
        "max": 7.623128,
        "p(50)": 0.1017995,
        "p(95)": 0.15924254999999993,
        "p(99)": 0.26191077999999973,
        "avg": 0.142033206906907
      },
      "type": "trend",
      "contains": "time"
    },
    "http_req_duration{expected_response:true}": {
      "type": "trend",
      "contains": "time",
      "values": {
        "avg": 8.726374655705747,
        "min": 4.092233,
        "med": 8.6405725,
        "max": 37.153939,
        "p(50)": 8.6405725,
        "p(95)": 10.716089449999998,
        "p(99)": 12.00355031
      }
    },
    "round_trip_count": {
      "contains": "default",
      "values": {
        "min": 1,
        "med": 1,
        "max": 1,
        "p(50)": 1,
        "p(95)": 1,
        "p(99)": 1,
        "avg": 1
      },
      "type": "trend"
    },
    "data_sent": {
      "type": "counter",
      "contains": "data",
      "values": {
        "count": 981566,
        "rate": 10906.084994419234
      }
    },
    "http_req_blocked": {
      "type": "trend",
      "contains": "time",
      "values": {
        "p(50)": 0.00665,
        "p(95)": 0.016646449999999903,
        "p(99)": 5.55220601,
        "avg": 0.1306544536036024,
        "min": 0.0039,
        "med": 0.00665,
        "max": 16.232107
      }
    },
    "http_req_failed": {
      "type": "rate",
      "contains": "default",
      "values": {
        "passes": 0,
        "fails": 6660,
        "rate": 0
      }
    },
    "data_received": {
      "values": {
        "count": 55017675,
        "rate": 611296.0715278791
      },
      "type": "counter",
      "contains": "data"
    },
    "http_req_duration": {
      "type": "trend",
      "contains": "time",
      "values": {
        "p(50)": 8.6405725,
        "p(95)": 10.716089449999998,
        "p(99)": 12.00355031,
        "avg": 8.726374655705747,
        "min": 4.092233,
        "med": 8.6405725,
        "max": 37.153939
      }
    },
    "payload_bytes": {
      "type": "trend",
      "contains": "default",
      "values": {
        "min": 5330,
        "med": 7364,
        "max": 29291,
        "p(50)": 7364,
        "p(95)": 12037,
        "p(99)": 13021,
        "avg": 7998.689039039039
      }
    },
    "vus_max": {
      "type": "gauge",
      "contains": "default",
      "values": {
        "value": 148,
        "min": 148,
        "max": 148
      }
    },
    "http_reqs": {
      "type": "counter",
      "contains": "default",
      "values": {
        "rate": 73.99861656050851,
        "count": 6660
      }
    },
    "http_req_waiting": {
      "values": {
        "med": 8.500036999999999,
        "max": 36.94918,
        "p(50)": 8.500036999999999,
        "p(95)": 10.510577499999998,
        "p(99)": 11.4519617,
        "avg": 8.556568678828798,
        "min": 3.967643
      },
      "type": "trend",
      "contains": "time"
    }
  },
  "root_group": {
    "path": "",
    "id": "d41d8cd98f00b204e9800998ecf8427e",
    "groups": [],
    "checks": [
        {
          "name": "status is 200",
          "path": "::status is 200",
          "id": "6210a8cd14cd70477eba5c5e4cb3fb5f",
          "passes": 6660,
          "fails": 0
        }
      ],
    "name": ""
  },
  "options": {
    "summaryTrendStats": [
      "avg",
      "min",
      "med",
      "max",
      "p(50)",
      "p(95)",
      "p(99)"
    ],
    "summaryTimeUnit": "",
    "noColor": false
  },
  "state": {
    "isStdOutTTY": false,
    "isStdErrTTY": false,
    "testRunDurationMs": 90001.682593
  }
}