{
  "options": {
    "summaryTrendStats": [
      "avg",
      "min",
      "med",
      "max",
      "p(50)",
      "p(95)",
      "p(99)"
    ],
    "summaryTimeUnit": "",
    "noColor": false
  },
  "state": {
    "isStdErrTTY": false,
    "testRunDurationMs": 90006.959577,
    "isStdOutTTY": false
  },
  "metrics": {
    "http_req_blocked": {
      "type": "trend",
      "contains": "time",
      "values": {
        "min": 0.00442,
        "med": 0.00729,
        "max": 11.095676,
        "p(50)": 0.00729,
        "p(95)": 0.01364,
        "p(99)": 5.330572090000001,
        "avg": 0.12484930288888867
      }
    },
    "checks": {
      "values": {
        "rate": 1,
        "passes": 9000,
        "fails": 0
      },
      "type": "rate",
      "contains": "default"
    },
    "http_req_receiving": {
      "type": "trend",
      "contains": "time",
      "values": {
        "max": 22.025369,
        "p(50)": 0.1068,
        "p(95)": 0.45801000000000014,
        "p(99)": 3.5568551000000608,
        "avg": 0.21143064711111076,
        "min": 0.0475,
        "med": 0.1068
      }
    },
    "http_req_tls_handshaking": {
      "type": "trend",
      "contains": "time",
      "values": {
        "max": 0,
        "p(50)": 0,
        "p(95)": 0,
        "p(99)": 0,
        "avg": 0,
        "min": 0,
        "med": 0
      }
    },
    "data_received": {
      "type": "counter",
      "contains": "data",
      "values": {
        "count": 37194391,
        "rate": 413239.05589967844
      }
    },
    "iteration_duration": {
      "type": "trend",
      "contains": "time",
      "values": {
        "p(95)": 38.25817935000001,
        "p(99)": 79.29715784000005,
        "avg": 26.13301891399999,
        "min": 16.93907,
        "med": 23.4725695,
        "max": 148.757055,
        "p(50)": 23.4725695
      }
    },
    "http_reqs": {
      "contains": "default",
      "values": {
        "count": 4500,
        "rate": 49.99613386729609
      },
      "type": "counter"
    },
    "http_req_waiting": {
      "type": "trend",
      "contains": "time",
      "values": {
        "min": 14.756397,
        "med": 20.766803,
        "max": 144.635783,
        "p(50)": 20.766803,
        "p(95)": 34.39502580000005,
        "p(99)": 75.43928975000007,
        "avg": 23.10105666111112
      }
    },
    "vus_max": {
      "type": "gauge",
      "contains": "default",
      "values": {
        "max": 100,
        "value": 100,
        "min": 100
      }
    },
    "http_req_failed": {
      "type": "rate",
      "contains": "default",
      "values": {
        "rate": 0,
        "passes": 0,
        "fails": 4500
      }
    },
    "http_req_duration{expected_response:true}": {
      "type": "trend",
      "contains": "time",
      "values": {
        "min": 14.886697,
        "med": 20.8942185,
        "max": 146.189684,
        "p(50)": 20.8942185,
        "p(95)": 35.00857845,
        "p(99)": 76.23209911000006,
        "avg": 23.344616803555667
      }
    },
    "req_latency": {
      "type": "trend",
      "contains": "default",
      "values": {
        "med": 20.8942185,
        "max": 146.189684,
        "p(50)": 20.8942185,
        "p(95)": 35.00857845,
        "p(99)": 76.23209911000006,
        "avg": 23.344616803555667,
        "min": 14.886697
      }
    },
    "round_trip_count": {
      "type": "trend",
      "contains": "default",
      "values": {
        "med": 1,
        "max": 1,
        "p(50)": 1,
        "p(95)": 1,
        "p(99)": 1,
        "avg": 1,
        "min": 1
      }
    },
    "http_req_connecting": {
      "type": "trend",
      "contains": "time",
      "values": {
        "med": 0,
        "max": 11.005876,
        "p(50)": 0,
        "p(95)": 0,
        "p(99)": 5.208496210000004,
        "avg": 0.11447114555555554,
        "min": 0
      }
    },
    "data_sent": {
      "type": "counter",
      "contains": "data",
      "values": {
        "count": 1194296,
        "rate": 13268.9294873725
      }
    },
    "payload_bytes": {
      "type": "trend",
      "contains": "default",
      "values": {
        "med": 7455,
        "max": 29310,
        "p(50)": 7455,
        "p(95)": 12144,
        "p(99)": 13016,
        "avg": 8003.201555555555,
        "min": 5349
      }
    },
    "iterations": {
      "type": "counter",
      "contains": "default",
      "values": {
        "count": 4500,
        "rate": 49.99613386729609
      }
    },
    "http_req_duration": {
      "values": {
        "avg": 23.344616803555667,
        "min": 14.886697,
        "med": 20.8942185,
        "max": 146.189684,
        "p(50)": 20.8942185,
        "p(95)": 35.00857845,
        "p(99)": 76.23209911000006
      },
      "type": "trend",
      "contains": "time"
    },
    "http_req_sending": {
      "values": {
        "p(99)": 0.11489011000000043,
        "avg": 0.03212949533333337,
        "min": 0.01205,
        "med": 0.02789,
        "max": 0.869001,
        "p(50)": 0.02789,
        "p(95)": 0.051441
      },
      "type": "trend",
      "contains": "time"
    },
    "vus": {
      "type": "gauge",
      "contains": "default",
      "values": {
        "value": 2,
        "min": 1,
        "max": 4
      }
    }
  },
  "root_group": {
    "path": "",
    "id": "d41d8cd98f00b204e9800998ecf8427e",
    "groups": [],
    "checks": [
        {
          "path": "::status is 200",
          "id": "6210a8cd14cd70477eba5c5e4cb3fb5f",
          "passes": 4500,
          "fails": 0,
          "name": "status is 200"
        },
        {
          "name": "no graphql errors",
          "path": "::no graphql errors",
          "id": "7c29382b2a87caa2e50f0d89170b649f",
          "passes": 4500,
          "fails": 0
        }
      ],
    "name": ""
  }
}