{
  "state": {
    "isStdOutTTY": false,
    "isStdErrTTY": false,
    "testRunDurationMs": 90001.45339
  },
  "metrics": {
    "req_latency": {
      "type": "trend",
      "contains": "default",
      "values": {
        "avg": 7.198896668444393,
        "min": 2.686335,
        "med": 7.203056999999999,
        "max": 31.812514,
        "p(50)": 7.203056999999999,
        "p(95)": 8.8434885,
        "p(99)": 9.4856516
      }
    },
    "http_req_receiving": {
      "type": "trend",
      "contains": "time",
      "values": {
        "max": 2.593295,
        "p(50)": 0.0879895,
        "p(95)": 0.12866149999999998,
        "p(99)": 0.15925039000000002,
        "avg": 0.09225171399999947,
        "min": 0.041779,
        "med": 0.0879895
      }
    },
    "http_req_failed": {
      "values": {
        "rate": 0,
        "passes": 0,
        "fails": 9000
      },
      "type": "rate",
      "contains": "default"
    },
    "checks": {
      "type": "rate",
      "contains": "default",
      "values": {
        "rate": 1,
        "passes": 9000,
        "fails": 0
      }
    },
    "data_sent": {
      "type": "counter",
      "contains": "data",
      "values": {
        "count": 901214,
        "rate": 10013.327185893348
      }
    },
    "http_req_duration": {
      "type": "trend",
      "contains": "time",
      "values": {
        "min": 2.686335,
        "med": 7.203056999999999,
        "max": 31.812514,
        "p(50)": 7.203056999999999,
        "p(95)": 8.8434885,
        "p(99)": 9.4856516,
        "avg": 7.198896668444393
      }
    },
    "vus": {
      "type": "gauge",
      "contains": "default",
      "values": {
        "value": 1,
        "min": 0,
        "max": 1
      }
    },
    "iterations": {
      "values": {
        "count": 4500,
        "rate": 49.99919257415006
      },
      "type": "counter",
      "contains": "default"
    },
    "data_received": {
      "contains": "data",
      "values": {
        "count": 5694115,
        "rate": 63266.9227609681
      },
      "type": "counter"
    },
    "http_reqs": {
      "type": "counter",
      "contains": "default",
      "values": {
        "count": 9000,
        "rate": 99.99838514830012
      }
    },
    "payload_bytes": {
      "type": "trend",
      "contains": "default",
      "values": {
        "p(50)": 129,
        "p(95)": 782,
        "p(99)": 787,
        "avg": 371.67944444444447,
        "min": 110,
        "med": 129,
        "max": 796
      }
    },
    "page_latency": {
      "values": {
        "min": 9.559185,
        "med": 14.3786505,
        "max": 39.949616,
        "p(50)": 14.3786505,
        "p(95)": 16.61361995,
        "p(99)": 17.536920510000005,
        "avg": 14.397793336888894
      },
      "type": "trend",
      "contains": "default"
    },
    "http_req_duration{expected_response:true}": {
      "contains": "time",
      "values": {
        "avg": 7.198896668444393,
        "min": 2.686335,
        "med": 7.203056999999999,
        "max": 31.812514,
        "p(50)": 7.203056999999999,
        "p(95)": 8.8434885,
        "p(99)": 9.4856516
      },
      "type": "trend"
    },
    "iteration_duration": {
      "type": "trend",
      "contains": "time",
      "values": {
        "p(99)": 21.498232500000015,
        "avg": 15.12906848222224,
        "min": 10.23831,
        "med": 15.005397,
        "max": 40.518433,
        "p(50)": 15.005397,
        "p(95)": 17.58640455
      }
    },
    "http_req_tls_handshaking": {
      "type": "trend",
      "contains": "time",
      "values": {
        "avg": 0,
        "min": 0,
        "med": 0,
        "max": 0,
        "p(50)": 0,
        "p(95)": 0,
        "p(99)": 0
      }
    },
    "http_req_sending": {
      "type": "trend",
      "contains": "time",
      "values": {
        "p(99)": 0.0865601,
        "avg": 0.02497092122222227,
        "min": 0.00906,
        "med": 0.02224,
        "max": 0.175838,
        "p(50)": 0.02224,
        "p(95)": 0.04486549999999992
      }
    },
    "http_req_blocked": {
      "contains": "time",
      "values": {
        "avg": 0.06872885977777692,
        "min": 0.00319,
        "med": 0.00677,
        "max": 15.532319,
        "p(50)": 0.00677,
        "p(95)": 0.011649549999999991,
        "p(99)": 4.391202890000007
      },
      "type": "trend"
    },
    "round_trip_count": {
      "type": "trend",
      "contains": "default",
      "values": {
        "avg": 2,
        "min": 2,
        "med": 2,
        "max": 2,
        "p(50)": 2,
        "p(95)": 2,
        "p(99)": 2
      }
    },
    "http_req_waiting": {
      "contains": "time",
      "values": {
        "avg": 7.0816740332222095,
        "min": 2.542046,
        "med": 7.086888,
        "max": 31.613204,
        "p(50)": 7.086888,
        "p(95)": 8.728030999999998,
        "p(99)": 9.344897500000002
      },
      "type": "trend"
    },
    "http_req_connecting": {
      "type": "trend",
      "contains": "time",
      "values": {
        "min": 0,
        "med": 0,
        "max": 15.45348,
        "p(50)": 0,
        "p(95)": 0,
        "p(99)": 4.332075799999999,
        "avg": 0.06031639511111108
      }
    },
    "vus_max": {
      "type": "gauge",
      "contains": "default",
      "values": {
        "value": 100,
        "min": 100,
        "max": 100
      }
    }
  },
  "root_group": {
    "path": "",
    "id": "d41d8cd98f00b204e9800998ecf8427e",
    "groups": [],
    "checks": [
        {
          "passes": 9000,
          "fails": 0,
          "name": "status is 200",
          "path": "::status is 200",
          "id": "6210a8cd14cd70477eba5c5e4cb3fb5f"
        }
      ],
    "name": ""
  },
  "options": {
    "summaryTimeUnit": "",
    "noColor": false,
    "summaryTrendStats": [
      "avg",
      "min",
      "med",
      "max",
      "p(50)",
      "p(95)",
      "p(99)"
    ]
  }
}