{
  "options": {
    "summaryTrendStats": [
      "avg",
      "min",
      "med",
      "max",
      "p(50)",
      "p(95)",
      "p(99)"
    ],
    "summaryTimeUnit": "",
    "noColor": false
  },
  "state": {
    "isStdErrTTY": false,
    "testRunDurationMs": 90000.574597,
    "isStdOutTTY": false
  },
  "metrics": {
    "http_req_waiting": {
      "values": {
        "p(95)": 10.928069449999997,
        "p(99)": 11.723964989999999,
        "avg": 8.98218044355554,
        "min": 3.853135,
        "med": 8.9443615,
        "max": 15.452894,
        "p(50)": 8.9443615
      },
      "type": "trend",
      "contains": "time"
    },
    "iteration_duration": {
      "type": "trend",
      "contains": "time",
      "values": {
        "avg": 9.614431275555537,
        "min": 4.452101,
        "med": 9.4755635,
        "max": 18.059144,
        "p(50)": 9.4755635,
        "p(95)": 11.779113499999992,
        "p(99)": 15.465712909999976
      }
    },
    "vus": {
      "type": "gauge",
      "contains": "default",
      "values": {
        "value": 0,
        "min": 0,
        "max": 0
      }
    },
    "data_received": {
      "type": "counter",
      "contains": "data",
      "values": {
        "rate": 80039.12233067141,
        "count": 7203567
      }
    },
    "http_req_connecting": {
      "type": "trend",
      "contains": "time",
      "values": {
        "p(95)": 0,
        "p(99)": 5.581701389999984,
        "avg": 0.11903683999999996,
        "min": 0,
        "med": 0,
        "max": 7.566058,
        "p(50)": 0
      }
    },
    "req_latency": {
      "type": "trend",
      "contains": "default",
      "values": {
        "min": 4.106783,
        "med": 9.0825655,
        "max": 15.726823,
        "p(50)": 9.0825655,
        "p(95)": 11.064819049999999,
        "p(99)": 11.86608098,
        "avg": 9.126639375999986
      }
    },
    "http_reqs": {
      "type": "counter",
      "contains": "default",
      "values": {
        "count": 2250,
        "rate": 24.999840390741234
      }
    },
    "http_req_duration": {
      "type": "trend",
      "contains": "time",
      "values": {
        "avg": 9.126639375999986,
        "min": 4.106783,
        "med": 9.0825655,
        "max": 15.726823,
        "p(50)": 9.0825655,
        "p(95)": 11.064819049999999,
        "p(99)": 11.86608098
      }
    },
    "http_req_failed": {
      "type": "rate",
      "contains": "default",
      "values": {
        "rate": 0,
        "passes": 0,
        "fails": 2250
      }
    },
    "checks": {
      "type": "rate",
      "contains": "default",
      "values": {
        "rate": 1,
        "passes": 2250,
        "fails": 0
      }
    },
    "vus_max": {
      "values": {
        "value": 50,
        "min": 50,
        "max": 50
      },
      "type": "gauge",
      "contains": "default"
    },
    "payload_bytes": {
      "type": "trend",
      "contains": "default",
      "values": {
        "p(95)": 4426,
        "p(99)": 4680,
        "avg": 2939.584888888889,
        "min": 2012,
        "med": 2679,
        "max": 10688,
        "p(50)": 2679
      }
    },
    "iterations": {
      "contains": "default",
      "values": {
        "count": 2250,
        "rate": 24.999840390741234
      },
      "type": "counter"
    },
    "round_trip_count": {
      "type": "trend",
      "contains": "default",
      "values": {
        "min": 1,
        "med": 1,
        "max": 1,
        "p(50)": 1,
        "p(95)": 1,
        "p(99)": 1,
        "avg": 1
      }
    },
    "http_req_sending": {
      "values": {
        "p(99)": 0.12229598999999997,
        "avg": 0.032312856,
        "min": 0.01198,
        "med": 0.02754,
        "max": 0.214188,
        "p(50)": 0.02754,
        "p(95)": 0.05462749999999999
      },
      "type": "trend",
      "contains": "time"
    },
    "http_req_duration{expected_response:true}": {
      "values": {
        "min": 4.106783,
        "med": 9.0825655,
        "max": 15.726823,
        "p(50)": 9.0825655,
        "p(95)": 11.064819049999999,
        "p(99)": 11.86608098,
        "avg": 9.126639375999986
      },
      "type": "trend",
      "contains": "time"
    },
    "http_req_blocked": {
      "type": "trend",
      "contains": "time",
      "values": {
        "p(99)": 5.70441498999997,
        "avg": 0.13011465288888768,
        "min": 0.00436,
        "med": 0.00771,
        "max": 7.665127,
        "p(50)": 0.00771,
        "p(95)": 0.020217999999999955
      }
    },
    "http_req_tls_handshaking": {
      "type": "trend",
      "contains": "time",
      "values": {
        "p(99)": 0,
        "avg": 0,
        "min": 0,
        "med": 0,
        "max": 0,
        "p(50)": 0,
        "p(95)": 0
      }
    },
    "data_sent": {
      "contains": "data",
      "values": {
        "count": 268621,
        "rate": 2984.658722489467
      },
      "type": "counter"
    },
    "http_req_receiving": {
      "contains": "time",
      "values": {
        "avg": 0.1121460764444443,
        "min": 0.047329,
        "med": 0.101289,
        "max": 0.385748,
        "p(50)": 0.101289,
        "p(95)": 0.18254754999999998,
        "p(99)": 0.2413975899999999
      },
      "type": "trend"
    }
  },
  "root_group": {
    "checks": [
      {
        "id": "6210a8cd14cd70477eba5c5e4cb3fb5f",
        "passes": 2250,
        "fails": 0,
        "name": "status is 200",
        "path": "::status is 200"
      }
    ],
    "name": "",
    "path": "",
    "id": "d41d8cd98f00b204e9800998ecf8427e",
    "groups": []
  }
}