{
  "root_group": {
    "name": "",
    "path": "",
    "id": "d41d8cd98f00b204e9800998ecf8427e",
    "groups": [],
    "checks": [
        {
          "passes": 13322,
          "fails": 0,
          "name": "status is 200",
          "path": "::status is 200",
          "id": "6210a8cd14cd70477eba5c5e4cb3fb5f"
        }
      ]
  },
  "options": {
    "summaryTrendStats": [
      "avg",
      "min",
      "med",
      "max",
      "p(50)",
      "p(95)",
      "p(99)"
    ],
    "summaryTimeUnit": "",
    "noColor": false
  },
  "state": {
    "isStdOutTTY": false,
    "isStdErrTTY": false,
    "testRunDurationMs": 90018.715107
  },
  "metrics": {
    "http_req_tls_handshaking": {
      "type": "trend",
      "contains": "time",
      "values": {
        "max": 0,
        "p(50)": 0,
        "p(95)": 0,
        "p(99)": 0,
        "avg": 0,
        "min": 0,
        "med": 0
      }
    },
    "iteration_duration": {
      "type": "trend",
      "contains": "time",
      "values": {
        "max": 56.041933,
        "p(50)": 15.71826,
        "p(95)": 18.459555,
        "p(99)": 22.695193599999996,
        "avg": 15.901884889355921,
        "min": 10.491247,
        "med": 15.71826
      }
    },
    "http_req_sending": {
      "type": "trend",
      "contains": "time",
      "values": {
        "p(50)": 0.02229,
        "p(95)": 0.04108949999999999,
        "p(99)": 0.10294079,
        "avg": 0.024854968548265896,
        "min": 0.00857,
        "med": 0.02229,
        "max": 0.447447
      }
    },
    "req_latency": {
      "type": "trend",
      "contains": "default",
      "values": {
        "avg": 7.617793002552168,
        "min": 2.496307,
        "med": 7.6288160000000005,
        "max": 49.160388,
        "p(50)": 7.6288160000000005,
        "p(95)": 9.569410999999999,
        "p(99)": 10.5139886
      }
    },
    "http_reqs": {
      "type": "counter",
      "contains": "default",
      "values": {
        "count": 13322,
        "rate": 147.9914480468302
      }
    },
    "round_trip_count": {
      "values": {
        "p(95)": 2,
        "p(99)": 2,
        "avg": 2,
        "min": 2,
        "med": 2,
        "max": 2,
        "p(50)": 2
      },
      "type": "trend",
      "contains": "default"
    },
    "data_sent": {
      "type": "counter",
      "contains": "data",
      "values": {
        "count": 1339153,
        "rate": 14876.38429862309
      }
    },
    "vus_max": {
      "values": {
        "min": 148,
        "max": 148,
        "value": 148
      },
      "type": "gauge",
      "contains": "default"
    },
    "http_req_duration": {
      "type": "trend",
      "contains": "time",
      "values": {
        "med": 7.6288160000000005,
        "max": 49.160388,
        "p(50)": 7.6288160000000005,
        "p(95)": 9.569410999999999,
        "p(99)": 10.5139886,
        "avg": 7.617793002552168,
        "min": 2.496307
      }
    },
    "http_req_blocked": {
      "type": "trend",
      "contains": "time",
      "values": {
        "avg": 0.07044314314667376,
        "min": 0.00298,
        "med": 0.0069,
        "max": 16.813725,
        "p(50)": 0.0069,
        "p(95)": 0.01096,
        "p(99)": 4.3861026999999995
      }
    },
    "http_req_receiving": {
      "type": "trend",
      "contains": "time",
      "values": {
        "avg": 0.096148240054046,
        "min": 0.03439,
        "med": 0.09041,
        "max": 0.643697,
        "p(50)": 0.09041,
        "p(95)": 0.15534949999999997,
        "p(99)": 0.23092639999999995
      }
    },
    "http_req_connecting": {
      "type": "trend",
      "contains": "time",
      "values": {
        "p(50)": 0,
        "p(95)": 0,
        "p(99)": 4.290268409999988,
        "avg": 0.061959127833658596,
        "min": 0,
        "med": 0,
        "max": 16.701516
      }
    },
    "checks": {
      "type": "rate",
      "contains": "default",
      "values": {
        "rate": 1,
        "passes": 13322,
        "fails": 0
      }
    },
    "http_req_duration{expected_response:true}": {
      "values": {
        "min": 2.496307,
        "med": 7.6288160000000005,
        "max": 49.160388,
        "p(50)": 7.6288160000000005,
        "p(95)": 9.569410999999999,
        "p(99)": 10.5139886,
        "avg": 7.617793002552168
      },
      "type": "trend",
      "contains": "time"
    },
    "http_req_failed": {
      "type": "rate",
      "contains": "default",
      "values": {
        "rate": 0,
        "passes": 0,
        "fails": 13322
      }
    },
    "page_latency": {
      "type": "trend",
      "contains": "default",
      "values": {
        "min": 10.01625,
        "med": 15.164333,
        "max": 55.600065,
        "p(50)": 15.164333,
        "p(95)": 17.481813000000002,
        "p(99)": 18.9088286,
        "avg": 15.235586005104349
      }
    },
    "vus": {
      "values": {
        "value": 2,
        "min": 1,
        "max": 2
      },
      "type": "gauge",
      "contains": "default"
    },
    "http_req_waiting": {
      "type": "trend",
      "contains": "time",
      "values": {
        "avg": 7.49678979394983,
        "min": 2.385087,
        "med": 7.5130565,
        "max": 48.912718,
        "p(50)": 7.5130565,
        "p(95)": 9.44471855,
        "p(99)": 10.350281799999998
      }
    },
    "payload_bytes": {
      "values": {
        "p(99)": 6250,
        "avg": 2831.313616574088,
        "min": 110,
        "med": 907,
        "max": 6366,
        "p(50)": 907,
        "p(95)": 6202
      },
      "type": "trend",
      "contains": "default"
    },
    "data_received": {
      "type": "counter",
      "contains": "data",
      "values": {
        "count": 41202463,
        "rate": 457709.96565575316
      }
    },
    "iterations": {
      "type": "counter",
      "contains": "default",
      "values": {
        "count": 6661,
        "rate": 73.9957240234151
      }
    }
  }
}