{
  "options": {
    "noColor": false,
    "summaryTrendStats": [
      "avg",
      "min",
      "med",
      "max",
      "p(50)",
      "p(95)",
      "p(99)"
    ],
    "summaryTimeUnit": ""
  },
  "state": {
    "isStdOutTTY": false,
    "isStdErrTTY": false,
    "testRunDurationMs": 90001.605141
  },
  "metrics": {
    "http_req_receiving": {
      "type": "trend",
      "contains": "time",
      "values": {
        "max": 7.19078,
        "p(50)": 0.09155,
        "p(95)": 0.138051,
        "p(99)": 0.17020419000000006,
        "avg": 0.09789263675213664,
        "min": 0.04336,
        "med": 0.09155
      }
    },
    "data_sent": {
      "type": "counter",
      "contains": "data",
      "values": {
        "count": 476486,
        "rate": 5294.194467459981
      }
    },
    "http_req_duration": {
      "type": "trend",
      "contains": "time",
      "values": {
        "p(99)": 9.737134,
        "avg": 7.229785868803409,
        "min": 2.777433,
        "med": 7.2210265,
        "max": 31.171286,
        "p(50)": 7.2210265,
        "p(95)": 8.968241
      }
    },
    "http_req_sending": {
      "type": "trend",
      "contains": "time",
      "values": {
        "p(50)": 0.02669,
        "p(95)": 0.05506550000000002,
        "p(99)": 0.11867119000000005,
        "avg": 0.03242039145299138,
        "min": 0.01279,
        "med": 0.02669,
        "max": 2.491293
      }
    },
    "checks": {
      "values": {
        "rate": 1,
        "passes": 4680,
        "fails": 0
      },
      "type": "rate",
      "contains": "default"
    },
    "vus_max": {
      "type": "gauge",
      "contains": "default",
      "values": {
        "min": 104,
        "max": 104,
        "value": 104
      }
    },
    "payload_bytes": {
      "type": "trend",
      "contains": "default",
      "values": {
        "p(99)": 529,
        "avg": 489.41410256410256,
        "min": 251,
        "med": 517,
        "max": 536,
        "p(50)": 517,
        "p(95)": 526
      }
    },
    "iterations": {
      "type": "counter",
      "contains": "default",
      "values": {
        "rate": 51.99907260174005,
        "count": 4680
      }
    },
    "req_latency": {
      "contains": "default",
      "values": {
        "med": 7.2210265,
        "max": 31.171286,
        "p(50)": 7.2210265,
        "p(95)": 8.968241,
        "p(99)": 9.737134,
        "avg": 7.229785868803409,
        "min": 2.777433
      },
      "type": "trend"
    },
    "round_trip_count": {
      "contains": "default",
      "values": {
        "min": 1,
        "med": 1,
        "max": 1,
        "p(50)": 1,
        "p(95)": 1,
        "p(99)": 1,
        "avg": 1
      },
      "type": "trend"
    },
    "http_reqs": {
      "type": "counter",
      "contains": "default",
      "values": {
        "count": 4680,
        "rate": 51.99907260174005
      }
    },
    "http_req_blocked": {
      "type": "trend",
      "contains": "time",
      "values": {
        "min": 0.0046,
        "med": 0.00723,
        "max": 11.357319,
        "p(50)": 0.00723,
        "p(95)": 0.016481500000000007,
        "p(99)": 5.689679100000002,
        "avg": 0.13330319316239309
      }
    },
    "data_received": {
      "contains": "data",
      "values": {
        "count": 3511938,
        "rate": 39020.83740060038
      },
      "type": "counter"
    },
    "http_req_connecting": {
      "type": "trend",
      "contains": "time",
      "values": {
        "p(99)": 5.549986300000001,
        "avg": 0.12149207222222218,
        "min": 0,
        "med": 0,
        "max": 11.275619,
        "p(50)": 0,
        "p(95)": 0
      }
    },
    "iteration_duration": {
      "type": "trend",
      "contains": "time",
      "values": {
        "avg": 7.7743137508547315,
        "min": 3.100744,
        "med": 7.631641,
        "max": 31.478266,
        "p(50)": 7.631641,
        "p(95)": 9.76698955,
        "p(99)": 14.294424390000003
      }
    },
    "page_latency": {
      "type": "trend",
      "contains": "default",
      "values": {
        "p(99)": 9.737134,
        "avg": 7.229785868803409,
        "min": 2.777433,
        "med": 7.2210265,
        "max": 31.171286,
        "p(50)": 7.2210265,
        "p(95)": 8.968241
      }
    },
    "http_req_duration{expected_response:true}": {
      "values": {
        "avg": 7.229785868803409,
        "min": 2.777433,
        "med": 7.2210265,
        "max": 31.171286,
        "p(50)": 7.2210265,
        "p(95)": 8.968241,
        "p(99)": 9.737134
      },
      "type": "trend",
      "contains": "time"
    },
    "http_req_tls_handshaking": {
      "values": {
        "min": 0,
        "med": 0,
        "max": 0,
        "p(50)": 0,
        "p(95)": 0,
        "p(99)": 0,
        "avg": 0
      },
      "type": "trend",
      "contains": "time"
    },
    "http_req_waiting": {
      "contains": "time",
      "values": {
        "avg": 7.099472840598307,
        "min": 2.656843,
        "med": 7.092561,
        "max": 31.049396,
        "p(50)": 7.092561,
        "p(95)": 8.842043149999999,
        "p(99)": 9.57367909
      },
      "type": "trend"
    },
    "http_req_failed": {
      "type": "rate",
      "contains": "default",
      "values": {
        "rate": 0,
        "passes": 0,
        "fails": 4680
      }
    },
    "vus": {
      "type": "gauge",
      "contains": "default",
      "values": {
        "min": 0,
        "max": 1,
        "value": 1
      }
    }
  },
  "root_group": {
    "path": "",
    "id": "d41d8cd98f00b204e9800998ecf8427e",
    "groups": [],
    "checks": [
        {
          "fails": 0,
          "name": "status is 200",
          "path": "::status is 200",
          "id": "6210a8cd14cd70477eba5c5e4cb3fb5f",
          "passes": 4680
        }
      ],
    "name": ""
  }
}