{
  "metrics": {
    "http_req_sending": {
      "type": "trend",
      "contains": "time",
      "values": {
        "med": 0.0275,
        "max": 0.316561,
        "p(50)": 0.0275,
        "p(95)": 0.052921,
        "p(99)": 0.120031,
        "avg": 0.032233533659186825,
        "min": 0.01243
      }
    },
    "http_req_waiting": {
      "type": "trend",
      "contains": "time",
      "values": {
        "p(50)": 15.429847,
        "p(95)": 19.877821,
        "p(99)": 54.667407,
        "avg": 16.426757903132636,
        "min": 10.11606,
        "med": 15.429847,
        "max": 85.328877
      }
    },
    "data_sent": {
      "type": "counter",
      "contains": "data",
      "values": {
        "count": 1194540,
        "rate": 13269.906917784907
      }
    },
    "vus": {
      "type": "gauge",
      "contains": "default",
      "values": {
        "max": 4,
        "value": 1,
        "min": 0
      }
    },
    "req_latency": {
      "contains": "default",
      "values": {
        "med": 15.564164,
        "max": 86.30539,
        "p(50)": 15.564164,
        "p(95)": 20.020741,
        "p(99)": 55.336398,
        "avg": 16.571906466118634,
        "min": 10.28756
      },
      "type": "trend"
    },
    "iterations": {
      "contains": "default",
      "values": {
        "rate": 50.00071243905593,
        "count": 4501
      },
      "type": "counter"
    },
    "round_trip_count": {
      "values": {
        "max": 1,
        "p(50)": 1,
        "p(95)": 1,
        "p(99)": 1,
        "avg": 1,
        "min": 1,
        "med": 1
      },
      "type": "trend",
      "contains": "default"
    },
    "http_req_duration": {
      "type": "trend",
      "contains": "time",
      "values": {
        "p(99)": 55.336398,
        "avg": 16.571906466118634,
        "min": 10.28756,
        "med": 15.564164,
        "max": 86.30539,
        "p(50)": 15.564164,
        "p(95)": 20.020741
      }
    },
    "http_req_tls_handshaking": {
      "type": "trend",
      "contains": "time",
      "values": {
        "avg": 0,
        "min": 0,
        "med": 0,
        "max": 0,
        "p(50)": 0,
        "p(95)": 0,
        "p(99)": 0
      }
    },
    "http_req_duration{expected_response:true}": {
      "contains": "time",
      "values": {
        "p(99)": 55.336398,
        "avg": 16.571906466118634,
        "min": 10.28756,
        "med": 15.564164,
        "max": 86.30539,
        "p(50)": 15.564164,
        "p(95)": 20.020741
      },
      "type": "trend"
    },
    "payload_bytes": {
      "type": "trend",
      "contains": "default",
      "values": {
        "min": 2031,
        "med": 2765,
        "max": 10707,
        "p(50)": 2765,
        "p(95)": 4417,
        "p(99)": 4759,
        "avg": 2975.8940235503223
      }
    },
    "data_received": {
      "type": "counter",
      "contains": "data",
      "values": {
        "rate": 161897.07463248228,
        "count": 14573767
      }
    },
    "http_req_receiving": {
      "type": "trend",
      "contains": "time",
      "values": {
        "avg": 0.11291502932681625,
        "min": 0.04397,
        "med": 0.094001,
        "max": 11.097792,
        "p(50)": 0.094001,
        "p(95)": 0.16731,
        "p(99)": 0.483651
      }
    },
    "iteration_duration": {
      "type": "trend",
      "contains": "time",
      "values": {
        "med": 16.979845,
        "max": 88.016498,
        "p(50)": 16.979845,
        "p(95)": 22.321521,
        "p(99)": 56.78868,
        "avg": 18.059619628749115,
        "min": 11.362352
      }
    },
    "http_req_blocked": {
      "type": "trend",
      "contains": "time",
      "values": {
        "avg": 0.13132052166185193,
        "min": 0.00413,
        "med": 0.00706,
        "max": 9.24659,
        "p(50)": 0.00706,
        "p(95)": 0.01289,
        "p(99)": 5.710779
      }
    },
    "http_reqs": {
      "type": "counter",
      "contains": "default",
      "values": {
        "count": 4501,
        "rate": 50.00071243905593
      }
    },
    "http_req_connecting": {
      "type": "trend",
      "contains": "time",
      "values": {
        "med": 0,
        "max": 9.12509,
        "p(50)": 0,
        "p(95)": 0,
        "p(99)": 5.604449,
        "avg": 0.12121849389024658,
        "min": 0
      }
    },
    "http_req_failed": {
      "values": {
        "fails": 4501,
        "rate": 0,
        "passes": 0
      },
      "type": "rate",
      "contains": "default"
    },
    "vus_max": {
      "type": "gauge",
      "contains": "default",
      "values": {
        "value": 100,
        "min": 100,
        "max": 100
      }
    },
    "checks": {
      "contains": "default",
      "values": {
        "rate": 1,
        "passes": 9002,
        "fails": 0
      },
      "type": "rate"
    }
  },
  "root_group": {
    "checks": [
      {
        "path": "::status is 200",
        "id": "6210a8cd14cd70477eba5c5e4cb3fb5f",
        "passes": 4501,
        "fails": 0,
        "name": "status is 200"
      },
      {
        "path": "::no graphql errors",
        "id": "7c29382b2a87caa2e50f0d89170b649f",
        "passes": 4501,
        "fails": 0,
        "name": "no graphql errors"
      }
    ],
    "name": "",
    "path": "",
    "id": "d41d8cd98f00b204e9800998ecf8427e",
    "groups": []
  },
  "options": {
    "summaryTrendStats": [
      "avg",
      "min",
      "med",
      "max",
      "p(50)",
      "p(95)",
      "p(99)"
    ],
    "summaryTimeUnit": "",
    "noColor": false
  },
  "state": {
    "testRunDurationMs": 90018.717343,
    "isStdOutTTY": false,
    "isStdErrTTY": false
  }
}