{
  "root_group": {
    "name": "",
    "path": "",
    "id": "d41d8cd98f00b204e9800998ecf8427e",
    "groups": [],
    "checks": [
        {
          "path": "::status is 200",
          "id": "6210a8cd14cd70477eba5c5e4cb3fb5f",
          "passes": 6660,
          "fails": 0,
          "name": "status is 200"
        }
      ]
  },
  "options": {
    "summaryTrendStats": [
      "avg",
      "min",
      "med",
      "max",
      "p(50)",
      "p(95)",
      "p(99)"
    ],
    "summaryTimeUnit": "",
    "noColor": false
  },
  "state": {
    "isStdOutTTY": false,
    "isStdErrTTY": false,
    "testRunDurationMs": 90001.391475
  },
  "metrics": {
    "http_req_sending": {
      "type": "trend",
      "contains": "time",
      "values": {
        "p(99)": 0.11130609999999996,
        "avg": 0.031082144744744713,
        "min": 0.01125,
        "med": 0.02667,
        "max": 2.876516,
        "p(50)": 0.02667,
        "p(95)": 0.05371244999999997
      }
    },
    "http_req_receiving": {
      "type": "trend",
      "contains": "time",
      "values": {
        "avg": 0.10795418078078069,
        "min": 0.043639,
        "med": 0.09611549999999999,
        "max": 7.538085,
        "p(50)": 0.09611549999999999,
        "p(95)": 0.1451505,
        "p(99)": 0.19732889999999995
      }
    },
    "data_received": {
      "type": "counter",
      "contains": "data",
      "values": {
        "count": 21381016,
        "rate": 237563.17151984342
      }
    },
    "http_req_duration": {
      "type": "trend",
      "contains": "time",
      "values": {
        "avg": 7.554808827777773,
        "min": 3.175904,
        "med": 7.531744,
        "max": 22.038085,
        "p(50)": 7.531744,
        "p(95)": 9.35654095,
        "p(99)": 10.212200889999998
      }
    },
    "req_latency": {
      "type": "trend",
      "contains": "default",
      "values": {
        "p(95)": 9.35654095,
        "p(99)": 10.212200889999998,
        "avg": 7.554808827777773,
        "min": 3.175904,
        "med": 7.531744,
        "max": 22.038085,
        "p(50)": 7.531744
      }
    },
    "payload_bytes": {
      "type": "trend",
      "contains": "default",
      "values": {
        "max": 29355,
        "p(50)": 3507,
        "p(95)": 5099,
        "p(99)": 5252,
        "avg": 2948.648798798799,
        "min": 615,
        "med": 3507
      }
    },
    "vus": {
      "type": "gauge",
      "contains": "default",
      "values": {
        "value": 0,
        "min": 0,
        "max": 1
      }
    },
    "round_trip_count": {
      "contains": "default",
      "values": {
        "max": 1,
        "p(50)": 1,
        "p(95)": 1,
        "p(99)": 1,
        "avg": 1,
        "min": 1,
        "med": 1
      },
      "type": "trend"
    },
    "http_req_connecting": {
      "type": "trend",
      "contains": "time",
      "values": {
        "max": 14.294112,
        "p(50)": 0,
        "p(95)": 0,
        "p(99)": 5.720302799999999,
        "avg": 0.12636216621621618,
        "min": 0,
        "med": 0
      }
    },
    "http_req_tls_handshaking": {
      "type": "trend",
      "contains": "time",
      "values": {
        "p(99)": 0,
        "avg": 0,
        "min": 0,
        "med": 0,
        "max": 0,
        "p(50)": 0,
        "p(95)": 0
      }
    },
    "data_sent": {
      "type": "counter",
      "contains": "data",
      "values": {
        "count": 982735,
        "rate": 10919.10895925401
      }
    },
    "vus_max": {
      "type": "gauge",
      "contains": "default",
      "values": {
        "value": 148,
        "min": 148,
        "max": 148
      }
    },
    "http_reqs": {
      "type": "counter",
      "contains": "default",
      "values": {
        "count": 6660,
        "rate": 73.99885591602182
      }
    },
    "http_req_waiting": {
      "type": "trend",
      "contains": "time",
      "values": {
        "avg": 7.415772502252245,
        "min": 3.036766,
        "med": 7.4001095,
        "max": 16.165783,
        "p(50)": 7.4001095,
        "p(95)": 9.208834999999997,
        "p(99)": 10.058945299999998
      }
    },
    "http_req_duration{expected_response:true}": {
      "type": "trend",
      "contains": "time",
      "values": {
        "avg": 7.554808827777773,
        "min": 3.175904,
        "med": 7.531744,
        "max": 22.038085,
        "p(50)": 7.531744,
        "p(95)": 9.35654095,
        "p(99)": 10.212200889999998
      }
    },
    "iteration_duration": {
      "type": "trend",
      "contains": "time",
      "values": {
        "avg": 8.02720920105104,
        "min": 3.493903,
        "med": 7.883853,
        "max": 22.838281,
        "p(50)": 7.883853,
        "p(95)": 10.09676,
        "p(99)": 14.49089731
      }
    },
    "http_req_blocked": {
      "values": {
        "avg": 0.13775989774774672,
        "min": 0.00446,
        "med": 0.00735,
        "max": 14.38911,
        "p(50)": 0.00735,
        "p(95)": 0.019166499999999906,
        "p(99)": 5.8181295099999994
      },
      "type": "trend",
      "contains": "time"
    },
    "iterations": {
      "type": "counter",
      "contains": "default",
      "values": {
        "rate": 73.99885591602182,
        "count": 6660
      }
    },
    "http_req_failed": {
      "type": "rate",
      "contains": "default",
      "values": {
        "rate": 0,
        "passes": 0,
        "fails": 6660
      }
    },
    "checks": {
      "type": "rate",
      "contains": "default",
      "values": {
        "rate": 1,
        "passes": 6660,
        "fails": 0
      }
    }
  }
}