{
  "state": {
    "isStdOutTTY": false,
    "isStdErrTTY": false,
    "testRunDurationMs": 90015.665228
  },
  "metrics": {
    "http_req_receiving": {
      "type": "trend",
      "contains": "time",
      "values": {
        "med": 0.08661,
        "max": 0.668689,
        "p(50)": 0.08661,
        "p(95)": 0.12890954999999998,
        "p(99)": 0.16120739999999995,
        "avg": 0.08987245767607165,
        "min": 0.04295
      }
    },
    "round_trip_count": {
      "type": "trend",
      "contains": "default",
      "values": {
        "p(95)": 2,
        "p(99)": 2,
        "avg": 2,
        "min": 2,
        "med": 2,
        "max": 2,
        "p(50)": 2
      }
    },
    "iteration_duration": {
      "type": "trend",
      "contains": "time",
      "values": {
        "p(95)": 17.868669,
        "p(99)": 21.839906,
        "avg": 15.357094760275496,
        "min": 10.491804,
        "med": 15.274498,
        "max": 38.689859,
        "p(50)": 15.274498
      }
    },
    "vus": {
      "type": "gauge",
      "contains": "default",
      "values": {
        "value": 1,
        "min": 0,
        "max": 2
      }
    },
    "http_req_duration": {
      "values": {
        "avg": 7.327575219840023,
        "min": 2.92678,
        "med": 7.3371405,
        "max": 31.111275,
        "p(50)": 7.3371405,
        "p(95)": 9.087252499999998,
        "p(99)": 9.810530499999997
      },
      "type": "trend",
      "contains": "time"
    },
    "http_req_connecting": {
      "type": "trend",
      "contains": "time",
      "values": {
        "max": 10.717274,
        "p(50)": 0,
        "p(95)": 0,
        "p(99)": 3.847480319999996,
        "avg": 0.05985587113974675,
        "min": 0,
        "med": 0
      }
    },
    "http_req_tls_handshaking": {
      "type": "trend",
      "contains": "time",
      "values": {
        "p(50)": 0,
        "p(95)": 0,
        "p(99)": 0,
        "avg": 0,
        "min": 0,
        "med": 0,
        "max": 0
      }
    },
    "http_reqs": {
      "contains": "default",
      "values": {
        "count": 9002,
        "rate": 100.00481557514352
      },
      "type": "counter"
    },
    "http_req_duration{expected_response:true}": {
      "type": "trend",
      "contains": "time",
      "values": {
        "max": 31.111275,
        "p(50)": 7.3371405,
        "p(95)": 9.087252499999998,
        "p(99)": 9.810530499999997,
        "avg": 7.327575219840023,
        "min": 2.92678,
        "med": 7.3371405
      }
    },
    "checks": {
      "type": "rate",
      "contains": "default",
      "values": {
        "rate": 1,
        "passes": 9002,
        "fails": 0
      }
    },
    "data_received": {
      "type": "counter",
      "contains": "data",
      "values": {
        "count": 11555154,
        "rate": 128368.25646660542
      }
    },
    "data_sent": {
      "type": "counter",
      "contains": "data",
      "values": {
        "count": 901259,
        "rate": 10012.24617645393
      }
    },
    "payload_bytes": {
      "type": "trend",
      "contains": "default",
      "values": {
        "p(99)": 2352.99,
        "avg": 1022.1644079093535,
        "min": 110,
        "med": 129,
        "max": 2386,
        "p(50)": 129,
        "p(95)": 2328
      }
    },
    "req_latency": {
      "values": {
        "avg": 7.327575219840023,
        "min": 2.92678,
        "med": 7.3371405,
        "max": 31.111275,
        "p(50)": 7.3371405,
        "p(95)": 9.087252499999998,
        "p(99)": 9.810530499999997
      },
      "type": "trend",
      "contains": "default"
    },
    "iterations": {
      "type": "counter",
      "contains": "default",
      "values": {
        "count": 4501,
        "rate": 50.00240778757176
      }
    },
    "page_latency": {
      "type": "trend",
      "contains": "default",
      "values": {
        "avg": 14.655150439680087,
        "min": 9.984745,
        "med": 14.665111,
        "max": 38.07129,
        "p(50)": 14.665111,
        "p(95)": 16.939722,
        "p(99)": 17.88861
      }
    },
    "http_req_blocked": {
      "type": "trend",
      "contains": "time",
      "values": {
        "avg": 0.0682147680515426,
        "min": 0.00317,
        "med": 0.00662,
        "max": 10.808534,
        "p(50)": 0.00662,
        "p(95)": 0.01202854999999999,
        "p(99)": 3.9548927199999953
      }
    },
    "http_req_waiting": {
      "contains": "time",
      "values": {
        "max": 31.007545,
        "p(50)": 7.223961,
        "p(95)": 8.9712825,
        "p(99)": 9.675844699999997,
        "avg": 7.2129868298155655,
        "min": 2.85741,
        "med": 7.223961
      },
      "type": "trend"
    },
    "http_req_failed": {
      "contains": "default",
      "values": {
        "rate": 0,
        "passes": 0,
        "fails": 9002
      },
      "type": "rate"
    },
    "vus_max": {
      "type": "gauge",
      "contains": "default",
      "values": {
        "value": 100,
        "min": 100,
        "max": 100
      }
    },
    "http_req_sending": {
      "type": "trend",
      "contains": "time",
      "values": {
        "p(50)": 0.02143,
        "p(95)": 0.04602749999999994,
        "p(99)": 0.08982200999999986,
        "avg": 0.024715932348366977,
        "min": 0.00849,
        "med": 0.02143,
        "max": 0.376258
      }
    }
  },
  "root_group": {
    "name": "",
    "path": "",
    "id": "d41d8cd98f00b204e9800998ecf8427e",
    "groups": [],
    "checks": [
        {
          "name": "status is 200",
          "path": "::status is 200",
          "id": "6210a8cd14cd70477eba5c5e4cb3fb5f",
          "passes": 9002,
          "fails": 0
        }
      ]
  },
  "options": {
    "summaryTrendStats": [
      "avg",
      "min",
      "med",
      "max",
      "p(50)",
      "p(95)",
      "p(99)"
    ],
    "summaryTimeUnit": "",
    "noColor": false
  }
}