{
  "metrics": {
    "http_req_tls_handshaking": {
      "values": {
        "p(95)": 0,
        "p(99)": 0,
        "avg": 0,
        "min": 0,
        "med": 0,
        "max": 0,
        "p(50)": 0
      },
      "type": "trend",
      "contains": "time"
    },
    "data_received": {
      "type": "counter",
      "contains": "data",
      "values": {
        "rate": 127556.45498738175,
        "count": 11484733
      }
    },
    "http_req_duration": {
      "type": "trend",
      "contains": "time",
      "values": {
        "med": 7.445052,
        "max": 31.812522,
        "p(50)": 7.445052,
        "p(95)": 9.341061599999998,
        "p(99)": 10.32648064,
        "avg": 7.518779234498531,
        "min": 3.485814
      }
    },
    "round_trip_count": {
      "type": "trend",
      "contains": "default",
      "values": {
        "max": 5,
        "p(50)": 5,
        "p(95)": 5,
        "p(99)": 5,
        "avg": 5,
        "min": 5,
        "med": 5
      }
    },
    "http_req_blocked": {
      "type": "trend",
      "contains": "time",
      "values": {
        "avg": 0.033155043449853004,
        "min": 0.00281,
        "med": 0.00676,
        "max": 9.716628,
        "p(50)": 0.00676,
        "p(95)": 0.01077,
        "p(99)": 0.04614099999999983
      }
    },
    "checks": {
      "values": {
        "rate": 1,
        "passes": 15305,
        "fails": 0
      },
      "type": "rate",
      "contains": "default"
    },
    "payload_bytes": {
      "type": "trend",
      "contains": "default",
      "values": {
        "max": 536,
        "p(50)": 517,
        "p(95)": 526,
        "p(99)": 529,
        "avg": 489.39091800065336,
        "min": 251,
        "med": 517
      }
    },
    "iteration_duration": {
      "values": {
        "max": 64.301677,
        "p(50)": 38.941033,
        "p(95)": 43.702925,
        "p(99)": 46.82877280000001,
        "avg": 39.06768666089513,
        "min": 29.742787,
        "med": 38.941033
      },
      "type": "trend",
      "contains": "time"
    },
    "http_req_sending": {
      "contains": "time",
      "values": {
        "med": 0.020231,
        "max": 4.210826,
        "p(50)": 0.020231,
        "p(95)": 0.04201799999999999,
        "p(99)": 0.07313619999999993,
        "avg": 0.02331970264619402,
        "min": 0.00781
      },
      "type": "trend"
    },
    "http_req_receiving": {
      "type": "trend",
      "contains": "time",
      "values": {
        "max": 3.364947,
        "p(50)": 0.08964,
        "p(95)": 0.17137999999999975,
        "p(99)": 0.34415215999999926,
        "avg": 0.0994492139170204,
        "min": 0.040959,
        "med": 0.08964
      }
    },
    "vus": {
      "type": "gauge",
      "contains": "default",
      "values": {
        "max": 1,
        "value": 1,
        "min": 1
      }
    },
    "page_latency": {
      "type": "trend",
      "contains": "default",
      "values": {
        "max": 63.02656900000001,
        "p(50)": 37.616477,
        "p(95)": 41.183303,
        "p(99)": 44.3930676,
        "avg": 37.59389617249274,
        "min": 28.463011,
        "med": 37.616477
      }
    },
    "http_reqs": {
      "type": "counter",
      "contains": "default",
      "values": {
        "count": 15305,
        "rate": 169.98667218313892
      }
    },
    "http_req_duration{expected_response:true}": {
      "type": "trend",
      "contains": "time",
      "values": {
        "max": 31.812522,
        "p(50)": 7.445052,
        "p(95)": 9.341061599999998,
        "p(99)": 10.32648064,
        "avg": 7.518779234498531,
        "min": 3.485814,
        "med": 7.445052
      }
    },
    "http_req_connecting": {
      "type": "trend",
      "contains": "time",
      "values": {
        "p(95)": 0,
        "p(99)": 0,
        "avg": 0.02444593315909834,
        "min": 0,
        "med": 0,
        "max": 9.57682,
        "p(50)": 0
      }
    },
    "http_req_failed": {
      "contains": "default",
      "values": {
        "rate": 0,
        "passes": 0,
        "fails": 15305
      },
      "type": "rate"
    },
    "data_sent": {
      "type": "counter",
      "contains": "data",
      "values": {
        "count": 1558229,
        "rate": 17306.642418115673
      }
    },
    "iterations": {
      "type": "counter",
      "contains": "default",
      "values": {
        "count": 3061,
        "rate": 33.99733443662779
      }
    },
    "vus_max": {
      "type": "gauge",
      "contains": "default",
      "values": {
        "value": 68,
        "min": 68,
        "max": 68
      }
    },
    "req_latency": {
      "type": "trend",
      "contains": "default",
      "values": {
        "avg": 7.518779234498531,
        "min": 3.485814,
        "med": 7.445052,
        "max": 31.812522,
        "p(50)": 7.445052,
        "p(95)": 9.341061599999998,
        "p(99)": 10.32648064
      }
    },
    "http_req_waiting": {
      "type": "trend",
      "contains": "time",
      "values": {
        "avg": 7.396010317935298,
        "min": 3.388614,
        "med": 7.326314,
        "max": 31.704452,
        "p(50)": 7.326314,
        "p(95)": 9.1958834,
        "p(99)": 10.098145599999997
      }
    }
  },
  "root_group": {
    "id": "d41d8cd98f00b204e9800998ecf8427e",
    "groups": [],
    "checks": [
        {
          "passes": 15305,
          "fails": 0,
          "name": "status is 200",
          "path": "::status is 200",
          "id": "6210a8cd14cd70477eba5c5e4cb3fb5f"
        }
      ],
    "name": "",
    "path": ""
  },
  "options": {
    "summaryTrendStats": [
      "avg",
      "min",
      "med",
      "max",
      "p(50)",
      "p(95)",
      "p(99)"
    ],
    "summaryTimeUnit": "",
    "noColor": false
  },
  "state": {
    "isStdOutTTY": false,
    "isStdErrTTY": false,
    "testRunDurationMs": 90036.470527
  }
}