{
  "state": {
    "isStdOutTTY": false,
    "isStdErrTTY": false,
    "testRunDurationMs": 90006.221197
  },
  "metrics": {
    "data_sent": {
      "contains": "data",
      "values": {
        "count": 1767454,
        "rate": 19637.02038030801
      },
      "type": "counter"
    },
    "iteration_duration": {
      "type": "trend",
      "contains": "time",
      "values": {
        "avg": 19.497019740240216,
        "min": 12.106303,
        "med": 17.327359,
        "max": 94.56083,
        "p(50)": 17.327359,
        "p(95)": 34.78948774999958,
        "p(99)": 65.15345447
      }
    },
    "req_latency": {
      "values": {
        "avg": 18.108448073123096,
        "min": 10.927789,
        "med": 15.965326999999998,
        "max": 92.585402,
        "p(50)": 15.965326999999998,
        "p(95)": 33.30477894999975,
        "p(99)": 63.96830499999999
      },
      "type": "trend",
      "contains": "default"
    },
    "vus": {
      "type": "gauge",
      "contains": "default",
      "values": {
        "value": 1,
        "min": 1,
        "max": 6
      }
    },
    "http_reqs": {
      "type": "counter",
      "contains": "default",
      "values": {
        "count": 6660,
        "rate": 73.99488514713897
      }
    },
    "checks": {
      "contains": "default",
      "values": {
        "rate": 1,
        "passes": 13320,
        "fails": 0
      },
      "type": "rate"
    },
    "http_req_blocked": {
      "type": "trend",
      "contains": "time",
      "values": {
        "avg": 0.1289551749249229,
        "min": 0.00408,
        "med": 0.00585,
        "max": 15.841452,
        "p(50)": 0.00585,
        "p(95)": 0.01112,
        "p(99)": 5.59597049
      }
    },
    "iterations": {
      "contains": "default",
      "values": {
        "count": 6660,
        "rate": 73.99488514713897
      },
      "type": "counter"
    },
    "round_trip_count": {
      "type": "trend",
      "contains": "default",
      "values": {
        "avg": 1,
        "min": 1,
        "med": 1,
        "max": 1,
        "p(50)": 1,
        "p(95)": 1,
        "p(99)": 1
      }
    },
    "vus_max": {
      "contains": "default",
      "values": {
        "value": 148,
        "min": 148,
        "max": 148
      },
      "type": "gauge"
    },
    "http_req_sending": {
      "type": "trend",
      "contains": "time",
      "values": {
        "p(99)": 0.10960040999999998,
        "avg": 0.028170090240240402,
        "min": 0.01112,
        "med": 0.02374,
        "max": 0.22863,
        "p(50)": 0.02374,
        "p(95)": 0.04574949999999987
      }
    },
    "http_req_duration{expected_response:true}": {
      "type": "trend",
      "contains": "time",
      "values": {
        "max": 92.585402,
        "p(50)": 15.965326999999998,
        "p(95)": 33.30477894999975,
        "p(99)": 63.96830499999999,
        "avg": 18.108448073123096,
        "min": 10.927789,
        "med": 15.965326999999998
      }
    },
    "http_req_waiting": {
      "type": "trend",
      "contains": "time",
      "values": {
        "p(99)": 61.83117504999995,
        "avg": 17.884719218168183,
        "min": 10.810531,
        "med": 15.8456375,
        "max": 91.258029,
        "p(50)": 15.8456375,
        "p(95)": 32.25955449999992
      }
    },
    "http_req_receiving": {
      "type": "trend",
      "contains": "time",
      "values": {
        "max": 23.232223,
        "p(50)": 0.09084,
        "p(95)": 0.4403973999999929,
        "p(99)": 1.0417297899999982,
        "avg": 0.19555876471471517,
        "min": 0.042179,
        "med": 0.09084
      }
    },
    "http_req_duration": {
      "type": "trend",
      "contains": "time",
      "values": {
        "med": 15.965326999999998,
        "max": 92.585402,
        "p(50)": 15.965326999999998,
        "p(95)": 33.30477894999975,
        "p(99)": 63.96830499999999,
        "avg": 18.108448073123096,
        "min": 10.927789
      }
    },
    "http_req_tls_handshaking": {
      "values": {
        "avg": 0,
        "min": 0,
        "med": 0,
        "max": 0,
        "p(50)": 0,
        "p(95)": 0,
        "p(99)": 0
      },
      "type": "trend",
      "contains": "time"
    },
    "http_req_connecting": {
      "type": "trend",
      "contains": "time",
      "values": {
        "avg": 0.12027634864864865,
        "min": 0,
        "med": 0,
        "max": 15.750852,
        "p(50)": 0,
        "p(95)": 0,
        "p(99)": 5.488148899999998
      }
    },
    "data_received": {
      "contains": "data",
      "values": {
        "count": 21698543,
        "rate": 241078.25782961806
      },
      "type": "counter"
    },
    "http_req_failed": {
      "values": {
        "passes": 0,
        "fails": 6660,
        "rate": 0
      },
      "type": "rate",
      "contains": "default"
    },
    "payload_bytes": {
      "type": "trend",
      "contains": "default",
      "values": {
        "med": 2779,
        "max": 10707,
        "p(50)": 2779,
        "p(95)": 4445,
        "p(99)": 4764.23,
        "avg": 2996.0375375375374,
        "min": 2031
      }
    }
  },
  "root_group": {
    "path": "",
    "id": "d41d8cd98f00b204e9800998ecf8427e",
    "groups": [],
    "checks": [
        {
          "fails": 0,
          "name": "status is 200",
          "path": "::status is 200",
          "id": "6210a8cd14cd70477eba5c5e4cb3fb5f",
          "passes": 6660
        },
        {
          "passes": 6660,
          "fails": 0,
          "name": "no graphql errors",
          "path": "::no graphql errors",
          "id": "7c29382b2a87caa2e50f0d89170b649f"
        }
      ],
    "name": ""
  },
  "options": {
    "noColor": false,
    "summaryTrendStats": [
      "avg",
      "min",
      "med",
      "max",
      "p(50)",
      "p(95)",
      "p(99)"
    ],
    "summaryTimeUnit": ""
  }
}