{
  "state": {
    "isStdOutTTY": false,
    "isStdErrTTY": false,
    "testRunDurationMs": 90000.976789
  },
  "metrics": {
    "http_reqs": {
      "type": "counter",
      "contains": "default",
      "values": {
        "count": 2250,
        "rate": 24.999728672666993
      }
    },
    "http_req_sending": {
      "type": "trend",
      "contains": "time",
      "values": {
        "avg": 0.03330713422222215,
        "min": 0.01289,
        "med": 0.0272005,
        "max": 1.996713,
        "p(50)": 0.0272005,
        "p(95)": 0.05190654999999997,
        "p(99)": 0.11896058999999964
      }
    },
    "http_req_waiting": {
      "type": "trend",
      "contains": "time",
      "values": {
        "avg": 15.447125785333341,
        "min": 10.215495,
        "med": 15.023959,
        "max": 66.769735,
        "p(50)": 15.023959,
        "p(95)": 18.459731199999997,
        "p(99)": 23.128115939999788
      }
    },
    "checks": {
      "type": "rate",
      "contains": "default",
      "values": {
        "rate": 1,
        "passes": 4500,
        "fails": 0
      }
    },
    "http_req_duration": {
      "contains": "time",
      "values": {
        "p(50)": 15.145119000000001,
        "p(95)": 18.5917631,
        "p(99)": 23.24685854999979,
        "avg": 15.579812759555553,
        "min": 10.326426,
        "med": 15.145119000000001,
        "max": 67.108248
      },
      "type": "trend"
    },
    "data_sent": {
      "values": {
        "count": 597090,
        "rate": 6634.261330294549
      },
      "type": "counter",
      "contains": "data"
    },
    "data_received": {
      "type": "counter",
      "contains": "data",
      "values": {
        "count": 5039158,
        "rate": 55990.03677275523
      }
    },
    "round_trip_count": {
      "type": "trend",
      "contains": "default",
      "values": {
        "min": 1,
        "med": 1,
        "max": 1,
        "p(50)": 1,
        "p(95)": 1,
        "p(99)": 1,
        "avg": 1
      }
    },
    "http_req_failed": {
      "type": "rate",
      "contains": "default",
      "values": {
        "rate": 0,
        "passes": 0,
        "fails": 2250
      }
    },
    "http_req_tls_handshaking": {
      "type": "trend",
      "contains": "time",
      "values": {
        "max": 0,
        "p(50)": 0,
        "p(95)": 0,
        "p(99)": 0,
        "avg": 0,
        "min": 0,
        "med": 0
      }
    },
    "iterations": {
      "type": "counter",
      "contains": "default",
      "values": {
        "count": 2250,
        "rate": 24.999728672666993
      }
    },
    "http_req_blocked": {
      "contains": "time",
      "values": {
        "p(50)": 0.00688,
        "p(95)": 0.012776049999999997,
        "p(99)": 5.530323309999987,
        "avg": 0.12972707733333247,
        "min": 0.00417,
        "med": 0.00688,
        "max": 8.266456
      },
      "type": "trend"
    },
    "vus": {
      "type": "gauge",
      "contains": "default",
      "values": {
        "value": 0,
        "min": 0,
        "max": 1
      }
    },
    "http_req_receiving": {
      "type": "trend",
      "contains": "time",
      "values": {
        "med": 0.091781,
        "max": 2.62158,
        "p(50)": 0.091781,
        "p(95)": 0.14203354999999998,
        "p(99)": 0.22278999999999954,
        "avg": 0.09937983999999962,
        "min": 0.04427
      }
    },
    "req_latency": {
      "type": "trend",
      "contains": "default",
      "values": {
        "p(99)": 23.24685854999979,
        "avg": 15.579812759555553,
        "min": 10.326426,
        "med": 15.145119000000001,
        "max": 67.108248,
        "p(50)": 15.145119000000001,
        "p(95)": 18.5917631
      }
    },
    "http_req_duration{expected_response:true}": {
      "type": "trend",
      "contains": "time",
      "values": {
        "avg": 15.579812759555553,
        "min": 10.326426,
        "med": 15.145119000000001,
        "max": 67.108248,
        "p(50)": 15.145119000000001,
        "p(95)": 18.5917631,
        "p(99)": 23.24685854999979
      }
    },
    "http_req_connecting": {
      "contains": "time",
      "values": {
        "p(95)": 0,
        "p(99)": 5.422827489999983,
        "avg": 0.11983651511111111,
        "min": 0,
        "med": 0,
        "max": 8.143784,
        "p(50)": 0
      },
      "type": "trend"
    },
    "iteration_duration": {
      "values": {
        "max": 68.418948,
        "p(50)": 16.382018,
        "p(95)": 20.54979014999999,
        "p(99)": 26.146173319999964,
        "avg": 16.8686531671111,
        "min": 11.200009,
        "med": 16.382018
      },
      "type": "trend",
      "contains": "time"
    },
    "payload_bytes": {
      "contains": "default",
      "values": {
        "p(95)": 3085,
        "p(99)": 3362,
        "avg": 1977.7084444444445,
        "min": 149,
        "med": 2176,
        "max": 3474,
        "p(50)": 2176
      },
      "type": "trend"
    },
    "vus_max": {
      "type": "gauge",
      "contains": "default",
      "values": {
        "value": 50,
        "min": 50,
        "max": 50
      }
    }
  },
  "root_group": {
    "name": "",
    "path": "",
    "id": "d41d8cd98f00b204e9800998ecf8427e",
    "groups": [],
    "checks": [
        {
          "fails": 0,
          "name": "status is 200",
          "path": "::status is 200",
          "id": "6210a8cd14cd70477eba5c5e4cb3fb5f",
          "passes": 2250
        },
        {
          "name": "no graphql errors",
          "path": "::no graphql errors",
          "id": "7c29382b2a87caa2e50f0d89170b649f",
          "passes": 2250,
          "fails": 0
        }
      ]
  },
  "options": {
    "noColor": false,
    "summaryTrendStats": [
      "avg",
      "min",
      "med",
      "max",
      "p(50)",
      "p(95)",
      "p(99)"
    ],
    "summaryTimeUnit": ""
  }
}