{
  "metrics": {
    "http_req_sending": {
      "type": "trend",
      "contains": "time",
      "values": {
        "med": 0.0263245,
        "max": 0.221128,
        "p(50)": 0.0263245,
        "p(95)": 0.05962049999999986,
        "p(99)": 0.12474447999999955,
        "avg": 0.03116648488888892,
        "min": 0.01107
      }
    },
    "vus_max": {
      "type": "gauge",
      "contains": "default",
      "values": {
        "value": 50,
        "min": 50,
        "max": 50
      }
    },
    "http_req_duration{expected_response:true}": {
      "values": {
        "avg": 7.806970449333347,
        "min": 4.247881,
        "med": 7.807903,
        "max": 11.371293,
        "p(50)": 7.807903,
        "p(95)": 9.466050399999999,
        "p(99)": 10.357372269999999
      },
      "type": "trend",
      "contains": "time"
    },
    "http_req_blocked": {
      "values": {
        "avg": 0.13534843333333302,
        "min": 0.00417,
        "med": 0.00749,
        "max": 7.869459,
        "p(50)": 0.00749,
        "p(95)": 0.022123949999999892,
        "p(99)": 5.795694799999975
      },
      "type": "trend",
      "contains": "time"
    },
    "http_req_receiving": {
      "type": "trend",
      "contains": "time",
      "values": {
        "p(99)": 0.16914408999999989,
        "avg": 0.09559245733333342,
        "min": 0.04354,
        "med": 0.0909895,
        "max": 0.865866,
        "p(50)": 0.0909895,
        "p(95)": 0.13454499999999997
      }
    },
    "payload_bytes": {
      "type": "trend",
      "contains": "default",
      "values": {
        "med": 519,
        "max": 2571,
        "p(50)": 519,
        "p(95)": 1969,
        "p(99)": 2381,
        "avg": 691.652,
        "min": 128
      }
    },
    "data_received": {
      "type": "counter",
      "contains": "data",
      "values": {
        "rate": 23823.88449865138,
        "count": 2144185
      }
    },
    "http_req_waiting": {
      "type": "trend",
      "contains": "time",
      "values": {
        "p(99)": 10.249106519999998,
        "avg": 7.68021150711112,
        "min": 4.157573,
        "med": 7.6793745,
        "max": 11.255515,
        "p(50)": 7.6793745,
        "p(95)": 9.32212395
      }
    },
    "checks": {
      "type": "rate",
      "contains": "default",
      "values": {
        "rate": 1,
        "passes": 2250,
        "fails": 0
      }
    },
    "http_req_duration": {
      "type": "trend",
      "contains": "time",
      "values": {
        "med": 7.807903,
        "max": 11.371293,
        "p(50)": 7.807903,
        "p(95)": 9.466050399999999,
        "p(99)": 10.357372269999999,
        "avg": 7.806970449333347,
        "min": 4.247881
      }
    },
    "http_req_failed": {
      "type": "rate",
      "contains": "default",
      "values": {
        "rate": 0,
        "passes": 0,
        "fails": 2250
      }
    },
    "http_reqs": {
      "type": "counter",
      "contains": "default",
      "values": {
        "count": 2250,
        "rate": 24.99958731264588
      }
    },
    "vus": {
      "type": "gauge",
      "contains": "default",
      "values": {
        "value": 0,
        "min": 0,
        "max": 0
      }
    },
    "round_trip_count": {
      "type": "trend",
      "contains": "default",
      "values": {
        "p(99)": 1,
        "avg": 1,
        "min": 1,
        "med": 1,
        "max": 1,
        "p(50)": 1,
        "p(95)": 1
      }
    },
    "iterations": {
      "type": "counter",
      "contains": "default",
      "values": {
        "count": 2250,
        "rate": 24.99958731264588
      }
    },
    "data_sent": {
      "type": "counter",
      "contains": "data",
      "values": {
        "count": 399566,
        "rate": 4439.548935184295
      }
    },
    "http_req_connecting": {
      "type": "trend",
      "contains": "time",
      "values": {
        "med": 0,
        "max": 7.798799,
        "p(50)": 0,
        "p(95)": 0,
        "p(99)": 5.648880599999952,
        "avg": 0.12381409333333335,
        "min": 0
      }
    },
    "req_latency": {
      "type": "trend",
      "contains": "default",
      "values": {
        "max": 11.371293,
        "p(50)": 7.807903,
        "p(95)": 9.466050399999999,
        "p(99)": 10.357372269999999,
        "avg": 7.806970449333347,
        "min": 4.247881,
        "med": 7.807903
      }
    },
    "http_req_tls_handshaking": {
      "type": "trend",
      "contains": "time",
      "values": {
        "min": 0,
        "med": 0,
        "max": 0,
        "p(50)": 0,
        "p(95)": 0,
        "p(99)": 0,
        "avg": 0
      }
    },
    "iteration_duration": {
      "type": "trend",
      "contains": "time",
      "values": {
        "min": 4.530079,
        "med": 8.168104499999998,
        "max": 18.69137,
        "p(50)": 8.168104499999998,
        "p(95)": 10.1280333,
        "p(99)": 14.427796399999984,
        "avg": 8.283817969777788
      }
    }
  },
  "root_group": {
    "name": "",
    "path": "",
    "id": "d41d8cd98f00b204e9800998ecf8427e",
    "groups": [],
    "checks": [
        {
          "id": "6210a8cd14cd70477eba5c5e4cb3fb5f",
          "passes": 2250,
          "fails": 0,
          "name": "status is 200",
          "path": "::status is 200"
        }
      ]
  },
  "options": {
    "summaryTrendStats": [
      "avg",
      "min",
      "med",
      "max",
      "p(50)",
      "p(95)",
      "p(99)"
    ],
    "summaryTimeUnit": "",
    "noColor": false
  },
  "state": {
    "isStdOutTTY": false,
    "isStdErrTTY": false,
    "testRunDurationMs": 90001.485699
  }
}