{
  "options": {
    "summaryTrendStats": [
      "avg",
      "min",
      "med",
      "max",
      "p(50)",
      "p(95)",
      "p(99)"
    ],
    "summaryTimeUnit": "",
    "noColor": false
  },
  "state": {
    "testRunDurationMs": 90001.450751,
    "isStdOutTTY": false,
    "isStdErrTTY": false
  },
  "metrics": {
    "round_trip_count": {
      "type": "trend",
      "contains": "default",
      "values": {
        "avg": 1,
        "min": 1,
        "med": 1,
        "max": 1,
        "p(50)": 1,
        "p(95)": 1,
        "p(99)": 1
      }
    },
    "iteration_duration": {
      "type": "trend",
      "contains": "time",
      "values": {
        "avg": 12.363563321333322,
        "min": 8.373094,
        "med": 11.9009115,
        "max": 62.330697,
        "p(50)": 11.9009115,
        "p(95)": 15.64315359999999,
        "p(99)": 20.258563119999966
      }
    },
    "http_req_duration": {
      "type": "trend",
      "contains": "time",
      "values": {
        "p(99)": 16.853759899999964,
        "avg": 11.69416985911114,
        "min": 7.687769,
        "med": 11.3285555,
        "max": 61.20446,
        "p(50)": 11.3285555,
        "p(95)": 14.382438049999998
      }
    },
    "http_req_duration{expected_response:true}": {
      "type": "trend",
      "contains": "time",
      "values": {
        "min": 7.687769,
        "med": 11.3285555,
        "max": 61.20446,
        "p(50)": 11.3285555,
        "p(95)": 14.382438049999998,
        "p(99)": 16.853759899999964,
        "avg": 11.69416985911114
      }
    },
    "req_latency": {
      "type": "trend",
      "contains": "default",
      "values": {
        "p(50)": 11.3285555,
        "p(95)": 14.382438049999998,
        "p(99)": 16.853759899999964,
        "avg": 11.69416985911114,
        "min": 7.687769,
        "med": 11.3285555,
        "max": 61.20446
      }
    },
    "data_sent": {
      "type": "counter",
      "contains": "data",
      "values": {
        "count": 597563,
        "rate": 6639.48186405607
      }
    },
    "vus_max": {
      "type": "gauge",
      "contains": "default",
      "values": {
        "min": 50,
        "max": 50,
        "value": 50
      }
    },
    "http_req_sending": {
      "values": {
        "p(99)": 0.13228209999999793,
        "avg": 0.03176121244444444,
        "min": 0.01204,
        "med": 0.026965000000000003,
        "max": 0.229828,
        "p(50)": 0.026965000000000003,
        "p(95)": 0.05414549999999994
      },
      "type": "trend",
      "contains": "time"
    },
    "http_req_receiving": {
      "type": "trend",
      "contains": "time",
      "values": {
        "p(95)": 0.13874449999999988,
        "p(99)": 0.18726320999999976,
        "avg": 0.09471048977777781,
        "min": 0.04472,
        "med": 0.08781,
        "max": 0.356367,
        "p(50)": 0.08781
      }
    },
    "http_reqs": {
      "type": "counter",
      "contains": "default",
      "values": {
        "count": 2250,
        "rate": 24.99959702010693
      }
    },
    "http_req_connecting": {
      "type": "trend",
      "contains": "time",
      "values": {
        "med": 0,
        "max": 7.867377,
        "p(50)": 0,
        "p(95)": 0,
        "p(99)": 5.383910999999994,
        "avg": 0.12066082844444445,
        "min": 0
      }
    },
    "iterations": {
      "values": {
        "count": 2250,
        "rate": 24.99959702010693
      },
      "type": "counter",
      "contains": "default"
    },
    "vus": {
      "type": "gauge",
      "contains": "default",
      "values": {
        "value": 1,
        "min": 1,
        "max": 1
      }
    },
    "checks": {
      "type": "rate",
      "contains": "default",
      "values": {
        "rate": 1,
        "passes": 4500,
        "fails": 0
      }
    },
    "http_req_tls_handshaking": {
      "type": "trend",
      "contains": "time",
      "values": {
        "min": 0,
        "med": 0,
        "max": 0,
        "p(50)": 0,
        "p(95)": 0,
        "p(99)": 0,
        "avg": 0
      }
    },
    "http_req_failed": {
      "type": "rate",
      "contains": "default",
      "values": {
        "rate": 0,
        "passes": 0,
        "fails": 2250
      }
    },
    "http_req_waiting": {
      "values": {
        "p(50)": 11.1959315,
        "p(95)": 14.244028949999988,
        "p(99)": 16.74946198999996,
        "avg": 11.567698156888897,
        "min": 7.510401,
        "med": 11.1959315,
        "max": 60.886262
      },
      "type": "trend",
      "contains": "time"
    },
    "data_received": {
      "type": "counter",
      "contains": "data",
      "values": {
        "count": 930873,
        "rate": 10342.866611954665
      }
    },
    "http_req_blocked": {
      "type": "trend",
      "contains": "time",
      "values": {
        "p(50)": 0.00674,
        "p(95)": 0.01735199999999999,
        "p(99)": 5.496220389999996,
        "avg": 0.13080635999999968,
        "min": 0.00412,
        "med": 0.00674,
        "max": 7.984257
      }
    },
    "payload_bytes": {
      "type": "trend",
      "contains": "default",
      "values": {
        "p(50)": 148,
        "p(95)": 225,
        "p(99)": 250,
        "avg": 152.96488888888888,
        "min": 72,
        "med": 148,
        "max": 303
      }
    }
  },
  "root_group": {
    "groups": [],
    "checks": [
        {
          "name": "status is 200",
          "path": "::status is 200",
          "id": "6210a8cd14cd70477eba5c5e4cb3fb5f",
          "passes": 2250,
          "fails": 0
        },
        {
          "name": "no graphql errors",
          "path": "::no graphql errors",
          "id": "7c29382b2a87caa2e50f0d89170b649f",
          "passes": 2250,
          "fails": 0
        }
      ],
    "name": "",
    "path": "",
    "id": "d41d8cd98f00b204e9800998ecf8427e"
  }
}