{
  "metrics": {
    "iteration_duration": {
      "type": "trend",
      "contains": "time",
      "values": {
        "avg": 15.765365506998446,
        "min": 9.551934,
        "med": 15.559264,
        "max": 83.336229,
        "p(50)": 15.559264,
        "p(95)": 18.351235,
        "p(99)": 22.612022
      }
    },
    "vus_max": {
      "type": "gauge",
      "contains": "default",
      "values": {
        "min": 100,
        "max": 100,
        "value": 100
      }
    },
    "http_req_duration{expected_response:true}": {
      "values": {
        "min": 2.565068,
        "med": 7.4598525,
        "max": 74.485611,
        "p(50)": 7.4598525,
        "p(95)": 9.2876725,
        "p(99)": 10.187540629999999,
        "avg": 7.497863141968456
      },
      "type": "trend",
      "contains": "time"
    },
    "payload_bytes": {
      "contains": "default",
      "values": {
        "med": 129,
        "max": 2386,
        "p(50)": 129,
        "p(95)": 2326,
        "p(99)": 2350,
        "avg": 1012.8986891801821,
        "min": 110
      },
      "type": "trend"
    },
    "checks": {
      "values": {
        "fails": 0,
        "rate": 1,
        "passes": 9002
      },
      "type": "rate",
      "contains": "default"
    },
    "round_trip_count": {
      "values": {
        "min": 2,
        "med": 2,
        "max": 2,
        "p(50)": 2,
        "p(95)": 2,
        "p(99)": 2,
        "avg": 2
      },
      "type": "trend",
      "contains": "default"
    },
    "req_latency": {
      "type": "trend",
      "contains": "default",
      "values": {
        "med": 7.4598525,
        "max": 74.485611,
        "p(50)": 7.4598525,
        "p(95)": 9.2876725,
        "p(99)": 10.187540629999999,
        "avg": 7.497863141968456,
        "min": 2.565068
      }
    },
    "http_req_sending": {
      "type": "trend",
      "contains": "time",
      "values": {
        "max": 1.975456,
        "p(50)": 0.02375,
        "p(95)": 0.046998499999999964,
        "p(99)": 0.08860479999999989,
        "avg": 0.02702787947122855,
        "min": 0.00862,
        "med": 0.02375
      }
    },
    "page_latency": {
      "type": "trend",
      "contains": "default",
      "values": {
        "p(50)": 14.893395,
        "p(95)": 17.300269,
        "p(99)": 18.588233000000002,
        "avg": 14.995726283936879,
        "min": 8.880652000000001,
        "med": 14.893395,
        "max": 82.698407
      }
    },
    "http_req_connecting": {
      "type": "trend",
      "contains": "time",
      "values": {
        "p(99)": 3.9340656099999918,
        "avg": 0.059488377471672974,
        "min": 0,
        "med": 0,
        "max": 10.872239,
        "p(50)": 0,
        "p(95)": 0
      }
    },
    "http_req_receiving": {
      "values": {
        "p(99)": 0.18202998999999997,
        "avg": 0.10126649377916049,
        "min": 0.044991,
        "med": 0.092551,
        "max": 5.887948,
        "p(50)": 0.092551,
        "p(95)": 0.13955904999999996
      },
      "type": "trend",
      "contains": "time"
    },
    "http_req_failed": {
      "type": "rate",
      "contains": "default",
      "values": {
        "rate": 0,
        "passes": 0,
        "fails": 9002
      }
    },
    "http_req_duration": {
      "contains": "time",
      "values": {
        "p(50)": 7.4598525,
        "p(95)": 9.2876725,
        "p(99)": 10.187540629999999,
        "avg": 7.497863141968456,
        "min": 2.565068,
        "med": 7.4598525,
        "max": 74.485611
      },
      "type": "trend"
    },
    "data_sent": {
      "type": "counter",
      "contains": "data",
      "values": {
        "count": 901490,
        "rate": 10014.577990748858
      }
    },
    "http_req_blocked": {
      "type": "trend",
      "contains": "time",
      "values": {
        "avg": 0.06867803988002567,
        "min": 0.00318,
        "med": 0.00694,
        "max": 11.00516,
        "p(50)": 0.00694,
        "p(95)": 0.012308999999999978,
        "p(99)": 4.062279499999987
      }
    },
    "data_received": {
      "type": "counter",
      "contains": "data",
      "values": {
        "count": 11471712,
        "rate": 127438.30160224691
      }
    },
    "iterations": {
      "type": "counter",
      "contains": "default",
      "values": {
        "count": 4501,
        "rate": 50.001237436200746
      }
    },
    "vus": {
      "type": "gauge",
      "contains": "default",
      "values": {
        "value": 0,
        "min": 0,
        "max": 1
      }
    },
    "http_req_tls_handshaking": {
      "type": "trend",
      "contains": "time",
      "values": {
        "p(95)": 0,
        "p(99)": 0,
        "avg": 0,
        "min": 0,
        "med": 0,
        "max": 0,
        "p(50)": 0
      }
    },
    "http_reqs": {
      "type": "counter",
      "contains": "default",
      "values": {
        "count": 9002,
        "rate": 100.00247487240149
      }
    },
    "http_req_waiting": {
      "type": "trend",
      "contains": "time",
      "values": {
        "min": 2.404688,
        "med": 7.3315695,
        "max": 74.10459,
        "p(50)": 7.3315695,
        "p(95)": 9.1589221,
        "p(99)": 9.99988047,
        "avg": 7.3695687687180635
      }
    }
  },
  "root_group": {
    "id": "d41d8cd98f00b204e9800998ecf8427e",
    "groups": [],
    "checks": [
        {
          "passes": 9002,
          "fails": 0,
          "name": "status is 200",
          "path": "::status is 200",
          "id": "6210a8cd14cd70477eba5c5e4cb3fb5f"
        }
      ],
    "name": "",
    "path": ""
  },
  "options": {
    "summaryTrendStats": [
      "avg",
      "min",
      "med",
      "max",
      "p(50)",
      "p(95)",
      "p(99)"
    ],
    "summaryTimeUnit": "",
    "noColor": false
  },
  "state": {
    "isStdOutTTY": false,
    "isStdErrTTY": false,
    "testRunDurationMs": 90017.772175
  }
}