{
  "metrics": {
    "data_received": {
      "type": "counter",
      "contains": "data",
      "values": {
        "count": 905127,
        "rate": 10055.8821023517
      }
    },
    "http_req_blocked": {
      "type": "trend",
      "contains": "time",
      "values": {
        "avg": 0.12445731808085299,
        "min": 0.00384,
        "med": 0.00648,
        "max": 7.179997,
        "p(50)": 0.00648,
        "p(95)": 0.01799,
        "p(99)": 5.359892
      }
    },
    "req_latency": {
      "type": "trend",
      "contains": "default",
      "values": {
        "med": 7.646994,
        "max": 17.180115,
        "p(50)": 7.646994,
        "p(95)": 9.4566685,
        "p(99)": 10.281752000000001,
        "avg": 7.693929198134136,
        "min": 3.842927
      }
    },
    "round_trip_count": {
      "type": "trend",
      "contains": "default",
      "values": {
        "p(95)": 1,
        "p(99)": 1,
        "avg": 1,
        "min": 1,
        "med": 1,
        "max": 1,
        "p(50)": 1
      }
    },
    "http_req_duration{expected_response:true}": {
      "type": "trend",
      "contains": "time",
      "values": {
        "min": 3.842927,
        "med": 7.646994,
        "max": 17.180115,
        "p(50)": 7.646994,
        "p(95)": 9.4566685,
        "p(99)": 10.281752000000001,
        "avg": 7.693929198134136
      }
    },
    "http_req_waiting": {
      "type": "trend",
      "contains": "time",
      "values": {
        "med": 7.525244,
        "max": 17.032125,
        "p(50)": 7.525244,
        "p(95)": 9.345053,
        "p(99)": 10.1533535,
        "avg": 7.57674224433585,
        "min": 3.750378
      }
    },
    "http_req_receiving": {
      "type": "trend",
      "contains": "time",
      "values": {
        "max": 1.108832,
        "p(50)": 0.08545,
        "p(95)": 0.13512400000000002,
        "p(99)": 0.167109,
        "avg": 0.08980780764104854,
        "min": 0.0431,
        "med": 0.08545
      }
    },
    "http_req_duration": {
      "type": "trend",
      "contains": "time",
      "values": {
        "avg": 7.693929198134136,
        "min": 3.842927,
        "med": 7.646994,
        "max": 17.180115,
        "p(50)": 7.646994,
        "p(95)": 9.4566685,
        "p(99)": 10.281752000000001
      }
    },
    "http_req_failed": {
      "type": "rate",
      "contains": "default",
      "values": {
        "rate": 0,
        "passes": 0,
        "fails": 2251
      }
    },
    "iteration_duration": {
      "type": "trend",
      "contains": "time",
      "values": {
        "avg": 8.143911540204359,
        "min": 4.135755,
        "med": 8.00855,
        "max": 17.529343,
        "p(50)": 8.00855,
        "p(95)": 10.142868499999999,
        "p(99)": 14.255833
      }
    },
    "vus": {
      "type": "gauge",
      "contains": "default",
      "values": {
        "value": 0,
        "min": 0,
        "max": 0
      }
    },
    "http_reqs": {
      "values": {
        "count": 2251,
        "rate": 25.00841386058937
      },
      "type": "counter",
      "contains": "default"
    },
    "data_sent": {
      "type": "counter",
      "contains": "data",
      "values": {
        "count": 212897,
        "rate": 2365.267119359349
      }
    },
    "checks": {
      "values": {
        "rate": 1,
        "passes": 2251,
        "fails": 0
      },
      "type": "rate",
      "contains": "default"
    },
    "http_req_connecting": {
      "contains": "time",
      "values": {
        "avg": 0.11455699333629502,
        "min": 0,
        "med": 0,
        "max": 7.054788,
        "p(50)": 0,
        "p(95)": 0,
        "p(99)": 5.265727
      },
      "type": "trend"
    },
    "iterations": {
      "type": "counter",
      "contains": "default",
      "values": {
        "count": 2251,
        "rate": 25.00841386058937
      }
    },
    "vus_max": {
      "values": {
        "value": 50,
        "min": 50,
        "max": 50
      },
      "type": "gauge",
      "contains": "default"
    },
    "payload_bytes": {
      "type": "trend",
      "contains": "default",
      "values": {
        "avg": 141.33185250999557,
        "min": 59,
        "med": 135,
        "max": 262,
        "p(50)": 135,
        "p(95)": 212,
        "p(99)": 237
      }
    },
    "http_req_tls_handshaking": {
      "type": "trend",
      "contains": "time",
      "values": {
        "med": 0,
        "max": 0,
        "p(50)": 0,
        "p(95)": 0,
        "p(99)": 0,
        "avg": 0,
        "min": 0
      }
    },
    "http_req_sending": {
      "type": "trend",
      "contains": "time",
      "values": {
        "p(99)": 0.1099395,
        "avg": 0.027379146157263452,
        "min": 0.01062,
        "med": 0.02331,
        "max": 0.208918,
        "p(50)": 0.02331,
        "p(95)": 0.0487755
      }
    }
  },
  "root_group": {
    "name": "",
    "path": "",
    "id": "d41d8cd98f00b204e9800998ecf8427e",
    "groups": [],
    "checks": [
        {
          "name": "status is 200",
          "path": "::status is 200",
          "id": "6210a8cd14cd70477eba5c5e4cb3fb5f",
          "passes": 2251,
          "fails": 0
        }
      ]
  },
  "options": {
    "summaryTrendStats": [
      "avg",
      "min",
      "med",
      "max",
      "p(50)",
      "p(95)",
      "p(99)"
    ],
    "summaryTimeUnit": "",
    "noColor": false
  },
  "state": {
    "isStdOutTTY": false,
    "isStdErrTTY": false,
    "testRunDurationMs": 90009.706835
  }
}