{
  "metrics": {
    "vus": {
      "values": {
        "max": 0,
        "value": 0,
        "min": 0
      },
      "type": "gauge",
      "contains": "default"
    },
    "iterations": {
      "type": "counter",
      "contains": "default",
      "values": {
        "count": 2250,
        "rate": 24.99958472773149
      }
    },
    "http_req_blocked": {
      "type": "trend",
      "contains": "time",
      "values": {
        "max": 6.97859,
        "p(50)": 0.007,
        "p(95)": 0.012504500000000017,
        "p(99)": 4.40888661000001,
        "avg": 0.06750127511111087,
        "min": 0.00346,
        "med": 0.007
      }
    },
    "http_req_receiving": {
      "type": "trend",
      "contains": "time",
      "values": {
        "min": 0.04718,
        "med": 0.09216,
        "max": 2.156038,
        "p(50)": 0.09216,
        "p(95)": 0.13685905,
        "p(99)": 0.1746344000000001,
        "avg": 0.09873324022222228
      }
    },
    "http_req_duration{expected_response:true}": {
      "type": "trend",
      "contains": "time",
      "values": {
        "p(99)": 10.020110670000003,
        "avg": 7.60052985666668,
        "min": 4.085256,
        "med": 7.603056,
        "max": 43.104416,
        "p(50)": 7.603056,
        "p(95)": 9.32629815
      }
    },
    "http_req_waiting": {
      "type": "trend",
      "contains": "time",
      "values": {
        "avg": 7.475267353111125,
        "min": 3.989396,
        "med": 7.4808115,
        "max": 42.988426,
        "p(50)": 7.4808115,
        "p(95)": 9.196768650000001,
        "p(99)": 9.91174393
      }
    },
    "req_latency": {
      "type": "trend",
      "contains": "default",
      "values": {
        "min": 4.085256,
        "med": 7.603056,
        "max": 43.104416,
        "p(50)": 7.603056,
        "p(95)": 9.32629815,
        "p(99)": 10.020110670000003,
        "avg": 7.60052985666668
      }
    },
    "http_req_tls_handshaking": {
      "type": "trend",
      "contains": "time",
      "values": {
        "p(50)": 0,
        "p(95)": 0,
        "p(99)": 0,
        "avg": 0,
        "min": 0,
        "med": 0,
        "max": 0
      }
    },
    "round_trip_count": {
      "contains": "default",
      "values": {
        "avg": 2,
        "min": 2,
        "med": 2,
        "max": 2,
        "p(50)": 2,
        "p(95)": 2,
        "p(99)": 2
      },
      "type": "trend"
    },
    "http_req_connecting": {
      "contains": "time",
      "values": {
        "p(99)": 4.307235010000007,
        "avg": 0.05849449688888887,
        "min": 0,
        "med": 0,
        "max": 6.90244,
        "p(50)": 0,
        "p(95)": 0
      },
      "type": "trend"
    },
    "vus_max": {
      "type": "gauge",
      "contains": "default",
      "values": {
        "value": 50,
        "min": 50,
        "max": 50
      }
    },
    "http_req_duration": {
      "type": "trend",
      "contains": "time",
      "values": {
        "max": 43.104416,
        "p(50)": 7.603056,
        "p(95)": 9.32629815,
        "p(99)": 10.020110670000003,
        "avg": 7.60052985666668,
        "min": 4.085256,
        "med": 7.603056
      }
    },
    "payload_bytes": {
      "type": "trend",
      "contains": "default",
      "values": {
        "avg": 1017.5144444444444,
        "min": 110,
        "med": 129,
        "max": 2386,
        "p(50)": 129,
        "p(95)": 2327,
        "p(99)": 2350
      }
    },
    "http_req_sending": {
      "type": "trend",
      "contains": "time",
      "values": {
        "avg": 0.02652926333333336,
        "min": 0.00993,
        "med": 0.0229,
        "max": 0.19164,
        "p(50)": 0.0229,
        "p(95)": 0.04912300000000001,
        "p(99)": 0.1079748000000001
      }
    },
    "checks": {
      "type": "rate",
      "contains": "default",
      "values": {
        "rate": 1,
        "passes": 4500,
        "fails": 0
      }
    },
    "data_sent": {
      "type": "counter",
      "contains": "data",
      "values": {
        "count": 450508,
        "rate": 5005.561296231493
      }
    },
    "http_req_failed": {
      "values": {
        "passes": 0,
        "fails": 4500,
        "rate": 0
      },
      "type": "rate",
      "contains": "default"
    },
    "http_reqs": {
      "type": "counter",
      "contains": "default",
      "values": {
        "count": 4500,
        "rate": 49.99916945546298
      }
    },
    "page_latency": {
      "type": "trend",
      "contains": "default",
      "values": {
        "p(99)": 18.76014281,
        "avg": 15.201059713333343,
        "min": 10.965682,
        "med": 15.1257205,
        "max": 50.314795000000004,
        "p(50)": 15.1257205,
        "p(95)": 17.48949425
      }
    },
    "data_received": {
      "type": "counter",
      "contains": "data",
      "values": {
        "count": 5755356,
        "rate": 63947.337760114584
      }
    },
    "iteration_duration": {
      "type": "trend",
      "contains": "time",
      "values": {
        "max": 50.898546,
        "p(50)": 15.812861999999999,
        "p(95)": 18.482859349999995,
        "p(99)": 21.812822899999986,
        "avg": 15.97759364355559,
        "min": 11.56089,
        "med": 15.812861999999999
      }
    }
  },
  "root_group": {
    "path": "",
    "id": "d41d8cd98f00b204e9800998ecf8427e",
    "groups": [],
    "checks": [
        {
          "name": "status is 200",
          "path": "::status is 200",
          "id": "6210a8cd14cd70477eba5c5e4cb3fb5f",
          "passes": 4500,
          "fails": 0
        }
      ],
    "name": ""
  },
  "options": {
    "noColor": false,
    "summaryTrendStats": [
      "avg",
      "min",
      "med",
      "max",
      "p(50)",
      "p(95)",
      "p(99)"
    ],
    "summaryTimeUnit": ""
  },
  "state": {
    "isStdOutTTY": false,
    "isStdErrTTY": false,
    "testRunDurationMs": 90001.495005
  }
}