{
  "state": {
    "isStdOutTTY": false,
    "isStdErrTTY": false,
    "testRunDurationMs": 90008.267248
  },
  "metrics": {
    "http_req_failed": {
      "type": "rate",
      "contains": "default",
      "values": {
        "passes": 0,
        "fails": 6661,
        "rate": 0
      }
    },
    "http_reqs": {
      "contains": "default",
      "values": {
        "count": 6661,
        "rate": 74.00431319988563
      },
      "type": "counter"
    },
    "http_req_duration{expected_response:true}": {
      "values": {
        "min": 3.609478,
        "med": 7.066937,
        "max": 32.102601,
        "p(50)": 7.066937,
        "p(95)": 8.756432,
        "p(99)": 9.4946128,
        "avg": 7.0707680544963285
      },
      "type": "trend",
      "contains": "time"
    },
    "data_sent": {
      "type": "counter",
      "contains": "data",
      "values": {
        "count": 1185633,
        "rate": 13172.489997315719
      }
    },
    "http_req_duration": {
      "type": "trend",
      "contains": "time",
      "values": {
        "p(50)": 7.066937,
        "p(95)": 8.756432,
        "p(99)": 9.4946128,
        "avg": 7.0707680544963285,
        "min": 3.609478,
        "med": 7.066937,
        "max": 32.102601
      }
    },
    "payload_bytes": {
      "type": "trend",
      "contains": "default",
      "values": {
        "med": 329,
        "max": 528,
        "p(50)": 329,
        "p(95)": 428,
        "p(99)": 431,
        "avg": 325.21963669118753,
        "min": 128
      }
    },
    "http_req_waiting": {
      "contains": "time",
      "values": {
        "p(99)": 9.3805568,
        "avg": 6.95470710298752,
        "min": 3.549768,
        "med": 6.94763,
        "max": 31.886893,
        "p(50)": 6.94763,
        "p(95)": 8.642445
      },
      "type": "trend"
    },
    "iteration_duration": {
      "contains": "time",
      "values": {
        "min": 3.797367,
        "med": 7.373808,
        "max": 32.329211,
        "p(50)": 7.373808,
        "p(95)": 9.324883,
        "p(99)": 14.157104199999994,
        "avg": 7.498686267977785
      },
      "type": "trend"
    },
    "vus": {
      "type": "gauge",
      "contains": "default",
      "values": {
        "value": 0,
        "min": 0,
        "max": 2
      }
    },
    "http_req_receiving": {
      "contains": "time",
      "values": {
        "max": 0.486638,
        "p(50)": 0.08494,
        "p(95)": 0.12407,
        "p(99)": 0.15046099999999998,
        "avg": 0.08737489130761167,
        "min": 0.042079,
        "med": 0.08494
      },
      "type": "trend"
    },
    "round_trip_count": {
      "type": "trend",
      "contains": "default",
      "values": {
        "avg": 1,
        "min": 1,
        "med": 1,
        "max": 1,
        "p(50)": 1,
        "p(95)": 1,
        "p(99)": 1
      }
    },
    "checks": {
      "type": "rate",
      "contains": "default",
      "values": {
        "passes": 6661,
        "fails": 0,
        "rate": 1
      }
    },
    "vus_max": {
      "type": "gauge",
      "contains": "default",
      "values": {
        "max": 148,
        "value": 148,
        "min": 148
      }
    },
    "http_req_blocked": {
      "values": {
        "p(95)": 0.0187,
        "p(99)": 5.735669999999992,
        "avg": 0.13598222744332542,
        "min": 0.0041,
        "med": 0.00652,
        "max": 20.328625,
        "p(50)": 0.00652
      },
      "type": "trend",
      "contains": "time"
    },
    "http_req_sending": {
      "type": "trend",
      "contains": "time",
      "values": {
        "med": 0.0242,
        "max": 0.47316,
        "p(50)": 0.0242,
        "p(95)": 0.04999,
        "p(99)": 0.1261946,
        "avg": 0.028686060201170947,
        "min": 0.01152
      }
    },
    "http_req_tls_handshaking": {
      "type": "trend",
      "contains": "time",
      "values": {
        "avg": 0,
        "min": 0,
        "med": 0,
        "max": 0,
        "p(50)": 0,
        "p(95)": 0,
        "p(99)": 0
      }
    },
    "req_latency": {
      "type": "trend",
      "contains": "default",
      "values": {
        "avg": 7.0707680544963285,
        "min": 3.609478,
        "med": 7.066937,
        "max": 32.102601,
        "p(50)": 7.066937,
        "p(95)": 8.756432,
        "p(99)": 9.4946128
      }
    },
    "data_received": {
      "type": "counter",
      "contains": "data",
      "values": {
        "count": 3904809,
        "rate": 43382.78159761781
      }
    },
    "http_req_connecting": {
      "type": "trend",
      "contains": "time",
      "values": {
        "avg": 0.12609811259570636,
        "min": 0,
        "med": 0,
        "max": 20.194497,
        "p(50)": 0,
        "p(95)": 0,
        "p(99)": 5.636697199999998
      }
    },
    "iterations": {
      "values": {
        "count": 6661,
        "rate": 74.00431319988563
      },
      "type": "counter",
      "contains": "default"
    }
  },
  "root_group": {
    "name": "",
    "path": "",
    "id": "d41d8cd98f00b204e9800998ecf8427e",
    "groups": [],
    "checks": [
        {
          "path": "::status is 200",
          "id": "6210a8cd14cd70477eba5c5e4cb3fb5f",
          "passes": 6661,
          "fails": 0,
          "name": "status is 200"
        }
      ]
  },
  "options": {
    "summaryTrendStats": [
      "avg",
      "min",
      "med",
      "max",
      "p(50)",
      "p(95)",
      "p(99)"
    ],
    "summaryTimeUnit": "",
    "noColor": false
  }
}