{
  "state": {
    "isStdOutTTY": false,
    "isStdErrTTY": false,
    "testRunDurationMs": 90004.336164
  },
  "metrics": {
    "http_req_duration": {
      "contains": "time",
      "values": {
        "min": 9.652766,
        "med": 16.0501365,
        "max": 109.002747,
        "p(50)": 16.0501365,
        "p(95)": 41.16341499999992,
        "p(99)": 73.1335558,
        "avg": 18.28412321471475
      },
      "type": "trend"
    },
    "http_req_tls_handshaking": {
      "values": {
        "p(50)": 0,
        "p(95)": 0,
        "p(99)": 0,
        "avg": 0,
        "min": 0,
        "med": 0,
        "max": 0
      },
      "type": "trend",
      "contains": "time"
    },
    "checks": {
      "type": "rate",
      "contains": "default",
      "values": {
        "rate": 1,
        "passes": 13320,
        "fails": 0
      }
    },
    "data_sent": {
      "type": "counter",
      "contains": "data",
      "values": {
        "count": 1768667,
        "rate": 19650.908782630773
      }
    },
    "http_req_duration{expected_response:true}": {
      "type": "trend",
      "contains": "time",
      "values": {
        "min": 9.652766,
        "med": 16.0501365,
        "max": 109.002747,
        "p(50)": 16.0501365,
        "p(95)": 41.16341499999992,
        "p(99)": 73.1335558,
        "avg": 18.28412321471475
      }
    },
    "http_req_waiting": {
      "type": "trend",
      "contains": "time",
      "values": {
        "p(99)": 69.98622739999995,
        "avg": 18.00677443678682,
        "min": 9.531867,
        "med": 15.9264115,
        "max": 107.561551,
        "p(50)": 15.9264115,
        "p(95)": 38.68951344999962
      }
    },
    "http_req_receiving": {
      "values": {
        "med": 0.0964055,
        "max": 18.481525,
        "p(50)": 0.0964055,
        "p(95)": 0.5692304499999988,
        "p(99)": 6.93205568999999,
        "avg": 0.24757660810810778,
        "min": 0.03492
      },
      "type": "trend",
      "contains": "time"
    },
    "http_req_connecting": {
      "type": "trend",
      "contains": "time",
      "values": {
        "avg": 0.11965521351351346,
        "min": 0,
        "med": 0,
        "max": 17.707786,
        "p(50)": 0,
        "p(95)": 0,
        "p(99)": 5.398778989999998
      }
    },
    "iterations": {
      "type": "counter",
      "contains": "default",
      "values": {
        "count": 6660,
        "rate": 73.996434881366
      }
    },
    "http_req_sending": {
      "type": "trend",
      "contains": "time",
      "values": {
        "med": 0.02549,
        "max": 0.214979,
        "p(50)": 0.02549,
        "p(95)": 0.05107049999999999,
        "p(99)": 0.10834440999999993,
        "avg": 0.02977216981981982,
        "min": 0.01124
      }
    },
    "req_latency": {
      "values": {
        "max": 109.002747,
        "p(50)": 16.0501365,
        "p(95)": 41.16341499999992,
        "p(99)": 73.1335558,
        "avg": 18.28412321471475,
        "min": 9.652766,
        "med": 16.0501365
      },
      "type": "trend",
      "contains": "default"
    },
    "data_received": {
      "contains": "data",
      "values": {
        "count": 21665709,
        "rate": 240718.50227884762
      },
      "type": "counter"
    },
    "iteration_duration": {
      "type": "trend",
      "contains": "time",
      "values": {
        "avg": 19.693245189639683,
        "min": 10.203745,
        "med": 17.587826999999997,
        "max": 111.126712,
        "p(50)": 17.587826999999997,
        "p(95)": 42.80151649999997,
        "p(99)": 74.41924930999998
      }
    },
    "vus_max": {
      "type": "gauge",
      "contains": "default",
      "values": {
        "value": 148,
        "min": 148,
        "max": 148
      }
    },
    "http_req_blocked": {
      "type": "trend",
      "contains": "time",
      "values": {
        "avg": 0.1293778534534519,
        "min": 0.00402,
        "med": 0.00669,
        "max": 17.815377,
        "p(50)": 0.00669,
        "p(95)": 0.013100499999999994,
        "p(99)": 5.49673489
      }
    },
    "http_reqs": {
      "contains": "default",
      "values": {
        "rate": 73.996434881366,
        "count": 6660
      },
      "type": "counter"
    },
    "vus": {
      "contains": "default",
      "values": {
        "value": 2,
        "min": 1,
        "max": 5
      },
      "type": "gauge"
    },
    "http_req_failed": {
      "type": "rate",
      "contains": "default",
      "values": {
        "rate": 0,
        "passes": 0,
        "fails": 6660
      }
    },
    "payload_bytes": {
      "type": "trend",
      "contains": "default",
      "values": {
        "min": 634,
        "med": 3528,
        "max": 29374,
        "p(50)": 3528,
        "p(95)": 5135,
        "p(99)": 5323,
        "avg": 2991.39024024024
      }
    },
    "round_trip_count": {
      "type": "trend",
      "contains": "default",
      "values": {
        "p(99)": 1,
        "avg": 1,
        "min": 1,
        "med": 1,
        "max": 1,
        "p(50)": 1,
        "p(95)": 1
      }
    }
  },
  "root_group": {
    "name": "",
    "path": "",
    "id": "d41d8cd98f00b204e9800998ecf8427e",
    "groups": [],
    "checks": [
        {
          "fails": 0,
          "name": "status is 200",
          "path": "::status is 200",
          "id": "6210a8cd14cd70477eba5c5e4cb3fb5f",
          "passes": 6660
        },
        {
          "passes": 6660,
          "fails": 0,
          "name": "no graphql errors",
          "path": "::no graphql errors",
          "id": "7c29382b2a87caa2e50f0d89170b649f"
        }
      ]
  },
  "options": {
    "summaryTimeUnit": "",
    "noColor": false,
    "summaryTrendStats": [
      "avg",
      "min",
      "med",
      "max",
      "p(50)",
      "p(95)",
      "p(99)"
    ]
  }
}