{
  "state": {
    "isStdOutTTY": false,
    "isStdErrTTY": false,
    "testRunDurationMs": 90001.307254
  },
  "metrics": {
    "data_received": {
      "values": {
        "count": 7287925,
        "rate": 80975.76826781144
      },
      "type": "counter",
      "contains": "data"
    },
    "http_req_sending": {
      "type": "trend",
      "contains": "time",
      "values": {
        "p(95)": 0.06393049999999986,
        "p(99)": 0.11913180999999912,
        "avg": 0.03319291244444444,
        "min": 0.01082,
        "med": 0.02933,
        "max": 0.225749,
        "p(50)": 0.02933
      }
    },
    "http_reqs": {
      "contains": "default",
      "values": {
        "count": 2250,
        "rate": 24.999636879163237
      },
      "type": "counter"
    },
    "http_req_connecting": {
      "type": "trend",
      "contains": "time",
      "values": {
        "p(95)": 0,
        "p(99)": 5.643152009999987,
        "avg": 0.12091074666666665,
        "min": 0,
        "med": 0,
        "max": 7.604933,
        "p(50)": 0
      }
    },
    "http_req_duration{expected_response:true}": {
      "contains": "time",
      "values": {
        "max": 42.256629,
        "p(50)": 8.042733,
        "p(95)": 10.171730649999995,
        "p(99)": 11.130190049999992,
        "avg": 8.084047684888882,
        "min": 4.108891,
        "med": 8.042733
      },
      "type": "trend"
    },
    "data_sent": {
      "type": "counter",
      "contains": "data",
      "values": {
        "count": 332049,
        "rate": 3689.3797449285657
      }
    },
    "vus": {
      "type": "gauge",
      "contains": "default",
      "values": {
        "value": 1,
        "min": 1,
        "max": 1
      }
    },
    "http_req_receiving": {
      "type": "trend",
      "contains": "time",
      "values": {
        "max": 6.238074,
        "p(50)": 0.0923495,
        "p(95)": 0.17247594999999993,
        "p(99)": 0.252785499999999,
        "avg": 0.10815747777777783,
        "min": 0.04347,
        "med": 0.0923495
      }
    },
    "vus_max": {
      "contains": "default",
      "values": {
        "value": 50,
        "min": 50,
        "max": 50
      },
      "type": "gauge"
    },
    "http_req_duration": {
      "type": "trend",
      "contains": "time",
      "values": {
        "p(95)": 10.171730649999995,
        "p(99)": 11.130190049999992,
        "avg": 8.084047684888882,
        "min": 4.108891,
        "med": 8.042733,
        "max": 42.256629,
        "p(50)": 8.042733
      }
    },
    "iterations": {
      "type": "counter",
      "contains": "default",
      "values": {
        "count": 2250,
        "rate": 24.999636879163237
      }
    },
    "http_req_waiting": {
      "type": "trend",
      "contains": "time",
      "values": {
        "p(99)": 10.973396229999999,
        "avg": 7.942697294666676,
        "min": 3.945751,
        "med": 7.898084000000001,
        "max": 42.079639,
        "p(50)": 7.898084000000001,
        "p(95)": 10.002613049999997
      }
    },
    "round_trip_count": {
      "values": {
        "med": 1,
        "max": 1,
        "p(50)": 1,
        "p(95)": 1,
        "p(99)": 1,
        "avg": 1,
        "min": 1
      },
      "type": "trend",
      "contains": "default"
    },
    "http_req_failed": {
      "type": "rate",
      "contains": "default",
      "values": {
        "rate": 0,
        "passes": 0,
        "fails": 2250
      }
    },
    "http_req_tls_handshaking": {
      "values": {
        "med": 0,
        "max": 0,
        "p(50)": 0,
        "p(95)": 0,
        "p(99)": 0,
        "avg": 0,
        "min": 0
      },
      "type": "trend",
      "contains": "time"
    },
    "iteration_duration": {
      "type": "trend",
      "contains": "time",
      "values": {
        "p(95)": 10.811291299999999,
        "p(99)": 15.322182289999992,
        "avg": 8.554052067111108,
        "min": 4.503231,
        "med": 8.4184325,
        "max": 42.532119,
        "p(50)": 8.4184325
      }
    },
    "checks": {
      "values": {
        "fails": 0,
        "rate": 1,
        "passes": 2250
      },
      "type": "rate",
      "contains": "default"
    },
    "req_latency": {
      "type": "trend",
      "contains": "default",
      "values": {
        "p(99)": 11.130190049999992,
        "avg": 8.084047684888882,
        "min": 4.108891,
        "med": 8.042733,
        "max": 42.256629,
        "p(50)": 8.042733,
        "p(95)": 10.171730649999995
      }
    },
    "payload_bytes": {
      "type": "trend",
      "contains": "default",
      "values": {
        "p(99)": 5301,
        "avg": 2977.359111111111,
        "min": 615,
        "med": 3518.5,
        "max": 29355,
        "p(50)": 3518.5,
        "p(95)": 5141.549999999999
      }
    },
    "http_req_blocked": {
      "values": {
        "p(50)": 0.00786,
        "p(95)": 0.02435649999999988,
        "p(99)": 5.748679289999999,
        "avg": 0.1320340191111112,
        "min": 0.00409,
        "med": 0.00786,
        "max": 7.694082
      },
      "type": "trend",
      "contains": "time"
    }
  },
  "root_group": {
    "name": "",
    "path": "",
    "id": "d41d8cd98f00b204e9800998ecf8427e",
    "groups": [],
    "checks": [
        {
          "fails": 0,
          "name": "status is 200",
          "path": "::status is 200",
          "id": "6210a8cd14cd70477eba5c5e4cb3fb5f",
          "passes": 2250
        }
      ]
  },
  "options": {
    "summaryTimeUnit": "",
    "noColor": false,
    "summaryTrendStats": [
      "avg",
      "min",
      "med",
      "max",
      "p(50)",
      "p(95)",
      "p(99)"
    ]
  }
}