{
  "root_group": {
    "id": "d41d8cd98f00b204e9800998ecf8427e",
    "groups": [],
    "checks": [
        {
          "name": "status is 200",
          "path": "::status is 200",
          "id": "6210a8cd14cd70477eba5c5e4cb3fb5f",
          "passes": 2250,
          "fails": 0
        }
      ],
    "name": "",
    "path": ""
  },
  "options": {
    "summaryTrendStats": [
      "avg",
      "min",
      "med",
      "max",
      "p(50)",
      "p(95)",
      "p(99)"
    ],
    "summaryTimeUnit": "",
    "noColor": false
  },
  "state": {
    "isStdOutTTY": false,
    "isStdErrTTY": false,
    "testRunDurationMs": 90000.827174
  },
  "metrics": {
    "http_req_waiting": {
      "type": "trend",
      "contains": "time",
      "values": {
        "avg": 7.791019981777802,
        "min": 3.627661,
        "med": 7.7793715,
        "max": 38.965344,
        "p(50)": 7.7793715,
        "p(95)": 9.5842043,
        "p(99)": 10.323392649999999
      }
    },
    "http_req_sending": {
      "type": "trend",
      "contains": "time",
      "values": {
        "min": 0.01069,
        "med": 0.025384999999999998,
        "max": 0.215,
        "p(50)": 0.025384999999999998,
        "p(95)": 0.052708499999999985,
        "p(99)": 0.11948059999999974,
        "avg": 0.029852485333333345
      }
    },
    "http_req_blocked": {
      "type": "trend",
      "contains": "time",
      "values": {
        "med": 0.00723,
        "max": 7.336446,
        "p(50)": 0.00723,
        "p(95)": 0.021152999999999984,
        "p(99)": 5.476842989999989,
        "avg": 0.12685823066666643,
        "min": 0.00438
      }
    },
    "http_req_failed": {
      "type": "rate",
      "contains": "default",
      "values": {
        "rate": 0,
        "passes": 0,
        "fails": 2250
      }
    },
    "iteration_duration": {
      "type": "trend",
      "contains": "time",
      "values": {
        "med": 8.255917,
        "max": 39.522653,
        "p(50)": 8.255917,
        "p(95)": 10.314977149999999,
        "p(99)": 14.247710609999997,
        "avg": 8.37850388933335,
        "min": 4.010101
      }
    },
    "http_req_duration{expected_response:true}": {
      "values": {
        "med": 7.896577,
        "max": 39.122994,
        "p(50)": 7.896577,
        "p(95)": 9.6995718,
        "p(99)": 10.45840827,
        "avg": 7.913265367111115,
        "min": 3.735021
      },
      "type": "trend",
      "contains": "time"
    },
    "http_reqs": {
      "type": "counter",
      "contains": "default",
      "values": {
        "count": 2250,
        "rate": 24.99977023155621
      }
    },
    "http_req_connecting": {
      "type": "trend",
      "contains": "time",
      "values": {
        "avg": 0.11593900933333334,
        "min": 0,
        "med": 0,
        "max": 7.246645,
        "p(50)": 0,
        "p(95)": 0,
        "p(99)": 5.367981099999999
      }
    },
    "checks": {
      "type": "rate",
      "contains": "default",
      "values": {
        "rate": 1,
        "passes": 2250,
        "fails": 0
      }
    },
    "payload_bytes": {
      "contains": "default",
      "values": {
        "avg": 141.1942222222222,
        "min": 59,
        "med": 135,
        "max": 290,
        "p(50)": 135,
        "p(95)": 212,
        "p(99)": 237
      },
      "type": "trend"
    },
    "vus_max": {
      "type": "gauge",
      "contains": "default",
      "values": {
        "max": 50,
        "value": 50,
        "min": 50
      }
    },
    "http_req_tls_handshaking": {
      "type": "trend",
      "contains": "time",
      "values": {
        "med": 0,
        "max": 0,
        "p(50)": 0,
        "p(95)": 0,
        "p(99)": 0,
        "avg": 0,
        "min": 0
      }
    },
    "round_trip_count": {
      "type": "trend",
      "contains": "default",
      "values": {
        "p(50)": 1,
        "p(95)": 1,
        "p(99)": 1,
        "avg": 1,
        "min": 1,
        "med": 1,
        "max": 1
      }
    },
    "data_received": {
      "type": "counter",
      "contains": "data",
      "values": {
        "count": 904456,
        "rate": 10049.418748689955
      }
    },
    "http_req_receiving": {
      "type": "trend",
      "contains": "time",
      "values": {
        "p(99)": 0.17485859999999978,
        "avg": 0.09239289999999976,
        "min": 0.04282,
        "med": 0.087845,
        "max": 0.26211,
        "p(50)": 0.087845,
        "p(95)": 0.1359955
      }
    },
    "iterations": {
      "type": "counter",
      "contains": "default",
      "values": {
        "rate": 24.99977023155621,
        "count": 2250
      }
    },
    "req_latency": {
      "type": "trend",
      "contains": "default",
      "values": {
        "avg": 7.913265367111115,
        "min": 3.735021,
        "med": 7.896577,
        "max": 39.122994,
        "p(50)": 7.896577,
        "p(95)": 9.6995718,
        "p(99)": 10.45840827
      }
    },
    "data_sent": {
      "type": "counter",
      "contains": "data",
      "values": {
        "count": 212734,
        "rate": 2363.6893868621682
      }
    },
    "vus": {
      "type": "gauge",
      "contains": "default",
      "values": {
        "value": 0,
        "min": 0,
        "max": 0
      }
    },
    "http_req_duration": {
      "type": "trend",
      "contains": "time",
      "values": {
        "min": 3.735021,
        "med": 7.896577,
        "max": 39.122994,
        "p(50)": 7.896577,
        "p(95)": 9.6995718,
        "p(99)": 10.45840827,
        "avg": 7.913265367111115
      }
    }
  }
}