{
  "state": {
    "isStdOutTTY": false,
    "isStdErrTTY": false,
    "testRunDurationMs": 90001.496709
  },
  "metrics": {
    "round_trip_count": {
      "type": "trend",
      "contains": "default",
      "values": {
        "p(95)": 1,
        "p(99)": 1,
        "avg": 1,
        "min": 1,
        "med": 1,
        "max": 1,
        "p(50)": 1
      }
    },
    "http_req_duration{expected_response:true}": {
      "type": "trend",
      "contains": "time",
      "values": {
        "min": 11.122469,
        "med": 14.281530499999999,
        "max": 59.480721,
        "p(50)": 14.281530499999999,
        "p(95)": 17.4812866,
        "p(99)": 19.32395704000001,
        "avg": 14.69627834967321
      }
    },
    "checks": {
      "type": "rate",
      "contains": "default",
      "values": {
        "rate": 1,
        "passes": 3060,
        "fails": 0
      }
    },
    "iteration_duration": {
      "type": "trend",
      "contains": "time",
      "values": {
        "min": 11.851756,
        "med": 15.0019515,
        "max": 60.108679,
        "p(50)": 15.0019515,
        "p(95)": 18.7424851,
        "p(99)": 22.87553618000002,
        "avg": 15.53803433006538
      }
    },
    "http_req_tls_handshaking": {
      "type": "trend",
      "contains": "time",
      "values": {
        "avg": 0,
        "min": 0,
        "med": 0,
        "max": 0,
        "p(50)": 0,
        "p(95)": 0,
        "p(99)": 0
      }
    },
    "http_req_blocked": {
      "type": "trend",
      "contains": "time",
      "values": {
        "p(50)": 0.00621,
        "p(95)": 0.012719499999999996,
        "p(99)": 5.487079790000003,
        "avg": 0.13100102156862736,
        "min": 0.00393,
        "med": 0.00621,
        "max": 7.149904
      }
    },
    "data_sent": {
      "type": "counter",
      "contains": "data",
      "values": {
        "count": 417434,
        "rate": 4638.07842384756
      }
    },
    "http_req_duration": {
      "type": "trend",
      "contains": "time",
      "values": {
        "min": 11.122469,
        "med": 14.281530499999999,
        "max": 59.480721,
        "p(50)": 14.281530499999999,
        "p(95)": 17.4812866,
        "p(99)": 19.32395704000001,
        "avg": 14.69627834967321
      }
    },
    "http_req_failed": {
      "type": "rate",
      "contains": "default",
      "values": {
        "rate": 0,
        "passes": 0,
        "fails": 1530
      }
    },
    "http_req_connecting": {
      "type": "trend",
      "contains": "time",
      "values": {
        "max": 7.060304,
        "p(50)": 0,
        "p(95)": 0,
        "p(99)": 5.392126590000004,
        "avg": 0.12159891307189546,
        "min": 0,
        "med": 0
      }
    },
    "page_latency": {
      "type": "trend",
      "contains": "default",
      "values": {
        "med": 14.281530499999999,
        "max": 59.480721,
        "p(50)": 14.281530499999999,
        "p(95)": 17.4812866,
        "p(99)": 19.32395704000001,
        "avg": 14.69627834967321,
        "min": 11.122469
      }
    },
    "data_received": {
      "type": "counter",
      "contains": "data",
      "values": {
        "rate": 13182.958543858898,
        "count": 1186486
      }
    },
    "iterations": {
      "contains": "default",
      "values": {
        "count": 1530,
        "rate": 16.999717293001446
      },
      "type": "counter"
    },
    "http_req_sending": {
      "contains": "time",
      "values": {
        "p(50)": 0.025465,
        "p(95)": 0.05480654999999999,
        "p(99)": 0.13164830000000002,
        "avg": 0.03116250196078434,
        "min": 0.01198,
        "med": 0.025465,
        "max": 0.891636
      },
      "type": "trend"
    },
    "http_req_waiting": {
      "type": "trend",
      "contains": "time",
      "values": {
        "p(50)": 14.160274000000001,
        "p(95)": 17.360072549999998,
        "p(99)": 19.205156750000008,
        "avg": 14.575235226143787,
        "min": 11.03088,
        "med": 14.160274000000001,
        "max": 59.32873
      }
    },
    "http_reqs": {
      "type": "counter",
      "contains": "default",
      "values": {
        "count": 1530,
        "rate": 16.999717293001446
      }
    },
    "vus_max": {
      "values": {
        "max": 34,
        "value": 34,
        "min": 34
      },
      "type": "gauge",
      "contains": "default"
    },
    "http_req_receiving": {
      "type": "trend",
      "contains": "time",
      "values": {
        "p(99)": 0.17323419,
        "avg": 0.08988062156862754,
        "min": 0.043409,
        "med": 0.08464050000000001,
        "max": 0.479429,
        "p(50)": 0.08464050000000001,
        "p(95)": 0.129293
      }
    },
    "req_latency": {
      "type": "trend",
      "contains": "default",
      "values": {
        "avg": 14.69627834967321,
        "min": 11.122469,
        "med": 14.281530499999999,
        "max": 59.480721,
        "p(50)": 14.281530499999999,
        "p(95)": 17.4812866,
        "p(99)": 19.32395704000001
      }
    },
    "payload_bytes": {
      "type": "trend",
      "contains": "default",
      "values": {
        "p(99)": 551,
        "avg": 514.481045751634,
        "min": 273,
        "med": 539,
        "max": 558,
        "p(50)": 539,
        "p(95)": 548
      }
    },
    "vus": {
      "type": "gauge",
      "contains": "default",
      "values": {
        "value": 0,
        "min": 0,
        "max": 1
      }
    }
  },
  "root_group": {
    "path": "",
    "id": "d41d8cd98f00b204e9800998ecf8427e",
    "groups": [],
    "checks": [
        {
          "path": "::status is 200",
          "id": "6210a8cd14cd70477eba5c5e4cb3fb5f",
          "passes": 1530,
          "fails": 0,
          "name": "status is 200"
        },
        {
          "name": "no graphql errors",
          "path": "::no graphql errors",
          "id": "7c29382b2a87caa2e50f0d89170b649f",
          "passes": 1530,
          "fails": 0
        }
      ],
    "name": ""
  },
  "options": {
    "summaryTrendStats": [
      "avg",
      "min",
      "med",
      "max",
      "p(50)",
      "p(95)",
      "p(99)"
    ],
    "summaryTimeUnit": "",
    "noColor": false
  }
}