{
  "root_group": {
    "name": "",
    "path": "",
    "id": "d41d8cd98f00b204e9800998ecf8427e",
    "groups": [],
    "checks": [
        {
          "name": "status is 200",
          "path": "::status is 200",
          "id": "6210a8cd14cd70477eba5c5e4cb3fb5f",
          "passes": 4500,
          "fails": 0
        },
        {
          "name": "no graphql errors",
          "path": "::no graphql errors",
          "id": "7c29382b2a87caa2e50f0d89170b649f",
          "passes": 4500,
          "fails": 0
        }
      ]
  },
  "options": {
    "noColor": false,
    "summaryTrendStats": [
      "avg",
      "min",
      "med",
      "max",
      "p(50)",
      "p(95)",
      "p(99)"
    ],
    "summaryTimeUnit": ""
  },
  "state": {
    "isStdOutTTY": false,
    "isStdErrTTY": false,
    "testRunDurationMs": 90001.004238
  },
  "metrics": {
    "http_req_duration": {
      "type": "trend",
      "contains": "time",
      "values": {
        "med": 11.214553,
        "max": 68.537263,
        "p(50)": 11.214553,
        "p(95)": 14.36430755,
        "p(99)": 25.673421300000403,
        "avg": 11.739685804444433,
        "min": 7.544741
      }
    },
    "http_req_sending": {
      "type": "trend",
      "contains": "time",
      "values": {
        "p(95)": 0.05225005,
        "p(99)": 0.1192101,
        "avg": 0.032097219777777755,
        "min": 0.01197,
        "med": 0.0268595,
        "max": 2.086139,
        "p(50)": 0.0268595
      }
    },
    "round_trip_count": {
      "type": "trend",
      "contains": "default",
      "values": {
        "min": 1,
        "med": 1,
        "max": 1,
        "p(50)": 1,
        "p(95)": 1,
        "p(99)": 1,
        "avg": 1
      }
    },
    "req_latency": {
      "type": "trend",
      "contains": "default",
      "values": {
        "max": 68.537263,
        "p(50)": 11.214553,
        "p(95)": 14.36430755,
        "p(99)": 25.673421300000403,
        "avg": 11.739685804444433,
        "min": 7.544741,
        "med": 11.214553
      }
    },
    "http_req_blocked": {
      "type": "trend",
      "contains": "time",
      "values": {
        "p(99)": 5.237185490000001,
        "avg": 0.12473510999999937,
        "min": 0.00424,
        "med": 0.00683,
        "max": 12.878584,
        "p(50)": 0.00683,
        "p(95)": 0.014405000000000018
      }
    },
    "http_req_duration{expected_response:true}": {
      "values": {
        "p(50)": 11.214553,
        "p(95)": 14.36430755,
        "p(99)": 25.673421300000403,
        "avg": 11.739685804444433,
        "min": 7.544741,
        "med": 11.214553,
        "max": 68.537263
      },
      "type": "trend",
      "contains": "time"
    },
    "data_sent": {
      "type": "counter",
      "contains": "data",
      "values": {
        "count": 1195123,
        "rate": 13278.996274748213
      }
    },
    "http_req_connecting": {
      "type": "trend",
      "contains": "time",
      "values": {
        "max": 12.800214,
        "p(50)": 0,
        "p(95)": 0,
        "p(99)": 5.163735500000001,
        "avg": 0.11491203799999994,
        "min": 0,
        "med": 0
      }
    },
    "payload_bytes": {
      "type": "trend",
      "contains": "default",
      "values": {
        "avg": 154.9868888888889,
        "min": 72,
        "med": 148,
        "max": 303,
        "p(50)": 148,
        "p(95)": 225,
        "p(99)": 250
      }
    },
    "data_received": {
      "type": "counter",
      "contains": "data",
      "values": {
        "count": 1870893,
        "rate": 20787.468049274015
      }
    },
    "vus": {
      "type": "gauge",
      "contains": "default",
      "values": {
        "value": 1,
        "min": 1,
        "max": 2
      }
    },
    "http_req_waiting": {
      "type": "trend",
      "contains": "time",
      "values": {
        "p(50)": 11.084302999999998,
        "p(95)": 14.246464950000002,
        "p(99)": 25.397116910000364,
        "avg": 11.609327939555564,
        "min": 7.424862,
        "med": 11.084302999999998,
        "max": 67.854156
      }
    },
    "http_req_failed": {
      "type": "rate",
      "contains": "default",
      "values": {
        "rate": 0,
        "passes": 0,
        "fails": 4500
      }
    },
    "vus_max": {
      "type": "gauge",
      "contains": "default",
      "values": {
        "value": 100,
        "min": 100,
        "max": 100
      }
    },
    "http_req_receiving": {
      "type": "trend",
      "contains": "time",
      "values": {
        "max": 0.764717,
        "p(50)": 0.0892505,
        "p(95)": 0.14080245000000008,
        "p(99)": 0.32763179000000026,
        "avg": 0.09826064511111135,
        "min": 0.04287,
        "med": 0.0892505
      }
    },
    "checks": {
      "type": "rate",
      "contains": "default",
      "values": {
        "rate": 1,
        "passes": 9000,
        "fails": 0
      }
    },
    "iterations": {
      "contains": "default",
      "values": {
        "count": 4500,
        "rate": 49.99944209622521
      },
      "type": "counter"
    },
    "http_reqs": {
      "type": "counter",
      "contains": "default",
      "values": {
        "count": 4500,
        "rate": 49.99944209622521
      }
    },
    "http_req_tls_handshaking": {
      "contains": "time",
      "values": {
        "avg": 0,
        "min": 0,
        "med": 0,
        "max": 0,
        "p(50)": 0,
        "p(95)": 0,
        "p(99)": 0
      },
      "type": "trend"
    },
    "iteration_duration": {
      "type": "trend",
      "contains": "time",
      "values": {
        "avg": 12.38589091177777,
        "min": 7.874639,
        "med": 11.75665,
        "max": 68.866181,
        "p(50)": 11.75665,
        "p(95)": 15.7095849,
        "p(99)": 26.110593790000415
      }
    }
  }
}