{
  "options": {
    "summaryTrendStats": [
      "avg",
      "min",
      "med",
      "max",
      "p(50)",
      "p(95)",
      "p(99)"
    ],
    "summaryTimeUnit": "",
    "noColor": false
  },
  "state": {
    "isStdOutTTY": false,
    "isStdErrTTY": false,
    "testRunDurationMs": 90015.465713
  },
  "metrics": {
    "http_req_blocked": {
      "type": "trend",
      "contains": "time",
      "values": {
        "avg": 0.0688264638969109,
        "min": 0.00322,
        "med": 0.00663,
        "max": 14.23365,
        "p(50)": 0.00663,
        "p(95)": 0.011599499999999988,
        "p(99)": 3.8483902199999807
      }
    },
    "http_req_connecting": {
      "type": "trend",
      "contains": "time",
      "values": {
        "p(99)": 3.768943609999974,
        "avg": 0.060547299822261695,
        "min": 0,
        "med": 0,
        "max": 14.117761,
        "p(50)": 0,
        "p(95)": 0
      }
    },
    "checks": {
      "values": {
        "rate": 1,
        "passes": 9002,
        "fails": 0
      },
      "type": "rate",
      "contains": "default"
    },
    "vus_max": {
      "contains": "default",
      "values": {
        "value": 100,
        "min": 100,
        "max": 100
      },
      "type": "gauge"
    },
    "req_latency": {
      "contains": "default",
      "values": {
        "min": 3.417408,
        "med": 7.2631689999999995,
        "max": 34.585762,
        "p(50)": 7.2631689999999995,
        "p(95)": 8.890287549999998,
        "p(99)": 9.53429371,
        "avg": 7.24727253565875
      },
      "type": "trend"
    },
    "data_sent": {
      "type": "counter",
      "contains": "data",
      "values": {
        "count": 901650,
        "rate": 10016.612066139476
      }
    },
    "vus": {
      "type": "gauge",
      "contains": "default",
      "values": {
        "value": 1,
        "min": 1,
        "max": 1
      }
    },
    "http_req_receiving": {
      "type": "trend",
      "contains": "time",
      "values": {
        "min": 0.0439,
        "med": 0.08699950000000001,
        "max": 0.551946,
        "p(50)": 0.08699950000000001,
        "p(95)": 0.13205844999999997,
        "p(99)": 0.16544600999999998,
        "avg": 0.0913214412352809
      }
    },
    "payload_bytes": {
      "values": {
        "p(95)": 782,
        "p(99)": 787,
        "avg": 371.72239502332815,
        "min": 110,
        "med": 129,
        "max": 796,
        "p(50)": 129
      },
      "type": "trend",
      "contains": "default"
    },
    "http_req_failed": {
      "values": {
        "rate": 0,
        "passes": 0,
        "fails": 9002
      },
      "type": "rate",
      "contains": "default"
    },
    "iteration_duration": {
      "type": "trend",
      "contains": "time",
      "values": {
        "p(50)": 15.063764,
        "p(95)": 17.691128,
        "p(99)": 21.659532,
        "avg": 15.212276043323662,
        "min": 10.010837,
        "med": 15.063764,
        "max": 44.738435
      }
    },
    "http_req_duration{expected_response:true}": {
      "type": "trend",
      "contains": "time",
      "values": {
        "p(95)": 8.890287549999998,
        "p(99)": 9.53429371,
        "avg": 7.24727253565875,
        "min": 3.417408,
        "med": 7.2631689999999995,
        "max": 34.585762,
        "p(50)": 7.2631689999999995
      }
    },
    "round_trip_count": {
      "type": "trend",
      "contains": "default",
      "values": {
        "avg": 2,
        "min": 2,
        "med": 2,
        "max": 2,
        "p(50)": 2,
        "p(95)": 2,
        "p(99)": 2
      }
    },
    "http_req_waiting": {
      "contains": "time",
      "values": {
        "p(50)": 7.147460000000001,
        "p(95)": 8.770715999999998,
        "p(99)": 9.425232609999997,
        "avg": 7.131544794601189,
        "min": 3.308719,
        "med": 7.147460000000001,
        "max": 34.369113
      },
      "type": "trend"
    },
    "http_req_sending": {
      "contains": "time",
      "values": {
        "p(50)": 0.0221045,
        "p(95)": 0.04167949999999999,
        "p(99)": 0.07536699999999993,
        "avg": 0.024406299822261775,
        "min": 0.00887,
        "med": 0.0221045,
        "max": 0.249879
      },
      "type": "trend"
    },
    "iterations": {
      "values": {
        "count": 4501,
        "rate": 50.00251861553128
      },
      "type": "counter",
      "contains": "default"
    },
    "page_latency": {
      "type": "trend",
      "contains": "default",
      "values": {
        "p(50)": 14.465768,
        "p(95)": 16.764374,
        "p(99)": 17.684197,
        "avg": 14.494545071317493,
        "min": 9.3338,
        "med": 14.465768,
        "max": 40.844892
      }
    },
    "http_req_tls_handshaking": {
      "type": "trend",
      "contains": "time",
      "values": {
        "avg": 0,
        "min": 0,
        "med": 0,
        "max": 0,
        "p(50)": 0,
        "p(95)": 0,
        "p(99)": 0
      }
    },
    "http_req_duration": {
      "type": "trend",
      "contains": "time",
      "values": {
        "med": 7.2631689999999995,
        "max": 34.585762,
        "p(50)": 7.2631689999999995,
        "p(95)": 8.890287549999998,
        "p(99)": 9.53429371,
        "avg": 7.24727253565875,
        "min": 3.417408
      }
    },
    "http_reqs": {
      "type": "counter",
      "contains": "default",
      "values": {
        "count": 9002,
        "rate": 100.00503723106256
      }
    },
    "data_received": {
      "values": {
        "count": 5695767,
        "rate": 63275.426671235
      },
      "type": "counter",
      "contains": "data"
    }
  },
  "root_group": {
    "name": "",
    "path": "",
    "id": "d41d8cd98f00b204e9800998ecf8427e",
    "groups": [],
    "checks": [
        {
          "name": "status is 200",
          "path": "::status is 200",
          "id": "6210a8cd14cd70477eba5c5e4cb3fb5f",
          "passes": 9002,
          "fails": 0
        }
      ]
  }
}