{
  "metrics": {
    "http_req_waiting": {
      "type": "trend",
      "contains": "time",
      "values": {
        "med": 12.718415,
        "max": 79.074735,
        "p(50)": 12.718415,
        "p(95)": 15.804395,
        "p(99)": 45.80337059999999,
        "avg": 13.590167759495559,
        "min": 9.00961
      }
    },
    "payload_bytes": {
      "type": "trend",
      "contains": "default",
      "values": {
        "max": 29406,
        "p(50)": 447,
        "p(95)": 547,
        "p(99)": 548,
        "avg": 500.49527098033326,
        "min": 242,
        "med": 447
      }
    },
    "data_sent": {
      "type": "counter",
      "contains": "data",
      "values": {
        "count": 1771799,
        "rate": 19683.520303860056
      }
    },
    "checks": {
      "values": {
        "rate": 1,
        "passes": 13322,
        "fails": 0
      },
      "type": "rate",
      "contains": "default"
    },
    "req_latency": {
      "contains": "default",
      "values": {
        "p(50)": 12.860553,
        "p(95)": 15.946479,
        "p(99)": 49.073331799999885,
        "avg": 13.763762353100205,
        "min": 9.127218,
        "med": 12.860553,
        "max": 80.310694
      },
      "type": "trend"
    },
    "vus_max": {
      "type": "gauge",
      "contains": "default",
      "values": {
        "value": 148,
        "min": 148,
        "max": 148
      }
    },
    "iteration_duration": {
      "contains": "time",
      "values": {
        "p(50)": 13.500521,
        "p(95)": 18.608244,
        "p(99)": 50.19112299999995,
        "avg": 14.543110803182676,
        "min": 9.686048,
        "med": 13.500521,
        "max": 80.849294
      },
      "type": "trend"
    },
    "vus": {
      "contains": "default",
      "values": {
        "min": 1,
        "max": 4,
        "value": 1
      },
      "type": "gauge"
    },
    "http_req_duration": {
      "type": "trend",
      "contains": "time",
      "values": {
        "p(99)": 49.073331799999885,
        "avg": 13.763762353100205,
        "min": 9.127218,
        "med": 12.860553,
        "max": 80.310694,
        "p(50)": 12.860553,
        "p(95)": 15.946479
      }
    },
    "http_reqs": {
      "type": "counter",
      "contains": "default",
      "values": {
        "count": 6661,
        "rate": 73.99932427098776
      }
    },
    "http_req_tls_handshaking": {
      "type": "trend",
      "contains": "time",
      "values": {
        "med": 0,
        "max": 0,
        "p(50)": 0,
        "p(95)": 0,
        "p(99)": 0,
        "avg": 0,
        "min": 0
      }
    },
    "http_req_sending": {
      "type": "trend",
      "contains": "time",
      "values": {
        "avg": 0.0379601531301605,
        "min": 0.01365,
        "med": 0.02824,
        "max": 3.657099,
        "p(50)": 0.02824,
        "p(95)": 0.060869,
        "p(99)": 0.12466559999999971
      }
    },
    "iterations": {
      "type": "counter",
      "contains": "default",
      "values": {
        "count": 6661,
        "rate": 73.99932427098776
      }
    },
    "round_trip_count": {
      "type": "trend",
      "contains": "default",
      "values": {
        "p(99)": 1,
        "avg": 1,
        "min": 1,
        "med": 1,
        "max": 1,
        "p(50)": 1,
        "p(95)": 1
      }
    },
    "http_req_duration{expected_response:true}": {
      "values": {
        "p(95)": 15.946479,
        "p(99)": 49.073331799999885,
        "avg": 13.763762353100205,
        "min": 9.127218,
        "med": 12.860553,
        "max": 80.310694,
        "p(50)": 12.860553
      },
      "type": "trend",
      "contains": "time"
    },
    "http_req_blocked": {
      "type": "trend",
      "contains": "time",
      "values": {
        "p(95)": 0.0154,
        "p(99)": 5.524578599999973,
        "avg": 0.13193478201471318,
        "min": 0.00455,
        "med": 0.00805,
        "max": 19.431377,
        "p(50)": 0.00805
      }
    },
    "data_received": {
      "type": "counter",
      "contains": "data",
      "values": {
        "count": 5072336,
        "rate": 56350.31323756267
      }
    },
    "http_req_receiving": {
      "contains": "time",
      "values": {
        "max": 11.465752,
        "p(50)": 0.093669,
        "p(95)": 0.222146,
        "p(99)": 0.7898580000000001,
        "avg": 0.1356344404744033,
        "min": 0.040189,
        "med": 0.093669
      },
      "type": "trend"
    },
    "http_req_failed": {
      "contains": "default",
      "values": {
        "rate": 0,
        "passes": 0,
        "fails": 6661
      },
      "type": "rate"
    },
    "http_req_connecting": {
      "type": "trend",
      "contains": "time",
      "values": {
        "p(99)": 5.408285999999994,
        "avg": 0.1189858112895962,
        "min": 0,
        "med": 0,
        "max": 19.355659,
        "p(50)": 0,
        "p(95)": 0
      }
    }
  },
  "root_group": {
    "name": "",
    "path": "",
    "id": "d41d8cd98f00b204e9800998ecf8427e",
    "groups": [],
    "checks": [
        {
          "id": "6210a8cd14cd70477eba5c5e4cb3fb5f",
          "passes": 6661,
          "fails": 0,
          "name": "status is 200",
          "path": "::status is 200"
        },
        {
          "name": "no graphql errors",
          "path": "::no graphql errors",
          "id": "7c29382b2a87caa2e50f0d89170b649f",
          "passes": 6661,
          "fails": 0
        }
      ]
  },
  "options": {
    "summaryTimeUnit": "",
    "noColor": false,
    "summaryTrendStats": [
      "avg",
      "min",
      "med",
      "max",
      "p(50)",
      "p(95)",
      "p(99)"
    ]
  },
  "state": {
    "isStdOutTTY": false,
    "isStdErrTTY": false,
    "testRunDurationMs": 90014.335477
  }
}