{
  "state": {
    "isStdErrTTY": false,
    "testRunDurationMs": 90017.798993,
    "isStdOutTTY": false
  },
  "metrics": {
    "http_req_waiting": {
      "type": "trend",
      "contains": "time",
      "values": {
        "p(50)": 15.468733,
        "p(95)": 19.307036,
        "p(99)": 24.151176,
        "avg": 15.929004730342095,
        "min": 9.962829,
        "med": 15.468733,
        "max": 61.266939
      }
    },
    "data_sent": {
      "values": {
        "count": 597417,
        "rate": 6636.654158212162
      },
      "type": "counter",
      "contains": "data"
    },
    "data_received": {
      "type": "counter",
      "contains": "data",
      "values": {
        "count": 7208558,
        "rate": 80079.25188840214
      }
    },
    "http_reqs": {
      "type": "counter",
      "contains": "default",
      "values": {
        "count": 2251,
        "rate": 25.00616572701409
      }
    },
    "vus": {
      "type": "gauge",
      "contains": "default",
      "values": {
        "min": 0,
        "max": 1,
        "value": 0
      }
    },
    "http_req_failed": {
      "contains": "default",
      "values": {
        "rate": 0,
        "passes": 0,
        "fails": 2251
      },
      "type": "rate"
    },
    "checks": {
      "type": "rate",
      "contains": "default",
      "values": {
        "fails": 0,
        "rate": 1,
        "passes": 4502
      }
    },
    "http_req_sending": {
      "type": "trend",
      "contains": "time",
      "values": {
        "avg": 0.028147772545535348,
        "min": 0.01193,
        "med": 0.02398,
        "max": 0.328638,
        "p(50)": 0.02398,
        "p(95)": 0.0460095,
        "p(99)": 0.11812900000000001
      }
    },
    "iteration_duration": {
      "type": "trend",
      "contains": "time",
      "values": {
        "min": 11.196993,
        "med": 16.996334,
        "max": 62.904321,
        "p(50)": 16.996334,
        "p(95)": 21.7814955,
        "p(99)": 26.9802575,
        "avg": 17.56280152421151
      }
    },
    "http_req_blocked": {
      "contains": "time",
      "values": {
        "p(50)": 0.00575,
        "p(95)": 0.010429500000000001,
        "p(99)": 5.3337995,
        "avg": 0.12152951532652219,
        "min": 0.004,
        "med": 0.00575,
        "max": 6.850726
      },
      "type": "trend"
    },
    "http_req_duration": {
      "type": "trend",
      "contains": "time",
      "values": {
        "med": 15.597791,
        "max": 61.586068,
        "p(50)": 15.597791,
        "p(95)": 19.4089165,
        "p(99)": 24.274206,
        "avg": 16.05401024344734,
        "min": 10.074768
      }
    },
    "http_req_duration{expected_response:true}": {
      "values": {
        "p(95)": 19.4089165,
        "p(99)": 24.274206,
        "avg": 16.05401024344734,
        "min": 10.074768,
        "med": 15.597791,
        "max": 61.586068,
        "p(50)": 15.597791
      },
      "type": "trend",
      "contains": "time"
    },
    "http_req_tls_handshaking": {
      "contains": "time",
      "values": {
        "p(95)": 0,
        "p(99)": 0,
        "avg": 0,
        "min": 0,
        "med": 0,
        "max": 0,
        "p(50)": 0
      },
      "type": "trend"
    },
    "http_req_receiving": {
      "type": "trend",
      "contains": "time",
      "values": {
        "p(95)": 0.14174399999999998,
        "p(99)": 0.2193485,
        "avg": 0.09685774055975131,
        "min": 0.041369,
        "med": 0.088519,
        "max": 0.671766,
        "p(50)": 0.088519
      }
    },
    "iterations": {
      "type": "counter",
      "contains": "default",
      "values": {
        "rate": 25.00616572701409,
        "count": 2251
      }
    },
    "vus_max": {
      "type": "gauge",
      "contains": "default",
      "values": {
        "value": 50,
        "min": 50,
        "max": 50
      }
    },
    "payload_bytes": {
      "type": "trend",
      "contains": "default",
      "values": {
        "max": 10707,
        "p(50)": 2663,
        "p(95)": 4386,
        "p(99)": 4759,
        "avg": 2940.3793869391384,
        "min": 2031,
        "med": 2663
      }
    },
    "round_trip_count": {
      "type": "trend",
      "contains": "default",
      "values": {
        "max": 1,
        "p(50)": 1,
        "p(95)": 1,
        "p(99)": 1,
        "avg": 1,
        "min": 1,
        "med": 1
      }
    },
    "http_req_connecting": {
      "type": "trend",
      "contains": "time",
      "values": {
        "avg": 0.1127608302976455,
        "min": 0,
        "med": 0,
        "max": 6.757627,
        "p(50)": 0,
        "p(95)": 0,
        "p(99)": 5.243
      }
    },
    "req_latency": {
      "type": "trend",
      "contains": "default",
      "values": {
        "med": 15.597791,
        "max": 61.586068,
        "p(50)": 15.597791,
        "p(95)": 19.4089165,
        "p(99)": 24.274206,
        "avg": 16.05401024344734,
        "min": 10.074768
      }
    }
  },
  "root_group": {
    "name": "",
    "path": "",
    "id": "d41d8cd98f00b204e9800998ecf8427e",
    "groups": [],
    "checks": [
        {
          "name": "status is 200",
          "path": "::status is 200",
          "id": "6210a8cd14cd70477eba5c5e4cb3fb5f",
          "passes": 2251,
          "fails": 0
        },
        {
          "name": "no graphql errors",
          "path": "::no graphql errors",
          "id": "7c29382b2a87caa2e50f0d89170b649f",
          "passes": 2251,
          "fails": 0
        }
      ]
  },
  "options": {
    "summaryTrendStats": [
      "avg",
      "min",
      "med",
      "max",
      "p(50)",
      "p(95)",
      "p(99)"
    ],
    "summaryTimeUnit": "",
    "noColor": false
  }
}