{
  "state": {
    "isStdOutTTY": false,
    "isStdErrTTY": false,
    "testRunDurationMs": 90024.250759
  },
  "metrics": {
    "vus": {
      "type": "gauge",
      "contains": "default",
      "values": {
        "max": 5,
        "value": 1,
        "min": 1
      }
    },
    "http_req_connecting": {
      "type": "trend",
      "contains": "time",
      "values": {
        "max": 11.999619,
        "p(50)": 0,
        "p(95)": 0,
        "p(99)": 5.209930999999993,
        "avg": 0.11696511899166848,
        "min": 0,
        "med": 0
      }
    },
    "vus_max": {
      "type": "gauge",
      "contains": "default",
      "values": {
        "max": 104,
        "value": 104,
        "min": 104
      }
    },
    "http_req_duration{expected_response:true}": {
      "type": "trend",
      "contains": "time",
      "values": {
        "min": 15.261111,
        "med": 20.136136,
        "max": 100.509669,
        "p(50)": 20.136136,
        "p(95)": 32.566024,
        "p(99)": 67.7399087999999,
        "avg": 22.109294143559104
      }
    },
    "round_trip_count": {
      "type": "trend",
      "contains": "default",
      "values": {
        "min": 1,
        "med": 1,
        "max": 1,
        "p(50)": 1,
        "p(95)": 1,
        "p(99)": 1,
        "avg": 1
      }
    },
    "iterations": {
      "type": "counter",
      "contains": "default",
      "values": {
        "count": 4681,
        "rate": 51.99710034278765
      }
    },
    "http_req_sending": {
      "type": "trend",
      "contains": "time",
      "values": {
        "max": 0.246138,
        "p(50)": 0.02837,
        "p(95)": 0.05357,
        "p(99)": 0.11225299999999999,
        "avg": 0.03291685708182011,
        "min": 0.01307,
        "med": 0.02837
      }
    },
    "http_req_duration": {
      "type": "trend",
      "contains": "time",
      "values": {
        "avg": 22.109294143559104,
        "min": 15.261111,
        "med": 20.136136,
        "max": 100.509669,
        "p(50)": 20.136136,
        "p(95)": 32.566024,
        "p(99)": 67.7399087999999
      }
    },
    "iteration_duration": {
      "values": {
        "med": 22.016421,
        "max": 102.267593,
        "p(50)": 22.016421,
        "p(95)": 34.785225,
        "p(99)": 70.07871359999996,
        "avg": 24.145557965391962,
        "min": 16.897496
      },
      "type": "trend",
      "contains": "time"
    },
    "http_req_receiving": {
      "values": {
        "avg": 0.14662691497543293,
        "min": 0.0474,
        "med": 0.100669,
        "max": 14.549906,
        "p(50)": 0.100669,
        "p(95)": 0.290367,
        "p(99)": 0.7091651999999997
      },
      "type": "trend",
      "contains": "time"
    },
    "http_req_failed": {
      "type": "rate",
      "contains": "default",
      "values": {
        "rate": 0,
        "passes": 0,
        "fails": 4681
      }
    },
    "data_received": {
      "type": "counter",
      "contains": "data",
      "values": {
        "count": 24313904,
        "rate": 270081.7145936565
      }
    },
    "req_latency": {
      "type": "trend",
      "contains": "default",
      "values": {
        "avg": 22.109294143559104,
        "min": 15.261111,
        "med": 20.136136,
        "max": 100.509669,
        "p(50)": 20.136136,
        "p(95)": 32.566024,
        "p(99)": 67.7399087999999
      }
    },
    "http_req_waiting": {
      "type": "trend",
      "contains": "time",
      "values": {
        "avg": 21.929750371501814,
        "min": 15.115332,
        "med": 20.009577,
        "max": 99.544118,
        "p(50)": 20.009577,
        "p(95)": 32.299187,
        "p(99)": 66.68457379999997
      }
    },
    "http_reqs": {
      "type": "counter",
      "contains": "default",
      "values": {
        "rate": 51.99710034278765,
        "count": 4681
      }
    },
    "payload_bytes": {
      "type": "trend",
      "contains": "default",
      "values": {
        "avg": 4932.168767357402,
        "min": 4050,
        "med": 4977,
        "max": 5288,
        "p(50)": 4977,
        "p(95)": 5243,
        "p(99)": 5275
      }
    },
    "http_req_tls_handshaking": {
      "contains": "time",
      "values": {
        "avg": 0,
        "min": 0,
        "med": 0,
        "max": 0,
        "p(50)": 0,
        "p(95)": 0,
        "p(99)": 0
      },
      "type": "trend"
    },
    "checks": {
      "values": {
        "rate": 1,
        "passes": 9362,
        "fails": 0
      },
      "type": "rate",
      "contains": "default"
    },
    "data_sent": {
      "contains": "data",
      "values": {
        "count": 1564134,
        "rate": 17374.585034728865
      },
      "type": "counter"
    },
    "http_req_blocked": {
      "type": "trend",
      "contains": "time",
      "values": {
        "avg": 0.1274497543259992,
        "min": 0.00462,
        "med": 0.00758,
        "max": 12.079729,
        "p(50)": 0.00758,
        "p(95)": 0.01408,
        "p(99)": 5.337638199999998
      }
    },
    "page_latency": {
      "contains": "default",
      "values": {
        "p(95)": 32.566024,
        "p(99)": 67.7399087999999,
        "avg": 22.109294143559104,
        "min": 15.261111,
        "med": 20.136136,
        "max": 100.509669,
        "p(50)": 20.136136
      },
      "type": "trend"
    }
  },
  "root_group": {
    "name": "",
    "path": "",
    "id": "d41d8cd98f00b204e9800998ecf8427e",
    "groups": [],
    "checks": [
        {
          "fails": 0,
          "name": "status is 200",
          "path": "::status is 200",
          "id": "6210a8cd14cd70477eba5c5e4cb3fb5f",
          "passes": 4681
        },
        {
          "name": "no graphql errors",
          "path": "::no graphql errors",
          "id": "7c29382b2a87caa2e50f0d89170b649f",
          "passes": 4681,
          "fails": 0
        }
      ]
  },
  "options": {
    "summaryTrendStats": [
      "avg",
      "min",
      "med",
      "max",
      "p(50)",
      "p(95)",
      "p(99)"
    ],
    "summaryTimeUnit": "",
    "noColor": false
  }
}