{
  "state": {
    "isStdOutTTY": false,
    "isStdErrTTY": false,
    "testRunDurationMs": 90002.963951
  },
  "metrics": {
    "iteration_duration": {
      "values": {
        "p(99)": 68.86210655000001,
        "avg": 15.553578611711707,
        "min": 9.688193,
        "med": 13.5545735,
        "max": 120.826761,
        "p(50)": 13.5545735,
        "p(95)": 21.09034149999998
      },
      "type": "trend",
      "contains": "time"
    },
    "vus_max": {
      "type": "gauge",
      "contains": "default",
      "values": {
        "value": 148,
        "min": 148,
        "max": 148
      }
    },
    "http_reqs": {
      "type": "counter",
      "contains": "default",
      "values": {
        "count": 6660,
        "rate": 73.99756305387766
      }
    },
    "http_req_duration": {
      "type": "trend",
      "contains": "time",
      "values": {
        "max": 120.417333,
        "p(50)": 12.923312,
        "p(95)": 17.81326349999995,
        "p(99)": 68.3710705,
        "avg": 14.803201959759821,
        "min": 9.009006,
        "med": 12.923312
      }
    },
    "http_req_failed": {
      "contains": "default",
      "values": {
        "rate": 0,
        "passes": 0,
        "fails": 6660
      },
      "type": "rate"
    },
    "vus": {
      "type": "gauge",
      "contains": "default",
      "values": {
        "value": 1,
        "min": 1,
        "max": 6
      }
    },
    "http_req_sending": {
      "type": "trend",
      "contains": "time",
      "values": {
        "p(95)": 0.06252154999999997,
        "p(99)": 0.11450190999999997,
        "avg": 0.03251707927927921,
        "min": 0.01172,
        "med": 0.02747,
        "max": 0.454798,
        "p(50)": 0.02747
      }
    },
    "req_latency": {
      "type": "trend",
      "contains": "default",
      "values": {
        "avg": 14.803201959759821,
        "min": 9.009006,
        "med": 12.923312,
        "max": 120.417333,
        "p(50)": 12.923312,
        "p(95)": 17.81326349999995,
        "p(99)": 68.3710705
      }
    },
    "http_req_duration{expected_response:true}": {
      "values": {
        "min": 9.009006,
        "med": 12.923312,
        "max": 120.417333,
        "p(50)": 12.923312,
        "p(95)": 17.81326349999995,
        "p(99)": 68.3710705,
        "avg": 14.803201959759821
      },
      "type": "trend",
      "contains": "time"
    },
    "http_req_connecting": {
      "type": "trend",
      "contains": "time",
      "values": {
        "min": 0,
        "med": 0,
        "max": 12.256895,
        "p(50)": 0,
        "p(95)": 0,
        "p(99)": 5.524796899999993,
        "avg": 0.12002993798798797
      }
    },
    "http_req_receiving": {
      "type": "trend",
      "contains": "time",
      "values": {
        "avg": 0.14645457897897948,
        "min": 0.0347,
        "med": 0.09181,
        "max": 9.045566,
        "p(50)": 0.09181,
        "p(95)": 0.25471999999999995,
        "p(99)": 1.2368520099999998
      }
    },
    "data_received": {
      "type": "counter",
      "contains": "data",
      "values": {
        "count": 5211623,
        "rate": 57905.01524857943
      }
    },
    "http_req_tls_handshaking": {
      "type": "trend",
      "contains": "time",
      "values": {
        "avg": 0,
        "min": 0,
        "med": 0,
        "max": 0,
        "p(50)": 0,
        "p(95)": 0,
        "p(99)": 0
      }
    },
    "payload_bytes": {
      "type": "trend",
      "contains": "default",
      "values": {
        "p(99)": 548,
        "avg": 521.5220720720721,
        "min": 242,
        "med": 447,
        "max": 29406,
        "p(50)": 447,
        "p(95)": 546
      }
    },
    "iterations": {
      "type": "counter",
      "contains": "default",
      "values": {
        "count": 6660,
        "rate": 73.99756305387766
      }
    },
    "checks": {
      "contains": "default",
      "values": {
        "rate": 1,
        "passes": 13320,
        "fails": 0
      },
      "type": "rate"
    },
    "http_req_blocked": {
      "type": "trend",
      "contains": "time",
      "values": {
        "p(50)": 0.0078,
        "p(95)": 0.014481499999999979,
        "p(99)": 5.629583999999995,
        "avg": 0.1308946665165163,
        "min": 0.00448,
        "med": 0.0078,
        "max": 12.348824
      }
    },
    "http_req_waiting": {
      "type": "trend",
      "contains": "time",
      "values": {
        "p(99)": 67.30887780999998,
        "avg": 14.624230301501456,
        "min": 8.871666,
        "med": 12.7889005,
        "max": 118.54724,
        "p(50)": 12.7889005,
        "p(95)": 17.69979759999998
      }
    },
    "round_trip_count": {
      "type": "trend",
      "contains": "default",
      "values": {
        "max": 1,
        "p(50)": 1,
        "p(95)": 1,
        "p(99)": 1,
        "avg": 1,
        "min": 1,
        "med": 1
      }
    },
    "data_sent": {
      "type": "counter",
      "contains": "data",
      "values": {
        "rate": 19683.05178221097,
        "count": 1771533
      }
    }
  },
  "root_group": {
    "groups": [],
    "checks": [
        {
          "name": "status is 200",
          "path": "::status is 200",
          "id": "6210a8cd14cd70477eba5c5e4cb3fb5f",
          "passes": 6660,
          "fails": 0
        },
        {
          "passes": 6660,
          "fails": 0,
          "name": "no graphql errors",
          "path": "::no graphql errors",
          "id": "7c29382b2a87caa2e50f0d89170b649f"
        }
      ],
    "name": "",
    "path": "",
    "id": "d41d8cd98f00b204e9800998ecf8427e"
  },
  "options": {
    "noColor": false,
    "summaryTrendStats": [
      "avg",
      "min",
      "med",
      "max",
      "p(50)",
      "p(95)",
      "p(99)"
    ],
    "summaryTimeUnit": ""
  }
}