{
  "metrics": {
    "vus_max": {
      "contains": "default",
      "values": {
        "max": 104,
        "value": 104,
        "min": 104
      },
      "type": "gauge"
    },
    "http_req_receiving": {
      "type": "trend",
      "contains": "time",
      "values": {
        "avg": 0.12536096111111053,
        "min": 0.04401,
        "med": 0.0902695,
        "max": 11.841041,
        "p(50)": 0.0902695,
        "p(95)": 0.16327450000000013,
        "p(99)": 0.5805582900000001
      }
    },
    "round_trip_count": {
      "type": "trend",
      "contains": "default",
      "values": {
        "min": 1,
        "med": 1,
        "max": 1,
        "p(50)": 1,
        "p(95)": 1,
        "p(99)": 1,
        "avg": 1
      }
    },
    "vus": {
      "type": "gauge",
      "contains": "default",
      "values": {
        "value": 1,
        "min": 0,
        "max": 4
      }
    },
    "page_latency": {
      "type": "trend",
      "contains": "default",
      "values": {
        "p(95)": 20.9940413,
        "p(99)": 59.066817670000006,
        "avg": 17.926831363247864,
        "min": 12.923353,
        "med": 16.675137,
        "max": 78.929006,
        "p(50)": 16.675137
      }
    },
    "http_req_failed": {
      "type": "rate",
      "contains": "default",
      "values": {
        "rate": 0,
        "passes": 0,
        "fails": 4680
      }
    },
    "checks": {
      "type": "rate",
      "contains": "default",
      "values": {
        "rate": 1,
        "passes": 9360,
        "fails": 0
      }
    },
    "http_reqs": {
      "type": "counter",
      "contains": "default",
      "values": {
        "rate": 51.99965700332911,
        "count": 4680
      }
    },
    "http_req_sending": {
      "type": "trend",
      "contains": "time",
      "values": {
        "max": 0.192329,
        "p(50)": 0.025649,
        "p(95)": 0.05390450000000002,
        "p(99)": 0.11273499000000001,
        "avg": 0.030624168162393176,
        "min": 0.01313,
        "med": 0.025649
      }
    },
    "http_req_connecting": {
      "type": "trend",
      "contains": "time",
      "values": {
        "avg": 0.11766283547008549,
        "min": 0,
        "med": 0,
        "max": 10.570007,
        "p(50)": 0,
        "p(95)": 0,
        "p(99)": 5.449247810000001
      }
    },
    "iterations": {
      "type": "counter",
      "contains": "default",
      "values": {
        "rate": 51.99965700332911,
        "count": 4680
      }
    },
    "http_req_blocked": {
      "type": "trend",
      "contains": "time",
      "values": {
        "p(99)": 5.5625955000000005,
        "avg": 0.12731745042734965,
        "min": 0.00437,
        "med": 0.00658,
        "max": 10.691747,
        "p(50)": 0.00658,
        "p(95)": 0.01281250000000001
      }
    },
    "payload_bytes": {
      "type": "trend",
      "contains": "default",
      "values": {
        "avg": 2476.9423076923076,
        "min": 1729,
        "med": 2509,
        "max": 2666,
        "p(50)": 2509,
        "p(95)": 2641,
        "p(99)": 2655.63
      }
    },
    "http_req_duration{expected_response:true}": {
      "type": "trend",
      "contains": "time",
      "values": {
        "p(50)": 16.675137,
        "p(95)": 20.9940413,
        "p(99)": 59.066817670000006,
        "avg": 17.926831363247864,
        "min": 12.923353,
        "med": 16.675137,
        "max": 78.929006
      }
    },
    "iteration_duration": {
      "values": {
        "p(95)": 24.18912015000002,
        "p(99)": 60.13072093,
        "avg": 19.33307523888893,
        "min": 14.032409,
        "med": 18.0048975,
        "max": 79.942791,
        "p(50)": 18.0048975
      },
      "type": "trend",
      "contains": "time"
    },
    "req_latency": {
      "type": "trend",
      "contains": "default",
      "values": {
        "avg": 17.926831363247864,
        "min": 12.923353,
        "med": 16.675137,
        "max": 78.929006,
        "p(50)": 16.675137,
        "p(95)": 20.9940413,
        "p(99)": 59.066817670000006
      }
    },
    "data_received": {
      "type": "counter",
      "contains": "data",
      "values": {
        "rate": 142424.0605519067,
        "count": 12818250
      }
    },
    "http_req_tls_handshaking": {
      "contains": "time",
      "values": {
        "p(95)": 0,
        "p(99)": 0,
        "avg": 0,
        "min": 0,
        "med": 0,
        "max": 0,
        "p(50)": 0
      },
      "type": "trend"
    },
    "http_req_waiting": {
      "contains": "time",
      "values": {
        "med": 16.551270000000002,
        "max": 78.083799,
        "p(50)": 16.551270000000002,
        "p(95)": 20.851961700000007,
        "p(99)": 58.409233660000005,
        "avg": 17.770846233974332,
        "min": 12.785933
      },
      "type": "trend"
    },
    "data_sent": {
      "type": "counter",
      "contains": "data",
      "values": {
        "count": 1404424,
        "rate": 15604.608181034933
      }
    },
    "http_req_duration": {
      "type": "trend",
      "contains": "time",
      "values": {
        "med": 16.675137,
        "max": 78.929006,
        "p(50)": 16.675137,
        "p(95)": 20.9940413,
        "p(99)": 59.066817670000006,
        "avg": 17.926831363247864,
        "min": 12.923353
      }
    }
  },
  "root_group": {
    "name": "",
    "path": "",
    "id": "d41d8cd98f00b204e9800998ecf8427e",
    "groups": [],
    "checks": [
        {
          "id": "6210a8cd14cd70477eba5c5e4cb3fb5f",
          "passes": 4680,
          "fails": 0,
          "name": "status is 200",
          "path": "::status is 200"
        },
        {
          "passes": 4680,
          "fails": 0,
          "name": "no graphql errors",
          "path": "::no graphql errors",
          "id": "7c29382b2a87caa2e50f0d89170b649f"
        }
      ]
  },
  "options": {
    "summaryTrendStats": [
      "avg",
      "min",
      "med",
      "max",
      "p(50)",
      "p(95)",
      "p(99)"
    ],
    "summaryTimeUnit": "",
    "noColor": false
  },
  "state": {
    "isStdOutTTY": false,
    "isStdErrTTY": false,
    "testRunDurationMs": 90000.593652
  }
}