{
  "state": {
    "isStdErrTTY": false,
    "testRunDurationMs": 90001.546536,
    "isStdOutTTY": false
  },
  "metrics": {
    "http_req_duration{expected_response:true}": {
      "type": "trend",
      "contains": "time",
      "values": {
        "p(95)": 16.99348495,
        "p(99)": 24.888665399999976,
        "avg": 13.80946755777777,
        "min": 8.511702,
        "med": 13.3118145,
        "max": 78.349578,
        "p(50)": 13.3118145
      }
    },
    "iteration_duration": {
      "values": {
        "p(99)": 26.288738659999858,
        "avg": 14.86374155244444,
        "min": 8.960349,
        "med": 14.3198835,
        "max": 78.942404,
        "p(50)": 14.3198835,
        "p(95)": 18.83923395
      },
      "type": "trend",
      "contains": "time"
    },
    "round_trip_count": {
      "type": "trend",
      "contains": "default",
      "values": {
        "min": 1,
        "med": 1,
        "max": 1,
        "p(50)": 1,
        "p(95)": 1,
        "p(99)": 1,
        "avg": 1
      }
    },
    "http_req_waiting": {
      "type": "trend",
      "contains": "time",
      "values": {
        "avg": 13.668810943111097,
        "min": 8.408174,
        "med": 13.1779705,
        "max": 78.004621,
        "p(50)": 13.1779705,
        "p(95)": 16.804110999999992,
        "p(99)": 24.62409667999993
      }
    },
    "http_req_blocked": {
      "type": "trend",
      "contains": "time",
      "values": {
        "p(99)": 5.6916125,
        "avg": 0.1328623515555552,
        "min": 0.00452,
        "med": 0.00747,
        "max": 7.35641,
        "p(50)": 0.00747,
        "p(95)": 0.01766649999999999
      }
    },
    "http_req_connecting": {
      "type": "trend",
      "contains": "time",
      "values": {
        "max": 7.224731,
        "p(50)": 0,
        "p(95)": 0,
        "p(99)": 5.599828199999998,
        "avg": 0.12090089866666663,
        "min": 0,
        "med": 0
      }
    },
    "http_req_tls_handshaking": {
      "type": "trend",
      "contains": "time",
      "values": {
        "avg": 0,
        "min": 0,
        "med": 0,
        "max": 0,
        "p(50)": 0,
        "p(95)": 0,
        "p(99)": 0
      }
    },
    "http_reqs": {
      "type": "counter",
      "contains": "default",
      "values": {
        "count": 2250,
        "rate": 24.999570414048556
      }
    },
    "iterations": {
      "type": "counter",
      "contains": "default",
      "values": {
        "count": 2250,
        "rate": 24.999570414048556
      }
    },
    "vus": {
      "type": "gauge",
      "contains": "default",
      "values": {
        "value": 0,
        "min": 0,
        "max": 1
      }
    },
    "http_req_duration": {
      "type": "trend",
      "contains": "time",
      "values": {
        "med": 13.3118145,
        "max": 78.349578,
        "p(50)": 13.3118145,
        "p(95)": 16.99348495,
        "p(99)": 24.888665399999976,
        "avg": 13.80946755777777,
        "min": 8.511702
      }
    },
    "http_req_receiving": {
      "type": "trend",
      "contains": "time",
      "values": {
        "min": 0.04534,
        "med": 0.0944295,
        "max": 2.426284,
        "p(50)": 0.0944295,
        "p(95)": 0.16029999999999994,
        "p(99)": 0.2421182999999994,
        "avg": 0.10525213733333319
      }
    },
    "req_latency": {
      "contains": "default",
      "values": {
        "med": 13.3118145,
        "max": 78.349578,
        "p(50)": 13.3118145,
        "p(95)": 16.99348495,
        "p(99)": 24.888665399999976,
        "avg": 13.80946755777777,
        "min": 8.511702
      },
      "type": "trend"
    },
    "payload_bytes": {
      "type": "trend",
      "contains": "default",
      "values": {
        "max": 2018,
        "p(50)": 1339,
        "p(95)": 1936,
        "p(99)": 2010.5099999999998,
        "avg": 1150.0991111111111,
        "min": 322,
        "med": 1339
      }
    },
    "data_sent": {
      "values": {
        "count": 597480,
        "rate": 6638.5525915492135
      },
      "type": "counter",
      "contains": "data"
    },
    "http_req_failed": {
      "type": "rate",
      "contains": "default",
      "values": {
        "passes": 0,
        "fails": 2250,
        "rate": 0
      }
    },
    "http_req_sending": {
      "type": "trend",
      "contains": "time",
      "values": {
        "min": 0.01207,
        "med": 0.0290395,
        "max": 0.440047,
        "p(50)": 0.0290395,
        "p(95)": 0.07483999999999995,
        "p(99)": 0.13568769999999922,
        "avg": 0.03540447733333328
      }
    },
    "checks": {
      "type": "rate",
      "contains": "default",
      "values": {
        "fails": 0,
        "rate": 1,
        "passes": 4500
      }
    },
    "data_received": {
      "type": "counter",
      "contains": "data",
      "values": {
        "count": 3176367,
        "rate": 35292.36021216008
      }
    },
    "vus_max": {
      "type": "gauge",
      "contains": "default",
      "values": {
        "value": 50,
        "min": 50,
        "max": 50
      }
    }
  },
  "root_group": {
    "name": "",
    "path": "",
    "id": "d41d8cd98f00b204e9800998ecf8427e",
    "groups": [],
    "checks": [
        {
          "path": "::status is 200",
          "id": "6210a8cd14cd70477eba5c5e4cb3fb5f",
          "passes": 2250,
          "fails": 0,
          "name": "status is 200"
        },
        {
          "name": "no graphql errors",
          "path": "::no graphql errors",
          "id": "7c29382b2a87caa2e50f0d89170b649f",
          "passes": 2250,
          "fails": 0
        }
      ]
  },
  "options": {
    "noColor": false,
    "summaryTrendStats": [
      "avg",
      "min",
      "med",
      "max",
      "p(50)",
      "p(95)",
      "p(99)"
    ],
    "summaryTimeUnit": ""
  }
}