{
  "options": {
    "summaryTrendStats": [
      "avg",
      "min",
      "med",
      "max",
      "p(50)",
      "p(95)",
      "p(99)"
    ],
    "summaryTimeUnit": "",
    "noColor": false
  },
  "state": {
    "isStdOutTTY": false,
    "isStdErrTTY": false,
    "testRunDurationMs": 90000.820423
  },
  "metrics": {
    "vus_max": {
      "type": "gauge",
      "contains": "default",
      "values": {
        "min": 148,
        "max": 148,
        "value": 148
      }
    },
    "http_req_sending": {
      "contains": "time",
      "values": {
        "p(95)": 0.04655099999999999,
        "p(99)": 0.11491257999999992,
        "avg": 0.027035070120120054,
        "min": 0.00948,
        "med": 0.02301,
        "max": 0.367113,
        "p(50)": 0.02301
      },
      "type": "trend"
    },
    "data_received": {
      "type": "counter",
      "contains": "data",
      "values": {
        "count": 3137678,
        "rate": 34862.771086452856
      }
    },
    "vus": {
      "type": "gauge",
      "contains": "default",
      "values": {
        "value": 0,
        "min": 0,
        "max": 1
      }
    },
    "http_req_connecting": {
      "type": "trend",
      "contains": "time",
      "values": {
        "med": 0,
        "max": 12.253963,
        "p(50)": 0,
        "p(95)": 0,
        "p(99)": 5.67861762,
        "avg": 0.12466185960960964,
        "min": 0
      }
    },
    "http_req_receiving": {
      "contains": "time",
      "values": {
        "p(95)": 0.12689199999999998,
        "p(99)": 0.16515039999999995,
        "avg": 0.08684064909909914,
        "min": 0.04068,
        "med": 0.084476,
        "max": 0.392842,
        "p(50)": 0.084476
      },
      "type": "trend"
    },
    "iteration_duration": {
      "type": "trend",
      "contains": "time",
      "values": {
        "max": 41.519779,
        "p(50)": 7.7982905,
        "p(95)": 9.870433549999996,
        "p(99)": 14.342979999999999,
        "avg": 7.952848403603619,
        "min": 3.851682,
        "med": 7.7982905
      }
    },
    "http_reqs": {
      "type": "counter",
      "contains": "default",
      "values": {
        "count": 6660,
        "rate": 73.99932543612698
      }
    },
    "http_req_duration{expected_response:true}": {
      "type": "trend",
      "contains": "time",
      "values": {
        "med": 7.490412,
        "max": 41.338938,
        "p(50)": 7.490412,
        "p(95)": 9.2846438,
        "p(99)": 10.11506983,
        "avg": 7.533832137237242,
        "min": 3.499001
      }
    },
    "http_req_tls_handshaking": {
      "values": {
        "max": 0,
        "p(50)": 0,
        "p(95)": 0,
        "p(99)": 0,
        "avg": 0,
        "min": 0,
        "med": 0
      },
      "type": "trend",
      "contains": "time"
    },
    "http_req_failed": {
      "contains": "default",
      "values": {
        "rate": 0,
        "passes": 0,
        "fails": 6660
      },
      "type": "rate"
    },
    "data_sent": {
      "type": "counter",
      "contains": "data",
      "values": {
        "count": 628607,
        "rate": 6984.458553217338
      }
    },
    "checks": {
      "type": "rate",
      "contains": "default",
      "values": {
        "rate": 1,
        "passes": 6660,
        "fails": 0
      }
    },
    "payload_bytes": {
      "values": {
        "avg": 210.12282282282283,
        "min": 111,
        "med": 211,
        "max": 292,
        "p(50)": 211,
        "p(95)": 238,
        "p(99)": 263
      },
      "type": "trend",
      "contains": "default"
    },
    "http_req_blocked": {
      "type": "trend",
      "contains": "time",
      "values": {
        "max": 12.462616,
        "p(50)": 0.00637,
        "p(95)": 0.018165499999999918,
        "p(99)": 5.773771509999998,
        "avg": 0.13446387687687503,
        "min": 0.00403,
        "med": 0.00637
      }
    },
    "http_req_duration": {
      "values": {
        "avg": 7.533832137237242,
        "min": 3.499001,
        "med": 7.490412,
        "max": 41.338938,
        "p(50)": 7.490412,
        "p(95)": 9.2846438,
        "p(99)": 10.11506983
      },
      "type": "trend",
      "contains": "time"
    },
    "req_latency": {
      "values": {
        "med": 7.490412,
        "max": 41.338938,
        "p(50)": 7.490412,
        "p(95)": 9.2846438,
        "p(99)": 10.11506983,
        "avg": 7.533832137237242,
        "min": 3.499001
      },
      "type": "trend",
      "contains": "default"
    },
    "http_req_waiting": {
      "type": "trend",
      "contains": "time",
      "values": {
        "avg": 7.419956418018011,
        "min": 3.39565,
        "med": 7.3779065,
        "max": 41.252946,
        "p(50)": 7.3779065,
        "p(95)": 9.166474399999998,
        "p(99)": 9.996405689999998
      }
    },
    "round_trip_count": {
      "type": "trend",
      "contains": "default",
      "values": {
        "p(99)": 1,
        "avg": 1,
        "min": 1,
        "med": 1,
        "max": 1,
        "p(50)": 1,
        "p(95)": 1
      }
    },
    "iterations": {
      "type": "counter",
      "contains": "default",
      "values": {
        "count": 6660,
        "rate": 73.99932543612698
      }
    }
  },
  "root_group": {
    "path": "",
    "id": "d41d8cd98f00b204e9800998ecf8427e",
    "groups": [],
    "checks": [
        {
          "id": "6210a8cd14cd70477eba5c5e4cb3fb5f",
          "passes": 6660,
          "fails": 0,
          "name": "status is 200",
          "path": "::status is 200"
        }
      ],
    "name": ""
  }
}