{
  "metrics": {
    "http_req_sending": {
      "type": "trend",
      "contains": "time",
      "values": {
        "max": 0.443528,
        "p(50)": 0.02712,
        "p(95)": 0.05305,
        "p(99)": 0.1119073999999999,
        "avg": 0.03159713181204018,
        "min": 0.01223,
        "med": 0.02712
      }
    },
    "http_req_receiving": {
      "type": "trend",
      "contains": "time",
      "values": {
        "p(95)": 0.255979,
        "p(99)": 0.8865915999999995,
        "avg": 0.13616029154781545,
        "min": 0.03934,
        "med": 0.0891,
        "max": 14.401814,
        "p(50)": 0.0891
      }
    },
    "iteration_duration": {
      "values": {
        "p(99)": 59.89353639999995,
        "avg": 15.853945625131304,
        "min": 9.983364,
        "med": 14.107046,
        "max": 101.352966,
        "p(50)": 14.107046,
        "p(95)": 21.428263
      },
      "type": "trend",
      "contains": "time"
    },
    "data_sent": {
      "type": "counter",
      "contains": "data",
      "values": {
        "count": 1771797,
        "rate": 19682.919339226315
      }
    },
    "http_req_connecting": {
      "type": "trend",
      "contains": "time",
      "values": {
        "med": 0,
        "max": 12.510623,
        "p(50)": 0,
        "p(95)": 0,
        "p(99)": 5.541250599999999,
        "avg": 0.11917196096682178,
        "min": 0
      }
    },
    "http_req_tls_handshaking": {
      "contains": "time",
      "values": {
        "avg": 0,
        "min": 0,
        "med": 0,
        "max": 0,
        "p(50)": 0,
        "p(95)": 0,
        "p(99)": 0
      },
      "type": "trend"
    },
    "vus_max": {
      "type": "gauge",
      "contains": "default",
      "values": {
        "value": 148,
        "min": 148,
        "max": 148
      }
    },
    "payload_bytes": {
      "type": "trend",
      "contains": "default",
      "values": {
        "min": 147,
        "med": 348,
        "max": 547,
        "p(50)": 348,
        "p(95)": 447,
        "p(99)": 450,
        "avg": 344.0738627833659
      }
    },
    "http_req_failed": {
      "contains": "default",
      "values": {
        "rate": 0,
        "passes": 0,
        "fails": 6661
      },
      "type": "rate"
    },
    "iterations": {
      "type": "counter",
      "contains": "default",
      "values": {
        "count": 6661,
        "rate": 73.99714849871994
      }
    },
    "checks": {
      "type": "rate",
      "contains": "default",
      "values": {
        "rate": 1,
        "passes": 13322,
        "fails": 0
      }
    },
    "http_reqs": {
      "type": "counter",
      "contains": "default",
      "values": {
        "rate": 73.99714849871994,
        "count": 6661
      }
    },
    "http_req_waiting": {
      "values": {
        "min": 9.226038,
        "med": 13.407009,
        "max": 99.205836,
        "p(50)": 13.407009,
        "p(95)": 18.610555,
        "p(99)": 58.44011299999995,
        "avg": 15.02398915478156
      },
      "type": "trend",
      "contains": "time"
    },
    "vus": {
      "type": "gauge",
      "contains": "default",
      "values": {
        "value": 1,
        "min": 1,
        "max": 5
      }
    },
    "data_received": {
      "type": "counter",
      "contains": "data",
      "values": {
        "count": 4030397,
        "rate": 44773.74047707481
      }
    },
    "http_req_duration": {
      "type": "trend",
      "contains": "time",
      "values": {
        "p(50)": 13.538838,
        "p(95)": 18.852643,
        "p(99)": 59.201736599999926,
        "avg": 15.191746578141393,
        "min": 9.399487,
        "med": 13.538838,
        "max": 100.856968
      }
    },
    "req_latency": {
      "values": {
        "max": 100.856968,
        "p(50)": 13.538838,
        "p(95)": 18.852643,
        "p(99)": 59.201736599999926,
        "avg": 15.191746578141393,
        "min": 9.399487,
        "med": 13.538838
      },
      "type": "trend",
      "contains": "default"
    },
    "http_req_duration{expected_response:true}": {
      "contains": "time",
      "values": {
        "avg": 15.191746578141393,
        "min": 9.399487,
        "med": 13.538838,
        "max": 100.856968,
        "p(50)": 13.538838,
        "p(95)": 18.852643,
        "p(99)": 59.201736599999926
      },
      "type": "trend"
    },
    "round_trip_count": {
      "contains": "default",
      "values": {
        "med": 1,
        "max": 1,
        "p(50)": 1,
        "p(95)": 1,
        "p(99)": 1,
        "avg": 1,
        "min": 1
      },
      "type": "trend"
    },
    "http_req_blocked": {
      "type": "trend",
      "contains": "time",
      "values": {
        "avg": 0.1299014638943098,
        "min": 0.0044,
        "med": 0.00768,
        "max": 12.607953,
        "p(50)": 0.00768,
        "p(95)": 0.01413,
        "p(99)": 5.645538999999998
      }
    }
  },
  "root_group": {
    "groups": [],
    "checks": [
        {
          "fails": 0,
          "name": "status is 200",
          "path": "::status is 200",
          "id": "6210a8cd14cd70477eba5c5e4cb3fb5f",
          "passes": 6661
        },
        {
          "name": "no graphql errors",
          "path": "::no graphql errors",
          "id": "7c29382b2a87caa2e50f0d89170b649f",
          "passes": 6661,
          "fails": 0
        }
      ],
    "name": "",
    "path": "",
    "id": "d41d8cd98f00b204e9800998ecf8427e"
  },
  "options": {
    "summaryTimeUnit": "",
    "noColor": false,
    "summaryTrendStats": [
      "avg",
      "min",
      "med",
      "max",
      "p(50)",
      "p(95)",
      "p(99)"
    ]
  },
  "state": {
    "testRunDurationMs": 90016.98221,
    "isStdOutTTY": false,
    "isStdErrTTY": false
  }
}