{
  "state": {
    "isStdOutTTY": false,
    "isStdErrTTY": false,
    "testRunDurationMs": 90001.45983
  },
  "metrics": {
    "req_latency": {
      "contains": "default",
      "values": {
        "avg": 7.097055435435466,
        "min": 2.758453,
        "med": 7.0913395,
        "max": 16.176463,
        "p(50)": 7.0913395,
        "p(95)": 8.804267249999999,
        "p(99)": 9.573765309999997
      },
      "type": "trend"
    },
    "iteration_duration": {
      "type": "trend",
      "contains": "time",
      "values": {
        "med": 7.400869,
        "max": 20.230909,
        "p(50)": 7.400869,
        "p(95)": 9.366300299999997,
        "p(99)": 13.923191599999997,
        "avg": 7.515802171321275,
        "min": 3.108781
      }
    },
    "http_req_failed": {
      "type": "rate",
      "contains": "default",
      "values": {
        "rate": 0,
        "passes": 0,
        "fails": 6660
      }
    },
    "iterations": {
      "type": "counter",
      "contains": "default",
      "values": {
        "count": 6660,
        "rate": 73.99879971480236
      }
    },
    "vus_max": {
      "type": "gauge",
      "contains": "default",
      "values": {
        "value": 148,
        "min": 148,
        "max": 148
      }
    },
    "data_received": {
      "values": {
        "count": 3456841,
        "rate": 38408.72144217975
      },
      "type": "counter",
      "contains": "data"
    },
    "http_req_duration": {
      "type": "trend",
      "contains": "time",
      "values": {
        "max": 16.176463,
        "p(50)": 7.0913395,
        "p(95)": 8.804267249999999,
        "p(99)": 9.573765309999997,
        "avg": 7.097055435435466,
        "min": 2.758453,
        "med": 7.0913395
      }
    },
    "http_req_receiving": {
      "type": "trend",
      "contains": "time",
      "values": {
        "med": 0.0844795,
        "max": 0.426119,
        "p(50)": 0.0844795,
        "p(95)": 0.1234,
        "p(99)": 0.14999149999999997,
        "avg": 0.08729458258258235,
        "min": 0.04232
      }
    },
    "vus": {
      "type": "gauge",
      "contains": "default",
      "values": {
        "max": 1,
        "value": 0,
        "min": 0
      }
    },
    "http_req_duration{expected_response:true}": {
      "values": {
        "med": 7.0913395,
        "max": 16.176463,
        "p(50)": 7.0913395,
        "p(95)": 8.804267249999999,
        "p(99)": 9.573765309999997,
        "avg": 7.097055435435466,
        "min": 2.758453
      },
      "type": "trend",
      "contains": "time"
    },
    "http_req_waiting": {
      "type": "trend",
      "contains": "time",
      "values": {
        "p(99)": 9.46707783,
        "avg": 6.981862445345318,
        "min": 2.654683,
        "med": 6.975649499999999,
        "max": 16.024824,
        "p(50)": 6.975649499999999,
        "p(95)": 8.674830549999996
      }
    },
    "http_reqs": {
      "values": {
        "rate": 73.99879971480236,
        "count": 6660
      },
      "type": "counter",
      "contains": "default"
    },
    "http_req_connecting": {
      "type": "trend",
      "contains": "time",
      "values": {
        "max": 13.285687,
        "p(50)": 0,
        "p(95)": 0,
        "p(99)": 5.560683119999998,
        "avg": 0.12432638423423423,
        "min": 0,
        "med": 0
      }
    },
    "round_trip_count": {
      "type": "trend",
      "contains": "default",
      "values": {
        "p(99)": 1,
        "avg": 1,
        "min": 1,
        "med": 1,
        "max": 1,
        "p(50)": 1,
        "p(95)": 1
      }
    },
    "http_req_tls_handshaking": {
      "type": "trend",
      "contains": "time",
      "values": {
        "min": 0,
        "med": 0,
        "max": 0,
        "p(50)": 0,
        "p(95)": 0,
        "p(99)": 0,
        "avg": 0
      }
    },
    "http_req_sending": {
      "type": "trend",
      "contains": "time",
      "values": {
        "avg": 0.02789840750750755,
        "min": 0.01097,
        "med": 0.02371,
        "max": 0.33076,
        "p(50)": 0.02371,
        "p(95)": 0.048049499999999995,
        "p(99)": 0.1147131
      }
    },
    "payload_bytes": {
      "type": "trend",
      "contains": "default",
      "values": {
        "avg": 258.0418918918919,
        "min": 162,
        "med": 234,
        "max": 10613,
        "p(50)": 234,
        "p(95)": 269,
        "p(99)": 269
      }
    },
    "data_sent": {
      "type": "counter",
      "contains": "data",
      "values": {
        "count": 799177,
        "rate": 8879.600414365856
      }
    },
    "http_req_blocked": {
      "type": "trend",
      "contains": "time",
      "values": {
        "min": 0.00429,
        "med": 0.006515,
        "max": 13.408846,
        "p(50)": 0.006515,
        "p(95)": 0.01905104999999997,
        "p(99)": 5.695612099999999,
        "avg": 0.1341486896396377
      }
    },
    "checks": {
      "contains": "default",
      "values": {
        "rate": 1,
        "passes": 6660,
        "fails": 0
      },
      "type": "rate"
    }
  },
  "root_group": {
    "name": "",
    "path": "",
    "id": "d41d8cd98f00b204e9800998ecf8427e",
    "groups": [],
    "checks": [
        {
          "name": "status is 200",
          "path": "::status is 200",
          "id": "6210a8cd14cd70477eba5c5e4cb3fb5f",
          "passes": 6660,
          "fails": 0
        }
      ]
  },
  "options": {
    "noColor": false,
    "summaryTrendStats": [
      "avg",
      "min",
      "med",
      "max",
      "p(50)",
      "p(95)",
      "p(99)"
    ],
    "summaryTimeUnit": ""
  }
}