{
  "metrics": {
    "round_trip_count": {
      "type": "trend",
      "contains": "default",
      "values": {
        "med": 1,
        "max": 1,
        "p(50)": 1,
        "p(95)": 1,
        "p(99)": 1,
        "avg": 1,
        "min": 1
      }
    },
    "iteration_duration": {
      "type": "trend",
      "contains": "time",
      "values": {
        "p(99)": 27.931699300000005,
        "avg": 18.896165159372945,
        "min": 14.323759,
        "med": 18.237006,
        "max": 78.105159,
        "p(50)": 18.237006,
        "p(95)": 22.28214
      }
    },
    "iterations": {
      "contains": "default",
      "values": {
        "rate": 17.007248157328913,
        "count": 1531
      },
      "type": "counter"
    },
    "http_req_connecting": {
      "type": "trend",
      "contains": "time",
      "values": {
        "avg": 0.1130007191378184,
        "min": 0,
        "med": 0,
        "max": 6.981246,
        "p(50)": 0,
        "p(95)": 0,
        "p(99)": 5.260501000000014
      }
    },
    "http_req_failed": {
      "type": "rate",
      "contains": "default",
      "values": {
        "rate": 0,
        "passes": 0,
        "fails": 1531
      }
    },
    "vus_max": {
      "values": {
        "value": 34,
        "min": 34,
        "max": 34
      },
      "type": "gauge",
      "contains": "default"
    },
    "page_latency": {
      "type": "trend",
      "contains": "default",
      "values": {
        "p(95)": 20.1827125,
        "p(99)": 23.214674200000037,
        "avg": 17.389846820378835,
        "min": 12.890739,
        "med": 16.838095,
        "max": 76.776998,
        "p(50)": 16.838095
      }
    },
    "http_req_duration": {
      "values": {
        "p(99)": 23.214674200000037,
        "avg": 17.389846820378835,
        "min": 12.890739,
        "med": 16.838095,
        "max": 76.776998,
        "p(50)": 16.838095,
        "p(95)": 20.1827125
      },
      "type": "trend",
      "contains": "time"
    },
    "http_req_waiting": {
      "type": "trend",
      "contains": "time",
      "values": {
        "p(95)": 20.037488500000002,
        "p(99)": 23.06832450000004,
        "avg": 17.248620907903327,
        "min": 12.736509,
        "med": 16.707085,
        "max": 76.417409,
        "p(50)": 16.707085
      }
    },
    "checks": {
      "values": {
        "fails": 0,
        "rate": 1,
        "passes": 3062
      },
      "type": "rate",
      "contains": "default"
    },
    "vus": {
      "type": "gauge",
      "contains": "default",
      "values": {
        "value": 0,
        "min": 0,
        "max": 1
      }
    },
    "http_reqs": {
      "type": "counter",
      "contains": "default",
      "values": {
        "count": 1531,
        "rate": 17.007248157328913
      }
    },
    "http_req_blocked": {
      "type": "trend",
      "contains": "time",
      "values": {
        "avg": 0.1245668967994776,
        "min": 0.00453,
        "med": 0.00751,
        "max": 7.151405,
        "p(50)": 0.00751,
        "p(95)": 0.0145345,
        "p(99)": 5.361300300000013
      }
    },
    "data_received": {
      "contains": "data",
      "values": {
        "count": 4188883,
        "rate": 46532.575233844815
      },
      "type": "counter"
    },
    "http_req_duration{expected_response:true}": {
      "type": "trend",
      "contains": "time",
      "values": {
        "p(99)": 23.214674200000037,
        "avg": 17.389846820378835,
        "min": 12.890739,
        "med": 16.838095,
        "max": 76.776998,
        "p(50)": 16.838095,
        "p(95)": 20.1827125
      }
    },
    "http_req_receiving": {
      "type": "trend",
      "contains": "time",
      "values": {
        "p(95)": 0.1592845,
        "p(99)": 0.23017200000000054,
        "avg": 0.10524556629653839,
        "min": 0.04462,
        "med": 0.096739,
        "max": 0.631136,
        "p(50)": 0.096739
      }
    },
    "http_req_tls_handshaking": {
      "type": "trend",
      "contains": "time",
      "values": {
        "avg": 0,
        "min": 0,
        "med": 0,
        "max": 0,
        "p(50)": 0,
        "p(95)": 0,
        "p(99)": 0
      }
    },
    "http_req_sending": {
      "type": "trend",
      "contains": "time",
      "values": {
        "med": 0.029639,
        "max": 0.250888,
        "p(50)": 0.029639,
        "p(95)": 0.063614,
        "p(99)": 0.13055600000000006,
        "avg": 0.03598034617896801,
        "min": 0.01371
      }
    },
    "req_latency": {
      "type": "trend",
      "contains": "default",
      "values": {
        "p(95)": 20.1827125,
        "p(99)": 23.214674200000037,
        "avg": 17.389846820378835,
        "min": 12.890739,
        "med": 16.838095,
        "max": 76.776998,
        "p(50)": 16.838095
      }
    },
    "payload_bytes": {
      "values": {
        "avg": 2474.0437622468976,
        "min": 1729,
        "med": 2508,
        "max": 2666,
        "p(50)": 2508,
        "p(95)": 2640,
        "p(99)": 2655
      },
      "type": "trend",
      "contains": "default"
    },
    "data_sent": {
      "type": "counter",
      "contains": "data",
      "values": {
        "count": 459426,
        "rate": 5103.574129280858
      }
    }
  },
  "root_group": {
    "groups": [],
    "checks": [
        {
          "name": "status is 200",
          "path": "::status is 200",
          "id": "6210a8cd14cd70477eba5c5e4cb3fb5f",
          "passes": 1531,
          "fails": 0
        },
        {
          "name": "no graphql errors",
          "path": "::no graphql errors",
          "id": "7c29382b2a87caa2e50f0d89170b649f",
          "passes": 1531,
          "fails": 0
        }
      ],
    "name": "",
    "path": "",
    "id": "d41d8cd98f00b204e9800998ecf8427e"
  },
  "options": {
    "summaryTrendStats": [
      "avg",
      "min",
      "med",
      "max",
      "p(50)",
      "p(95)",
      "p(99)"
    ],
    "summaryTimeUnit": "",
    "noColor": false
  },
  "state": {
    "isStdOutTTY": false,
    "isStdErrTTY": false,
    "testRunDurationMs": 90020.442216
  }
}