{
  "options": {
    "summaryTrendStats": [
      "avg",
      "min",
      "med",
      "max",
      "p(50)",
      "p(95)",
      "p(99)"
    ],
    "summaryTimeUnit": "",
    "noColor": false
  },
  "state": {
    "isStdOutTTY": false,
    "isStdErrTTY": false,
    "testRunDurationMs": 90001.250241
  },
  "metrics": {
    "iteration_duration": {
      "type": "trend",
      "contains": "time",
      "values": {
        "p(99)": 51.18493865000003,
        "avg": 14.990073944666669,
        "min": 9.023503,
        "med": 14.131118,
        "max": 95.135305,
        "p(50)": 14.131118,
        "p(95)": 18.661788700000006
      }
    },
    "http_req_receiving": {
      "values": {
        "max": 7.827211,
        "p(50)": 0.08971,
        "p(95)": 0.1519990000000001,
        "p(99)": 0.48578830000000034,
        "avg": 0.10716480755555532,
        "min": 0.046041,
        "med": 0.08971
      },
      "type": "trend",
      "contains": "time"
    },
    "data_sent": {
      "type": "counter",
      "contains": "data",
      "values": {
        "count": 1194989,
        "rate": 13277.471110680457
      }
    },
    "vus_max": {
      "type": "gauge",
      "contains": "default",
      "values": {
        "max": 100,
        "value": 100,
        "min": 100
      }
    },
    "http_req_waiting": {
      "type": "trend",
      "contains": "time",
      "values": {
        "p(99)": 49.511547000000036,
        "avg": 13.867183793111122,
        "min": 8.18407,
        "med": 13.073088,
        "max": 93.663256,
        "p(50)": 13.073088,
        "p(95)": 16.715214850000002
      }
    },
    "checks": {
      "type": "rate",
      "contains": "default",
      "values": {
        "passes": 9000,
        "fails": 0,
        "rate": 1
      }
    },
    "data_received": {
      "values": {
        "count": 6421214,
        "rate": 71345.83111685287
      },
      "type": "counter",
      "contains": "data"
    },
    "iterations": {
      "type": "counter",
      "contains": "default",
      "values": {
        "count": 4500,
        "rate": 49.999305431315314
      }
    },
    "http_req_tls_handshaking": {
      "type": "trend",
      "contains": "time",
      "values": {
        "avg": 0,
        "min": 0,
        "med": 0,
        "max": 0,
        "p(50)": 0,
        "p(95)": 0,
        "p(99)": 0
      }
    },
    "http_req_sending": {
      "type": "trend",
      "contains": "time",
      "values": {
        "p(50)": 0.02597,
        "p(95)": 0.05147755000000003,
        "p(99)": 0.11412779000000015,
        "avg": 0.0316498535555555,
        "min": 0.01175,
        "med": 0.02597,
        "max": 3.078019
      }
    },
    "req_latency": {
      "type": "trend",
      "contains": "default",
      "values": {
        "avg": 14.005998454222194,
        "min": 8.331551,
        "med": 13.198278,
        "max": 94.800103,
        "p(50)": 13.198278,
        "p(95)": 16.859526550000002,
        "p(99)": 50.28385969000002
      }
    },
    "payload_bytes": {
      "type": "trend",
      "contains": "default",
      "values": {
        "med": 1340,
        "max": 10657,
        "p(50)": 1340,
        "p(95)": 1943,
        "p(99)": 2012,
        "avg": 1165.3117777777777,
        "min": 322
      }
    },
    "http_reqs": {
      "type": "counter",
      "contains": "default",
      "values": {
        "count": 4500,
        "rate": 49.999305431315314
      }
    },
    "http_req_duration": {
      "type": "trend",
      "contains": "time",
      "values": {
        "p(50)": 13.198278,
        "p(95)": 16.859526550000002,
        "p(99)": 50.28385969000002,
        "avg": 14.005998454222194,
        "min": 8.331551,
        "med": 13.198278,
        "max": 94.800103
      }
    },
    "round_trip_count": {
      "type": "trend",
      "contains": "default",
      "values": {
        "med": 1,
        "max": 1,
        "p(50)": 1,
        "p(95)": 1,
        "p(99)": 1,
        "avg": 1,
        "min": 1
      }
    },
    "http_req_duration{expected_response:true}": {
      "contains": "time",
      "values": {
        "avg": 14.005998454222194,
        "min": 8.331551,
        "med": 13.198278,
        "max": 94.800103,
        "p(50)": 13.198278,
        "p(95)": 16.859526550000002,
        "p(99)": 50.28385969000002
      },
      "type": "trend"
    },
    "http_req_connecting": {
      "type": "trend",
      "contains": "time",
      "values": {
        "max": 12.077871,
        "p(50)": 0,
        "p(95)": 0,
        "p(99)": 5.388568210000007,
        "avg": 0.11928542155555551,
        "min": 0,
        "med": 0
      }
    },
    "http_req_failed": {
      "contains": "default",
      "values": {
        "rate": 0,
        "passes": 0,
        "fails": 4500
      },
      "type": "rate"
    },
    "vus": {
      "type": "gauge",
      "contains": "default",
      "values": {
        "min": 1,
        "max": 5,
        "value": 1
      }
    },
    "http_req_blocked": {
      "type": "trend",
      "contains": "time",
      "values": {
        "avg": 0.12892662244444394,
        "min": 0.00424,
        "med": 0.00657,
        "max": 12.200292,
        "p(50)": 0.00657,
        "p(95)": 0.012820500000000002,
        "p(99)": 5.495517120000008
      }
    }
  },
  "root_group": {
    "name": "",
    "path": "",
    "id": "d41d8cd98f00b204e9800998ecf8427e",
    "groups": [],
    "checks": [
        {
          "name": "status is 200",
          "path": "::status is 200",
          "id": "6210a8cd14cd70477eba5c5e4cb3fb5f",
          "passes": 4500,
          "fails": 0
        },
        {
          "name": "no graphql errors",
          "path": "::no graphql errors",
          "id": "7c29382b2a87caa2e50f0d89170b649f",
          "passes": 4500,
          "fails": 0
        }
      ]
  }
}