{
  "metrics": {
    "req_latency": {
      "values": {
        "avg": 8.77184049866665,
        "min": 4.621739,
        "med": 8.686956,
        "max": 21.750372,
        "p(50)": 8.686956,
        "p(95)": 10.82446895,
        "p(99)": 12.349650090000019
      },
      "type": "trend",
      "contains": "default"
    },
    "payload_bytes": {
      "type": "trend",
      "contains": "default",
      "values": {
        "p(99)": 13029,
        "avg": 8067.173555555555,
        "min": 5330,
        "med": 7539,
        "max": 29291,
        "p(50)": 7539,
        "p(95)": 12133
      }
    },
    "http_req_blocked": {
      "values": {
        "min": 0.00415,
        "med": 0.00619,
        "max": 11.512697,
        "p(50)": 0.00619,
        "p(95)": 0.018541050000000007,
        "p(99)": 5.616620000000002,
        "avg": 0.1286498488888871
      },
      "type": "trend",
      "contains": "time"
    },
    "data_sent": {
      "type": "counter",
      "contains": "data",
      "values": {
        "count": 663178,
        "rate": 7368.545264234552
      }
    },
    "http_req_connecting": {
      "type": "trend",
      "contains": "time",
      "values": {
        "med": 0,
        "max": 11.417509,
        "p(50)": 0,
        "p(95)": 0,
        "p(99)": 5.513927500000001,
        "avg": 0.11901956577777774,
        "min": 0
      }
    },
    "http_req_receiving": {
      "contains": "time",
      "values": {
        "p(50)": 0.099055,
        "p(95)": 0.167961,
        "p(99)": 0.27866080000000093,
        "avg": 0.15071221066666654,
        "min": 0.04495,
        "med": 0.099055,
        "max": 7.080818
      },
      "type": "trend"
    },
    "http_req_sending": {
      "type": "trend",
      "contains": "time",
      "values": {
        "max": 0.209139,
        "p(50)": 0.02322,
        "p(95)": 0.044759,
        "p(99)": 0.10904990000000002,
        "avg": 0.02710449400000006,
        "min": 0.01069,
        "med": 0.02322
      }
    },
    "round_trip_count": {
      "contains": "default",
      "values": {
        "med": 1,
        "max": 1,
        "p(50)": 1,
        "p(95)": 1,
        "p(99)": 1,
        "avg": 1,
        "min": 1
      },
      "type": "trend"
    },
    "http_req_waiting": {
      "type": "trend",
      "contains": "time",
      "values": {
        "avg": 8.594023794000002,
        "min": 4.51234,
        "med": 8.551972,
        "max": 14.875803,
        "p(50)": 8.551972,
        "p(95)": 10.60010955,
        "p(99)": 11.476131800000001
      }
    },
    "data_received": {
      "type": "counter",
      "contains": "data",
      "values": {
        "count": 37482320,
        "rate": 416464.6166316193
      }
    },
    "iteration_duration": {
      "type": "trend",
      "contains": "time",
      "values": {
        "med": 9.015274999999999,
        "max": 21.979101,
        "p(50)": 9.015274999999999,
        "p(95)": 11.513113,
        "p(99)": 16.048128790000025,
        "avg": 9.217040265555527,
        "min": 4.915577
      }
    },
    "http_req_failed": {
      "type": "rate",
      "contains": "default",
      "values": {
        "rate": 0,
        "passes": 0,
        "fails": 4500
      }
    },
    "vus_max": {
      "type": "gauge",
      "contains": "default",
      "values": {
        "max": 100,
        "value": 100,
        "min": 100
      }
    },
    "http_req_duration{expected_response:true}": {
      "type": "trend",
      "contains": "time",
      "values": {
        "med": 8.686956,
        "max": 21.750372,
        "p(50)": 8.686956,
        "p(95)": 10.82446895,
        "p(99)": 12.349650090000019,
        "avg": 8.77184049866665,
        "min": 4.621739
      }
    },
    "http_req_tls_handshaking": {
      "type": "trend",
      "contains": "time",
      "values": {
        "min": 0,
        "med": 0,
        "max": 0,
        "p(50)": 0,
        "p(95)": 0,
        "p(99)": 0,
        "avg": 0
      }
    },
    "iterations": {
      "type": "counter",
      "contains": "default",
      "values": {
        "rate": 49.999327011836165,
        "count": 4500
      }
    },
    "vus": {
      "type": "gauge",
      "contains": "default",
      "values": {
        "value": 1,
        "min": 1,
        "max": 1
      }
    },
    "http_reqs": {
      "type": "counter",
      "contains": "default",
      "values": {
        "count": 4500,
        "rate": 49.999327011836165
      }
    },
    "checks": {
      "type": "rate",
      "contains": "default",
      "values": {
        "rate": 1,
        "passes": 4500,
        "fails": 0
      }
    },
    "http_req_duration": {
      "type": "trend",
      "contains": "time",
      "values": {
        "min": 4.621739,
        "med": 8.686956,
        "max": 21.750372,
        "p(50)": 8.686956,
        "p(95)": 10.82446895,
        "p(99)": 12.349650090000019,
        "avg": 8.77184049866665
      }
    }
  },
  "root_group": {
    "name": "",
    "path": "",
    "id": "d41d8cd98f00b204e9800998ecf8427e",
    "groups": [],
    "checks": [
        {
          "passes": 4500,
          "fails": 0,
          "name": "status is 200",
          "path": "::status is 200",
          "id": "6210a8cd14cd70477eba5c5e4cb3fb5f"
        }
      ]
  },
  "options": {
    "summaryTrendStats": [
      "avg",
      "min",
      "med",
      "max",
      "p(50)",
      "p(95)",
      "p(99)"
    ],
    "summaryTimeUnit": "",
    "noColor": false
  },
  "state": {
    "isStdErrTTY": false,
    "testRunDurationMs": 90001.211395,
    "isStdOutTTY": false
  }
}