{
  "metrics": {
    "round_trip_count": {
      "contains": "default",
      "values": {
        "avg": 1,
        "min": 1,
        "med": 1,
        "max": 1,
        "p(50)": 1,
        "p(95)": 1,
        "p(99)": 1
      },
      "type": "trend"
    },
    "http_req_receiving": {
      "type": "trend",
      "contains": "time",
      "values": {
        "avg": 0.11346324083536993,
        "min": 0.04234,
        "med": 0.091459,
        "max": 8.184332,
        "p(50)": 0.091459,
        "p(95)": 0.152569,
        "p(99)": 0.473976
      }
    },
    "iterations": {
      "values": {
        "count": 4501,
        "rate": 50.003043021224734
      },
      "type": "counter",
      "contains": "default"
    },
    "vus": {
      "type": "gauge",
      "contains": "default",
      "values": {
        "value": 1,
        "min": 1,
        "max": 3
      }
    },
    "req_latency": {
      "type": "trend",
      "contains": "default",
      "values": {
        "max": 97.615121,
        "p(50)": 13.731457,
        "p(95)": 17.451466,
        "p(99)": 53.434709,
        "avg": 14.610604098866878,
        "min": 9.631963,
        "med": 13.731457
      }
    },
    "iteration_duration": {
      "type": "trend",
      "contains": "time",
      "values": {
        "p(99)": 53.939135,
        "avg": 15.471970889580124,
        "min": 10.065469,
        "med": 14.473122,
        "max": 98.696651,
        "p(50)": 14.473122,
        "p(95)": 19.270891
      }
    },
    "http_req_duration": {
      "type": "trend",
      "contains": "time",
      "values": {
        "max": 97.615121,
        "p(50)": 13.731457,
        "p(95)": 17.451466,
        "p(99)": 53.434709,
        "avg": 14.610604098866878,
        "min": 9.631963,
        "med": 13.731457
      }
    },
    "vus_max": {
      "type": "gauge",
      "contains": "default",
      "values": {
        "max": 100,
        "value": 100,
        "min": 100
      }
    },
    "http_req_failed": {
      "type": "rate",
      "contains": "default",
      "values": {
        "rate": 0,
        "passes": 0,
        "fails": 4501
      }
    },
    "data_received": {
      "type": "counter",
      "contains": "data",
      "values": {
        "count": 4349735,
        "rate": 48322.59194310752
      }
    },
    "http_req_waiting": {
      "values": {
        "p(50)": 13.59948,
        "p(95)": 17.333138,
        "p(99)": 52.120378,
        "avg": 14.46573105820934,
        "min": 9.510524,
        "med": 13.59948,
        "max": 89.766746
      },
      "type": "trend",
      "contains": "time"
    },
    "http_reqs": {
      "values": {
        "count": 4501,
        "rate": 50.003043021224734
      },
      "type": "counter",
      "contains": "default"
    },
    "http_req_tls_handshaking": {
      "contains": "time",
      "values": {
        "min": 0,
        "med": 0,
        "max": 0,
        "p(50)": 0,
        "p(95)": 0,
        "p(99)": 0,
        "avg": 0
      },
      "type": "trend"
    },
    "checks": {
      "type": "rate",
      "contains": "default",
      "values": {
        "rate": 1,
        "passes": 9002,
        "fails": 0
      }
    },
    "data_sent": {
      "type": "counter",
      "contains": "data",
      "values": {
        "count": 1195365,
        "rate": 13279.69062898607
      }
    },
    "http_req_sending": {
      "type": "trend",
      "contains": "time",
      "values": {
        "p(95)": 0.05233,
        "p(99)": 0.121119,
        "avg": 0.031409799822261754,
        "min": 0.01216,
        "med": 0.02745,
        "max": 0.245588,
        "p(50)": 0.02745
      }
    },
    "payload_bytes": {
      "type": "trend",
      "contains": "default",
      "values": {
        "p(95)": 1790,
        "p(99)": 2404,
        "avg": 705.0568762497223,
        "min": 147,
        "med": 451,
        "max": 2590,
        "p(50)": 451
      }
    },
    "http_req_duration{expected_response:true}": {
      "type": "trend",
      "contains": "time",
      "values": {
        "p(99)": 53.434709,
        "avg": 14.610604098866878,
        "min": 9.631963,
        "med": 13.731457,
        "max": 97.615121,
        "p(50)": 13.731457,
        "p(95)": 17.451466
      }
    },
    "http_req_blocked": {
      "type": "trend",
      "contains": "time",
      "values": {
        "min": 0.00393,
        "med": 0.00705,
        "max": 10.175346,
        "p(50)": 0.00705,
        "p(95)": 0.0128,
        "p(99)": 5.641403,
        "avg": 0.1337993045989778
      }
    },
    "http_req_connecting": {
      "type": "trend",
      "contains": "time",
      "values": {
        "max": 10.054397,
        "p(50)": 0,
        "p(95)": 0,
        "p(99)": 5.563954,
        "avg": 0.12381322306154188,
        "min": 0,
        "med": 0
      }
    }
  },
  "root_group": {
    "checks": [
      {
        "passes": 4501,
        "fails": 0,
        "name": "status is 200",
        "path": "::status is 200",
        "id": "6210a8cd14cd70477eba5c5e4cb3fb5f"
      },
      {
        "path": "::no graphql errors",
        "id": "7c29382b2a87caa2e50f0d89170b649f",
        "passes": 4501,
        "fails": 0,
        "name": "no graphql errors"
      }
    ],
    "name": "",
    "path": "",
    "id": "d41d8cd98f00b204e9800998ecf8427e",
    "groups": []
  },
  "options": {
    "summaryTrendStats": [
      "avg",
      "min",
      "med",
      "max",
      "p(50)",
      "p(95)",
      "p(99)"
    ],
    "summaryTimeUnit": "",
    "noColor": false
  },
  "state": {
    "isStdOutTTY": false,
    "isStdErrTTY": false,
    "testRunDurationMs": 90014.521678
  }
}