{
  "metrics": {
    "http_req_tls_handshaking": {
      "type": "trend",
      "contains": "time",
      "values": {
        "med": 0,
        "max": 0,
        "p(50)": 0,
        "p(95)": 0,
        "p(99)": 0,
        "avg": 0,
        "min": 0
      }
    },
    "round_trip_count": {
      "values": {
        "min": 1,
        "med": 1,
        "max": 1,
        "p(50)": 1,
        "p(95)": 1,
        "p(99)": 1,
        "avg": 1
      },
      "type": "trend",
      "contains": "default"
    },
    "iteration_duration": {
      "values": {
        "med": 7.578259,
        "max": 28.517008,
        "p(50)": 7.578259,
        "p(95)": 9.714414,
        "p(99)": 13.961717599999984,
        "avg": 7.712071684281632,
        "min": 3.156125
      },
      "type": "trend",
      "contains": "time"
    },
    "vus": {
      "type": "gauge",
      "contains": "default",
      "values": {
        "max": 1,
        "value": 0,
        "min": 0
      }
    },
    "http_req_sending": {
      "type": "trend",
      "contains": "time",
      "values": {
        "p(95)": 0.04731,
        "p(99)": 0.08772759999999984,
        "avg": 0.027949378021318038,
        "min": 0.01046,
        "med": 0.02458,
        "max": 1.971317,
        "p(50)": 0.02458
      }
    },
    "iterations": {
      "type": "counter",
      "contains": "default",
      "values": {
        "rate": 74.00441234353467,
        "count": 6661
      }
    },
    "http_req_blocked": {
      "values": {
        "min": 0.0043,
        "med": 0.00696,
        "max": 17.528225,
        "p(50)": 0.00696,
        "p(95)": 0.02009,
        "p(99)": 5.851208999999999,
        "avg": 0.13663963864284526
      },
      "type": "trend",
      "contains": "time"
    },
    "checks": {
      "values": {
        "fails": 0,
        "rate": 1,
        "passes": 6661
      },
      "type": "rate",
      "contains": "default"
    },
    "data_sent": {
      "type": "counter",
      "contains": "data",
      "values": {
        "count": 629937,
        "rate": 6998.666491284972
      }
    },
    "http_req_receiving": {
      "type": "trend",
      "contains": "time",
      "values": {
        "avg": 0.09187263984386702,
        "min": 0.04355,
        "med": 0.087129,
        "max": 4.050294,
        "p(50)": 0.087129,
        "p(95)": 0.134919,
        "p(99)": 0.1707319999999998
      }
    },
    "http_req_duration": {
      "type": "trend",
      "contains": "time",
      "values": {
        "max": 20.719339,
        "p(50)": 7.263628,
        "p(95)": 9.048516,
        "p(99)": 9.995796999999998,
        "avg": 7.276953959465559,
        "min": 2.899595,
        "med": 7.263628
      }
    },
    "http_reqs": {
      "type": "counter",
      "contains": "default",
      "values": {
        "count": 6661,
        "rate": 74.00441234353467
      }
    },
    "http_req_waiting": {
      "type": "trend",
      "contains": "time",
      "values": {
        "max": 16.823465,
        "p(50)": 7.145529,
        "p(95)": 8.919157,
        "p(99)": 9.857556599999995,
        "avg": 7.157131941600377,
        "min": 2.787816,
        "med": 7.145529
      }
    },
    "http_req_duration{expected_response:true}": {
      "contains": "time",
      "values": {
        "p(99)": 9.995796999999998,
        "avg": 7.276953959465559,
        "min": 2.899595,
        "med": 7.263628,
        "max": 20.719339,
        "p(50)": 7.263628,
        "p(95)": 9.048516
      },
      "type": "trend"
    },
    "http_req_connecting": {
      "type": "trend",
      "contains": "time",
      "values": {
        "med": 0,
        "max": 17.435045,
        "p(50)": 0,
        "p(95)": 0,
        "p(99)": 5.740701999999981,
        "avg": 0.12656916123705142,
        "min": 0
      }
    },
    "req_latency": {
      "values": {
        "p(99)": 9.995796999999998,
        "avg": 7.276953959465559,
        "min": 2.899595,
        "med": 7.263628,
        "max": 20.719339,
        "p(50)": 7.263628,
        "p(95)": 9.048516
      },
      "type": "trend",
      "contains": "default"
    },
    "vus_max": {
      "type": "gauge",
      "contains": "default",
      "values": {
        "value": 148,
        "min": 148,
        "max": 148
      }
    },
    "http_req_failed": {
      "values": {
        "passes": 0,
        "fails": 6661,
        "rate": 0
      },
      "type": "rate",
      "contains": "default"
    },
    "payload_bytes": {
      "values": {
        "p(95)": 212,
        "p(99)": 237,
        "avg": 141.88620327278187,
        "min": 59,
        "med": 135,
        "max": 290,
        "p(50)": 135
      },
      "type": "trend",
      "contains": "default"
    },
    "data_received": {
      "type": "counter",
      "contains": "data",
      "values": {
        "count": 2682121,
        "rate": 29798.64711593658
      }
    }
  },
  "root_group": {
    "name": "",
    "path": "",
    "id": "d41d8cd98f00b204e9800998ecf8427e",
    "groups": [],
    "checks": [
        {
          "name": "status is 200",
          "path": "::status is 200",
          "id": "6210a8cd14cd70477eba5c5e4cb3fb5f",
          "passes": 6661,
          "fails": 0
        }
      ]
  },
  "options": {
    "summaryTrendStats": [
      "avg",
      "min",
      "med",
      "max",
      "p(50)",
      "p(95)",
      "p(99)"
    ],
    "summaryTimeUnit": "",
    "noColor": false
  },
  "state": {
    "isStdOutTTY": false,
    "isStdErrTTY": false,
    "testRunDurationMs": 90008.146664
  }
}