{
  "root_group": {
    "name": "",
    "path": "",
    "id": "d41d8cd98f00b204e9800998ecf8427e",
    "groups": [],
    "checks": [
        {
          "name": "status is 200",
          "path": "::status is 200",
          "id": "6210a8cd14cd70477eba5c5e4cb3fb5f",
          "passes": 9002,
          "fails": 0
        }
      ]
  },
  "options": {
    "summaryTrendStats": [
      "avg",
      "min",
      "med",
      "max",
      "p(50)",
      "p(95)",
      "p(99)"
    ],
    "summaryTimeUnit": "",
    "noColor": false
  },
  "state": {
    "isStdOutTTY": false,
    "isStdErrTTY": false,
    "testRunDurationMs": 90017.51978
  },
  "metrics": {
    "req_latency": {
      "type": "trend",
      "contains": "default",
      "values": {
        "p(95)": 9.439131499999998,
        "p(99)": 10.20272179,
        "avg": 7.509308120195535,
        "min": 3.314828,
        "med": 7.5571,
        "max": 32.240891,
        "p(50)": 7.5571
      }
    },
    "vus": {
      "type": "gauge",
      "contains": "default",
      "values": {
        "value": 0,
        "min": 0,
        "max": 1
      }
    },
    "http_reqs": {
      "type": "counter",
      "contains": "default",
      "values": {
        "count": 9002,
        "rate": 100.00275526364874
      }
    },
    "http_req_tls_handshaking": {
      "type": "trend",
      "contains": "time",
      "values": {
        "min": 0,
        "med": 0,
        "max": 0,
        "p(50)": 0,
        "p(95)": 0,
        "p(99)": 0,
        "avg": 0
      }
    },
    "http_req_duration{expected_response:true}": {
      "contains": "time",
      "values": {
        "min": 3.314828,
        "med": 7.5571,
        "max": 32.240891,
        "p(50)": 7.5571,
        "p(95)": 9.439131499999998,
        "p(99)": 10.20272179,
        "avg": 7.509308120195535
      },
      "type": "trend"
    },
    "http_req_waiting": {
      "type": "trend",
      "contains": "time",
      "values": {
        "avg": 7.392964796711823,
        "min": 3.166308,
        "med": 7.441776,
        "max": 32.094901,
        "p(50)": 7.441776,
        "p(95)": 9.316027049999999,
        "p(99)": 10.0962441
      }
    },
    "http_req_sending": {
      "values": {
        "p(99)": 0.08600179999999982,
        "avg": 0.022936178404798956,
        "min": 0.00868,
        "med": 0.020575000000000003,
        "max": 0.301239,
        "p(50)": 0.020575000000000003,
        "p(95)": 0.04064699999999993
      },
      "type": "trend",
      "contains": "time"
    },
    "vus_max": {
      "type": "gauge",
      "contains": "default",
      "values": {
        "value": 100,
        "min": 100,
        "max": 100
      }
    },
    "page_latency": {
      "type": "trend",
      "contains": "default",
      "values": {
        "p(99)": 18.381798,
        "avg": 15.01861624039102,
        "min": 9.824064,
        "med": 14.98489,
        "max": 40.344395999999996,
        "p(50)": 14.98489,
        "p(95)": 17.310118000000003
      }
    },
    "iteration_duration": {
      "type": "trend",
      "contains": "time",
      "values": {
        "p(95)": 18.156398,
        "p(99)": 22.565356,
        "avg": 15.686555272383911,
        "min": 10.364194,
        "med": 15.554231,
        "max": 40.899135,
        "p(50)": 15.554231
      }
    },
    "data_sent": {
      "type": "counter",
      "contains": "data",
      "values": {
        "count": 904958,
        "rate": 10053.131903785941
      }
    },
    "data_received": {
      "values": {
        "count": 27945746,
        "rate": 310447.8557984993
      },
      "type": "counter",
      "contains": "data"
    },
    "http_req_receiving": {
      "type": "trend",
      "contains": "time",
      "values": {
        "p(99)": 0.17170832,
        "avg": 0.0934071450788714,
        "min": 0.04196,
        "med": 0.089075,
        "max": 0.64829,
        "p(50)": 0.089075,
        "p(95)": 0.13360704999999995
      }
    },
    "payload_bytes": {
      "type": "trend",
      "contains": "default",
      "values": {
        "p(95)": 6202,
        "p(99)": 6250,
        "avg": 2842.893023772495,
        "min": 110,
        "med": 907,
        "max": 6366,
        "p(50)": 907
      }
    },
    "round_trip_count": {
      "type": "trend",
      "contains": "default",
      "values": {
        "avg": 2,
        "min": 2,
        "med": 2,
        "max": 2,
        "p(50)": 2,
        "p(95)": 2,
        "p(99)": 2
      }
    },
    "http_req_failed": {
      "type": "rate",
      "contains": "default",
      "values": {
        "rate": 0,
        "passes": 0,
        "fails": 9002
      }
    },
    "iterations": {
      "contains": "default",
      "values": {
        "count": 4501,
        "rate": 50.00137763182437
      },
      "type": "counter"
    },
    "http_req_connecting": {
      "type": "trend",
      "contains": "time",
      "values": {
        "avg": 0.061040128638080414,
        "min": 0,
        "med": 0,
        "max": 11.907413,
        "p(50)": 0,
        "p(95)": 0,
        "p(99)": 4.039969919999971
      }
    },
    "checks": {
      "type": "rate",
      "contains": "default",
      "values": {
        "rate": 1,
        "passes": 9002,
        "fails": 0
      }
    },
    "http_req_duration": {
      "type": "trend",
      "contains": "time",
      "values": {
        "avg": 7.509308120195535,
        "min": 3.314828,
        "med": 7.5571,
        "max": 32.240891,
        "p(50)": 7.5571,
        "p(95)": 9.439131499999998,
        "p(99)": 10.20272179
      }
    },
    "http_req_blocked": {
      "type": "trend",
      "contains": "time",
      "values": {
        "max": 12.026233,
        "p(50)": 0.00618,
        "p(95)": 0.01012,
        "p(99)": 4.147257399999969,
        "avg": 0.06869212997111585,
        "min": 0.00304,
        "med": 0.00618
      }
    }
  }
}