{
  "options": {
    "summaryTrendStats": [
      "avg",
      "min",
      "med",
      "max",
      "p(50)",
      "p(95)",
      "p(99)"
    ],
    "summaryTimeUnit": "",
    "noColor": false
  },
  "state": {
    "testRunDurationMs": 90002.213266,
    "isStdOutTTY": false,
    "isStdErrTTY": false
  },
  "metrics": {
    "data_received": {
      "type": "counter",
      "contains": "data",
      "values": {
        "count": 9531612,
        "rate": 105904.19562049529
      }
    },
    "http_req_blocked": {
      "type": "trend",
      "contains": "time",
      "values": {
        "avg": 0.13544676171171233,
        "min": 0.00433,
        "med": 0.00787,
        "max": 14.993333,
        "p(50)": 0.00787,
        "p(95)": 0.0145,
        "p(99)": 5.6780797
      }
    },
    "http_req_failed": {
      "values": {
        "rate": 0,
        "passes": 0,
        "fails": 6660
      },
      "type": "rate",
      "contains": "default"
    },
    "http_req_duration{expected_response:true}": {
      "type": "trend",
      "contains": "time",
      "values": {
        "max": 85.302163,
        "p(50)": 13.3345675,
        "p(95)": 17.26992995,
        "p(99)": 52.15931950999996,
        "avg": 14.36439734039039,
        "min": 8.772734,
        "med": 13.3345675
      }
    },
    "http_req_sending": {
      "type": "trend",
      "contains": "time",
      "values": {
        "p(50)": 0.0281095,
        "p(95)": 0.05819049999999998,
        "p(99)": 0.11390539999999985,
        "avg": 0.032928973273273245,
        "min": 0.011979,
        "med": 0.0281095,
        "max": 0.317197
      }
    },
    "http_req_receiving": {
      "type": "trend",
      "contains": "time",
      "values": {
        "p(99)": 0.770029309999999,
        "avg": 0.12186631171171189,
        "min": 0.043369,
        "med": 0.093309,
        "max": 8.893496,
        "p(50)": 0.093309,
        "p(95)": 0.2121854999999996
      }
    },
    "checks": {
      "contains": "default",
      "values": {
        "rate": 1,
        "passes": 13320,
        "fails": 0
      },
      "type": "rate"
    },
    "http_req_duration": {
      "type": "trend",
      "contains": "time",
      "values": {
        "p(99)": 52.15931950999996,
        "avg": 14.36439734039039,
        "min": 8.772734,
        "med": 13.3345675,
        "max": 85.302163,
        "p(50)": 13.3345675,
        "p(95)": 17.26992995
      }
    },
    "round_trip_count": {
      "type": "trend",
      "contains": "default",
      "values": {
        "max": 1,
        "p(50)": 1,
        "p(95)": 1,
        "p(99)": 1,
        "avg": 1,
        "min": 1,
        "med": 1
      }
    },
    "iterations": {
      "type": "counter",
      "contains": "default",
      "values": {
        "count": 6660,
        "rate": 73.99818024826216
      }
    },
    "iteration_duration": {
      "type": "trend",
      "contains": "time",
      "values": {
        "avg": 15.31307344339341,
        "min": 9.233033,
        "med": 14.22692,
        "max": 85.855197,
        "p(50)": 14.22692,
        "p(95)": 19.71692529999998,
        "p(99)": 53.03754750999999
      }
    },
    "vus_max": {
      "values": {
        "value": 148,
        "min": 148,
        "max": 148
      },
      "type": "gauge",
      "contains": "default"
    },
    "http_reqs": {
      "type": "counter",
      "contains": "default",
      "values": {
        "count": 6660,
        "rate": 73.99818024826216
      }
    },
    "http_req_connecting": {
      "contains": "time",
      "values": {
        "max": 14.935203,
        "p(50)": 0,
        "p(95)": 0,
        "p(99)": 5.576105699999997,
        "avg": 0.1246292457957958,
        "min": 0,
        "med": 0
      },
      "type": "trend"
    },
    "http_req_waiting": {
      "values": {
        "min": 8.628728,
        "med": 13.187995,
        "max": 84.071832,
        "p(50)": 13.187995,
        "p(95)": 17.134336999999995,
        "p(99)": 51.65028754999995,
        "avg": 14.209602055405384
      },
      "type": "trend",
      "contains": "time"
    },
    "http_req_tls_handshaking": {
      "type": "trend",
      "contains": "time",
      "values": {
        "max": 0,
        "p(50)": 0,
        "p(95)": 0,
        "p(99)": 0,
        "avg": 0,
        "min": 0,
        "med": 0
      }
    },
    "req_latency": {
      "type": "trend",
      "contains": "default",
      "values": {
        "p(99)": 52.15931950999996,
        "avg": 14.36439734039039,
        "min": 8.772734,
        "med": 13.3345675,
        "max": 85.302163,
        "p(50)": 13.3345675,
        "p(95)": 17.26992995
      }
    },
    "vus": {
      "type": "gauge",
      "contains": "default",
      "values": {
        "value": 1,
        "min": 1,
        "max": 5
      }
    },
    "payload_bytes": {
      "type": "trend",
      "contains": "default",
      "values": {
        "med": 1372,
        "max": 10657,
        "p(50)": 1372,
        "p(95)": 1960,
        "p(99)": 2012,
        "avg": 1169.5453453453454,
        "min": 322
      }
    },
    "data_sent": {
      "type": "counter",
      "contains": "data",
      "values": {
        "rate": 19651.138964469654,
        "count": 1768646
      }
    }
  },
  "root_group": {
    "name": "",
    "path": "",
    "id": "d41d8cd98f00b204e9800998ecf8427e",
    "groups": [],
    "checks": [
        {
          "name": "status is 200",
          "path": "::status is 200",
          "id": "6210a8cd14cd70477eba5c5e4cb3fb5f",
          "passes": 6660,
          "fails": 0
        },
        {
          "path": "::no graphql errors",
          "id": "7c29382b2a87caa2e50f0d89170b649f",
          "passes": 6660,
          "fails": 0,
          "name": "no graphql errors"
        }
      ]
  }
}