{
  "state": {
    "testRunDurationMs": 90014.156509,
    "isStdOutTTY": false,
    "isStdErrTTY": false
  },
  "metrics": {
    "http_reqs": {
      "values": {
        "rate": 73.99947139796843,
        "count": 6661
      },
      "type": "counter",
      "contains": "default"
    },
    "http_req_blocked": {
      "type": "trend",
      "contains": "time",
      "values": {
        "med": 0.00766,
        "max": 15.878076,
        "p(50)": 0.00766,
        "p(95)": 0.01531,
        "p(99)": 5.404832399999996,
        "avg": 0.1288474226092172,
        "min": 0.0042
      }
    },
    "data_sent": {
      "type": "counter",
      "contains": "data",
      "values": {
        "count": 1771803,
        "rate": 19683.60387649522
      }
    },
    "http_req_duration": {
      "contains": "time",
      "values": {
        "avg": 15.187204669118815,
        "min": 9.534364,
        "med": 13.57657,
        "max": 96.408376,
        "p(50)": 13.57657,
        "p(95)": 18.307582,
        "p(99)": 61.797086799999974
      },
      "type": "trend"
    },
    "http_req_failed": {
      "type": "rate",
      "contains": "default",
      "values": {
        "rate": 0,
        "passes": 0,
        "fails": 6661
      }
    },
    "http_req_duration{expected_response:true}": {
      "contains": "time",
      "values": {
        "min": 9.534364,
        "med": 13.57657,
        "max": 96.408376,
        "p(50)": 13.57657,
        "p(95)": 18.307582,
        "p(99)": 61.797086799999974,
        "avg": 15.187204669118815
      },
      "type": "trend"
    },
    "vus": {
      "contains": "default",
      "values": {
        "value": 1,
        "min": 1,
        "max": 5
      },
      "type": "gauge"
    },
    "http_req_tls_handshaking": {
      "type": "trend",
      "contains": "time",
      "values": {
        "med": 0,
        "max": 0,
        "p(50)": 0,
        "p(95)": 0,
        "p(99)": 0,
        "avg": 0,
        "min": 0
      }
    },
    "iteration_duration": {
      "type": "trend",
      "contains": "time",
      "values": {
        "min": 10.050291,
        "med": 14.129186,
        "max": 96.820694,
        "p(50)": 14.129186,
        "p(95)": 21.055545,
        "p(99)": 62.281034199999965,
        "avg": 15.85116827248165
      }
    },
    "http_req_waiting": {
      "values": {
        "avg": 15.015778289896431,
        "min": 9.407194,
        "med": 13.434841,
        "max": 91.488447,
        "p(50)": 13.434841,
        "p(95)": 18.151022,
        "p(99)": 60.460944399999875
      },
      "type": "trend",
      "contains": "time"
    },
    "checks": {
      "contains": "default",
      "values": {
        "rate": 1,
        "passes": 13322,
        "fails": 0
      },
      "type": "rate"
    },
    "http_req_receiving": {
      "values": {
        "p(99)": 0.9291905999999999,
        "avg": 0.1395536559075216,
        "min": 0.034621,
        "med": 0.090729,
        "max": 9.881371,
        "p(50)": 0.090729,
        "p(95)": 0.250508
      },
      "type": "trend",
      "contains": "time"
    },
    "iterations": {
      "contains": "default",
      "values": {
        "count": 6661,
        "rate": 73.99947139796843
      },
      "type": "counter"
    },
    "http_req_sending": {
      "values": {
        "avg": 0.03187272331481764,
        "min": 0.011869,
        "med": 0.02709,
        "max": 0.299118,
        "p(50)": 0.02709,
        "p(95)": 0.06056,
        "p(99)": 0.10677559999999979
      },
      "type": "trend",
      "contains": "time"
    },
    "req_latency": {
      "type": "trend",
      "contains": "default",
      "values": {
        "avg": 15.187204669118815,
        "min": 9.534364,
        "med": 13.57657,
        "max": 96.408376,
        "p(50)": 13.57657,
        "p(95)": 18.307582,
        "p(99)": 61.797086799999974
      }
    },
    "vus_max": {
      "type": "gauge",
      "contains": "default",
      "values": {
        "value": 148,
        "min": 148,
        "max": 148
      }
    },
    "data_received": {
      "type": "counter",
      "contains": "data",
      "values": {
        "count": 4036282,
        "rate": 44840.52460788693
      }
    },
    "round_trip_count": {
      "type": "trend",
      "contains": "default",
      "values": {
        "p(99)": 1,
        "avg": 1,
        "min": 1,
        "med": 1,
        "max": 1,
        "p(50)": 1,
        "p(95)": 1
      }
    },
    "http_req_connecting": {
      "contains": "time",
      "values": {
        "p(50)": 0,
        "p(95)": 0,
        "p(99)": 5.298120599999987,
        "avg": 0.11762491022369011,
        "min": 0,
        "med": 0,
        "max": 15.788266
      },
      "type": "trend"
    },
    "payload_bytes": {
      "contains": "default",
      "values": {
        "med": 348,
        "max": 547,
        "p(50)": 348,
        "p(95)": 447,
        "p(99)": 450,
        "avg": 344.9573637591953,
        "min": 147
      },
      "type": "trend"
    }
  },
  "root_group": {
    "id": "d41d8cd98f00b204e9800998ecf8427e",
    "groups": [],
    "checks": [
        {
          "fails": 0,
          "name": "status is 200",
          "path": "::status is 200",
          "id": "6210a8cd14cd70477eba5c5e4cb3fb5f",
          "passes": 6661
        },
        {
          "name": "no graphql errors",
          "path": "::no graphql errors",
          "id": "7c29382b2a87caa2e50f0d89170b649f",
          "passes": 6661,
          "fails": 0
        }
      ],
    "name": "",
    "path": ""
  },
  "options": {
    "summaryTrendStats": [
      "avg",
      "min",
      "med",
      "max",
      "p(50)",
      "p(95)",
      "p(99)"
    ],
    "summaryTimeUnit": "",
    "noColor": false
  }
}