{
  "metrics": {
    "http_req_connecting": {
      "type": "trend",
      "contains": "time",
      "values": {
        "p(95)": 0,
        "p(99)": 5.410996,
        "avg": 0.11858802532770497,
        "min": 0,
        "med": 0,
        "max": 9.46481,
        "p(50)": 0
      }
    },
    "http_req_blocked": {
      "type": "trend",
      "contains": "time",
      "values": {
        "p(95)": 0.01935,
        "p(99)": 5.512384,
        "avg": 0.12778943590313055,
        "min": 0.00357,
        "med": 0.00617,
        "max": 9.542408,
        "p(50)": 0.00617
      }
    },
    "http_req_duration{expected_response:true}": {
      "type": "trend",
      "contains": "time",
      "values": {
        "med": 7.222077,
        "max": 12.166345,
        "p(50)": 7.222077,
        "p(95)": 9.059616,
        "p(99)": 9.830416,
        "avg": 7.231339947789384,
        "min": 3.334755
      }
    },
    "vus_max": {
      "type": "gauge",
      "contains": "default",
      "values": {
        "value": 100,
        "min": 100,
        "max": 100
      }
    },
    "http_req_duration": {
      "type": "trend",
      "contains": "time",
      "values": {
        "min": 3.334755,
        "med": 7.222077,
        "max": 12.166345,
        "p(50)": 7.222077,
        "p(95)": 9.059616,
        "p(99)": 9.830416,
        "avg": 7.231339947789384
      }
    },
    "http_req_sending": {
      "contains": "time",
      "values": {
        "p(99)": 0.094889,
        "avg": 0.025509429904465638,
        "min": 0.01028,
        "med": 0.02251,
        "max": 0.195327,
        "p(50)": 0.02251,
        "p(95)": 0.04573
      },
      "type": "trend"
    },
    "http_req_tls_handshaking": {
      "values": {
        "p(99)": 0,
        "avg": 0,
        "min": 0,
        "med": 0,
        "max": 0,
        "p(50)": 0,
        "p(95)": 0
      },
      "type": "trend",
      "contains": "time"
    },
    "http_req_receiving": {
      "type": "trend",
      "contains": "time",
      "values": {
        "p(99)": 0.192857,
        "avg": 0.08904004932237289,
        "min": 0.041159,
        "med": 0.083008,
        "max": 0.344186,
        "p(50)": 0.083008,
        "p(95)": 0.145538
      }
    },
    "http_req_failed": {
      "type": "rate",
      "contains": "default",
      "values": {
        "rate": 0,
        "passes": 0,
        "fails": 4501
      }
    },
    "iteration_duration": {
      "values": {
        "p(99)": 13.787111,
        "avg": 7.642174932903804,
        "min": 3.508743,
        "med": 7.518161,
        "max": 18.330858,
        "p(50)": 7.518161,
        "p(95)": 9.624476
      },
      "type": "trend",
      "contains": "time"
    },
    "checks": {
      "type": "rate",
      "contains": "default",
      "values": {
        "passes": 4501,
        "fails": 0,
        "rate": 1
      }
    },
    "req_latency": {
      "type": "trend",
      "contains": "default",
      "values": {
        "avg": 7.231339947789384,
        "min": 3.334755,
        "med": 7.222077,
        "max": 12.166345,
        "p(50)": 7.222077,
        "p(95)": 9.059616,
        "p(99)": 9.830416
      }
    },
    "round_trip_count": {
      "type": "trend",
      "contains": "default",
      "values": {
        "p(99)": 1,
        "avg": 1,
        "min": 1,
        "med": 1,
        "max": 1,
        "p(50)": 1,
        "p(95)": 1
      }
    },
    "payload_bytes": {
      "type": "trend",
      "contains": "default",
      "values": {
        "p(50)": 135,
        "p(95)": 212,
        "p(99)": 237,
        "avg": 142.06731837369475,
        "min": 59,
        "med": 135,
        "max": 290
      }
    },
    "http_req_waiting": {
      "type": "trend",
      "contains": "time",
      "values": {
        "p(50)": 7.102816,
        "p(95)": 8.943537,
        "p(99)": 9.666277,
        "avg": 7.116790468562523,
        "min": 3.206717,
        "med": 7.102816,
        "max": 11.963504
      }
    },
    "data_received": {
      "values": {
        "rate": 20144.93971044011,
        "count": 1813174
      },
      "type": "counter",
      "contains": "data"
    },
    "iterations": {
      "values": {
        "count": 4501,
        "rate": 50.007541271103015
      },
      "type": "counter",
      "contains": "default"
    },
    "vus": {
      "type": "gauge",
      "contains": "default",
      "values": {
        "value": 0,
        "min": 0,
        "max": 0
      }
    },
    "data_sent": {
      "values": {
        "count": 425675,
        "rate": 4729.384610214792
      },
      "type": "counter",
      "contains": "data"
    },
    "http_reqs": {
      "type": "counter",
      "contains": "default",
      "values": {
        "count": 4501,
        "rate": 50.007541271103015
      }
    }
  },
  "root_group": {
    "id": "d41d8cd98f00b204e9800998ecf8427e",
    "groups": [],
    "checks": [
        {
          "name": "status is 200",
          "path": "::status is 200",
          "id": "6210a8cd14cd70477eba5c5e4cb3fb5f",
          "passes": 4501,
          "fails": 0
        }
      ],
    "name": "",
    "path": ""
  },
  "options": {
    "summaryTrendStats": [
      "avg",
      "min",
      "med",
      "max",
      "p(50)",
      "p(95)",
      "p(99)"
    ],
    "summaryTimeUnit": "",
    "noColor": false
  },
  "state": {
    "isStdOutTTY": false,
    "isStdErrTTY": false,
    "testRunDurationMs": 90006.424743
  }
}