{
  "state": {
    "testRunDurationMs": 90081.660157,
    "isStdOutTTY": false,
    "isStdErrTTY": false
  },
  "metrics": {
    "vus": {
      "values": {
        "value": 1,
        "min": 1,
        "max": 1
      },
      "type": "gauge",
      "contains": "default"
    },
    "http_req_failed": {
      "type": "rate",
      "contains": "default",
      "values": {
        "rate": 0,
        "passes": 0,
        "fails": 15310
      }
    },
    "data_received": {
      "type": "counter",
      "contains": "data",
      "values": {
        "count": 11501049,
        "rate": 127673.5906060706
      }
    },
    "http_req_connecting": {
      "type": "trend",
      "contains": "time",
      "values": {
        "avg": 0.012727052057478773,
        "min": 0,
        "med": 0,
        "max": 7.513055,
        "p(50)": 0,
        "p(95)": 0,
        "p(99)": 0
      }
    },
    "data_sent": {
      "contains": "data",
      "values": {
        "rate": 17304.632233499833,
        "count": 1558830
      },
      "type": "counter"
    },
    "http_req_sending": {
      "contains": "time",
      "values": {
        "med": 0.01867,
        "max": 2.980996,
        "p(50)": 0.01867,
        "p(95)": 0.03864,
        "p(99)": 0.06466361,
        "avg": 0.020516984128020933,
        "min": 0.00788
      },
      "type": "trend"
    },
    "payload_bytes": {
      "type": "trend",
      "contains": "default",
      "values": {
        "min": 251,
        "med": 517,
        "max": 536,
        "p(50)": 517,
        "p(95)": 526,
        "p(99)": 529,
        "avg": 490.2115610711953
      }
    },
    "iterations": {
      "contains": "default",
      "values": {
        "count": 1531,
        "rate": 16.995690325108093
      },
      "type": "counter"
    },
    "http_req_blocked": {
      "type": "trend",
      "contains": "time",
      "values": {
        "p(99)": 0.03428,
        "avg": 0.01955808883082933,
        "min": 0.00285,
        "med": 0.00654,
        "max": 7.602035,
        "p(50)": 0.00654,
        "p(95)": 0.01003
      }
    },
    "http_req_duration{expected_response:true}": {
      "type": "trend",
      "contains": "time",
      "values": {
        "med": 7.4737054999999994,
        "max": 60.275768,
        "p(50)": 7.4737054999999994,
        "p(95)": 9.4287045,
        "p(99)": 10.436640399999998,
        "avg": 7.5773401636185325,
        "min": 3.868472
      }
    },
    "http_req_duration": {
      "contains": "time",
      "values": {
        "avg": 7.5773401636185325,
        "min": 3.868472,
        "med": 7.4737054999999994,
        "max": 60.275768,
        "p(50)": 7.4737054999999994,
        "p(95)": 9.4287045,
        "p(99)": 10.436640399999998
      },
      "type": "trend"
    },
    "checks": {
      "type": "rate",
      "contains": "default",
      "values": {
        "rate": 1,
        "passes": 15310,
        "fails": 0
      }
    },
    "vus_max": {
      "type": "gauge",
      "contains": "default",
      "values": {
        "value": 34,
        "min": 34,
        "max": 34
      }
    },
    "http_req_receiving": {
      "type": "trend",
      "contains": "time",
      "values": {
        "min": 0.038779,
        "med": 0.0854195,
        "max": 4.16003,
        "p(50)": 0.0854195,
        "p(95)": 0.21975999999999998,
        "p(99)": 0.38752000999999997,
        "avg": 0.10064075538863412
      }
    },
    "iteration_duration": {
      "type": "trend",
      "contains": "time",
      "values": {
        "p(95)": 85.592735,
        "p(99)": 89.1576007,
        "avg": 78.22461893272366,
        "min": 66.426909,
        "med": 77.422687,
        "max": 145.786651,
        "p(50)": 77.422687
      }
    },
    "req_latency": {
      "type": "trend",
      "contains": "default",
      "values": {
        "p(50)": 7.4737054999999994,
        "p(95)": 9.4287045,
        "p(99)": 10.436640399999998,
        "avg": 7.5773401636185325,
        "min": 3.868472,
        "med": 7.4737054999999994,
        "max": 60.275768
      }
    },
    "http_reqs": {
      "values": {
        "count": 15310,
        "rate": 169.95690325108092
      },
      "type": "counter",
      "contains": "default"
    },
    "http_req_tls_handshaking": {
      "values": {
        "p(99)": 0,
        "avg": 0,
        "min": 0,
        "med": 0,
        "max": 0,
        "p(50)": 0,
        "p(95)": 0
      },
      "type": "trend",
      "contains": "time"
    },
    "http_req_waiting": {
      "type": "trend",
      "contains": "time",
      "values": {
        "p(99)": 10.24371241,
        "avg": 7.45618242410189,
        "min": 3.752233,
        "med": 7.3553455,
        "max": 59.9556,
        "p(50)": 7.3553455,
        "p(95)": 9.26839695
      }
    },
    "page_latency": {
      "type": "trend",
      "contains": "default",
      "values": {
        "max": 143.73299,
        "p(50)": 75.059298,
        "p(95)": 83.053867,
        "p(99)": 86.65079440000004,
        "avg": 75.77340163618545,
        "min": 64.225533,
        "med": 75.059298
      }
    },
    "round_trip_count": {
      "type": "trend",
      "contains": "default",
      "values": {
        "avg": 10,
        "min": 10,
        "med": 10,
        "max": 10,
        "p(50)": 10,
        "p(95)": 10,
        "p(99)": 10
      }
    }
  },
  "root_group": {
    "groups": [],
    "checks": [
        {
          "name": "status is 200",
          "path": "::status is 200",
          "id": "6210a8cd14cd70477eba5c5e4cb3fb5f",
          "passes": 15310,
          "fails": 0
        }
      ],
    "name": "",
    "path": "",
    "id": "d41d8cd98f00b204e9800998ecf8427e"
  },
  "options": {
    "summaryTrendStats": [
      "avg",
      "min",
      "med",
      "max",
      "p(50)",
      "p(95)",
      "p(99)"
    ],
    "summaryTimeUnit": "",
    "noColor": false
  }
}