{
  "state": {
    "isStdOutTTY": false,
    "isStdErrTTY": false,
    "testRunDurationMs": 90000.791535
  },
  "metrics": {
    "http_req_receiving": {
      "type": "trend",
      "contains": "time",
      "values": {
        "p(50)": 0.0875795,
        "p(95)": 0.13301095,
        "p(99)": 0.1682364000000004,
        "avg": 0.09198703266666665,
        "min": 0.04107,
        "med": 0.0875795,
        "max": 0.326318
      }
    },
    "data_received": {
      "type": "counter",
      "contains": "data",
      "values": {
        "count": 2117368,
        "rate": 23526.104202945662
      }
    },
    "req_latency": {
      "values": {
        "avg": 7.868003741999993,
        "min": 4.201683,
        "med": 7.8499134999999995,
        "max": 12.026841,
        "p(50)": 7.8499134999999995,
        "p(95)": 9.74511055,
        "p(99)": 10.556133910000009
      },
      "type": "trend",
      "contains": "default"
    },
    "iteration_duration": {
      "type": "trend",
      "contains": "time",
      "values": {
        "p(50)": 8.191642,
        "p(95)": 10.351372,
        "p(99)": 14.168741090000008,
        "avg": 8.304977858666641,
        "min": 4.427212,
        "med": 8.191642,
        "max": 19.466311
      }
    },
    "http_req_duration": {
      "type": "trend",
      "contains": "time",
      "values": {
        "p(99)": 10.556133910000009,
        "avg": 7.868003741999993,
        "min": 4.201683,
        "med": 7.8499134999999995,
        "max": 12.026841,
        "p(50)": 7.8499134999999995,
        "p(95)": 9.74511055
      }
    },
    "http_req_duration{expected_response:true}": {
      "type": "trend",
      "contains": "time",
      "values": {
        "avg": 7.868003741999993,
        "min": 4.201683,
        "med": 7.8499134999999995,
        "max": 12.026841,
        "p(50)": 7.8499134999999995,
        "p(95)": 9.74511055,
        "p(99)": 10.556133910000009
      }
    },
    "http_req_sending": {
      "values": {
        "p(95)": 0.05719350000000001,
        "p(99)": 0.11997090000000002,
        "avg": 0.028239634666666697,
        "min": 0.01036,
        "med": 0.0235195,
        "max": 0.499399,
        "p(50)": 0.0235195
      },
      "type": "trend",
      "contains": "time"
    },
    "iterations": {
      "type": "counter",
      "contains": "default",
      "values": {
        "count": 4500,
        "rate": 49.99956026220075
      }
    },
    "vus": {
      "type": "gauge",
      "contains": "default",
      "values": {
        "value": 1,
        "min": 0,
        "max": 1
      }
    },
    "http_req_waiting": {
      "type": "trend",
      "contains": "time",
      "values": {
        "p(99)": 10.46201861,
        "avg": 7.747777074666665,
        "min": 4.120744,
        "med": 7.7282139999999995,
        "max": 11.924892,
        "p(50)": 7.7282139999999995,
        "p(95)": 9.61597195
      }
    },
    "payload_bytes": {
      "type": "trend",
      "contains": "default",
      "values": {
        "avg": 209.52622222222223,
        "min": 111,
        "med": 211,
        "max": 292,
        "p(50)": 211,
        "p(95)": 238,
        "p(99)": 263
      }
    },
    "vus_max": {
      "contains": "default",
      "values": {
        "value": 100,
        "min": 100,
        "max": 100
      },
      "type": "gauge"
    },
    "http_reqs": {
      "type": "counter",
      "contains": "default",
      "values": {
        "count": 4500,
        "rate": 49.99956026220075
      }
    },
    "http_req_connecting": {
      "type": "trend",
      "contains": "time",
      "values": {
        "p(50)": 0,
        "p(95)": 0,
        "p(99)": 5.544261510000001,
        "avg": 0.12113594644444442,
        "min": 0,
        "med": 0,
        "max": 11.342605
      }
    },
    "checks": {
      "type": "rate",
      "contains": "default",
      "values": {
        "rate": 1,
        "passes": 4500,
        "fails": 0
      }
    },
    "round_trip_count": {
      "type": "trend",
      "contains": "default",
      "values": {
        "avg": 1,
        "min": 1,
        "med": 1,
        "max": 1,
        "p(50)": 1,
        "p(95)": 1,
        "p(99)": 1
      }
    },
    "http_req_blocked": {
      "type": "trend",
      "contains": "time",
      "values": {
        "p(50)": 0.00664,
        "p(95)": 0.020780000000000073,
        "p(99)": 5.6465037900000015,
        "avg": 0.13152730644444413,
        "min": 0.004,
        "med": 0.00664,
        "max": 11.433954
      }
    },
    "data_sent": {
      "type": "counter",
      "contains": "data",
      "values": {
        "count": 424730,
        "rate": 4719.180717814339
      }
    },
    "http_req_failed": {
      "type": "rate",
      "contains": "default",
      "values": {
        "rate": 0,
        "passes": 0,
        "fails": 4500
      }
    },
    "http_req_tls_handshaking": {
      "contains": "time",
      "values": {
        "med": 0,
        "max": 0,
        "p(50)": 0,
        "p(95)": 0,
        "p(99)": 0,
        "avg": 0,
        "min": 0
      },
      "type": "trend"
    }
  },
  "root_group": {
    "id": "d41d8cd98f00b204e9800998ecf8427e",
    "groups": [],
    "checks": [
        {
          "id": "6210a8cd14cd70477eba5c5e4cb3fb5f",
          "passes": 4500,
          "fails": 0,
          "name": "status is 200",
          "path": "::status is 200"
        }
      ],
    "name": "",
    "path": ""
  },
  "options": {
    "summaryTrendStats": [
      "avg",
      "min",
      "med",
      "max",
      "p(50)",
      "p(95)",
      "p(99)"
    ],
    "summaryTimeUnit": "",
    "noColor": false
  }
}