{
  "state": {
    "isStdOutTTY": false,
    "isStdErrTTY": false,
    "testRunDurationMs": 90001.909234
  },
  "metrics": {
    "vus": {
      "type": "gauge",
      "contains": "default",
      "values": {
        "value": 1,
        "min": 0,
        "max": 3
      }
    },
    "vus_max": {
      "values": {
        "value": 148,
        "min": 148,
        "max": 148
      },
      "type": "gauge",
      "contains": "default"
    },
    "http_req_tls_handshaking": {
      "type": "trend",
      "contains": "time",
      "values": {
        "p(95)": 0,
        "p(99)": 0,
        "avg": 0,
        "min": 0,
        "med": 0,
        "max": 0,
        "p(50)": 0
      }
    },
    "http_req_waiting": {
      "values": {
        "max": 58.74451,
        "p(50)": 10.702100999999999,
        "p(95)": 14.056077999999996,
        "p(99)": 40.760301769999955,
        "avg": 11.404568273573583,
        "min": 6.959838,
        "med": 10.702100999999999
      },
      "type": "trend",
      "contains": "time"
    },
    "data_received": {
      "contains": "data",
      "values": {
        "count": 2300311,
        "rate": 25558.468921134976
      },
      "type": "counter"
    },
    "http_req_connecting": {
      "type": "trend",
      "contains": "time",
      "values": {
        "min": 0,
        "med": 0,
        "max": 13.623947,
        "p(50)": 0,
        "p(95)": 0,
        "p(99)": 5.645419399999992,
        "avg": 0.1219416624624625
      }
    },
    "http_req_duration": {
      "values": {
        "avg": 11.539236770270247,
        "min": 7.067558,
        "med": 10.822434999999999,
        "max": 59.667606,
        "p(50)": 10.822434999999999,
        "p(95)": 14.178306449999997,
        "p(99)": 41.50804267999996
      },
      "type": "trend",
      "contains": "time"
    },
    "http_req_sending": {
      "values": {
        "avg": 0.03160325075075076,
        "min": 0.01236,
        "med": 0.0267745,
        "max": 2.33743,
        "p(50)": 0.0267745,
        "p(95)": 0.052820999999999986,
        "p(99)": 0.11064691999999995
      },
      "type": "trend",
      "contains": "time"
    },
    "iteration_duration": {
      "type": "trend",
      "contains": "time",
      "values": {
        "avg": 12.115279124174155,
        "min": 7.547475,
        "med": 11.290192,
        "max": 59.960084,
        "p(50)": 11.290192,
        "p(95)": 15.470126049999994,
        "p(99)": 41.880727879999945
      }
    },
    "req_latency": {
      "contains": "default",
      "values": {
        "p(50)": 10.822434999999999,
        "p(95)": 14.178306449999997,
        "p(99)": 41.50804267999996,
        "avg": 11.539236770270247,
        "min": 7.067558,
        "med": 10.822434999999999,
        "max": 59.667606
      },
      "type": "trend"
    },
    "http_reqs": {
      "type": "counter",
      "contains": "default",
      "values": {
        "count": 6660,
        "rate": 73.99843021867866
      }
    },
    "http_req_blocked": {
      "contains": "time",
      "values": {
        "min": 0.00435,
        "med": 0.0069,
        "max": 13.697787,
        "p(50)": 0.0069,
        "p(95)": 0.01276,
        "p(99)": 5.740481289999993,
        "avg": 0.13181625765765626
      },
      "type": "trend"
    },
    "round_trip_count": {
      "type": "trend",
      "contains": "default",
      "values": {
        "avg": 1,
        "min": 1,
        "med": 1,
        "max": 1,
        "p(50)": 1,
        "p(95)": 1,
        "p(99)": 1
      }
    },
    "data_sent": {
      "type": "counter",
      "contains": "data",
      "values": {
        "count": 1771522,
        "rate": 19683.160224903015
      }
    },
    "http_req_duration{expected_response:true}": {
      "contains": "time",
      "values": {
        "min": 7.067558,
        "med": 10.822434999999999,
        "max": 59.667606,
        "p(50)": 10.822434999999999,
        "p(95)": 14.178306449999997,
        "p(99)": 41.50804267999996,
        "avg": 11.539236770270247
      },
      "type": "trend"
    },
    "http_req_failed": {
      "type": "rate",
      "contains": "default",
      "values": {
        "passes": 0,
        "fails": 6660,
        "rate": 0
      }
    },
    "checks": {
      "type": "rate",
      "contains": "default",
      "values": {
        "rate": 1,
        "passes": 13320,
        "fails": 0
      }
    },
    "payload_bytes": {
      "type": "trend",
      "contains": "default",
      "values": {
        "max": 307,
        "p(50)": 72,
        "p(95)": 122,
        "p(99)": 122,
        "avg": 85.34114114114114,
        "min": 72,
        "med": 72
      }
    },
    "iterations": {
      "contains": "default",
      "values": {
        "count": 6660,
        "rate": 73.99843021867866
      },
      "type": "counter"
    },
    "http_req_receiving": {
      "type": "trend",
      "contains": "time",
      "values": {
        "p(95)": 0.13993004999999997,
        "p(99)": 0.6597989099999992,
        "avg": 0.10306524594594545,
        "min": 0.037069,
        "med": 0.088679,
        "max": 0.932905,
        "p(50)": 0.088679
      }
    }
  },
  "root_group": {
    "name": "",
    "path": "",
    "id": "d41d8cd98f00b204e9800998ecf8427e",
    "groups": [],
    "checks": [
        {
          "passes": 6660,
          "fails": 0,
          "name": "status is 200",
          "path": "::status is 200",
          "id": "6210a8cd14cd70477eba5c5e4cb3fb5f"
        },
        {
          "name": "no graphql errors",
          "path": "::no graphql errors",
          "id": "7c29382b2a87caa2e50f0d89170b649f",
          "passes": 6660,
          "fails": 0
        }
      ]
  },
  "options": {
    "summaryTrendStats": [
      "avg",
      "min",
      "med",
      "max",
      "p(50)",
      "p(95)",
      "p(99)"
    ],
    "summaryTimeUnit": "",
    "noColor": false
  }
}