{
  "root_group": {
    "name": "",
    "path": "",
    "id": "d41d8cd98f00b204e9800998ecf8427e",
    "groups": [],
    "checks": [
        {
          "name": "status is 200",
          "path": "::status is 200",
          "id": "6210a8cd14cd70477eba5c5e4cb3fb5f",
          "passes": 7655,
          "fails": 0
        }
      ]
  },
  "options": {
    "summaryTrendStats": [
      "avg",
      "min",
      "med",
      "max",
      "p(50)",
      "p(95)",
      "p(99)"
    ],
    "summaryTimeUnit": "",
    "noColor": false
  },
  "state": {
    "isStdOutTTY": false,
    "isStdErrTTY": false,
    "testRunDurationMs": 90037.915216
  },
  "metrics": {
    "iteration_duration": {
      "values": {
        "avg": 38.194674493141754,
        "min": 31.640218,
        "med": 38.104741,
        "max": 66.779492,
        "p(50)": 38.104741,
        "p(95)": 41.978409,
        "p(99)": 45.357216
      },
      "type": "trend",
      "contains": "time"
    },
    "checks": {
      "type": "rate",
      "contains": "default",
      "values": {
        "fails": 0,
        "rate": 1,
        "passes": 7655
      }
    },
    "payload_bytes": {
      "type": "trend",
      "contains": "default",
      "values": {
        "avg": 489.70241672109734,
        "min": 251,
        "med": 517,
        "max": 536,
        "p(50)": 517,
        "p(95)": 526,
        "p(99)": 529
      }
    },
    "http_req_duration{expected_response:true}": {
      "type": "trend",
      "contains": "time",
      "values": {
        "avg": 7.342323925277605,
        "min": 4.005751,
        "med": 7.323744,
        "max": 29.225724,
        "p(50)": 7.323744,
        "p(95)": 8.855174,
        "p(99)": 9.56517134
      }
    },
    "http_req_duration": {
      "type": "trend",
      "contains": "time",
      "values": {
        "avg": 7.342323925277605,
        "min": 4.005751,
        "med": 7.323744,
        "max": 29.225724,
        "p(50)": 7.323744,
        "p(95)": 8.855174,
        "p(99)": 9.56517134
      }
    },
    "http_req_failed": {
      "type": "rate",
      "contains": "default",
      "values": {
        "rate": 0,
        "passes": 0,
        "fails": 7655
      }
    },
    "http_req_blocked": {
      "type": "trend",
      "contains": "time",
      "values": {
        "min": 0.00302,
        "med": 0.00663,
        "max": 7.598823,
        "p(50)": 0.00663,
        "p(95)": 0.0107,
        "p(99)": 0.040341400000000006,
        "avg": 0.03172184546048332
      }
    },
    "http_req_receiving": {
      "type": "trend",
      "contains": "time",
      "values": {
        "p(99)": 0.15157005999999998,
        "avg": 0.08696083683866751,
        "min": 0.03781,
        "med": 0.08358,
        "max": 0.522878,
        "p(50)": 0.08358,
        "p(95)": 0.12219869999999997
      }
    },
    "data_sent": {
      "type": "counter",
      "contains": "data",
      "values": {
        "count": 779583,
        "rate": 8658.38572705497
      }
    },
    "vus_max": {
      "type": "gauge",
      "contains": "default",
      "values": {
        "value": 34,
        "min": 34,
        "max": 34
      }
    },
    "data_received": {
      "values": {
        "count": 5746627,
        "rate": 63824.52310467099
      },
      "type": "counter",
      "contains": "data"
    },
    "http_req_waiting": {
      "type": "trend",
      "contains": "time",
      "values": {
        "p(95)": 8.753868299999997,
        "p(99)": 9.4652536,
        "avg": 7.233204146832107,
        "min": 3.911831,
        "med": 7.213784,
        "max": 29.116045,
        "p(50)": 7.213784
      }
    },
    "req_latency": {
      "type": "trend",
      "contains": "default",
      "values": {
        "med": 7.323744,
        "max": 29.225724,
        "p(50)": 7.323744,
        "p(95)": 8.855174,
        "p(99)": 9.56517134,
        "avg": 7.342323925277605,
        "min": 4.005751
      }
    },
    "iterations": {
      "contains": "default",
      "values": {
        "rate": 17.003947685007446,
        "count": 1531
      },
      "type": "counter"
    },
    "http_req_connecting": {
      "type": "trend",
      "contains": "time",
      "values": {
        "med": 0,
        "max": 7.516813,
        "p(50)": 0,
        "p(95)": 0,
        "p(99)": 0,
        "avg": 0.02419037557152189,
        "min": 0
      }
    },
    "round_trip_count": {
      "type": "trend",
      "contains": "default",
      "values": {
        "p(50)": 5,
        "p(95)": 5,
        "p(99)": 5,
        "avg": 5,
        "min": 5,
        "med": 5,
        "max": 5
      }
    },
    "http_req_sending": {
      "type": "trend",
      "contains": "time",
      "values": {
        "p(99)": 0.07400246,
        "avg": 0.02215894160679301,
        "min": 0.00832,
        "med": 0.01955,
        "max": 0.217949,
        "p(50)": 0.01955,
        "p(95)": 0.04339599999999998
      }
    },
    "page_latency": {
      "type": "trend",
      "contains": "default",
      "values": {
        "p(95)": 40.1318875,
        "p(99)": 41.7933717,
        "avg": 36.71161962638801,
        "min": 30.171743999999997,
        "med": 36.712032,
        "max": 58.631948,
        "p(50)": 36.712032
      }
    },
    "vus": {
      "type": "gauge",
      "contains": "default",
      "values": {
        "value": 1,
        "min": 1,
        "max": 1
      }
    },
    "http_req_tls_handshaking": {
      "contains": "time",
      "values": {
        "med": 0,
        "max": 0,
        "p(50)": 0,
        "p(95)": 0,
        "p(99)": 0,
        "avg": 0,
        "min": 0
      },
      "type": "trend"
    },
    "http_reqs": {
      "contains": "default",
      "values": {
        "count": 7655,
        "rate": 85.01973842503723
      },
      "type": "counter"
    }
  }
}