{
  "state": {
    "isStdErrTTY": false,
    "testRunDurationMs": 90001.132448,
    "isStdOutTTY": false
  },
  "metrics": {
    "data_sent": {
      "type": "counter",
      "contains": "data",
      "values": {
        "count": 511481,
        "rate": 5683.050713784281
      }
    },
    "vus_max": {
      "type": "gauge",
      "contains": "default",
      "values": {
        "value": 34,
        "min": 34,
        "max": 34
      }
    },
    "http_req_failed": {
      "type": "rate",
      "contains": "default",
      "values": {
        "rate": 0,
        "passes": 0,
        "fails": 1530
      }
    },
    "http_req_receiving": {
      "type": "trend",
      "contains": "time",
      "values": {
        "max": 0.313909,
        "p(50)": 0.10156950000000001,
        "p(95)": 0.17292499999999994,
        "p(99)": 0.21418560000000003,
        "avg": 0.10878365686274517,
        "min": 0.04825,
        "med": 0.10156950000000001
      }
    },
    "page_latency": {
      "values": {
        "p(50)": 19.855506,
        "p(95)": 23.3235558,
        "p(99)": 25.628330150000004,
        "avg": 20.31179815620918,
        "min": 15.273309,
        "med": 19.855506,
        "max": 61.001645
      },
      "type": "trend",
      "contains": "default"
    },
    "http_reqs": {
      "type": "counter",
      "contains": "default",
      "values": {
        "count": 1530,
        "rate": 16.999786095847057
      }
    },
    "http_req_sending": {
      "type": "trend",
      "contains": "time",
      "values": {
        "min": 0.012499,
        "med": 0.0283695,
        "max": 0.292119,
        "p(50)": 0.0283695,
        "p(95)": 0.0542665,
        "p(99)": 0.10991489000000002,
        "avg": 0.03319946666666666
      }
    },
    "checks": {
      "type": "rate",
      "contains": "default",
      "values": {
        "passes": 3060,
        "fails": 0,
        "rate": 1
      }
    },
    "http_req_blocked": {
      "contains": "time",
      "values": {
        "avg": 0.1273017379084969,
        "min": 0.0043,
        "med": 0.00699,
        "max": 7.216777,
        "p(50)": 0.00699,
        "p(95)": 0.012984999999999995,
        "p(99)": 5.418513100000001
      },
      "type": "trend"
    },
    "data_received": {
      "type": "counter",
      "contains": "data",
      "values": {
        "count": 7952884,
        "rate": 88364.26591181995
      }
    },
    "http_req_connecting": {
      "type": "trend",
      "contains": "time",
      "values": {
        "p(50)": 0,
        "p(95)": 0,
        "p(99)": 5.2911353100000005,
        "avg": 0.11693335816993464,
        "min": 0,
        "med": 0,
        "max": 7.092228
      }
    },
    "req_latency": {
      "type": "trend",
      "contains": "default",
      "values": {
        "p(50)": 19.855506,
        "p(95)": 23.3235558,
        "p(99)": 25.628330150000004,
        "avg": 20.31179815620918,
        "min": 15.273309,
        "med": 19.855506,
        "max": 61.001645
      }
    },
    "payload_bytes": {
      "type": "trend",
      "contains": "default",
      "values": {
        "p(50)": 4979,
        "p(95)": 5245,
        "p(99)": 5275,
        "avg": 4935.96339869281,
        "min": 4050,
        "med": 4979,
        "max": 5288
      }
    },
    "iterations": {
      "type": "counter",
      "contains": "default",
      "values": {
        "count": 1530,
        "rate": 16.999786095847057
      }
    },
    "vus": {
      "values": {
        "value": 0,
        "min": 0,
        "max": 0
      },
      "type": "gauge",
      "contains": "default"
    },
    "iteration_duration": {
      "type": "trend",
      "contains": "time",
      "values": {
        "avg": 22.44643929673207,
        "min": 17.491236,
        "med": 21.8827315,
        "max": 63.503568,
        "p(50)": 21.8827315,
        "p(95)": 26.07918775,
        "p(99)": 30.083220320000006
      }
    },
    "http_req_duration{expected_response:true}": {
      "type": "trend",
      "contains": "time",
      "values": {
        "p(95)": 23.3235558,
        "p(99)": 25.628330150000004,
        "avg": 20.31179815620918,
        "min": 15.273309,
        "med": 19.855506,
        "max": 61.001645,
        "p(50)": 19.855506
      }
    },
    "http_req_waiting": {
      "type": "trend",
      "contains": "time",
      "values": {
        "med": 19.701271,
        "max": 60.867725,
        "p(50)": 19.701271,
        "p(95)": 23.1914736,
        "p(99)": 25.46831485,
        "avg": 20.16981503267973,
        "min": 15.1317
      }
    },
    "http_req_duration": {
      "type": "trend",
      "contains": "time",
      "values": {
        "min": 15.273309,
        "med": 19.855506,
        "max": 61.001645,
        "p(50)": 19.855506,
        "p(95)": 23.3235558,
        "p(99)": 25.628330150000004,
        "avg": 20.31179815620918
      }
    },
    "http_req_tls_handshaking": {
      "type": "trend",
      "contains": "time",
      "values": {
        "min": 0,
        "med": 0,
        "max": 0,
        "p(50)": 0,
        "p(95)": 0,
        "p(99)": 0,
        "avg": 0
      }
    },
    "round_trip_count": {
      "type": "trend",
      "contains": "default",
      "values": {
        "min": 1,
        "med": 1,
        "max": 1,
        "p(50)": 1,
        "p(95)": 1,
        "p(99)": 1,
        "avg": 1
      }
    }
  },
  "root_group": {
    "name": "",
    "path": "",
    "id": "d41d8cd98f00b204e9800998ecf8427e",
    "groups": [],
    "checks": [
        {
          "fails": 0,
          "name": "status is 200",
          "path": "::status is 200",
          "id": "6210a8cd14cd70477eba5c5e4cb3fb5f",
          "passes": 1530
        },
        {
          "path": "::no graphql errors",
          "id": "7c29382b2a87caa2e50f0d89170b649f",
          "passes": 1530,
          "fails": 0,
          "name": "no graphql errors"
        }
      ]
  },
  "options": {
    "summaryTrendStats": [
      "avg",
      "min",
      "med",
      "max",
      "p(50)",
      "p(95)",
      "p(99)"
    ],
    "summaryTimeUnit": "",
    "noColor": false
  }
}