{
  "metrics": {
    "iteration_duration": {
      "values": {
        "avg": 22.537278759477122,
        "min": 16.907619,
        "med": 21.8137215,
        "max": 68.53688,
        "p(50)": 21.8137215,
        "p(95)": 26.25507559999999,
        "p(99)": 42.33631167999993
      },
      "type": "trend",
      "contains": "time"
    },
    "vus_max": {
      "type": "gauge",
      "contains": "default",
      "values": {
        "value": 68,
        "min": 68,
        "max": 68
      }
    },
    "http_req_duration": {
      "type": "trend",
      "contains": "time",
      "values": {
        "avg": 20.380503796405268,
        "min": 15.169195,
        "med": 19.7821745,
        "max": 66.800497,
        "p(50)": 19.7821745,
        "p(95)": 23.2052188,
        "p(99)": 40.31771206999998
      }
    },
    "checks": {
      "type": "rate",
      "contains": "default",
      "values": {
        "rate": 1,
        "passes": 6120,
        "fails": 0
      }
    },
    "data_received": {
      "type": "counter",
      "contains": "data",
      "values": {
        "count": 15878322,
        "rate": 176422.63519943296
      }
    },
    "http_reqs": {
      "type": "counter",
      "contains": "default",
      "values": {
        "count": 3060,
        "rate": 33.99939009362984
      }
    },
    "http_req_receiving": {
      "type": "trend",
      "contains": "time",
      "values": {
        "p(99)": 0.2780175999999999,
        "avg": 0.11109775098039217,
        "min": 0.049579,
        "med": 0.101314,
        "max": 2.211381,
        "p(50)": 0.101314,
        "p(95)": 0.1647260499999998
      }
    },
    "http_req_duration{expected_response:true}": {
      "type": "trend",
      "contains": "time",
      "values": {
        "max": 66.800497,
        "p(50)": 19.7821745,
        "p(95)": 23.2052188,
        "p(99)": 40.31771206999998,
        "avg": 20.380503796405268,
        "min": 15.169195,
        "med": 19.7821745
      }
    },
    "http_req_tls_handshaking": {
      "contains": "time",
      "values": {
        "avg": 0,
        "min": 0,
        "med": 0,
        "max": 0,
        "p(50)": 0,
        "p(95)": 0,
        "p(99)": 0
      },
      "type": "trend"
    },
    "payload_bytes": {
      "type": "trend",
      "contains": "default",
      "values": {
        "p(95)": 5242,
        "p(99)": 5275,
        "avg": 4926.994117647058,
        "min": 4050,
        "med": 4975,
        "max": 5288,
        "p(50)": 4975
      }
    },
    "data_sent": {
      "values": {
        "count": 1022982,
        "rate": 11366.262770183544
      },
      "type": "counter",
      "contains": "data"
    },
    "http_req_failed": {
      "values": {
        "rate": 0,
        "passes": 0,
        "fails": 3060
      },
      "type": "rate",
      "contains": "default"
    },
    "req_latency": {
      "contains": "default",
      "values": {
        "med": 19.7821745,
        "max": 66.800497,
        "p(50)": 19.7821745,
        "p(95)": 23.2052188,
        "p(99)": 40.31771206999998,
        "avg": 20.380503796405268,
        "min": 15.169195
      },
      "type": "trend"
    },
    "vus": {
      "type": "gauge",
      "contains": "default",
      "values": {
        "max": 1,
        "value": 1,
        "min": 1
      }
    },
    "http_req_sending": {
      "type": "trend",
      "contains": "time",
      "values": {
        "p(99)": 0.13023499,
        "avg": 0.035878651633986916,
        "min": 0.01426,
        "med": 0.0282,
        "max": 2.565498,
        "p(50)": 0.0282,
        "p(95)": 0.058691949999999986
      }
    },
    "http_req_waiting": {
      "type": "trend",
      "contains": "time",
      "values": {
        "p(99)": 40.06064637999997,
        "avg": 20.233527393790848,
        "min": 15.034896,
        "med": 19.635186,
        "max": 66.188981,
        "p(50)": 19.635186,
        "p(95)": 23.03828205
      }
    },
    "page_latency": {
      "type": "trend",
      "contains": "default",
      "values": {
        "p(50)": 19.7821745,
        "p(95)": 23.2052188,
        "p(99)": 40.31771206999998,
        "avg": 20.380503796405268,
        "min": 15.169195,
        "med": 19.7821745,
        "max": 66.800497
      }
    },
    "iterations": {
      "type": "counter",
      "contains": "default",
      "values": {
        "count": 3060,
        "rate": 33.99939009362984
      }
    },
    "http_req_connecting": {
      "type": "trend",
      "contains": "time",
      "values": {
        "p(50)": 0,
        "p(95)": 0,
        "p(99)": 5.137727119999999,
        "avg": 0.11467046078431375,
        "min": 0,
        "med": 0,
        "max": 9.644133
      }
    },
    "round_trip_count": {
      "type": "trend",
      "contains": "default",
      "values": {
        "p(95)": 1,
        "p(99)": 1,
        "avg": 1,
        "min": 1,
        "med": 1,
        "max": 1,
        "p(50)": 1
      }
    },
    "http_req_blocked": {
      "type": "trend",
      "contains": "time",
      "values": {
        "p(95)": 0.013409549999999998,
        "p(99)": 5.277716199999996,
        "avg": 0.12564818333333283,
        "min": 0.00461,
        "med": 0.0071,
        "max": 9.731463,
        "p(50)": 0.0071
      }
    }
  },
  "root_group": {
    "name": "",
    "path": "",
    "id": "d41d8cd98f00b204e9800998ecf8427e",
    "groups": [],
    "checks": [
        {
          "passes": 3060,
          "fails": 0,
          "name": "status is 200",
          "path": "::status is 200",
          "id": "6210a8cd14cd70477eba5c5e4cb3fb5f"
        },
        {
          "path": "::no graphql errors",
          "id": "7c29382b2a87caa2e50f0d89170b649f",
          "passes": 3060,
          "fails": 0,
          "name": "no graphql errors"
        }
      ]
  },
  "options": {
    "summaryTrendStats": [
      "avg",
      "min",
      "med",
      "max",
      "p(50)",
      "p(95)",
      "p(99)"
    ],
    "summaryTimeUnit": "",
    "noColor": false
  },
  "state": {
    "isStdOutTTY": false,
    "isStdErrTTY": false,
    "testRunDurationMs": 90001.614487
  }
}