{
  "metrics": {
    "http_req_blocked": {
      "contains": "time",
      "values": {
        "avg": 0.13089258996001768,
        "min": 0.00417,
        "med": 0.00762,
        "max": 8.083368,
        "p(50)": 0.00762,
        "p(95)": 0.0199,
        "p(99)": 5.4921240000000004
      },
      "type": "trend"
    },
    "http_req_connecting": {
      "type": "trend",
      "contains": "time",
      "values": {
        "p(50)": 0,
        "p(95)": 0,
        "p(99)": 5.3975235,
        "avg": 0.11978261661483786,
        "min": 0,
        "med": 0,
        "max": 7.986968
      }
    },
    "payload_bytes": {
      "type": "trend",
      "contains": "default",
      "values": {
        "avg": 210.6294980008885,
        "min": 111,
        "med": 211,
        "max": 292,
        "p(50)": 211,
        "p(95)": 238,
        "p(99)": 263
      }
    },
    "http_req_tls_handshaking": {
      "type": "trend",
      "contains": "time",
      "values": {
        "max": 0,
        "p(50)": 0,
        "p(95)": 0,
        "p(99)": 0,
        "avg": 0,
        "min": 0,
        "med": 0
      }
    },
    "data_sent": {
      "type": "counter",
      "contains": "data",
      "values": {
        "count": 212524,
        "rate": 2361.1423941020594
      }
    },
    "req_latency": {
      "type": "trend",
      "contains": "default",
      "values": {
        "avg": 8.483370748556208,
        "min": 4.600724,
        "med": 8.41811,
        "max": 30.964793,
        "p(50)": 8.41811,
        "p(95)": 10.3342095,
        "p(99)": 11.4276705
      }
    },
    "vus_max": {
      "type": "gauge",
      "contains": "default",
      "values": {
        "value": 50,
        "min": 50,
        "max": 50
      }
    },
    "http_req_sending": {
      "type": "trend",
      "contains": "time",
      "values": {
        "med": 0.02663,
        "max": 0.17944,
        "p(50)": 0.02663,
        "p(95)": 0.0576555,
        "p(99)": 0.1175155,
        "avg": 0.03111679520213242,
        "min": 0.01077
      }
    },
    "http_req_duration": {
      "type": "trend",
      "contains": "time",
      "values": {
        "p(95)": 10.3342095,
        "p(99)": 11.4276705,
        "avg": 8.483370748556208,
        "min": 4.600724,
        "med": 8.41811,
        "max": 30.964793,
        "p(50)": 8.41811
      }
    },
    "round_trip_count": {
      "type": "trend",
      "contains": "default",
      "values": {
        "med": 1,
        "max": 1,
        "p(50)": 1,
        "p(95)": 1,
        "p(99)": 1,
        "avg": 1,
        "min": 1
      }
    },
    "iteration_duration": {
      "values": {
        "max": 31.229824,
        "p(50)": 8.788921,
        "p(95)": 11.0931385,
        "p(99)": 15.0156855,
        "avg": 8.959264419369175,
        "min": 4.922894,
        "med": 8.788921
      },
      "type": "trend",
      "contains": "time"
    },
    "checks": {
      "values": {
        "rate": 1,
        "passes": 2251,
        "fails": 0
      },
      "type": "rate",
      "contains": "default"
    },
    "vus": {
      "type": "gauge",
      "contains": "default",
      "values": {
        "value": 0,
        "min": 0,
        "max": 1
      }
    },
    "data_received": {
      "type": "counter",
      "contains": "data",
      "values": {
        "count": 1061638,
        "rate": 11794.801947025851
      }
    },
    "iterations": {
      "type": "counter",
      "contains": "default",
      "values": {
        "count": 2251,
        "rate": 25.008617987256663
      }
    },
    "http_reqs": {
      "contains": "default",
      "values": {
        "count": 2251,
        "rate": 25.008617987256663
      },
      "type": "counter"
    },
    "http_req_receiving": {
      "type": "trend",
      "contains": "time",
      "values": {
        "max": 2.338296,
        "p(50)": 0.09491,
        "p(95)": 0.18048,
        "p(99)": 0.2360305,
        "avg": 0.1065398409595737,
        "min": 0.04494,
        "med": 0.09491
      }
    },
    "http_req_duration{expected_response:true}": {
      "type": "trend",
      "contains": "time",
      "values": {
        "avg": 8.483370748556208,
        "min": 4.600724,
        "med": 8.41811,
        "max": 30.964793,
        "p(50)": 8.41811,
        "p(95)": 10.3342095,
        "p(99)": 11.4276705
      }
    },
    "http_req_failed": {
      "values": {
        "rate": 0,
        "passes": 0,
        "fails": 2251
      },
      "type": "rate",
      "contains": "default"
    },
    "http_req_waiting": {
      "type": "trend",
      "contains": "time",
      "values": {
        "min": 4.481834,
        "med": 8.278954,
        "max": 30.821932,
        "p(50)": 8.278954,
        "p(95)": 10.170432,
        "p(99)": 11.284104500000002,
        "avg": 8.345714112394496
      }
    }
  },
  "root_group": {
    "id": "d41d8cd98f00b204e9800998ecf8427e",
    "groups": [],
    "checks": [
        {
          "name": "status is 200",
          "path": "::status is 200",
          "id": "6210a8cd14cd70477eba5c5e4cb3fb5f",
          "passes": 2251,
          "fails": 0
        }
      ],
    "name": "",
    "path": ""
  },
  "options": {
    "summaryTrendStats": [
      "avg",
      "min",
      "med",
      "max",
      "p(50)",
      "p(95)",
      "p(99)"
    ],
    "summaryTimeUnit": "",
    "noColor": false
  },
  "state": {
    "isStdOutTTY": false,
    "isStdErrTTY": false,
    "testRunDurationMs": 90008.972153
  }
}