{
  "state": {
    "isStdOutTTY": false,
    "isStdErrTTY": false,
    "testRunDurationMs": 90002.079689
  },
  "metrics": {
    "http_req_duration{expected_response:true}": {
      "type": "trend",
      "contains": "time",
      "values": {
        "min": 10.182246,
        "med": 15.397656,
        "max": 110.125216,
        "p(50)": 15.397656,
        "p(95)": 38.46010349999999,
        "p(99)": 70.02690711999999,
        "avg": 17.830357135585626
      }
    },
    "round_trip_count": {
      "type": "trend",
      "contains": "default",
      "values": {
        "avg": 1,
        "min": 1,
        "med": 1,
        "max": 1,
        "p(50)": 1,
        "p(95)": 1,
        "p(99)": 1
      }
    },
    "http_req_blocked": {
      "contains": "time",
      "values": {
        "p(95)": 0.011994449999999936,
        "p(99)": 5.577963789999998,
        "avg": 0.12993878543543327,
        "min": 0.00424,
        "med": 0.00615,
        "max": 10.651642,
        "p(50)": 0.00615
      },
      "type": "trend"
    },
    "http_req_tls_handshaking": {
      "type": "trend",
      "contains": "time",
      "values": {
        "min": 0,
        "med": 0,
        "max": 0,
        "p(50)": 0,
        "p(95)": 0,
        "p(99)": 0,
        "avg": 0
      }
    },
    "http_reqs": {
      "contains": "default",
      "values": {
        "rate": 73.9982900730013,
        "count": 6660
      },
      "type": "counter"
    },
    "iteration_duration": {
      "type": "trend",
      "contains": "time",
      "values": {
        "p(99)": 71.00006775999998,
        "avg": 18.963122565315317,
        "min": 10.564861,
        "med": 16.52138,
        "max": 111.013455,
        "p(50)": 16.52138,
        "p(95)": 39.95304054999998
      }
    },
    "vus": {
      "type": "gauge",
      "contains": "default",
      "values": {
        "value": 1,
        "min": 1,
        "max": 4
      }
    },
    "http_req_sending": {
      "type": "trend",
      "contains": "time",
      "values": {
        "avg": 0.028759650300300366,
        "min": 0.01125,
        "med": 0.0241595,
        "max": 0.228358,
        "p(50)": 0.0241595,
        "p(95)": 0.047020949999999985,
        "p(99)": 0.11729941
      }
    },
    "http_req_connecting": {
      "type": "trend",
      "contains": "time",
      "values": {
        "max": 10.586803,
        "p(50)": 0,
        "p(95)": 0,
        "p(99)": 5.48692321,
        "avg": 0.12073714684684689,
        "min": 0,
        "med": 0
      }
    },
    "checks": {
      "type": "rate",
      "contains": "default",
      "values": {
        "rate": 1,
        "passes": 13320,
        "fails": 0
      }
    },
    "http_req_waiting": {
      "values": {
        "p(95)": 36.09796879999989,
        "p(99)": 68.55679781999996,
        "avg": 17.60002671471472,
        "min": 10.068548,
        "med": 15.277272499999999,
        "max": 108.402363,
        "p(50)": 15.277272499999999
      },
      "type": "trend",
      "contains": "time"
    },
    "req_latency": {
      "type": "trend",
      "contains": "default",
      "values": {
        "p(99)": 70.02690711999999,
        "avg": 17.830357135585626,
        "min": 10.182246,
        "med": 15.397656,
        "max": 110.125216,
        "p(50)": 15.397656,
        "p(95)": 38.46010349999999
      }
    },
    "payload_bytes": {
      "contains": "default",
      "values": {
        "p(95)": 3086,
        "p(99)": 3362,
        "avg": 1974.3701201201202,
        "min": 149,
        "med": 2169,
        "max": 3474,
        "p(50)": 2169
      },
      "type": "trend"
    },
    "data_received": {
      "type": "counter",
      "contains": "data",
      "values": {
        "count": 14893707,
        "rate": 165481.80943668017
      }
    },
    "iterations": {
      "type": "counter",
      "contains": "default",
      "values": {
        "count": 6660,
        "rate": 73.9982900730013
      }
    },
    "http_req_receiving": {
      "type": "trend",
      "contains": "time",
      "values": {
        "med": 0.087269,
        "max": 19.591061,
        "p(50)": 0.087269,
        "p(95)": 0.5259509499999971,
        "p(99)": 1.295023899999999,
        "avg": 0.20157077057057132,
        "min": 0.040609
      }
    },
    "http_req_duration": {
      "type": "trend",
      "contains": "time",
      "values": {
        "avg": 17.830357135585626,
        "min": 10.182246,
        "med": 15.397656,
        "max": 110.125216,
        "p(50)": 15.397656,
        "p(95)": 38.46010349999999,
        "p(99)": 70.02690711999999
      }
    },
    "vus_max": {
      "type": "gauge",
      "contains": "default",
      "values": {
        "value": 148,
        "min": 148,
        "max": 148
      }
    },
    "http_req_failed": {
      "type": "rate",
      "contains": "default",
      "values": {
        "fails": 6660,
        "rate": 0,
        "passes": 0
      }
    },
    "data_sent": {
      "contains": "data",
      "values": {
        "count": 1767376,
        "rate": 19637.057344753863
      },
      "type": "counter"
    }
  },
  "root_group": {
    "groups": [],
    "checks": [
        {
          "id": "6210a8cd14cd70477eba5c5e4cb3fb5f",
          "passes": 6660,
          "fails": 0,
          "name": "status is 200",
          "path": "::status is 200"
        },
        {
          "name": "no graphql errors",
          "path": "::no graphql errors",
          "id": "7c29382b2a87caa2e50f0d89170b649f",
          "passes": 6660,
          "fails": 0
        }
      ],
    "name": "",
    "path": "",
    "id": "d41d8cd98f00b204e9800998ecf8427e"
  },
  "options": {
    "summaryTrendStats": [
      "avg",
      "min",
      "med",
      "max",
      "p(50)",
      "p(95)",
      "p(99)"
    ],
    "summaryTimeUnit": "",
    "noColor": false
  }
}