{
  "state": {
    "isStdOutTTY": false,
    "isStdErrTTY": false,
    "testRunDurationMs": 90011.998425
  },
  "metrics": {
    "round_trip_count": {
      "type": "trend",
      "contains": "default",
      "values": {
        "med": 1,
        "max": 1,
        "p(50)": 1,
        "p(95)": 1,
        "p(99)": 1,
        "avg": 1,
        "min": 1
      }
    },
    "http_req_duration": {
      "type": "trend",
      "contains": "time",
      "values": {
        "p(99)": 17.1991455,
        "avg": 12.292897685473115,
        "min": 7.454462,
        "med": 11.900745,
        "max": 69.002931,
        "p(50)": 11.900745,
        "p(95)": 15.113353499999999
      }
    },
    "http_req_duration{expected_response:true}": {
      "type": "trend",
      "contains": "time",
      "values": {
        "max": 69.002931,
        "p(50)": 11.900745,
        "p(95)": 15.113353499999999,
        "p(99)": 17.1991455,
        "avg": 12.292897685473115,
        "min": 7.454462,
        "med": 11.900745
      }
    },
    "http_req_blocked": {
      "type": "trend",
      "contains": "time",
      "values": {
        "min": 0.00425,
        "med": 0.00714,
        "max": 7.156273,
        "p(50)": 0.00714,
        "p(95)": 0.014224500000000001,
        "p(99)": 5.6809484999999995,
        "avg": 0.13096667792092384
      }
    },
    "vus_max": {
      "values": {
        "min": 50,
        "max": 50,
        "value": 50
      },
      "type": "gauge",
      "contains": "default"
    },
    "http_req_tls_handshaking": {
      "type": "trend",
      "contains": "time",
      "values": {
        "med": 0,
        "max": 0,
        "p(50)": 0,
        "p(95)": 0,
        "p(99)": 0,
        "avg": 0,
        "min": 0
      }
    },
    "vus": {
      "type": "gauge",
      "contains": "default",
      "values": {
        "value": 0,
        "min": 0,
        "max": 0
      }
    },
    "http_req_sending": {
      "type": "trend",
      "contains": "time",
      "values": {
        "p(95)": 0.0561895,
        "p(99)": 0.1243145,
        "avg": 0.03333655042203471,
        "min": 0.01257,
        "med": 0.028359,
        "max": 0.246608,
        "p(50)": 0.028359
      }
    },
    "http_req_waiting": {
      "contains": "time",
      "values": {
        "p(50)": 11.760615,
        "p(95)": 14.9717395,
        "p(99)": 17.0175615,
        "avg": 12.162967344735677,
        "min": 7.379443,
        "med": 11.760615,
        "max": 68.710053
      },
      "type": "trend"
    },
    "iteration_duration": {
      "contains": "time",
      "values": {
        "p(50)": 12.47021,
        "p(95)": 16.409830999999997,
        "p(99)": 20.131981,
        "avg": 12.98592420657486,
        "min": 7.78805,
        "med": 12.47021,
        "max": 69.571837
      },
      "type": "trend"
    },
    "iterations": {
      "type": "counter",
      "contains": "default",
      "values": {
        "count": 2251,
        "rate": 25.00777717845675
      }
    },
    "http_req_connecting": {
      "type": "trend",
      "contains": "time",
      "values": {
        "p(99)": 5.5579395,
        "avg": 0.12063241892492227,
        "min": 0,
        "med": 0,
        "max": 7.067855,
        "p(50)": 0,
        "p(95)": 0
      }
    },
    "http_reqs": {
      "type": "counter",
      "contains": "default",
      "values": {
        "count": 2251,
        "rate": 25.00777717845675
      }
    },
    "data_sent": {
      "type": "counter",
      "contains": "data",
      "values": {
        "count": 597373,
        "rate": 6636.593014849509
      }
    },
    "payload_bytes": {
      "type": "trend",
      "contains": "default",
      "values": {
        "med": 224,
        "max": 305,
        "p(50)": 224,
        "p(95)": 251,
        "p(99)": 276,
        "avg": 223.1870279875611,
        "min": 124
      }
    },
    "http_req_receiving": {
      "type": "trend",
      "contains": "time",
      "values": {
        "avg": 0.09659379031541544,
        "min": 0.04255,
        "med": 0.090909,
        "max": 0.462937,
        "p(50)": 0.090909,
        "p(95)": 0.1454995,
        "p(99)": 0.203728
      }
    },
    "http_req_failed": {
      "type": "rate",
      "contains": "default",
      "values": {
        "rate": 0,
        "passes": 0,
        "fails": 2251
      }
    },
    "req_latency": {
      "values": {
        "p(95)": 15.113353499999999,
        "p(99)": 17.1991455,
        "avg": 12.292897685473115,
        "min": 7.454462,
        "med": 11.900745,
        "max": 69.002931,
        "p(50)": 11.900745
      },
      "type": "trend",
      "contains": "default"
    },
    "data_received": {
      "type": "counter",
      "contains": "data",
      "values": {
        "rate": 12108.44130861213,
        "count": 1089905
      }
    },
    "checks": {
      "values": {
        "passes": 4502,
        "fails": 0,
        "rate": 1
      },
      "type": "rate",
      "contains": "default"
    }
  },
  "root_group": {
    "groups": [],
    "checks": [
        {
          "name": "status is 200",
          "path": "::status is 200",
          "id": "6210a8cd14cd70477eba5c5e4cb3fb5f",
          "passes": 2251,
          "fails": 0
        },
        {
          "name": "no graphql errors",
          "path": "::no graphql errors",
          "id": "7c29382b2a87caa2e50f0d89170b649f",
          "passes": 2251,
          "fails": 0
        }
      ],
    "name": "",
    "path": "",
    "id": "d41d8cd98f00b204e9800998ecf8427e"
  },
  "options": {
    "noColor": false,
    "summaryTrendStats": [
      "avg",
      "min",
      "med",
      "max",
      "p(50)",
      "p(95)",
      "p(99)"
    ],
    "summaryTimeUnit": ""
  }
}