{
  "root_group": {
    "id": "d41d8cd98f00b204e9800998ecf8427e",
    "groups": [],
    "checks": [
        {
          "name": "status is 200",
          "path": "::status is 200",
          "id": "6210a8cd14cd70477eba5c5e4cb3fb5f",
          "passes": 2251,
          "fails": 0
        }
      ],
    "name": "",
    "path": ""
  },
  "options": {
    "summaryTrendStats": [
      "avg",
      "min",
      "med",
      "max",
      "p(50)",
      "p(95)",
      "p(99)"
    ],
    "summaryTimeUnit": "",
    "noColor": false
  },
  "state": {
    "isStdOutTTY": false,
    "isStdErrTTY": false,
    "testRunDurationMs": 90009.399601
  },
  "metrics": {
    "http_req_receiving": {
      "type": "trend",
      "contains": "time",
      "values": {
        "p(95)": 0.166999,
        "p(99)": 0.2292285,
        "avg": 0.10352695113282968,
        "min": 0.04515,
        "med": 0.094759,
        "max": 2.50355,
        "p(50)": 0.094759
      }
    },
    "req_latency": {
      "contains": "default",
      "values": {
        "p(95)": 9.8993865,
        "p(99)": 10.608602999999999,
        "avg": 8.15403427010217,
        "min": 4.415522,
        "med": 8.147108,
        "max": 11.318455,
        "p(50)": 8.147108
      },
      "type": "trend"
    },
    "http_req_blocked": {
      "type": "trend",
      "contains": "time",
      "values": {
        "avg": 0.12926858996001772,
        "min": 0.00428,
        "med": 0.00726,
        "max": 7.239412,
        "p(50)": 0.00726,
        "p(95)": 0.017465,
        "p(99)": 5.548184
      }
    },
    "http_req_failed": {
      "contains": "default",
      "values": {
        "passes": 0,
        "fails": 2251,
        "rate": 0
      },
      "type": "rate"
    },
    "data_sent": {
      "type": "counter",
      "contains": "data",
      "values": {
        "count": 399274,
        "rate": 4435.914490819069
      }
    },
    "iteration_duration": {
      "values": {
        "p(50)": 8.513957,
        "p(95)": 10.556944000000001,
        "p(99)": 14.685291500000002,
        "avg": 8.62423561883608,
        "min": 4.833641,
        "med": 8.513957,
        "max": 17.324013
      },
      "type": "trend",
      "contains": "time"
    },
    "http_req_duration": {
      "type": "trend",
      "contains": "time",
      "values": {
        "min": 4.415522,
        "med": 8.147108,
        "max": 11.318455,
        "p(50)": 8.147108,
        "p(95)": 9.8993865,
        "p(99)": 10.608602999999999,
        "avg": 8.15403427010217
      }
    },
    "data_received": {
      "type": "counter",
      "contains": "data",
      "values": {
        "count": 5036443,
        "rate": 55954.63387519414
      }
    },
    "checks": {
      "type": "rate",
      "contains": "default",
      "values": {
        "rate": 1,
        "passes": 2251,
        "fails": 0
      }
    },
    "payload_bytes": {
      "type": "trend",
      "contains": "default",
      "values": {
        "avg": 1975.511328298534,
        "min": 130,
        "med": 2155,
        "max": 3455,
        "p(50)": 2155,
        "p(95)": 3150,
        "p(99)": 3343
      }
    },
    "http_req_connecting": {
      "type": "trend",
      "contains": "time",
      "values": {
        "med": 0,
        "max": 7.051912,
        "p(50)": 0,
        "p(95)": 0,
        "p(99)": 5.456539,
        "avg": 0.11862500088849398,
        "min": 0
      }
    },
    "round_trip_count": {
      "contains": "default",
      "values": {
        "p(50)": 1,
        "p(95)": 1,
        "p(99)": 1,
        "avg": 1,
        "min": 1,
        "med": 1,
        "max": 1
      },
      "type": "trend"
    },
    "http_req_sending": {
      "contains": "time",
      "values": {
        "min": 0.01104,
        "med": 0.02664,
        "max": 0.246228,
        "p(50)": 0.02664,
        "p(95)": 0.05249,
        "p(99)": 0.1250395,
        "avg": 0.030754840959573503
      },
      "type": "trend"
    },
    "vus_max": {
      "type": "gauge",
      "contains": "default",
      "values": {
        "value": 50,
        "min": 50,
        "max": 50
      }
    },
    "http_req_duration{expected_response:true}": {
      "type": "trend",
      "contains": "time",
      "values": {
        "max": 11.318455,
        "p(50)": 8.147108,
        "p(95)": 9.8993865,
        "p(99)": 10.608602999999999,
        "avg": 8.15403427010217,
        "min": 4.415522,
        "med": 8.147108
      }
    },
    "http_reqs": {
      "type": "counter",
      "contains": "default",
      "values": {
        "rate": 25.008499223174372,
        "count": 2251
      }
    },
    "iterations": {
      "type": "counter",
      "contains": "default",
      "values": {
        "count": 2251,
        "rate": 25.008499223174372
      }
    },
    "http_req_waiting": {
      "type": "trend",
      "contains": "time",
      "values": {
        "min": 4.241563,
        "med": 8.023219,
        "max": 11.160116,
        "p(50)": 8.023219,
        "p(95)": 9.783607,
        "p(99)": 10.453233,
        "avg": 8.019752478009783
      }
    },
    "vus": {
      "values": {
        "value": 0,
        "min": 0,
        "max": 1
      },
      "type": "gauge",
      "contains": "default"
    },
    "http_req_tls_handshaking": {
      "type": "trend",
      "contains": "time",
      "values": {
        "p(50)": 0,
        "p(95)": 0,
        "p(99)": 0,
        "avg": 0,
        "min": 0,
        "med": 0,
        "max": 0
      }
    }
  }
}