{
  "root_group": {
    "name": "",
    "path": "",
    "id": "d41d8cd98f00b204e9800998ecf8427e",
    "groups": [],
    "checks": [
        {
          "name": "status is 200",
          "path": "::status is 200",
          "id": "6210a8cd14cd70477eba5c5e4cb3fb5f",
          "passes": 13322,
          "fails": 0
        }
      ]
  },
  "options": {
    "summaryTrendStats": [
      "avg",
      "min",
      "med",
      "max",
      "p(50)",
      "p(95)",
      "p(99)"
    ],
    "summaryTimeUnit": "",
    "noColor": false
  },
  "state": {
    "isStdOutTTY": false,
    "isStdErrTTY": false,
    "testRunDurationMs": 90020.049838
  },
  "metrics": {
    "round_trip_count": {
      "type": "trend",
      "contains": "default",
      "values": {
        "avg": 2,
        "min": 2,
        "med": 2,
        "max": 2,
        "p(50)": 2,
        "p(95)": 2,
        "p(99)": 2
      }
    },
    "iterations": {
      "type": "counter",
      "contains": "default",
      "values": {
        "count": 6661,
        "rate": 73.99462688575633
      }
    },
    "http_req_waiting": {
      "type": "trend",
      "contains": "time",
      "values": {
        "avg": 7.112588386203271,
        "min": 3.520691,
        "med": 7.109012,
        "max": 42.760478,
        "p(50)": 7.109012,
        "p(95)": 8.6850819,
        "p(99)": 9.502686269999998
      }
    },
    "data_sent": {
      "type": "counter",
      "contains": "data",
      "values": {
        "count": 1334014,
        "rate": 14819.076443533306
      }
    },
    "http_req_duration{expected_response:true}": {
      "contains": "time",
      "values": {
        "max": 43.350722,
        "p(50)": 7.223808,
        "p(95)": 8.799519349999999,
        "p(99)": 9.645681579999978,
        "avg": 7.228301916604117,
        "min": 3.636528,
        "med": 7.223808
      },
      "type": "trend"
    },
    "http_req_blocked": {
      "type": "trend",
      "contains": "time",
      "values": {
        "med": 0.00677,
        "max": 16.933508,
        "p(50)": 0.00677,
        "p(95)": 0.01182,
        "p(99)": 4.629459629999917,
        "avg": 0.0721740167392272,
        "min": 0.0029
      }
    },
    "http_req_sending": {
      "type": "trend",
      "contains": "time",
      "values": {
        "min": 0.00842,
        "med": 0.021729,
        "max": 0.223264,
        "p(50)": 0.021729,
        "p(95)": 0.04349599999999994,
        "p(99)": 0.08980609999999963,
        "avg": 0.024132087974778515
      }
    },
    "vus_max": {
      "values": {
        "value": 148,
        "min": 148,
        "max": 148
      },
      "type": "gauge",
      "contains": "default"
    },
    "http_req_receiving": {
      "type": "trend",
      "contains": "time",
      "values": {
        "avg": 0.09158144242606199,
        "min": 0.040389,
        "med": 0.085218,
        "max": 2.307048,
        "p(50)": 0.085218,
        "p(95)": 0.1432815999999999,
        "p(99)": 0.2378795899999999
      }
    },
    "data_received": {
      "contains": "data",
      "values": {
        "count": 8417698,
        "rate": 93509.14618630495
      },
      "type": "counter"
    },
    "http_req_tls_handshaking": {
      "type": "trend",
      "contains": "time",
      "values": {
        "min": 0,
        "med": 0,
        "max": 0,
        "p(50)": 0,
        "p(95)": 0,
        "p(99)": 0,
        "avg": 0
      }
    },
    "vus": {
      "values": {
        "value": 1,
        "min": 1,
        "max": 2
      },
      "type": "gauge",
      "contains": "default"
    },
    "http_req_connecting": {
      "type": "trend",
      "contains": "time",
      "values": {
        "min": 0,
        "med": 0,
        "max": 16.820691,
        "p(50)": 0,
        "p(95)": 0,
        "p(99)": 4.534640119999931,
        "avg": 0.0638565039033178
      }
    },
    "checks": {
      "type": "rate",
      "contains": "default",
      "values": {
        "rate": 1,
        "passes": 13322,
        "fails": 0
      }
    },
    "http_reqs": {
      "contains": "default",
      "values": {
        "count": 13322,
        "rate": 147.98925377151267
      },
      "type": "counter"
    },
    "http_req_duration": {
      "type": "trend",
      "contains": "time",
      "values": {
        "avg": 7.228301916604117,
        "min": 3.636528,
        "med": 7.223808,
        "max": 43.350722,
        "p(50)": 7.223808,
        "p(95)": 8.799519349999999,
        "p(99)": 9.645681579999978
      }
    },
    "req_latency": {
      "type": "trend",
      "contains": "default",
      "values": {
        "max": 43.350722,
        "p(50)": 7.223808,
        "p(95)": 8.799519349999999,
        "p(99)": 9.645681579999978,
        "avg": 7.228301916604117,
        "min": 3.636528,
        "med": 7.223808
      }
    },
    "http_req_failed": {
      "type": "rate",
      "contains": "default",
      "values": {
        "rate": 0,
        "passes": 0,
        "fails": 13322
      }
    },
    "payload_bytes": {
      "type": "trend",
      "contains": "default",
      "values": {
        "max": 796,
        "p(50)": 129,
        "p(95)": 781,
        "p(99)": 787,
        "avg": 370.8644347695541,
        "min": 110,
        "med": 129
      }
    },
    "iteration_duration": {
      "values": {
        "med": 14.956804,
        "max": 52.876199,
        "p(50)": 14.956804,
        "p(95)": 17.65679,
        "p(99)": 21.822936,
        "avg": 15.130267112445543,
        "min": 10.2519
      },
      "type": "trend",
      "contains": "time"
    },
    "page_latency": {
      "contains": "default",
      "values": {
        "max": 52.320352,
        "p(50)": 14.415422,
        "p(95)": 16.698765,
        "p(99)": 17.835281399999996,
        "avg": 14.456603833208236,
        "min": 9.715654,
        "med": 14.415422
      },
      "type": "trend"
    }
  }
}