{
  "root_group": {
    "path": "",
    "id": "d41d8cd98f00b204e9800998ecf8427e",
    "groups": [],
    "checks": [
        {
          "id": "6210a8cd14cd70477eba5c5e4cb3fb5f",
          "passes": 13320,
          "fails": 0,
          "name": "status is 200",
          "path": "::status is 200"
        }
      ],
    "name": ""
  },
  "options": {
    "summaryTimeUnit": "",
    "noColor": false,
    "summaryTrendStats": [
      "avg",
      "min",
      "med",
      "max",
      "p(50)",
      "p(95)",
      "p(99)"
    ]
  },
  "state": {
    "isStdOutTTY": false,
    "isStdErrTTY": false,
    "testRunDurationMs": 90004.410856
  },
  "metrics": {
    "data_received": {
      "values": {
        "count": 8425951,
        "rate": 93617.08964998239
      },
      "type": "counter",
      "contains": "data"
    },
    "page_latency": {
      "type": "trend",
      "contains": "default",
      "values": {
        "max": 59.689061,
        "p(50)": 14.389394,
        "p(95)": 16.675347,
        "p(99)": 17.89268049,
        "avg": 14.446068369069067,
        "min": 9.575040000000001,
        "med": 14.389394
      }
    },
    "http_req_sending": {
      "type": "trend",
      "contains": "time",
      "values": {
        "avg": 0.024477562837837776,
        "min": 0.00844,
        "med": 0.02235,
        "max": 0.472299,
        "p(50)": 0.02235,
        "p(95)": 0.04449149999999998,
        "p(99)": 0.0881630899999999
      }
    },
    "req_latency": {
      "type": "trend",
      "contains": "default",
      "values": {
        "p(99)": 9.64137639,
        "avg": 7.223034184534535,
        "min": 3.417689,
        "med": 7.2251080000000005,
        "max": 50.860919,
        "p(50)": 7.2251080000000005,
        "p(95)": 8.850283999999998
      }
    },
    "http_req_duration": {
      "type": "trend",
      "contains": "time",
      "values": {
        "p(99)": 9.64137639,
        "avg": 7.223034184534535,
        "min": 3.417689,
        "med": 7.2251080000000005,
        "max": 50.860919,
        "p(50)": 7.2251080000000005,
        "p(95)": 8.850283999999998
      }
    },
    "iterations": {
      "type": "counter",
      "contains": "default",
      "values": {
        "rate": 73.99637347391204,
        "count": 6660
      }
    },
    "http_req_blocked": {
      "contains": "time",
      "values": {
        "p(50)": 0.00693,
        "p(95)": 0.011810499999999993,
        "p(99)": 4.693320799999985,
        "avg": 0.07288750578078007,
        "min": 0.003,
        "med": 0.00693,
        "max": 18.456593
      },
      "type": "trend"
    },
    "http_req_receiving": {
      "type": "trend",
      "contains": "time",
      "values": {
        "avg": 0.09600978400900873,
        "min": 0.04239,
        "med": 0.0889,
        "max": 0.703728,
        "p(50)": 0.0889,
        "p(95)": 0.15684294999999995,
        "p(99)": 0.24462259999999972
      }
    },
    "http_req_failed": {
      "type": "rate",
      "contains": "default",
      "values": {
        "rate": 0,
        "passes": 0,
        "fails": 13320
      }
    },
    "vus": {
      "type": "gauge",
      "contains": "default",
      "values": {
        "max": 3,
        "value": 1,
        "min": 1
      }
    },
    "checks": {
      "type": "rate",
      "contains": "default",
      "values": {
        "rate": 1,
        "passes": 13320,
        "fails": 0
      }
    },
    "http_req_duration{expected_response:true}": {
      "type": "trend",
      "contains": "time",
      "values": {
        "med": 7.2251080000000005,
        "max": 50.860919,
        "p(50)": 7.2251080000000005,
        "p(95)": 8.850283999999998,
        "p(99)": 9.64137639,
        "avg": 7.223034184534535,
        "min": 3.417689
      }
    },
    "http_req_tls_handshaking": {
      "type": "trend",
      "contains": "time",
      "values": {
        "p(99)": 0,
        "avg": 0,
        "min": 0,
        "med": 0,
        "max": 0,
        "p(50)": 0,
        "p(95)": 0
      }
    },
    "http_reqs": {
      "type": "counter",
      "contains": "default",
      "values": {
        "count": 13320,
        "rate": 147.9927469478241
      }
    },
    "http_req_waiting": {
      "type": "trend",
      "contains": "time",
      "values": {
        "avg": 7.102546837687671,
        "min": 3.266889,
        "med": 7.1029374999999995,
        "max": 50.241413,
        "p(50)": 7.1029374999999995,
        "p(95)": 8.7268709,
        "p(99)": 9.485998279999997
      }
    },
    "data_sent": {
      "values": {
        "rate": 14819.140387841171,
        "count": 1333788
      },
      "type": "counter",
      "contains": "data"
    },
    "payload_bytes": {
      "type": "trend",
      "contains": "default",
      "values": {
        "p(95)": 781,
        "p(99)": 787,
        "avg": 371.5789039039039,
        "min": 110,
        "med": 129,
        "max": 796,
        "p(50)": 129
      }
    },
    "http_req_connecting": {
      "values": {
        "p(99)": 4.587665809999991,
        "avg": 0.06447696651651653,
        "min": 0,
        "med": 0,
        "max": 18.315143,
        "p(50)": 0,
        "p(95)": 0
      },
      "type": "trend",
      "contains": "time"
    },
    "round_trip_count": {
      "contains": "default",
      "values": {
        "avg": 2,
        "min": 2,
        "med": 2,
        "max": 2,
        "p(50)": 2,
        "p(95)": 2,
        "p(99)": 2
      },
      "type": "trend"
    },
    "vus_max": {
      "type": "gauge",
      "contains": "default",
      "values": {
        "value": 148,
        "min": 148,
        "max": 148
      }
    },
    "iteration_duration": {
      "type": "trend",
      "contains": "time",
      "values": {
        "min": 9.969509,
        "med": 14.938328,
        "max": 60.099301,
        "p(50)": 14.938328,
        "p(95)": 17.5993906,
        "p(99)": 22.152729789999995,
        "avg": 15.120061526126145
      }
    }
  }
}