{
  "metrics": {
    "http_req_sending": {
      "type": "trend",
      "contains": "time",
      "values": {
        "med": 0.02375,
        "max": 0.456604,
        "p(50)": 0.02375,
        "p(95)": 0.06887700000000002,
        "p(99)": 0.10432170000000007,
        "avg": 0.029243587111111052,
        "min": 0.012159
      }
    },
    "checks": {
      "type": "rate",
      "contains": "default",
      "values": {
        "rate": 1,
        "passes": 9000,
        "fails": 0
      }
    },
    "iterations": {
      "contains": "default",
      "values": {
        "count": 4500,
        "rate": 49.999573760855846
      },
      "type": "counter"
    },
    "req_latency": {
      "type": "trend",
      "contains": "default",
      "values": {
        "min": 9.77466,
        "med": 15.652929499999999,
        "max": 62.312724,
        "p(50)": 15.652929499999999,
        "p(95)": 19.5289798,
        "p(99)": 50.966912850000014,
        "avg": 15.969712377777805
      }
    },
    "http_req_failed": {
      "type": "rate",
      "contains": "default",
      "values": {
        "rate": 0,
        "passes": 0,
        "fails": 4500
      }
    },
    "http_reqs": {
      "type": "counter",
      "contains": "default",
      "values": {
        "count": 4500,
        "rate": 49.999573760855846
      }
    },
    "payload_bytes": {
      "type": "trend",
      "contains": "default",
      "values": {
        "med": 3528.5,
        "max": 5343,
        "p(50)": 3528.5,
        "p(95)": 5083,
        "p(99)": 5305,
        "avg": 2951.6813333333334,
        "min": 634
      }
    },
    "data_received": {
      "type": "counter",
      "contains": "data",
      "values": {
        "count": 14460276,
        "rate": 160668.3636587408
      }
    },
    "http_req_duration": {
      "type": "trend",
      "contains": "time",
      "values": {
        "med": 15.652929499999999,
        "max": 62.312724,
        "p(50)": 15.652929499999999,
        "p(95)": 19.5289798,
        "p(99)": 50.966912850000014,
        "avg": 15.969712377777805,
        "min": 9.77466
      }
    },
    "http_req_tls_handshaking": {
      "type": "trend",
      "contains": "time",
      "values": {
        "med": 0,
        "max": 0,
        "p(50)": 0,
        "p(95)": 0,
        "p(99)": 0,
        "avg": 0,
        "min": 0
      }
    },
    "vus_max": {
      "values": {
        "value": 100,
        "min": 100,
        "max": 100
      },
      "type": "gauge",
      "contains": "default"
    },
    "iteration_duration": {
      "contains": "time",
      "values": {
        "avg": 17.41624766933339,
        "min": 10.569807,
        "med": 17.183768,
        "max": 64.868053,
        "p(50)": 17.183768,
        "p(95)": 21.827721750000002,
        "p(99)": 51.53520736
      },
      "type": "trend"
    },
    "round_trip_count": {
      "type": "trend",
      "contains": "default",
      "values": {
        "avg": 1,
        "min": 1,
        "med": 1,
        "max": 1,
        "p(50)": 1,
        "p(95)": 1,
        "p(99)": 1
      }
    },
    "vus": {
      "contains": "default",
      "values": {
        "value": 0,
        "min": 0,
        "max": 1
      },
      "type": "gauge"
    },
    "http_req_blocked": {
      "contains": "time",
      "values": {
        "med": 0.00584,
        "max": 11.583491,
        "p(50)": 0.00584,
        "p(95)": 0.011972550000000014,
        "p(99)": 5.5170368000000005,
        "avg": 0.12833520844444232,
        "min": 0.00418
      },
      "type": "trend"
    },
    "http_req_connecting": {
      "type": "trend",
      "contains": "time",
      "values": {
        "med": 0,
        "max": 11.507973,
        "p(50)": 0,
        "p(95)": 0,
        "p(99)": 5.444419900000001,
        "avg": 0.11948202844444444,
        "min": 0
      }
    },
    "http_req_receiving": {
      "type": "trend",
      "contains": "time",
      "values": {
        "p(50)": 0.0896685,
        "p(95)": 0.14177000000000003,
        "p(99)": 0.4354066000000005,
        "avg": 0.1002312524444449,
        "min": 0.043499,
        "med": 0.0896685,
        "max": 1.297383
      }
    },
    "data_sent": {
      "type": "counter",
      "contains": "data",
      "values": {
        "count": 1195069,
        "rate": 13278.431247736053
      }
    },
    "http_req_duration{expected_response:true}": {
      "type": "trend",
      "contains": "time",
      "values": {
        "min": 9.77466,
        "med": 15.652929499999999,
        "max": 62.312724,
        "p(50)": 15.652929499999999,
        "p(95)": 19.5289798,
        "p(99)": 50.966912850000014,
        "avg": 15.969712377777805
      }
    },
    "http_req_waiting": {
      "contains": "time",
      "values": {
        "min": 9.663622,
        "med": 15.526869,
        "max": 61.671712,
        "p(50)": 15.526869,
        "p(95)": 19.376111400000003,
        "p(99)": 50.196748100000065,
        "avg": 15.84023753822221
      },
      "type": "trend"
    }
  },
  "root_group": {
    "name": "",
    "path": "",
    "id": "d41d8cd98f00b204e9800998ecf8427e",
    "groups": [],
    "checks": [
        {
          "fails": 0,
          "name": "status is 200",
          "path": "::status is 200",
          "id": "6210a8cd14cd70477eba5c5e4cb3fb5f",
          "passes": 4500
        },
        {
          "path": "::no graphql errors",
          "id": "7c29382b2a87caa2e50f0d89170b649f",
          "passes": 4500,
          "fails": 0,
          "name": "no graphql errors"
        }
      ]
  },
  "options": {
    "summaryTrendStats": [
      "avg",
      "min",
      "med",
      "max",
      "p(50)",
      "p(95)",
      "p(99)"
    ],
    "summaryTimeUnit": "",
    "noColor": false
  },
  "state": {
    "isStdOutTTY": false,
    "isStdErrTTY": false,
    "testRunDurationMs": 90000.767237
  }
}