{
  "root_group": {
    "name": "",
    "path": "",
    "id": "d41d8cd98f00b204e9800998ecf8427e",
    "groups": [],
    "checks": [
        {
          "name": "status is 200",
          "path": "::status is 200",
          "id": "6210a8cd14cd70477eba5c5e4cb3fb5f",
          "passes": 6661,
          "fails": 0
        }
      ]
  },
  "options": {
    "summaryTrendStats": [
      "avg",
      "min",
      "med",
      "max",
      "p(50)",
      "p(95)",
      "p(99)"
    ],
    "summaryTimeUnit": "",
    "noColor": false
  },
  "state": {
    "isStdOutTTY": false,
    "isStdErrTTY": false,
    "testRunDurationMs": 90009.633737
  },
  "metrics": {
    "data_sent": {
      "type": "counter",
      "contains": "data",
      "values": {
        "count": 796514,
        "rate": 8849.208322826218
      }
    },
    "http_req_duration": {
      "type": "trend",
      "contains": "time",
      "values": {
        "p(99)": 10.0484306,
        "avg": 7.528785094280122,
        "min": 3.597519,
        "med": 7.509939,
        "max": 35.837179,
        "p(50)": 7.509939,
        "p(95)": 9.27451
      }
    },
    "http_req_sending": {
      "values": {
        "p(95)": 0.04725,
        "p(99)": 0.10766159999999979,
        "avg": 0.026039021318120303,
        "min": 0.01106,
        "med": 0.02261,
        "max": 0.162673,
        "p(50)": 0.02261
      },
      "type": "trend",
      "contains": "time"
    },
    "http_req_receiving": {
      "type": "trend",
      "contains": "time",
      "values": {
        "max": 0.270814,
        "p(50)": 0.085221,
        "p(95)": 0.125092,
        "p(99)": 0.15709859999999995,
        "avg": 0.0878239127758596,
        "min": 0.04295,
        "med": 0.085221
      }
    },
    "http_req_tls_handshaking": {
      "contains": "time",
      "values": {
        "p(95)": 0,
        "p(99)": 0,
        "avg": 0,
        "min": 0,
        "med": 0,
        "max": 0,
        "p(50)": 0
      },
      "type": "trend"
    },
    "http_req_waiting": {
      "type": "trend",
      "contains": "time",
      "values": {
        "avg": 7.414922160186178,
        "min": 3.485088,
        "med": 7.399849,
        "max": 35.744389,
        "p(50)": 7.399849,
        "p(95)": 9.161562,
        "p(99)": 9.930173799999999
      }
    },
    "http_req_failed": {
      "type": "rate",
      "contains": "default",
      "values": {
        "rate": 0,
        "passes": 0,
        "fails": 6661
      }
    },
    "iteration_duration": {
      "type": "trend",
      "contains": "time",
      "values": {
        "avg": 7.9487599114247125,
        "min": 3.884553,
        "med": 7.817754,
        "max": 36.137643,
        "p(50)": 7.817754,
        "p(95)": 9.83382,
        "p(99)": 14.292234999999998
      }
    },
    "http_req_connecting": {
      "values": {
        "p(95)": 0,
        "p(99)": 5.571052999999993,
        "avg": 0.12545421077916233,
        "min": 0,
        "med": 0,
        "max": 17.641197,
        "p(50)": 0
      },
      "type": "trend",
      "contains": "time"
    },
    "vus": {
      "type": "gauge",
      "contains": "default",
      "values": {
        "value": 1,
        "min": 0,
        "max": 1
      }
    },
    "checks": {
      "type": "rate",
      "contains": "default",
      "values": {
        "rate": 1,
        "passes": 6661,
        "fails": 0
      }
    },
    "iterations": {
      "type": "counter",
      "contains": "default",
      "values": {
        "count": 6661,
        "rate": 74.00318969703665
      }
    },
    "round_trip_count": {
      "type": "trend",
      "contains": "default",
      "values": {
        "avg": 1,
        "min": 1,
        "med": 1,
        "max": 1,
        "p(50)": 1,
        "p(95)": 1,
        "p(99)": 1
      }
    },
    "data_received": {
      "type": "counter",
      "contains": "data",
      "values": {
        "count": 9350347,
        "rate": 103881.62479719524
      }
    },
    "http_reqs": {
      "type": "counter",
      "contains": "default",
      "values": {
        "rate": 74.00318969703665,
        "count": 6661
      }
    },
    "http_req_duration{expected_response:true}": {
      "type": "trend",
      "contains": "time",
      "values": {
        "avg": 7.528785094280122,
        "min": 3.597519,
        "med": 7.509939,
        "max": 35.837179,
        "p(50)": 7.509939,
        "p(95)": 9.27451,
        "p(99)": 10.0484306
      }
    },
    "vus_max": {
      "type": "gauge",
      "contains": "default",
      "values": {
        "min": 148,
        "max": 148,
        "value": 148
      }
    },
    "http_req_blocked": {
      "type": "trend",
      "contains": "time",
      "values": {
        "max": 17.741438,
        "p(50)": 0.00601,
        "p(95)": 0.01906,
        "p(99)": 5.658700399999998,
        "avg": 0.13499845053295065,
        "min": 0.00417,
        "med": 0.00601
      }
    },
    "req_latency": {
      "type": "trend",
      "contains": "default",
      "values": {
        "p(50)": 7.509939,
        "p(95)": 9.27451,
        "p(99)": 10.0484306,
        "avg": 7.528785094280122,
        "min": 3.597519,
        "med": 7.509939,
        "max": 35.837179
      }
    },
    "payload_bytes": {
      "values": {
        "min": 303,
        "med": 1318,
        "max": 10638,
        "p(50)": 1318,
        "p(95)": 1923,
        "p(99)": 1992,
        "avg": 1142.1277585948055
      },
      "type": "trend",
      "contains": "default"
    }
  }
}