{
  "options": {
    "summaryTrendStats": [
      "avg",
      "min",
      "med",
      "max",
      "p(50)",
      "p(95)",
      "p(99)"
    ],
    "summaryTimeUnit": "",
    "noColor": false
  },
  "state": {
    "isStdOutTTY": false,
    "isStdErrTTY": false,
    "testRunDurationMs": 90021.443172
  },
  "metrics": {
    "http_req_failed": {
      "type": "rate",
      "contains": "default",
      "values": {
        "rate": 0,
        "passes": 0,
        "fails": 1531
      }
    },
    "http_reqs": {
      "values": {
        "count": 1531,
        "rate": 17.00705905230586
      },
      "type": "counter",
      "contains": "default"
    },
    "http_req_duration": {
      "contains": "time",
      "values": {
        "max": 86.481202,
        "p(50)": 17.022388,
        "p(95)": 20.700083499999998,
        "p(99)": 27.26224970000002,
        "avg": 17.71820597517962,
        "min": 13.28843,
        "med": 17.022388
      },
      "type": "trend"
    },
    "payload_bytes": {
      "type": "trend",
      "contains": "default",
      "values": {
        "min": 1729,
        "med": 2510,
        "max": 2666,
        "p(50)": 2510,
        "p(95)": 2640,
        "p(99)": 2654.4,
        "avg": 2476.9738732854344
      }
    },
    "http_req_duration{expected_response:true}": {
      "type": "trend",
      "contains": "time",
      "values": {
        "p(99)": 27.26224970000002,
        "avg": 17.71820597517962,
        "min": 13.28843,
        "med": 17.022388,
        "max": 86.481202,
        "p(50)": 17.022388,
        "p(95)": 20.700083499999998
      }
    },
    "http_req_connecting": {
      "type": "trend",
      "contains": "time",
      "values": {
        "avg": 0.11440302286087523,
        "min": 0,
        "med": 0,
        "max": 7.329266,
        "p(50)": 0,
        "p(95)": 0,
        "p(99)": 5.095388300000001
      }
    },
    "page_latency": {
      "type": "trend",
      "contains": "default",
      "values": {
        "p(99)": 27.26224970000002,
        "avg": 17.71820597517962,
        "min": 13.28843,
        "med": 17.022388,
        "max": 86.481202,
        "p(50)": 17.022388,
        "p(95)": 20.700083499999998
      }
    },
    "data_received": {
      "type": "counter",
      "contains": "data",
      "values": {
        "count": 4193369,
        "rate": 46581.89040568828
      }
    },
    "vus": {
      "type": "gauge",
      "contains": "default",
      "values": {
        "value": 0,
        "min": 0,
        "max": 1
      }
    },
    "req_latency": {
      "type": "trend",
      "contains": "default",
      "values": {
        "p(50)": 17.022388,
        "p(95)": 20.700083499999998,
        "p(99)": 27.26224970000002,
        "avg": 17.71820597517962,
        "min": 13.28843,
        "med": 17.022388,
        "max": 86.481202
      }
    },
    "round_trip_count": {
      "type": "trend",
      "contains": "default",
      "values": {
        "avg": 1,
        "min": 1,
        "med": 1,
        "max": 1,
        "p(50)": 1,
        "p(95)": 1,
        "p(99)": 1
      }
    },
    "http_req_sending": {
      "contains": "time",
      "values": {
        "avg": 0.03481512606139784,
        "min": 0.01201,
        "med": 0.02924,
        "max": 0.297369,
        "p(50)": 0.02924,
        "p(95)": 0.0612795,
        "p(99)": 0.122254
      },
      "type": "trend"
    },
    "data_sent": {
      "type": "counter",
      "contains": "data",
      "values": {
        "count": 459386,
        "rate": 5103.073043633298
      }
    },
    "http_req_waiting": {
      "contains": "time",
      "values": {
        "p(50)": 16.889179,
        "p(95)": 20.555149999999998,
        "p(99)": 27.10012910000002,
        "avg": 17.577741899412146,
        "min": 13.197451,
        "med": 16.889179,
        "max": 86.140974
      },
      "type": "trend"
    },
    "iteration_duration": {
      "values": {
        "p(95)": 22.699979,
        "p(99)": 28.75951210000002,
        "avg": 19.20475078772045,
        "min": 14.442192,
        "med": 18.42935,
        "max": 87.768664,
        "p(50)": 18.42935
      },
      "type": "trend",
      "contains": "time"
    },
    "http_req_blocked": {
      "type": "trend",
      "contains": "time",
      "values": {
        "min": 0.00439,
        "med": 0.00736,
        "max": 7.402506,
        "p(50)": 0.00736,
        "p(95)": 0.014075,
        "p(99)": 5.191875700000001,
        "avg": 0.12506137034617898
      }
    },
    "http_req_receiving": {
      "type": "trend",
      "contains": "time",
      "values": {
        "med": 0.09556,
        "max": 0.445168,
        "p(50)": 0.09556,
        "p(95)": 0.16728900000000002,
        "p(99)": 0.24326030000000065,
        "avg": 0.10564894970607432,
        "min": 0.0436
      }
    },
    "vus_max": {
      "values": {
        "value": 34,
        "min": 34,
        "max": 34
      },
      "type": "gauge",
      "contains": "default"
    },
    "http_req_tls_handshaking": {
      "type": "trend",
      "contains": "time",
      "values": {
        "med": 0,
        "max": 0,
        "p(50)": 0,
        "p(95)": 0,
        "p(99)": 0,
        "avg": 0,
        "min": 0
      }
    },
    "checks": {
      "type": "rate",
      "contains": "default",
      "values": {
        "rate": 1,
        "passes": 3062,
        "fails": 0
      }
    },
    "iterations": {
      "type": "counter",
      "contains": "default",
      "values": {
        "count": 1531,
        "rate": 17.00705905230586
      }
    }
  },
  "root_group": {
    "name": "",
    "path": "",
    "id": "d41d8cd98f00b204e9800998ecf8427e",
    "groups": [],
    "checks": [
        {
          "id": "6210a8cd14cd70477eba5c5e4cb3fb5f",
          "passes": 1531,
          "fails": 0,
          "name": "status is 200",
          "path": "::status is 200"
        },
        {
          "name": "no graphql errors",
          "path": "::no graphql errors",
          "id": "7c29382b2a87caa2e50f0d89170b649f",
          "passes": 1531,
          "fails": 0
        }
      ]
  }
}