{
  "options": {
    "summaryTimeUnit": "",
    "noColor": false,
    "summaryTrendStats": [
      "avg",
      "min",
      "med",
      "max",
      "p(50)",
      "p(95)",
      "p(99)"
    ]
  },
  "state": {
    "testRunDurationMs": 90001.423902,
    "isStdOutTTY": false,
    "isStdErrTTY": false
  },
  "metrics": {
    "data_sent": {
      "type": "counter",
      "contains": "data",
      "values": {
        "count": 665979,
        "rate": 7399.649595823791
      }
    },
    "iteration_duration": {
      "type": "trend",
      "contains": "time",
      "values": {
        "min": 3.674933,
        "med": 7.4807125,
        "max": 28.514947,
        "p(50)": 7.4807125,
        "p(95)": 9.4786418,
        "p(99)": 13.821556500000002,
        "avg": 7.619782055333352
      }
    },
    "round_trip_count": {
      "values": {
        "p(95)": 1,
        "p(99)": 1,
        "avg": 1,
        "min": 1,
        "med": 1,
        "max": 1,
        "p(50)": 1
      },
      "type": "trend",
      "contains": "default"
    },
    "http_req_waiting": {
      "contains": "time",
      "values": {
        "med": 7.053138000000001,
        "max": 16.230512,
        "p(50)": 7.053138000000001,
        "p(95)": 8.7670645,
        "p(99)": 9.496605770000004,
        "avg": 7.068954225333339,
        "min": 3.279723
      },
      "type": "trend"
    },
    "http_req_failed": {
      "values": {
        "fails": 4500,
        "rate": 0,
        "passes": 0
      },
      "type": "rate",
      "contains": "default"
    },
    "http_req_sending": {
      "values": {
        "avg": 0.02742063088888884,
        "min": 0.01072,
        "med": 0.0233,
        "max": 0.2454,
        "p(50)": 0.0233,
        "p(95)": 0.05194500000000002,
        "p(99)": 0.11169141000000003
      },
      "type": "trend",
      "contains": "time"
    },
    "payload_bytes": {
      "type": "trend",
      "contains": "default",
      "values": {
        "p(50)": 428,
        "p(95)": 528,
        "p(99)": 530,
        "avg": 520.6537777777778,
        "min": 223,
        "med": 428,
        "max": 29387
      }
    },
    "http_req_connecting": {
      "type": "trend",
      "contains": "time",
      "values": {
        "avg": 0.12042718200000004,
        "min": 0,
        "med": 0,
        "max": 14.979459,
        "p(50)": 0,
        "p(95)": 0,
        "p(99)": 5.437405910000003
      }
    },
    "data_received": {
      "type": "counter",
      "contains": "data",
      "values": {
        "count": 3517464,
        "rate": 39082.315006816636
      }
    },
    "iterations": {
      "type": "counter",
      "contains": "default",
      "values": {
        "rate": 49.99920895584855,
        "count": 4500
      }
    },
    "vus": {
      "type": "gauge",
      "contains": "default",
      "values": {
        "value": 0,
        "min": 0,
        "max": 0
      }
    },
    "http_reqs": {
      "type": "counter",
      "contains": "default",
      "values": {
        "count": 4500,
        "rate": 49.99920895584855
      }
    },
    "req_latency": {
      "contains": "default",
      "values": {
        "p(99)": 9.623248980000001,
        "avg": 7.198925123555554,
        "min": 3.371213,
        "med": 7.161803,
        "max": 22.475863,
        "p(50)": 7.161803,
        "p(95)": 8.8833218
      },
      "type": "trend"
    },
    "http_req_tls_handshaking": {
      "type": "trend",
      "contains": "time",
      "values": {
        "p(50)": 0,
        "p(95)": 0,
        "p(99)": 0,
        "avg": 0,
        "min": 0,
        "med": 0,
        "max": 0
      }
    },
    "vus_max": {
      "type": "gauge",
      "contains": "default",
      "values": {
        "value": 100,
        "min": 100,
        "max": 100
      }
    },
    "http_req_duration{expected_response:true}": {
      "type": "trend",
      "contains": "time",
      "values": {
        "max": 22.475863,
        "p(50)": 7.161803,
        "p(95)": 8.8833218,
        "p(99)": 9.623248980000001,
        "avg": 7.198925123555554,
        "min": 3.371213,
        "med": 7.161803
      }
    },
    "http_req_blocked": {
      "type": "trend",
      "contains": "time",
      "values": {
        "avg": 0.12996735399999843,
        "min": 0.00401,
        "med": 0.00619,
        "max": 15.053159,
        "p(50)": 0.00619,
        "p(95)": 0.018822000000000005,
        "p(99)": 5.5543777000000025
      }
    },
    "checks": {
      "type": "rate",
      "contains": "default",
      "values": {
        "rate": 1,
        "passes": 4500,
        "fails": 0
      }
    },
    "http_req_duration": {
      "type": "trend",
      "contains": "time",
      "values": {
        "med": 7.161803,
        "max": 22.475863,
        "p(50)": 7.161803,
        "p(95)": 8.8833218,
        "p(99)": 9.623248980000001,
        "avg": 7.198925123555554,
        "min": 3.371213
      }
    },
    "http_req_receiving": {
      "contains": "time",
      "values": {
        "p(95)": 0.1345115,
        "p(99)": 0.19091091000000002,
        "avg": 0.10255026733333351,
        "min": 0.04193,
        "med": 0.08463,
        "max": 6.704779,
        "p(50)": 0.08463
      },
      "type": "trend"
    }
  },
  "root_group": {
    "name": "",
    "path": "",
    "id": "d41d8cd98f00b204e9800998ecf8427e",
    "groups": [],
    "checks": [
        {
          "name": "status is 200",
          "path": "::status is 200",
          "id": "6210a8cd14cd70477eba5c5e4cb3fb5f",
          "passes": 4500,
          "fails": 0
        }
      ]
  }
}