{
  "root_group": {
    "name": "",
    "path": "",
    "id": "d41d8cd98f00b204e9800998ecf8427e",
    "groups": [],
    "checks": [
        {
          "path": "::status is 200",
          "id": "6210a8cd14cd70477eba5c5e4cb3fb5f",
          "passes": 4500,
          "fails": 0,
          "name": "status is 200"
        }
      ]
  },
  "options": {
    "summaryTrendStats": [
      "avg",
      "min",
      "med",
      "max",
      "p(50)",
      "p(95)",
      "p(99)"
    ],
    "summaryTimeUnit": "",
    "noColor": false
  },
  "state": {
    "isStdOutTTY": false,
    "isStdErrTTY": false,
    "testRunDurationMs": 90001.404197
  },
  "metrics": {
    "round_trip_count": {
      "values": {
        "avg": 1,
        "min": 1,
        "med": 1,
        "max": 1,
        "p(50)": 1,
        "p(95)": 1,
        "p(99)": 1
      },
      "type": "trend",
      "contains": "default"
    },
    "iteration_duration": {
      "contains": "time",
      "values": {
        "p(50)": 8.1342175,
        "p(95)": 10.408175650000002,
        "p(99)": 14.5465881,
        "avg": 8.28752845755555,
        "min": 3.955803,
        "med": 8.1342175,
        "max": 57.657937
      },
      "type": "trend"
    },
    "http_req_duration{expected_response:true}": {
      "type": "trend",
      "contains": "time",
      "values": {
        "p(95)": 9.6886053,
        "p(99)": 10.79083454,
        "avg": 7.8264816008888864,
        "min": 3.691404,
        "med": 7.7854365,
        "max": 51.3357,
        "p(50)": 7.7854365
      }
    },
    "http_req_tls_handshaking": {
      "type": "trend",
      "contains": "time",
      "values": {
        "p(95)": 0,
        "p(99)": 0,
        "avg": 0,
        "min": 0,
        "med": 0,
        "max": 0,
        "p(50)": 0
      }
    },
    "http_req_blocked": {
      "values": {
        "max": 11.945223,
        "p(50)": 0.0069995000000000005,
        "p(95)": 0.01999195000000001,
        "p(99)": 5.5764098900000025,
        "avg": 0.12796542444444378,
        "min": 0.00402,
        "med": 0.0069995000000000005
      },
      "type": "trend",
      "contains": "time"
    },
    "iterations": {
      "values": {
        "count": 4500,
        "rate": 49.99921990272678
      },
      "type": "counter",
      "contains": "default"
    },
    "http_reqs": {
      "type": "counter",
      "contains": "default",
      "values": {
        "count": 4500,
        "rate": 49.99921990272678
      }
    },
    "http_req_connecting": {
      "type": "trend",
      "contains": "time",
      "values": {
        "p(50)": 0,
        "p(95)": 0,
        "p(99)": 5.3378859800000225,
        "avg": 0.11737892644444449,
        "min": 0,
        "med": 0,
        "max": 11.854025
      }
    },
    "http_req_failed": {
      "type": "rate",
      "contains": "default",
      "values": {
        "rate": 0,
        "passes": 0,
        "fails": 4500
      }
    },
    "http_req_duration": {
      "type": "trend",
      "contains": "time",
      "values": {
        "p(95)": 9.6886053,
        "p(99)": 10.79083454,
        "avg": 7.8264816008888864,
        "min": 3.691404,
        "med": 7.7854365,
        "max": 51.3357,
        "p(50)": 7.7854365
      }
    },
    "http_req_sending": {
      "type": "trend",
      "contains": "time",
      "values": {
        "avg": 0.03047948844444439,
        "min": 0.01151,
        "med": 0.02587,
        "max": 1.993901,
        "p(50)": 0.02587,
        "p(95)": 0.05319005,
        "p(99)": 0.12005589000000015
      }
    },
    "data_sent": {
      "values": {
        "count": 664074,
        "rate": 7378.484879485197
      },
      "type": "counter",
      "contains": "data"
    },
    "vus_max": {
      "type": "gauge",
      "contains": "default",
      "values": {
        "value": 100,
        "min": 100,
        "max": 100
      }
    },
    "checks": {
      "type": "rate",
      "contains": "default",
      "values": {
        "rate": 1,
        "passes": 4500,
        "fails": 0
      }
    },
    "payload_bytes": {
      "type": "trend",
      "contains": "default",
      "values": {
        "min": 615,
        "med": 3511,
        "max": 29355,
        "p(50)": 3511,
        "p(95)": 5105,
        "p(99)": 5262.240000000005,
        "avg": 2967.491111111111
      }
    },
    "vus": {
      "type": "gauge",
      "contains": "default",
      "values": {
        "value": 0,
        "min": 0,
        "max": 0
      }
    },
    "data_received": {
      "type": "counter",
      "contains": "data",
      "values": {
        "count": 14531444,
        "rate": 161457.9697911466
      }
    },
    "http_req_receiving": {
      "type": "trend",
      "contains": "time",
      "values": {
        "p(99)": 0.22894559000000037,
        "avg": 0.10524721800000006,
        "min": 0.044679,
        "med": 0.09559899999999999,
        "max": 6.251082,
        "p(50)": 0.09559899999999999,
        "p(95)": 0.15758995
      }
    },
    "req_latency": {
      "type": "trend",
      "contains": "default",
      "values": {
        "med": 7.7854365,
        "max": 51.3357,
        "p(50)": 7.7854365,
        "p(95)": 9.6886053,
        "p(99)": 10.79083454,
        "avg": 7.8264816008888864,
        "min": 3.691404
      }
    },
    "http_req_waiting": {
      "values": {
        "p(99)": 10.630868790000001,
        "avg": 7.69075489444443,
        "min": 3.591735,
        "med": 7.654548,
        "max": 50.614057,
        "p(50)": 7.654548,
        "p(95)": 9.5606285
      },
      "type": "trend",
      "contains": "time"
    }
  }
}