{
  "options": {
    "noColor": false,
    "summaryTrendStats": [
      "avg",
      "min",
      "med",
      "max",
      "p(50)",
      "p(95)",
      "p(99)"
    ],
    "summaryTimeUnit": ""
  },
  "state": {
    "isStdOutTTY": false,
    "isStdErrTTY": false,
    "testRunDurationMs": 90001.004947
  },
  "metrics": {
    "http_req_duration": {
      "type": "trend",
      "contains": "time",
      "values": {
        "p(99)": 10.81955308,
        "avg": 8.192848757111106,
        "min": 4.081707,
        "med": 8.1923955,
        "max": 13.926965,
        "p(50)": 8.1923955,
        "p(95)": 10.036219800000001
      }
    },
    "http_req_blocked": {
      "contains": "time",
      "values": {
        "med": 0.00713,
        "max": 11.431446,
        "p(50)": 0.00713,
        "p(95)": 0.020732000000000007,
        "p(99)": 5.549780800000004,
        "avg": 0.12944301599999947,
        "min": 0.00421
      },
      "type": "trend"
    },
    "http_req_duration{expected_response:true}": {
      "type": "trend",
      "contains": "time",
      "values": {
        "min": 4.081707,
        "med": 8.1923955,
        "max": 13.926965,
        "p(50)": 8.1923955,
        "p(95)": 10.036219800000001,
        "p(99)": 10.81955308,
        "avg": 8.192848757111106
      }
    },
    "http_req_tls_handshaking": {
      "type": "trend",
      "contains": "time",
      "values": {
        "avg": 0,
        "min": 0,
        "med": 0,
        "max": 0,
        "p(50)": 0,
        "p(95)": 0,
        "p(99)": 0
      }
    },
    "data_received": {
      "type": "counter",
      "contains": "data",
      "values": {
        "count": 14604511,
        "rate": 162270.5325190573
      }
    },
    "iteration_duration": {
      "type": "trend",
      "contains": "time",
      "values": {
        "min": 4.358947,
        "med": 8.547809,
        "max": 22.664303,
        "p(50)": 8.547809,
        "p(95)": 10.7517023,
        "p(99)": 14.562068590000008,
        "avg": 8.657184329777749
      }
    },
    "vus": {
      "type": "gauge",
      "contains": "default",
      "values": {
        "value": 0,
        "min": 0,
        "max": 1
      }
    },
    "vus_max": {
      "type": "gauge",
      "contains": "default",
      "values": {
        "value": 100,
        "min": 100,
        "max": 100
      }
    },
    "http_req_failed": {
      "type": "rate",
      "contains": "default",
      "values": {
        "rate": 0,
        "passes": 0,
        "fails": 4500
      }
    },
    "checks": {
      "values": {
        "rate": 1,
        "passes": 4500,
        "fails": 0
      },
      "type": "rate",
      "contains": "default"
    },
    "http_req_receiving": {
      "values": {
        "min": 0.04346,
        "med": 0.09462,
        "max": 2.494979,
        "p(50)": 0.09462,
        "p(95)": 0.1463895,
        "p(99)": 0.19286239000000005,
        "avg": 0.099400238888889
      },
      "type": "trend",
      "contains": "time"
    },
    "round_trip_count": {
      "type": "trend",
      "contains": "default",
      "values": {
        "min": 1,
        "med": 1,
        "max": 1,
        "p(50)": 1,
        "p(95)": 1,
        "p(99)": 1,
        "avg": 1
      }
    },
    "http_req_waiting": {
      "type": "trend",
      "contains": "time",
      "values": {
        "p(99)": 10.65009788,
        "avg": 8.062161934444443,
        "min": 3.967447,
        "med": 8.0638395,
        "max": 13.787965,
        "p(50)": 8.0638395,
        "p(95)": 9.90705945
      }
    },
    "req_latency": {
      "type": "trend",
      "contains": "default",
      "values": {
        "p(50)": 8.1923955,
        "p(95)": 10.036219800000001,
        "p(99)": 10.81955308,
        "avg": 8.192848757111106,
        "min": 4.081707,
        "med": 8.1923955,
        "max": 13.926965
      }
    },
    "iterations": {
      "type": "counter",
      "contains": "default",
      "values": {
        "count": 4500,
        "rate": 49.99944170234511
      }
    },
    "http_req_connecting": {
      "type": "trend",
      "contains": "time",
      "values": {
        "max": 11.343726,
        "p(50)": 0,
        "p(95)": 0,
        "p(99)": 5.443969000000004,
        "avg": 0.1188982108888889,
        "min": 0,
        "med": 0
      }
    },
    "http_req_sending": {
      "type": "trend",
      "contains": "time",
      "values": {
        "p(95)": 0.07304600000000001,
        "p(99)": 0.11909069000000001,
        "avg": 0.03128658377777773,
        "min": 0.01116,
        "med": 0.0262,
        "max": 1.857379,
        "p(50)": 0.0262
      }
    },
    "payload_bytes": {
      "type": "trend",
      "contains": "default",
      "values": {
        "p(50)": 2781,
        "p(95)": 4463,
        "p(99)": 4747,
        "avg": 2983.445777777778,
        "min": 2012,
        "med": 2781,
        "max": 10688
      }
    },
    "data_sent": {
      "values": {
        "count": 537213,
        "rate": 5968.966683387093
      },
      "type": "counter",
      "contains": "data"
    },
    "http_reqs": {
      "type": "counter",
      "contains": "default",
      "values": {
        "count": 4500,
        "rate": 49.99944170234511
      }
    }
  },
  "root_group": {
    "checks": [
      {
        "fails": 0,
        "name": "status is 200",
        "path": "::status is 200",
        "id": "6210a8cd14cd70477eba5c5e4cb3fb5f",
        "passes": 4500
      }
    ],
    "name": "",
    "path": "",
    "id": "d41d8cd98f00b204e9800998ecf8427e",
    "groups": []
  }
}