{
  "root_group": {
    "checks": [
      {
        "name": "status is 200",
        "path": "::status is 200",
        "id": "6210a8cd14cd70477eba5c5e4cb3fb5f",
        "passes": 9002,
        "fails": 0
      }
    ],
    "name": "",
    "path": "",
    "id": "d41d8cd98f00b204e9800998ecf8427e",
    "groups": []
  },
  "options": {
    "noColor": false,
    "summaryTrendStats": [
      "avg",
      "min",
      "med",
      "max",
      "p(50)",
      "p(95)",
      "p(99)"
    ],
    "summaryTimeUnit": ""
  },
  "state": {
    "isStdOutTTY": false,
    "isStdErrTTY": false,
    "testRunDurationMs": 90016.982266
  },
  "metrics": {
    "req_latency": {
      "type": "trend",
      "contains": "default",
      "values": {
        "med": 7.6066295,
        "max": 44.331166,
        "p(50)": 7.6066295,
        "p(95)": 9.509162499999999,
        "p(99)": 10.29336339,
        "avg": 7.551653275605429,
        "min": 2.615979
      }
    },
    "http_req_blocked": {
      "type": "trend",
      "contains": "time",
      "values": {
        "max": 12.056469,
        "p(50)": 0.0066,
        "p(95)": 0.01092949999999999,
        "p(99)": 4.085453089999991,
        "avg": 0.06893109309042329,
        "min": 0.00305,
        "med": 0.0066
      }
    },
    "http_req_waiting": {
      "values": {
        "max": 44.216936,
        "p(50)": 7.487054,
        "p(95)": 9.385925049999999,
        "p(99)": 10.179495,
        "avg": 7.430656235392143,
        "min": 2.4961,
        "med": 7.487054
      },
      "type": "trend",
      "contains": "time"
    },
    "payload_bytes": {
      "values": {
        "p(95)": 6201,
        "p(99)": 6250,
        "avg": 2831.466340813153,
        "min": 110,
        "med": 907,
        "max": 6366,
        "p(50)": 907
      },
      "type": "trend",
      "contains": "default"
    },
    "iteration_duration": {
      "type": "trend",
      "contains": "time",
      "values": {
        "p(50)": 15.669328,
        "p(95)": 18.34618,
        "p(99)": 22.130249,
        "avg": 15.81221527571657,
        "min": 10.11787,
        "med": 15.669328,
        "max": 52.032135
      }
    },
    "vus_max": {
      "type": "gauge",
      "contains": "default",
      "values": {
        "value": 100,
        "min": 100,
        "max": 100
      }
    },
    "vus": {
      "type": "gauge",
      "contains": "default",
      "values": {
        "value": 1,
        "min": 1,
        "max": 2
      }
    },
    "http_req_sending": {
      "type": "trend",
      "contains": "time",
      "values": {
        "p(50)": 0.0216445,
        "p(95)": 0.04215649999999992,
        "p(99)": 0.0835317099999996,
        "avg": 0.024486230171073205,
        "min": 0.00852,
        "med": 0.0216445,
        "max": 0.51211
      }
    },
    "checks": {
      "type": "rate",
      "contains": "default",
      "values": {
        "rate": 1,
        "passes": 9002,
        "fails": 0
      }
    },
    "http_req_failed": {
      "type": "rate",
      "contains": "default",
      "values": {
        "rate": 0,
        "passes": 0,
        "fails": 9002
      }
    },
    "page_latency": {
      "type": "trend",
      "contains": "default",
      "values": {
        "avg": 15.103306551210816,
        "min": 9.67206,
        "med": 15.062879,
        "max": 51.373246,
        "p(50)": 15.062879,
        "p(95)": 17.367809,
        "p(99)": 18.414758
      }
    },
    "round_trip_count": {
      "type": "trend",
      "contains": "default",
      "values": {
        "p(99)": 2,
        "avg": 2,
        "min": 2,
        "med": 2,
        "max": 2,
        "p(50)": 2,
        "p(95)": 2
      }
    },
    "http_req_duration": {
      "type": "trend",
      "contains": "time",
      "values": {
        "p(50)": 7.6066295,
        "p(95)": 9.509162499999999,
        "p(99)": 10.29336339,
        "avg": 7.551653275605429,
        "min": 2.615979,
        "med": 7.6066295,
        "max": 44.331166
      }
    },
    "http_req_connecting": {
      "values": {
        "med": 0,
        "max": 11.983689,
        "p(50)": 0,
        "p(95)": 0,
        "p(99)": 3.993641189999983,
        "avg": 0.06067328015996447,
        "min": 0
      },
      "type": "trend",
      "contains": "time"
    },
    "http_reqs": {
      "type": "counter",
      "contains": "default",
      "values": {
        "count": 9002,
        "rate": 100.00335240520626
      }
    },
    "data_sent": {
      "type": "counter",
      "contains": "data",
      "values": {
        "count": 904987,
        "rate": 10053.51409499338
      }
    },
    "data_received": {
      "type": "counter",
      "contains": "data",
      "values": {
        "count": 27842883,
        "rate": 309307.002957779
      }
    },
    "http_req_duration{expected_response:true}": {
      "type": "trend",
      "contains": "time",
      "values": {
        "avg": 7.551653275605429,
        "min": 2.615979,
        "med": 7.6066295,
        "max": 44.331166,
        "p(50)": 7.6066295,
        "p(95)": 9.509162499999999,
        "p(99)": 10.29336339
      }
    },
    "http_req_tls_handshaking": {
      "type": "trend",
      "contains": "time",
      "values": {
        "avg": 0,
        "min": 0,
        "med": 0,
        "max": 0,
        "p(50)": 0,
        "p(95)": 0,
        "p(99)": 0
      }
    },
    "http_req_receiving": {
      "values": {
        "p(95)": 0.13738,
        "p(99)": 0.17820818999999993,
        "avg": 0.09651081004221243,
        "min": 0.04217,
        "med": 0.09124,
        "max": 1.16583,
        "p(50)": 0.09124
      },
      "type": "trend",
      "contains": "time"
    },
    "iterations": {
      "type": "counter",
      "contains": "default",
      "values": {
        "count": 4501,
        "rate": 50.00167620260313
      }
    }
  }
}