{
  "metrics": {
    "http_req_receiving": {
      "values": {
        "avg": 0.09863266466666666,
        "min": 0.043419,
        "med": 0.090919,
        "max": 3.744063,
        "p(50)": 0.090919,
        "p(95)": 0.15227345,
        "p(99)": 0.2002332000000001
      },
      "type": "trend",
      "contains": "time"
    },
    "http_req_failed": {
      "type": "rate",
      "contains": "default",
      "values": {
        "fails": 4500,
        "rate": 0,
        "passes": 0
      }
    },
    "iterations": {
      "contains": "default",
      "values": {
        "count": 4500,
        "rate": 49.99924596692705
      },
      "type": "counter"
    },
    "http_req_sending": {
      "type": "trend",
      "contains": "time",
      "values": {
        "avg": 0.03139840133333331,
        "min": 0.01113,
        "med": 0.026334999999999997,
        "max": 2.039205,
        "p(50)": 0.026334999999999997,
        "p(95)": 0.04993250000000001,
        "p(99)": 0.12329810000000019
      }
    },
    "iteration_duration": {
      "type": "trend",
      "contains": "time",
      "values": {
        "p(50)": 7.539664,
        "p(95)": 9.653459550000001,
        "p(99)": 13.794071600000002,
        "avg": 7.685786329111122,
        "min": 3.309545,
        "med": 7.539664,
        "max": 21.953016
      }
    },
    "round_trip_count": {
      "type": "trend",
      "contains": "default",
      "values": {
        "max": 1,
        "p(50)": 1,
        "p(95)": 1,
        "p(99)": 1,
        "avg": 1,
        "min": 1,
        "med": 1
      }
    },
    "http_req_duration{expected_response:true}": {
      "type": "trend",
      "contains": "time",
      "values": {
        "p(95)": 8.914965,
        "p(99)": 9.693858010000001,
        "avg": 7.217745371555554,
        "min": 2.991468,
        "med": 7.1894045,
        "max": 19.146696,
        "p(50)": 7.1894045
      }
    },
    "payload_bytes": {
      "contains": "default",
      "values": {
        "max": 10613,
        "p(50)": 234,
        "p(95)": 269,
        "p(99)": 269,
        "avg": 259.37333333333333,
        "min": 162,
        "med": 234
      },
      "type": "trend"
    },
    "vus": {
      "values": {
        "value": 0,
        "min": 0,
        "max": 1
      },
      "type": "gauge",
      "contains": "default"
    },
    "http_req_waiting": {
      "type": "trend",
      "contains": "time",
      "values": {
        "med": 7.054167,
        "max": 18.920297,
        "p(50)": 7.054167,
        "p(95)": 8.77556195,
        "p(99)": 9.55135971,
        "avg": 7.08771430555555,
        "min": 2.826429
      }
    },
    "req_latency": {
      "contains": "default",
      "values": {
        "avg": 7.217745371555554,
        "min": 2.991468,
        "med": 7.1894045,
        "max": 19.146696,
        "p(50)": 7.1894045,
        "p(95)": 8.914965,
        "p(99)": 9.693858010000001
      },
      "type": "trend"
    },
    "data_sent": {
      "contains": "data",
      "values": {
        "count": 539977,
        "rate": 5999.653964329637
      },
      "type": "counter"
    },
    "data_received": {
      "type": "counter",
      "contains": "data",
      "values": {
        "count": 2341696,
        "rate": 26018.452063059824
      }
    },
    "checks": {
      "type": "rate",
      "contains": "default",
      "values": {
        "fails": 0,
        "rate": 1,
        "passes": 4500
      }
    },
    "http_req_blocked": {
      "type": "trend",
      "contains": "time",
      "values": {
        "med": 0.00718,
        "max": 10.396143,
        "p(50)": 0.00718,
        "p(95)": 0.021624950000000018,
        "p(99)": 5.4210020900000275,
        "avg": 0.13120181066666525,
        "min": 0.0041
      }
    },
    "http_req_duration": {
      "type": "trend",
      "contains": "time",
      "values": {
        "p(50)": 7.1894045,
        "p(95)": 8.914965,
        "p(99)": 9.693858010000001,
        "avg": 7.217745371555554,
        "min": 2.991468,
        "med": 7.1894045,
        "max": 19.146696
      }
    },
    "http_req_connecting": {
      "type": "trend",
      "contains": "time",
      "values": {
        "max": 9.513446,
        "p(50)": 0,
        "p(95)": 0,
        "p(99)": 5.315553410000002,
        "avg": 0.11709878377777777,
        "min": 0,
        "med": 0
      }
    },
    "http_reqs": {
      "type": "counter",
      "contains": "default",
      "values": {
        "count": 4500,
        "rate": 49.99924596692705
      }
    },
    "http_req_tls_handshaking": {
      "type": "trend",
      "contains": "time",
      "values": {
        "min": 0,
        "med": 0,
        "max": 0,
        "p(50)": 0,
        "p(95)": 0,
        "p(99)": 0,
        "avg": 0
      }
    },
    "vus_max": {
      "type": "gauge",
      "contains": "default",
      "values": {
        "value": 100,
        "min": 100,
        "max": 100
      }
    }
  },
  "root_group": {
    "name": "",
    "path": "",
    "id": "d41d8cd98f00b204e9800998ecf8427e",
    "groups": [],
    "checks": [
        {
          "name": "status is 200",
          "path": "::status is 200",
          "id": "6210a8cd14cd70477eba5c5e4cb3fb5f",
          "passes": 4500,
          "fails": 0
        }
      ]
  },
  "options": {
    "summaryTrendStats": [
      "avg",
      "min",
      "med",
      "max",
      "p(50)",
      "p(95)",
      "p(99)"
    ],
    "summaryTimeUnit": "",
    "noColor": false
  },
  "state": {
    "isStdOutTTY": false,
    "isStdErrTTY": false,
    "testRunDurationMs": 90001.35728
  }
}