{
  "root_group": {
    "name": "",
    "path": "",
    "id": "d41d8cd98f00b204e9800998ecf8427e",
    "groups": [],
    "checks": [
        {
          "name": "status is 200",
          "path": "::status is 200",
          "id": "6210a8cd14cd70477eba5c5e4cb3fb5f",
          "passes": 2250,
          "fails": 0
        }
      ]
  },
  "options": {
    "summaryTrendStats": [
      "avg",
      "min",
      "med",
      "max",
      "p(50)",
      "p(95)",
      "p(99)"
    ],
    "summaryTimeUnit": "",
    "noColor": false
  },
  "state": {
    "isStdOutTTY": false,
    "isStdErrTTY": false,
    "testRunDurationMs": 90001.05923
  },
  "metrics": {
    "http_req_blocked": {
      "contains": "time",
      "values": {
        "max": 8.093892,
        "p(50)": 0.00715,
        "p(95)": 0.020256949999999933,
        "p(99)": 5.575700289999983,
        "avg": 0.12930360755555614,
        "min": 0.00409,
        "med": 0.00715
      },
      "type": "trend"
    },
    "http_req_tls_handshaking": {
      "type": "trend",
      "contains": "time",
      "values": {
        "med": 0,
        "max": 0,
        "p(50)": 0,
        "p(95)": 0,
        "p(99)": 0,
        "avg": 0,
        "min": 0
      }
    },
    "http_req_waiting": {
      "type": "trend",
      "contains": "time",
      "values": {
        "med": 8.306090000000001,
        "max": 20.013403,
        "p(50)": 8.306090000000001,
        "p(95)": 10.229559999999998,
        "p(99)": 11.595296379999999,
        "avg": 8.310719532444443,
        "min": 4.357529
      }
    },
    "http_req_duration": {
      "type": "trend",
      "contains": "time",
      "values": {
        "p(99)": 11.769160799999995,
        "avg": 8.444840627111105,
        "min": 4.517438,
        "med": 8.4400495,
        "max": 20.325162,
        "p(50)": 8.4400495,
        "p(95)": 10.37494605
      }
    },
    "data_sent": {
      "values": {
        "count": 212384,
        "rate": 2359.79444927695
      },
      "type": "counter",
      "contains": "data"
    },
    "iteration_duration": {
      "type": "trend",
      "contains": "time",
      "values": {
        "p(99)": 15.081024399999974,
        "avg": 8.902511092444449,
        "min": 4.881006,
        "med": 8.761372000000001,
        "max": 21.380116,
        "p(50)": 8.761372000000001,
        "p(95)": 11.087057449999998
      }
    },
    "vus": {
      "values": {
        "min": 0,
        "max": 0,
        "value": 0
      },
      "type": "gauge",
      "contains": "default"
    },
    "http_req_connecting": {
      "type": "trend",
      "contains": "time",
      "values": {
        "avg": 0.11844682,
        "min": 0,
        "med": 0,
        "max": 7.928532,
        "p(50)": 0,
        "p(95)": 0,
        "p(99)": 5.483293089999979
      }
    },
    "http_req_sending": {
      "values": {
        "max": 0.377218,
        "p(50)": 0.02526,
        "p(95)": 0.054798499999999924,
        "p(99)": 0.1213839999999999,
        "avg": 0.02968803155555556,
        "min": 0.01069,
        "med": 0.02526
      },
      "type": "trend",
      "contains": "time"
    },
    "iterations": {
      "type": "counter",
      "contains": "default",
      "values": {
        "count": 2250,
        "rate": 24.99970577290727
      }
    },
    "vus_max": {
      "contains": "default",
      "values": {
        "value": 50,
        "min": 50,
        "max": 50
      },
      "type": "gauge"
    },
    "http_req_failed": {
      "type": "rate",
      "contains": "default",
      "values": {
        "rate": 0,
        "passes": 0,
        "fails": 2250
      }
    },
    "payload_bytes": {
      "type": "trend",
      "contains": "default",
      "values": {
        "p(50)": 211,
        "p(95)": 238,
        "p(99)": 263,
        "avg": 210.044,
        "min": 111,
        "med": 211,
        "max": 292
      }
    },
    "data_received": {
      "type": "counter",
      "contains": "data",
      "values": {
        "count": 1059849,
        "rate": 11775.961406093333
      }
    },
    "checks": {
      "type": "rate",
      "contains": "default",
      "values": {
        "rate": 1,
        "passes": 2250,
        "fails": 0
      }
    },
    "http_reqs": {
      "type": "counter",
      "contains": "default",
      "values": {
        "count": 2250,
        "rate": 24.99970577290727
      }
    },
    "http_req_receiving": {
      "type": "trend",
      "contains": "time",
      "values": {
        "p(99)": 0.25492358999999865,
        "avg": 0.10443306311111113,
        "min": 0.04222,
        "med": 0.09183949999999999,
        "max": 1.070555,
        "p(50)": 0.09183949999999999,
        "p(95)": 0.18144899999999994
      }
    },
    "req_latency": {
      "type": "trend",
      "contains": "default",
      "values": {
        "avg": 8.444840627111105,
        "min": 4.517438,
        "med": 8.4400495,
        "max": 20.325162,
        "p(50)": 8.4400495,
        "p(95)": 10.37494605,
        "p(99)": 11.769160799999995
      }
    },
    "round_trip_count": {
      "contains": "default",
      "values": {
        "p(99)": 1,
        "avg": 1,
        "min": 1,
        "med": 1,
        "max": 1,
        "p(50)": 1,
        "p(95)": 1
      },
      "type": "trend"
    },
    "http_req_duration{expected_response:true}": {
      "type": "trend",
      "contains": "time",
      "values": {
        "avg": 8.444840627111105,
        "min": 4.517438,
        "med": 8.4400495,
        "max": 20.325162,
        "p(50)": 8.4400495,
        "p(95)": 10.37494605,
        "p(99)": 11.769160799999995
      }
    }
  }
}