{
  "options": {
    "summaryTrendStats": [
      "avg",
      "min",
      "med",
      "max",
      "p(50)",
      "p(95)",
      "p(99)"
    ],
    "summaryTimeUnit": "",
    "noColor": false
  },
  "state": {
    "isStdErrTTY": false,
    "testRunDurationMs": 90016.597006,
    "isStdOutTTY": false
  },
  "metrics": {
    "http_req_waiting": {
      "type": "trend",
      "contains": "time",
      "values": {
        "p(99)": 16.980159,
        "avg": 12.950576409595746,
        "min": 8.291293,
        "med": 12.614154,
        "max": 55.252732,
        "p(50)": 12.614154,
        "p(95)": 15.494163499999999
      }
    },
    "http_req_failed": {
      "type": "rate",
      "contains": "default",
      "values": {
        "rate": 0,
        "passes": 0,
        "fails": 2251
      }
    },
    "iterations": {
      "type": "counter",
      "contains": "default",
      "values": {
        "count": 2251,
        "rate": 25.00649963306168
      }
    },
    "http_req_duration": {
      "type": "trend",
      "contains": "time",
      "values": {
        "p(99)": 17.099293,
        "avg": 13.075335734784522,
        "min": 8.402361,
        "med": 12.750552,
        "max": 55.609129,
        "p(50)": 12.750552,
        "p(95)": 15.663792
      }
    },
    "http_req_blocked": {
      "type": "trend",
      "contains": "time",
      "values": {
        "avg": 0.12684249977787657,
        "min": 0.00374,
        "med": 0.00614,
        "max": 7.656347,
        "p(50)": 0.00614,
        "p(95)": 0.0126345,
        "p(99)": 5.687955499999999
      }
    },
    "checks": {
      "type": "rate",
      "contains": "default",
      "values": {
        "passes": 4502,
        "fails": 0,
        "rate": 1
      }
    },
    "http_reqs": {
      "type": "counter",
      "contains": "default",
      "values": {
        "count": 2251,
        "rate": 25.00649963306168
      }
    },
    "http_req_duration{expected_response:true}": {
      "type": "trend",
      "contains": "time",
      "values": {
        "med": 12.750552,
        "max": 55.609129,
        "p(50)": 12.750552,
        "p(95)": 15.663792,
        "p(99)": 17.099293,
        "avg": 13.075335734784522,
        "min": 8.402361
      }
    },
    "http_req_receiving": {
      "type": "trend",
      "contains": "time",
      "values": {
        "max": 6.268597,
        "p(50)": 0.08402,
        "p(95)": 0.150339,
        "p(99)": 0.22084399999999998,
        "avg": 0.09627005197689917,
        "min": 0.04335,
        "med": 0.08402
      }
    },
    "data_received": {
      "type": "counter",
      "contains": "data",
      "values": {
        "rate": 18776.026379750212,
        "count": 1690154
      }
    },
    "vus_max": {
      "type": "gauge",
      "contains": "default",
      "values": {
        "max": 50,
        "value": 50,
        "min": 50
      }
    },
    "req_latency": {
      "type": "trend",
      "contains": "default",
      "values": {
        "med": 12.750552,
        "max": 55.609129,
        "p(50)": 12.750552,
        "p(95)": 15.663792,
        "p(99)": 17.099293,
        "avg": 13.075335734784522,
        "min": 8.402361
      }
    },
    "http_req_tls_handshaking": {
      "type": "trend",
      "contains": "time",
      "values": {
        "min": 0,
        "med": 0,
        "max": 0,
        "p(50)": 0,
        "p(95)": 0,
        "p(99)": 0,
        "avg": 0
      }
    },
    "iteration_duration": {
      "type": "trend",
      "contains": "time",
      "values": {
        "max": 61.47715,
        "p(50)": 13.352149,
        "p(95)": 16.789965,
        "p(99)": 21.275168999999998,
        "avg": 13.794507487783243,
        "min": 8.999018,
        "med": 13.352149
      }
    },
    "http_req_connecting": {
      "type": "trend",
      "contains": "time",
      "values": {
        "min": 0,
        "med": 0,
        "max": 7.519109,
        "p(50)": 0,
        "p(95)": 0,
        "p(99)": 5.5987365,
        "avg": 0.11798219813416261
      }
    },
    "vus": {
      "type": "gauge",
      "contains": "default",
      "values": {
        "max": 0,
        "value": 0,
        "min": 0
      }
    },
    "round_trip_count": {
      "values": {
        "p(95)": 1,
        "p(99)": 1,
        "avg": 1,
        "min": 1,
        "med": 1,
        "max": 1,
        "p(50)": 1
      },
      "type": "trend",
      "contains": "default"
    },
    "data_sent": {
      "contains": "data",
      "values": {
        "count": 598760,
        "rate": 6651.662248019552
      },
      "type": "counter"
    },
    "http_req_sending": {
      "type": "trend",
      "contains": "time",
      "values": {
        "avg": 0.028489273211905797,
        "min": 0.01184,
        "med": 0.024549,
        "max": 0.374047,
        "p(50)": 0.024549,
        "p(95)": 0.050019,
        "p(99)": 0.10102900000000001
      }
    },
    "payload_bytes": {
      "type": "trend",
      "contains": "default",
      "values": {
        "min": 242,
        "med": 447,
        "max": 29406,
        "p(50)": 447,
        "p(95)": 546,
        "p(99)": 549,
        "avg": 489.8440693025322
      }
    }
  },
  "root_group": {
    "name": "",
    "path": "",
    "id": "d41d8cd98f00b204e9800998ecf8427e",
    "groups": [],
    "checks": [
        {
          "fails": 0,
          "name": "status is 200",
          "path": "::status is 200",
          "id": "6210a8cd14cd70477eba5c5e4cb3fb5f",
          "passes": 2251
        },
        {
          "path": "::no graphql errors",
          "id": "7c29382b2a87caa2e50f0d89170b649f",
          "passes": 2251,
          "fails": 0,
          "name": "no graphql errors"
        }
      ]
  }
}