{
  "state": {
    "isStdOutTTY": false,
    "isStdErrTTY": false,
    "testRunDurationMs": 90001.36721
  },
  "metrics": {
    "req_latency": {
      "contains": "default",
      "values": {
        "p(50)": 8.4251015,
        "p(95)": 10.433895,
        "p(99)": 13.283598689999716,
        "avg": 8.625643665777769,
        "min": 4.412465,
        "med": 8.4251015,
        "max": 55.851394
      },
      "type": "trend"
    },
    "http_req_duration{expected_response:true}": {
      "values": {
        "avg": 8.625643665777769,
        "min": 4.412465,
        "med": 8.4251015,
        "max": 55.851394,
        "p(50)": 8.4251015,
        "p(95)": 10.433895,
        "p(99)": 13.283598689999716
      },
      "type": "trend",
      "contains": "time"
    },
    "vus": {
      "contains": "default",
      "values": {
        "value": 0,
        "min": 0,
        "max": 1
      },
      "type": "gauge"
    },
    "payload_bytes": {
      "type": "trend",
      "contains": "default",
      "values": {
        "avg": 209.62488888888888,
        "min": 111,
        "med": 211,
        "max": 292,
        "p(50)": 211,
        "p(95)": 238,
        "p(99)": 263
      }
    },
    "data_received": {
      "type": "counter",
      "contains": "data",
      "values": {
        "count": 1058906,
        "rate": 11765.443490755611
      }
    },
    "http_req_sending": {
      "type": "trend",
      "contains": "time",
      "values": {
        "avg": 0.03685088355555555,
        "min": 0.01245,
        "med": 0.027304500000000002,
        "max": 3.582717,
        "p(50)": 0.027304500000000002,
        "p(95)": 0.05748344999999992,
        "p(99)": 0.12297740999999993
      }
    },
    "http_req_failed": {
      "values": {
        "rate": 0,
        "passes": 0,
        "fails": 2250
      },
      "type": "rate",
      "contains": "default"
    },
    "iteration_duration": {
      "type": "trend",
      "contains": "time",
      "values": {
        "p(95)": 11.231076049999997,
        "p(99)": 16.80476318999997,
        "avg": 9.139578724444466,
        "min": 4.888334,
        "med": 8.8403955,
        "max": 68.240034,
        "p(50)": 8.8403955
      }
    },
    "http_req_duration": {
      "contains": "time",
      "values": {
        "min": 4.412465,
        "med": 8.4251015,
        "max": 55.851394,
        "p(50)": 8.4251015,
        "p(95)": 10.433895,
        "p(99)": 13.283598689999716,
        "avg": 8.625643665777769
      },
      "type": "trend"
    },
    "http_req_blocked": {
      "contains": "time",
      "values": {
        "avg": 0.13260464133333302,
        "min": 0.0048,
        "med": 0.00795,
        "max": 8.001524,
        "p(50)": 0.00795,
        "p(95)": 0.02093249999999996,
        "p(99)": 5.460312999999987
      },
      "type": "trend"
    },
    "checks": {
      "type": "rate",
      "contains": "default",
      "values": {
        "rate": 1,
        "passes": 2250,
        "fails": 0
      }
    },
    "data_sent": {
      "type": "counter",
      "contains": "data",
      "values": {
        "rate": 2359.408602144056,
        "count": 212350
      }
    },
    "http_req_receiving": {
      "type": "trend",
      "contains": "time",
      "values": {
        "p(99)": 0.2636819999999999,
        "avg": 0.1160616288888889,
        "min": 0.04076,
        "med": 0.0968805,
        "max": 4.093257,
        "p(50)": 0.0968805,
        "p(95)": 0.18673499999999998
      }
    },
    "http_reqs": {
      "type": "counter",
      "contains": "default",
      "values": {
        "count": 2250,
        "rate": 24.99962022521369
      }
    },
    "http_req_connecting": {
      "type": "trend",
      "contains": "time",
      "values": {
        "avg": 0.11850537911111113,
        "min": 0,
        "med": 0,
        "max": 7.889065,
        "p(50)": 0,
        "p(95)": 0,
        "p(99)": 5.326689499999995
      }
    },
    "round_trip_count": {
      "contains": "default",
      "values": {
        "max": 1,
        "p(50)": 1,
        "p(95)": 1,
        "p(99)": 1,
        "avg": 1,
        "min": 1,
        "med": 1
      },
      "type": "trend"
    },
    "http_req_waiting": {
      "type": "trend",
      "contains": "time",
      "values": {
        "p(50)": 8.286722999999999,
        "p(95)": 10.279712499999999,
        "p(99)": 12.476762259999967,
        "avg": 8.472731153333333,
        "min": 4.280736,
        "med": 8.286722999999999,
        "max": 55.657344
      }
    },
    "http_req_tls_handshaking": {
      "type": "trend",
      "contains": "time",
      "values": {
        "p(99)": 0,
        "avg": 0,
        "min": 0,
        "med": 0,
        "max": 0,
        "p(50)": 0,
        "p(95)": 0
      }
    },
    "iterations": {
      "type": "counter",
      "contains": "default",
      "values": {
        "count": 2250,
        "rate": 24.99962022521369
      }
    },
    "vus_max": {
      "type": "gauge",
      "contains": "default",
      "values": {
        "value": 50,
        "min": 50,
        "max": 50
      }
    }
  },
  "root_group": {
    "name": "",
    "path": "",
    "id": "d41d8cd98f00b204e9800998ecf8427e",
    "groups": [],
    "checks": [
        {
          "name": "status is 200",
          "path": "::status is 200",
          "id": "6210a8cd14cd70477eba5c5e4cb3fb5f",
          "passes": 2250,
          "fails": 0
        }
      ]
  },
  "options": {
    "summaryTrendStats": [
      "avg",
      "min",
      "med",
      "max",
      "p(50)",
      "p(95)",
      "p(99)"
    ],
    "summaryTimeUnit": "",
    "noColor": false
  }
}