{
  "options": {
    "summaryTrendStats": [
      "avg",
      "min",
      "med",
      "max",
      "p(50)",
      "p(95)",
      "p(99)"
    ],
    "summaryTimeUnit": "",
    "noColor": false
  },
  "state": {
    "isStdOutTTY": false,
    "isStdErrTTY": false,
    "testRunDurationMs": 90060.085615
  },
  "metrics": {
    "http_req_tls_handshaking": {
      "type": "trend",
      "contains": "time",
      "values": {
        "max": 0,
        "p(50)": 0,
        "p(95)": 0,
        "p(99)": 0,
        "avg": 0,
        "min": 0,
        "med": 0
      }
    },
    "iteration_duration": {
      "values": {
        "avg": 13.351184142020742,
        "min": 8.937007,
        "med": 12.46149,
        "max": 85.029596,
        "p(50)": 12.46149,
        "p(95)": 16.751904,
        "p(99)": 44.987933399999996
      },
      "type": "trend",
      "contains": "time"
    },
    "http_req_duration{expected_response:true}": {
      "type": "trend",
      "contains": "time",
      "values": {
        "med": 11.931144,
        "max": 78.143622,
        "p(50)": 11.931144,
        "p(95)": 14.943404,
        "p(99)": 44.534328599999995,
        "avg": 12.718665158384578,
        "min": 8.349051
      }
    },
    "http_req_connecting": {
      "contains": "time",
      "values": {
        "p(95)": 0,
        "p(99)": 5.362911199999998,
        "avg": 0.11768874613421404,
        "min": 0,
        "med": 0,
        "max": 13.204204,
        "p(50)": 0
      },
      "type": "trend"
    },
    "iterations": {
      "type": "counter",
      "contains": "default",
      "values": {
        "count": 6661,
        "rate": 73.96173293100416
      }
    },
    "http_req_blocked": {
      "type": "trend",
      "contains": "time",
      "values": {
        "min": 0.00408,
        "med": 0.00676,
        "max": 13.278854,
        "p(50)": 0.00676,
        "p(95)": 0.01326,
        "p(99)": 5.4585371999999985,
        "avg": 0.12758377240654456
      }
    },
    "http_req_waiting": {
      "values": {
        "avg": 12.581270343341888,
        "min": 8.185102,
        "med": 11.808946,
        "max": 76.873051,
        "p(50)": 11.808946,
        "p(95)": 14.844343,
        "p(99)": 43.74083459999997
      },
      "type": "trend",
      "contains": "time"
    },
    "round_trip_count": {
      "contains": "default",
      "values": {
        "max": 1,
        "p(50)": 1,
        "p(95)": 1,
        "p(99)": 1,
        "avg": 1,
        "min": 1,
        "med": 1
      },
      "type": "trend"
    },
    "http_reqs": {
      "values": {
        "count": 6661,
        "rate": 73.96173293100416
      },
      "type": "counter",
      "contains": "default"
    },
    "req_latency": {
      "type": "trend",
      "contains": "default",
      "values": {
        "avg": 12.718665158384578,
        "min": 8.349051,
        "med": 11.931144,
        "max": 78.143622,
        "p(50)": 11.931144,
        "p(95)": 14.943404,
        "p(99)": 44.534328599999995
      }
    },
    "http_req_sending": {
      "type": "trend",
      "contains": "time",
      "values": {
        "p(50)": 0.02582,
        "p(95)": 0.051809,
        "p(99)": 0.11538699999999935,
        "avg": 0.03046842996547065,
        "min": 0.01077,
        "med": 0.02582,
        "max": 0.412188
      }
    },
    "checks": {
      "values": {
        "rate": 1,
        "passes": 13322,
        "fails": 0
      },
      "type": "rate",
      "contains": "default"
    },
    "http_req_duration": {
      "values": {
        "min": 8.349051,
        "med": 11.931144,
        "max": 78.143622,
        "p(50)": 11.931144,
        "p(95)": 14.943404,
        "p(99)": 44.534328599999995,
        "avg": 12.718665158384578
      },
      "type": "trend",
      "contains": "time"
    },
    "data_received": {
      "contains": "data",
      "values": {
        "count": 3617375,
        "rate": 40166.239853068786
      },
      "type": "counter"
    },
    "data_sent": {
      "type": "counter",
      "contains": "data",
      "values": {
        "count": 1771806,
        "rate": 19673.598885685446
      }
    },
    "vus": {
      "contains": "default",
      "values": {
        "max": 4,
        "value": 1,
        "min": 1
      },
      "type": "gauge"
    },
    "http_req_failed": {
      "type": "rate",
      "contains": "default",
      "values": {
        "passes": 0,
        "fails": 6661,
        "rate": 0
      }
    },
    "payload_bytes": {
      "contains": "default",
      "values": {
        "p(95)": 288,
        "p(99)": 288,
        "avg": 282.0636541059901,
        "min": 181,
        "med": 253,
        "max": 10632,
        "p(50)": 253
      },
      "type": "trend"
    },
    "vus_max": {
      "type": "gauge",
      "contains": "default",
      "values": {
        "min": 148,
        "max": 148,
        "value": 148
      }
    },
    "http_req_receiving": {
      "type": "trend",
      "contains": "time",
      "values": {
        "max": 5.852948,
        "p(50)": 0.08897,
        "p(95)": 0.163009,
        "p(99)": 0.6355595999999997,
        "avg": 0.10692638507731528,
        "min": 0.040769,
        "med": 0.08897
      }
    }
  },
  "root_group": {
    "id": "d41d8cd98f00b204e9800998ecf8427e",
    "groups": [],
    "checks": [
        {
          "passes": 6661,
          "fails": 0,
          "name": "status is 200",
          "path": "::status is 200",
          "id": "6210a8cd14cd70477eba5c5e4cb3fb5f"
        },
        {
          "fails": 0,
          "name": "no graphql errors",
          "path": "::no graphql errors",
          "id": "7c29382b2a87caa2e50f0d89170b649f",
          "passes": 6661
        }
      ],
    "name": "",
    "path": ""
  }
}