{
  "root_group": {
    "name": "",
    "path": "",
    "id": "d41d8cd98f00b204e9800998ecf8427e",
    "groups": [],
    "checks": [
        {
          "name": "status is 200",
          "path": "::status is 200",
          "id": "6210a8cd14cd70477eba5c5e4cb3fb5f",
          "passes": 2251,
          "fails": 0
        }
      ]
  },
  "options": {
    "summaryTrendStats": [
      "avg",
      "min",
      "med",
      "max",
      "p(50)",
      "p(95)",
      "p(99)"
    ],
    "summaryTimeUnit": "",
    "noColor": false
  },
  "state": {
    "isStdOutTTY": false,
    "isStdErrTTY": false,
    "testRunDurationMs": 90010.995789
  },
  "metrics": {
    "http_req_sending": {
      "type": "trend",
      "contains": "time",
      "values": {
        "med": 0.02445,
        "max": 0.245268,
        "p(50)": 0.02445,
        "p(95)": 0.0598495,
        "p(99)": 0.123904,
        "avg": 0.029442334962239046,
        "min": 0.01076
      }
    },
    "http_req_receiving": {
      "type": "trend",
      "contains": "time",
      "values": {
        "avg": 0.10317537583296318,
        "min": 0.043689,
        "med": 0.094499,
        "max": 0.348578,
        "p(50)": 0.094499,
        "p(95)": 0.161468,
        "p(99)": 0.231773
      }
    },
    "round_trip_count": {
      "type": "trend",
      "contains": "default",
      "values": {
        "min": 1,
        "med": 1,
        "max": 1,
        "p(50)": 1,
        "p(95)": 1,
        "p(99)": 1,
        "avg": 1
      }
    },
    "http_req_blocked": {
      "type": "trend",
      "contains": "time",
      "values": {
        "avg": 0.13188862727676573,
        "min": 0.00415,
        "med": 0.00674,
        "max": 7.778075,
        "p(50)": 0.00674,
        "p(95)": 0.0206595,
        "p(99)": 5.582383500000001
      }
    },
    "http_req_connecting": {
      "type": "trend",
      "contains": "time",
      "values": {
        "avg": 0.12150044380275433,
        "min": 0,
        "med": 0,
        "max": 7.637967,
        "p(50)": 0,
        "p(95)": 0,
        "p(99)": 5.463779499999999
      }
    },
    "http_req_waiting": {
      "type": "trend",
      "contains": "time",
      "values": {
        "med": 8.62068,
        "max": 12.822638,
        "p(50)": 8.62068,
        "p(95)": 10.588605,
        "p(99)": 11.485071999999999,
        "avg": 8.633402295868498,
        "min": 3.607761
      }
    },
    "http_req_failed": {
      "values": {
        "fails": 2251,
        "rate": 0,
        "passes": 0
      },
      "type": "rate",
      "contains": "default"
    },
    "iterations": {
      "values": {
        "count": 2251,
        "rate": 25.00805574106412
      },
      "type": "counter",
      "contains": "default"
    },
    "data_sent": {
      "type": "counter",
      "contains": "data",
      "values": {
        "rate": 2985.3352653703078,
        "count": 268713
      }
    },
    "checks": {
      "contains": "default",
      "values": {
        "passes": 2251,
        "fails": 0,
        "rate": 1
      },
      "type": "rate"
    },
    "http_req_duration{expected_response:true}": {
      "contains": "time",
      "values": {
        "p(50)": 8.74916,
        "p(95)": 10.728243500000001,
        "p(99)": 11.604700999999999,
        "avg": 8.766020006663688,
        "min": 3.72072,
        "med": 8.74916,
        "max": 13.025626
      },
      "type": "trend"
    },
    "http_req_tls_handshaking": {
      "type": "trend",
      "contains": "time",
      "values": {
        "max": 0,
        "p(50)": 0,
        "p(95)": 0,
        "p(99)": 0,
        "avg": 0,
        "min": 0,
        "med": 0
      }
    },
    "vus": {
      "type": "gauge",
      "contains": "default",
      "values": {
        "value": 0,
        "min": 0,
        "max": 0
      }
    },
    "http_req_duration": {
      "type": "trend",
      "contains": "time",
      "values": {
        "p(95)": 10.728243500000001,
        "p(99)": 11.604700999999999,
        "avg": 8.766020006663688,
        "min": 3.72072,
        "med": 8.74916,
        "max": 13.025626,
        "p(50)": 8.74916
      }
    },
    "req_latency": {
      "values": {
        "avg": 8.766020006663688,
        "min": 3.72072,
        "med": 8.74916,
        "max": 13.025626,
        "p(50)": 8.74916,
        "p(95)": 10.728243500000001,
        "p(99)": 11.604700999999999
      },
      "type": "trend",
      "contains": "default"
    },
    "payload_bytes": {
      "values": {
        "p(95)": 4433,
        "p(99)": 4749,
        "avg": 2968.69346956908,
        "min": 2012,
        "med": 2815,
        "max": 4819,
        "p(50)": 2815
      },
      "type": "trend",
      "contains": "default"
    },
    "http_reqs": {
      "contains": "default",
      "values": {
        "count": 2251,
        "rate": 25.00805574106412
      },
      "type": "counter"
    },
    "data_received": {
      "type": "counter",
      "contains": "data",
      "values": {
        "count": 7272291,
        "rate": 80793.3623692754
      }
    },
    "iteration_duration": {
      "type": "trend",
      "contains": "time",
      "values": {
        "p(95)": 11.3880075,
        "p(99)": 15.302609,
        "avg": 9.231408523767223,
        "min": 3.994157,
        "med": 9.120678,
        "max": 18.14415,
        "p(50)": 9.120678
      }
    },
    "vus_max": {
      "contains": "default",
      "values": {
        "value": 50,
        "min": 50,
        "max": 50
      },
      "type": "gauge"
    }
  }
}