{
  "state": {
    "isStdOutTTY": false,
    "isStdErrTTY": false,
    "testRunDurationMs": 90001.54086
  },
  "metrics": {
    "http_req_sending": {
      "values": {
        "min": 0.011159,
        "med": 0.0274,
        "max": 1.703552,
        "p(50)": 0.0274,
        "p(95)": 0.056282999999999944,
        "p(99)": 0.12104619999999987,
        "avg": 0.03257832627627617
      },
      "type": "trend",
      "contains": "time"
    },
    "iterations": {
      "type": "counter",
      "contains": "default",
      "values": {
        "count": 6660,
        "rate": 73.99873309235697
      }
    },
    "http_reqs": {
      "contains": "default",
      "values": {
        "count": 6660,
        "rate": 73.99873309235697
      },
      "type": "counter"
    },
    "http_req_duration{expected_response:true}": {
      "type": "trend",
      "contains": "time",
      "values": {
        "min": 8.061937,
        "med": 11.922035000000001,
        "max": 60.194113,
        "p(50)": 11.922035000000001,
        "p(95)": 14.913985599999998,
        "p(99)": 42.870207789999995,
        "avg": 12.645272431681686
      }
    },
    "data_sent": {
      "values": {
        "count": 1771537,
        "rate": 19683.407451386603
      },
      "type": "counter",
      "contains": "data"
    },
    "http_req_waiting": {
      "values": {
        "avg": 12.503838998798763,
        "min": 7.941508,
        "med": 11.7965085,
        "max": 59.262033,
        "p(50)": 11.7965085,
        "p(95)": 14.778485399999997,
        "p(99)": 42.05450287999998
      },
      "type": "trend",
      "contains": "time"
    },
    "checks": {
      "type": "rate",
      "contains": "default",
      "values": {
        "rate": 1,
        "passes": 13320,
        "fails": 0
      }
    },
    "req_latency": {
      "type": "trend",
      "contains": "default",
      "values": {
        "p(50)": 11.922035000000001,
        "p(95)": 14.913985599999998,
        "p(99)": 42.870207789999995,
        "avg": 12.645272431681686,
        "min": 8.061937,
        "med": 11.922035000000001,
        "max": 60.194113
      }
    },
    "round_trip_count": {
      "type": "trend",
      "contains": "default",
      "values": {
        "avg": 1,
        "min": 1,
        "med": 1,
        "max": 1,
        "p(50)": 1,
        "p(95)": 1,
        "p(99)": 1
      }
    },
    "http_req_blocked": {
      "type": "trend",
      "contains": "time",
      "values": {
        "p(95)": 0.014524949999999927,
        "p(99)": 5.576186609999995,
        "avg": 0.13228589504504457,
        "min": 0.00433,
        "med": 0.00726,
        "max": 15.864412,
        "p(50)": 0.00726
      }
    },
    "http_req_connecting": {
      "type": "trend",
      "contains": "time",
      "values": {
        "avg": 0.12195927357357357,
        "min": 0,
        "med": 0,
        "max": 15.752512,
        "p(50)": 0,
        "p(95)": 0,
        "p(99)": 5.472554899999998
      }
    },
    "http_req_failed": {
      "contains": "default",
      "values": {
        "rate": 0,
        "passes": 0,
        "fails": 6660
      },
      "type": "rate"
    },
    "vus_max": {
      "contains": "default",
      "values": {
        "value": 148,
        "min": 148,
        "max": 148
      },
      "type": "gauge"
    },
    "http_req_duration": {
      "type": "trend",
      "contains": "time",
      "values": {
        "p(50)": 11.922035000000001,
        "p(95)": 14.913985599999998,
        "p(99)": 42.870207789999995,
        "avg": 12.645272431681686,
        "min": 8.061937,
        "med": 11.922035000000001,
        "max": 60.194113
      }
    },
    "payload_bytes": {
      "contains": "default",
      "values": {
        "max": 10632,
        "p(50)": 253,
        "p(95)": 288,
        "p(99)": 288,
        "avg": 282.1843843843844,
        "min": 181,
        "med": 253
      },
      "type": "trend"
    },
    "data_received": {
      "values": {
        "count": 3617636,
        "rate": 40195.267385781066
      },
      "type": "counter",
      "contains": "data"
    },
    "http_req_receiving": {
      "type": "trend",
      "contains": "time",
      "values": {
        "p(95)": 0.16338244999999996,
        "p(99)": 0.6001840999999997,
        "avg": 0.10885510660660652,
        "min": 0.0366,
        "med": 0.091409,
        "max": 6.109868,
        "p(50)": 0.091409
      }
    },
    "iteration_duration": {
      "contains": "time",
      "values": {
        "max": 60.692768,
        "p(50)": 12.477196,
        "p(95)": 16.65432274999997,
        "p(99)": 43.43234605999999,
        "avg": 13.309864595345362,
        "min": 8.689569,
        "med": 12.477196
      },
      "type": "trend"
    },
    "vus": {
      "type": "gauge",
      "contains": "default",
      "values": {
        "value": 1,
        "min": 0,
        "max": 5
      }
    },
    "http_req_tls_handshaking": {
      "type": "trend",
      "contains": "time",
      "values": {
        "max": 0,
        "p(50)": 0,
        "p(95)": 0,
        "p(99)": 0,
        "avg": 0,
        "min": 0,
        "med": 0
      }
    }
  },
  "root_group": {
    "name": "",
    "path": "",
    "id": "d41d8cd98f00b204e9800998ecf8427e",
    "groups": [],
    "checks": [
        {
          "name": "status is 200",
          "path": "::status is 200",
          "id": "6210a8cd14cd70477eba5c5e4cb3fb5f",
          "passes": 6660,
          "fails": 0
        },
        {
          "path": "::no graphql errors",
          "id": "7c29382b2a87caa2e50f0d89170b649f",
          "passes": 6660,
          "fails": 0,
          "name": "no graphql errors"
        }
      ]
  },
  "options": {
    "summaryTrendStats": [
      "avg",
      "min",
      "med",
      "max",
      "p(50)",
      "p(95)",
      "p(99)"
    ],
    "summaryTimeUnit": "",
    "noColor": false
  }
}