{
  "options": {
    "summaryTrendStats": [
      "avg",
      "min",
      "med",
      "max",
      "p(50)",
      "p(95)",
      "p(99)"
    ],
    "summaryTimeUnit": "",
    "noColor": false
  },
  "state": {
    "isStdOutTTY": false,
    "isStdErrTTY": false,
    "testRunDurationMs": 90010.647974
  },
  "metrics": {
    "http_req_tls_handshaking": {
      "type": "trend",
      "contains": "time",
      "values": {
        "max": 0,
        "p(50)": 0,
        "p(95)": 0,
        "p(99)": 0,
        "avg": 0,
        "min": 0,
        "med": 0
      }
    },
    "iteration_duration": {
      "type": "trend",
      "contains": "time",
      "values": {
        "avg": 7.600819839063183,
        "min": 3.362969,
        "med": 7.463915,
        "max": 42.016032,
        "p(50)": 7.463915,
        "p(95)": 9.354816,
        "p(99)": 14.046674999999968
      }
    },
    "http_req_duration": {
      "type": "trend",
      "contains": "time",
      "values": {
        "max": 41.778353,
        "p(50)": 7.140936,
        "p(95)": 8.795133,
        "p(99)": 9.537698399999998,
        "avg": 7.167558687434317,
        "min": 3.025529,
        "med": 7.140936
      }
    },
    "http_req_sending": {
      "type": "trend",
      "contains": "time",
      "values": {
        "p(99)": 0.11422199999999993,
        "avg": 0.02957620582495123,
        "min": 0.01129,
        "med": 0.02578,
        "max": 0.22528,
        "p(50)": 0.02578,
        "p(95)": 0.0487
      }
    },
    "http_req_waiting": {
      "type": "trend",
      "contains": "time",
      "values": {
        "max": 41.679612,
        "p(50)": 7.021817,
        "p(95)": 8.668135,
        "p(99)": 9.395971599999998,
        "avg": 7.046058781264091,
        "min": 2.910299,
        "med": 7.021817
      }
    },
    "http_req_failed": {
      "type": "rate",
      "contains": "default",
      "values": {
        "rate": 0,
        "passes": 0,
        "fails": 6661
      }
    },
    "data_sent": {
      "type": "counter",
      "contains": "data",
      "values": {
        "count": 1185632,
        "rate": 13172.130483300993
      }
    },
    "req_latency": {
      "type": "trend",
      "contains": "default",
      "values": {
        "min": 3.025529,
        "med": 7.140936,
        "max": 41.778353,
        "p(50)": 7.140936,
        "p(95)": 8.795133,
        "p(99)": 9.537698399999998,
        "avg": 7.167558687434317
      }
    },
    "round_trip_count": {
      "type": "trend",
      "contains": "default",
      "values": {
        "p(50)": 1,
        "p(95)": 1,
        "p(99)": 1,
        "avg": 1,
        "min": 1,
        "med": 1,
        "max": 1
      }
    },
    "data_received": {
      "type": "counter",
      "contains": "data",
      "values": {
        "rate": 43415.8745432964,
        "count": 3907891
      }
    },
    "http_req_receiving": {
      "type": "trend",
      "contains": "time",
      "values": {
        "max": 0.825649,
        "p(50)": 0.08835,
        "p(95)": 0.12973,
        "p(99)": 0.16432599999999994,
        "avg": 0.0919237003452936,
        "min": 0.04162,
        "med": 0.08835
      }
    },
    "http_req_duration{expected_response:true}": {
      "type": "trend",
      "contains": "time",
      "values": {
        "avg": 7.167558687434317,
        "min": 3.025529,
        "med": 7.140936,
        "max": 41.778353,
        "p(50)": 7.140936,
        "p(95)": 8.795133,
        "p(99)": 9.537698399999998
      }
    },
    "http_req_blocked": {
      "contains": "time",
      "values": {
        "med": 0.00715,
        "max": 15.115393,
        "p(50)": 0.00715,
        "p(95)": 0.01904,
        "p(99)": 5.837803999999995,
        "avg": 0.1359169987989785,
        "min": 0.00384
      },
      "type": "trend"
    },
    "checks": {
      "values": {
        "rate": 1,
        "passes": 6661,
        "fails": 0
      },
      "type": "rate",
      "contains": "default"
    },
    "vus": {
      "type": "gauge",
      "contains": "default",
      "values": {
        "value": 1,
        "min": 0,
        "max": 1
      }
    },
    "vus_max": {
      "type": "gauge",
      "contains": "default",
      "values": {
        "value": 148,
        "min": 148,
        "max": 148
      }
    },
    "http_req_connecting": {
      "type": "trend",
      "contains": "time",
      "values": {
        "med": 0,
        "max": 15.042263,
        "p(50)": 0,
        "p(95)": 0,
        "p(99)": 5.738215999999999,
        "avg": 0.12560449196817303,
        "min": 0
      }
    },
    "iterations": {
      "type": "counter",
      "contains": "default",
      "values": {
        "count": 6661,
        "rate": 74.00235583154631
      }
    },
    "payload_bytes": {
      "contains": "default",
      "values": {
        "avg": 325.6823299804834,
        "min": 128,
        "med": 329,
        "max": 528,
        "p(50)": 329,
        "p(95)": 428,
        "p(99)": 431
      },
      "type": "trend"
    },
    "http_reqs": {
      "contains": "default",
      "values": {
        "count": 6661,
        "rate": 74.00235583154631
      },
      "type": "counter"
    }
  },
  "root_group": {
    "id": "d41d8cd98f00b204e9800998ecf8427e",
    "groups": [],
    "checks": [
        {
          "path": "::status is 200",
          "id": "6210a8cd14cd70477eba5c5e4cb3fb5f",
          "passes": 6661,
          "fails": 0,
          "name": "status is 200"
        }
      ],
    "name": "",
    "path": ""
  }
}