{
  "root_group": {
    "name": "",
    "path": "",
    "id": "d41d8cd98f00b204e9800998ecf8427e",
    "groups": [],
    "checks": [
        {
          "id": "6210a8cd14cd70477eba5c5e4cb3fb5f",
          "passes": 4500,
          "fails": 0,
          "name": "status is 200",
          "path": "::status is 200"
        }
      ]
  },
  "options": {
    "summaryTrendStats": [
      "avg",
      "min",
      "med",
      "max",
      "p(50)",
      "p(95)",
      "p(99)"
    ],
    "summaryTimeUnit": "",
    "noColor": false
  },
  "state": {
    "isStdOutTTY": false,
    "isStdErrTTY": false,
    "testRunDurationMs": 90001.267766
  },
  "metrics": {
    "http_req_receiving": {
      "type": "trend",
      "contains": "time",
      "values": {
        "min": 0.04703,
        "med": 0.10816,
        "max": 8.042368,
        "p(50)": 0.10816,
        "p(95)": 0.17838340000000003,
        "p(99)": 0.26912231000000025,
        "avg": 0.14918381955555554
      }
    },
    "http_req_failed": {
      "contains": "default",
      "values": {
        "rate": 0,
        "passes": 0,
        "fails": 4500
      },
      "type": "rate"
    },
    "http_req_sending": {
      "type": "trend",
      "contains": "time",
      "values": {
        "p(99)": 0.12395320000000028,
        "avg": 0.030875943777777637,
        "min": 0.01089,
        "med": 0.02675,
        "max": 0.356379,
        "p(50)": 0.02675,
        "p(95)": 0.04963295000000001
      }
    },
    "http_reqs": {
      "type": "counter",
      "contains": "default",
      "values": {
        "count": 4500,
        "rate": 49.99929569547659
      }
    },
    "http_req_duration": {
      "type": "trend",
      "contains": "time",
      "values": {
        "p(99)": 12.038782700000004,
        "avg": 8.83569981733331,
        "min": 4.562562,
        "med": 8.794546,
        "max": 18.592708,
        "p(50)": 8.794546,
        "p(95)": 10.73060955
      }
    },
    "http_req_blocked": {
      "type": "trend",
      "contains": "time",
      "values": {
        "p(50)": 0.0073,
        "p(95)": 0.02052955,
        "p(99)": 5.488319710000007,
        "avg": 0.1289262462222218,
        "min": 0.00367,
        "med": 0.0073,
        "max": 12.216844
      }
    },
    "round_trip_count": {
      "type": "trend",
      "contains": "default",
      "values": {
        "med": 1,
        "max": 1,
        "p(50)": 1,
        "p(95)": 1,
        "p(99)": 1,
        "avg": 1,
        "min": 1
      }
    },
    "req_latency": {
      "type": "trend",
      "contains": "default",
      "values": {
        "min": 4.562562,
        "med": 8.794546,
        "max": 18.592708,
        "p(50)": 8.794546,
        "p(95)": 10.73060955,
        "p(99)": 12.038782700000004,
        "avg": 8.83569981733331
      }
    },
    "vus": {
      "type": "gauge",
      "contains": "default",
      "values": {
        "value": 0,
        "min": 0,
        "max": 1
      }
    },
    "payload_bytes": {
      "type": "trend",
      "contains": "default",
      "values": {
        "min": 5330,
        "med": 7590,
        "max": 29291,
        "p(50)": 7590,
        "p(95)": 12149,
        "p(99)": 13021,
        "avg": 8059.385111111111
      }
    },
    "data_received": {
      "type": "counter",
      "contains": "data",
      "values": {
        "count": 37447263,
        "rate": 416074.83904961776
      }
    },
    "checks": {
      "type": "rate",
      "contains": "default",
      "values": {
        "fails": 0,
        "rate": 1,
        "passes": 4500
      }
    },
    "vus_max": {
      "type": "gauge",
      "contains": "default",
      "values": {
        "min": 100,
        "max": 100,
        "value": 100
      }
    },
    "data_sent": {
      "type": "counter",
      "contains": "data",
      "values": {
        "count": 663169,
        "rate": 7368.440650460781
      }
    },
    "iterations": {
      "type": "counter",
      "contains": "default",
      "values": {
        "count": 4500,
        "rate": 49.99929569547659
      }
    },
    "http_req_connecting": {
      "type": "trend",
      "contains": "time",
      "values": {
        "med": 0,
        "max": 12.120484,
        "p(50)": 0,
        "p(95)": 0,
        "p(99)": 5.386752790000001,
        "avg": 0.11798046711111111,
        "min": 0
      }
    },
    "http_req_waiting": {
      "type": "trend",
      "contains": "time",
      "values": {
        "p(95)": 10.54270005,
        "p(99)": 11.425504220000008,
        "avg": 8.655640053999997,
        "min": 4.439313,
        "med": 8.6417975,
        "max": 13.393268,
        "p(50)": 8.6417975
      }
    },
    "http_req_tls_handshaking": {
      "type": "trend",
      "contains": "time",
      "values": {
        "avg": 0,
        "min": 0,
        "med": 0,
        "max": 0,
        "p(50)": 0,
        "p(95)": 0,
        "p(99)": 0
      }
    },
    "iteration_duration": {
      "values": {
        "min": 4.829262,
        "med": 9.1592095,
        "max": 23.588869,
        "p(50)": 9.1592095,
        "p(95)": 11.49424905,
        "p(99)": 16.08903011000002,
        "avg": 9.308599699333342
      },
      "type": "trend",
      "contains": "time"
    },
    "http_req_duration{expected_response:true}": {
      "contains": "time",
      "values": {
        "avg": 8.83569981733331,
        "min": 4.562562,
        "med": 8.794546,
        "max": 18.592708,
        "p(50)": 8.794546,
        "p(95)": 10.73060955,
        "p(99)": 12.038782700000004
      },
      "type": "trend"
    }
  }
}