{
  "state": {
    "isStdErrTTY": false,
    "testRunDurationMs": 90000.816042,
    "isStdOutTTY": false
  },
  "metrics": {
    "http_req_tls_handshaking": {
      "type": "trend",
      "contains": "time",
      "values": {
        "min": 0,
        "med": 0,
        "max": 0,
        "p(50)": 0,
        "p(95)": 0,
        "p(99)": 0,
        "avg": 0
      }
    },
    "vus": {
      "type": "gauge",
      "contains": "default",
      "values": {
        "value": 0,
        "min": 0,
        "max": 0
      }
    },
    "checks": {
      "type": "rate",
      "contains": "default",
      "values": {
        "rate": 1,
        "passes": 3060,
        "fails": 0
      }
    },
    "http_req_connecting": {
      "type": "trend",
      "contains": "time",
      "values": {
        "max": 7.256627,
        "p(50)": 0,
        "p(95)": 0,
        "p(99)": 4.859226920000001,
        "avg": 0.11011094509803926,
        "min": 0,
        "med": 0
      }
    },
    "http_req_blocked": {
      "type": "trend",
      "contains": "time",
      "values": {
        "med": 0.00717,
        "max": 7.382176,
        "p(50)": 0.00717,
        "p(95)": 0.012176499999999998,
        "p(99)": 4.975390200000001,
        "avg": 0.12047822091503264,
        "min": 0.00428
      }
    },
    "iteration_duration": {
      "contains": "time",
      "values": {
        "p(50)": 22.077612,
        "p(95)": 26.14055945,
        "p(99)": 30.447059750000015,
        "avg": 22.556414023529435,
        "min": 17.681527,
        "med": 22.077612,
        "max": 63.336241
      },
      "type": "trend"
    },
    "http_req_duration{expected_response:true}": {
      "type": "trend",
      "contains": "time",
      "values": {
        "med": 19.964603,
        "max": 61.514579,
        "p(50)": 19.964603,
        "p(95)": 23.44037345,
        "p(99)": 25.42460019000001,
        "avg": 20.37595822614381,
        "min": 15.707666
      }
    },
    "http_reqs": {
      "type": "counter",
      "contains": "default",
      "values": {
        "count": 1530,
        "rate": 16.99984586013094
      }
    },
    "iterations": {
      "type": "counter",
      "contains": "default",
      "values": {
        "count": 1530,
        "rate": 16.99984586013094
      }
    },
    "payload_bytes": {
      "type": "trend",
      "contains": "default",
      "values": {
        "p(99)": 5271.81,
        "avg": 4930.52091503268,
        "min": 4050,
        "med": 4975,
        "max": 5288,
        "p(50)": 4975,
        "p(95)": 5242
      }
    },
    "page_latency": {
      "type": "trend",
      "contains": "default",
      "values": {
        "p(99)": 25.42460019000001,
        "avg": 20.37595822614381,
        "min": 15.707666,
        "med": 19.964603,
        "max": 61.514579,
        "p(50)": 19.964603,
        "p(95)": 23.44037345
      }
    },
    "vus_max": {
      "type": "gauge",
      "contains": "default",
      "values": {
        "max": 34,
        "value": 34,
        "min": 34
      }
    },
    "req_latency": {
      "type": "trend",
      "contains": "default",
      "values": {
        "med": 19.964603,
        "max": 61.514579,
        "p(50)": 19.964603,
        "p(95)": 23.44037345,
        "p(99)": 25.42460019000001,
        "avg": 20.37595822614381,
        "min": 15.707666
      }
    },
    "http_req_receiving": {
      "type": "trend",
      "contains": "time",
      "values": {
        "p(50)": 0.1042595,
        "p(95)": 0.17367,
        "p(99)": 0.2209762900000001,
        "avg": 0.11412391568627439,
        "min": 0.048881,
        "med": 0.1042595,
        "max": 0.825535
      }
    },
    "http_req_failed": {
      "type": "rate",
      "contains": "default",
      "values": {
        "rate": 0,
        "passes": 0,
        "fails": 1530
      }
    },
    "data_sent": {
      "type": "counter",
      "contains": "data",
      "values": {
        "count": 511027,
        "rate": 5678.026294356297
      }
    },
    "data_received": {
      "values": {
        "rate": 88272.05518106163,
        "count": 7944557
      },
      "type": "counter",
      "contains": "data"
    },
    "http_req_duration": {
      "type": "trend",
      "contains": "time",
      "values": {
        "p(50)": 19.964603,
        "p(95)": 23.44037345,
        "p(99)": 25.42460019000001,
        "avg": 20.37595822614381,
        "min": 15.707666,
        "med": 19.964603,
        "max": 61.514579
      }
    },
    "http_req_waiting": {
      "type": "trend",
      "contains": "time",
      "values": {
        "max": 61.374408,
        "p(50)": 19.806073,
        "p(95)": 23.306849899999996,
        "p(99)": 25.275657490000007,
        "avg": 20.228040729411756,
        "min": 15.542656,
        "med": 19.806073
      }
    },
    "round_trip_count": {
      "type": "trend",
      "contains": "default",
      "values": {
        "med": 1,
        "max": 1,
        "p(50)": 1,
        "p(95)": 1,
        "p(99)": 1,
        "avg": 1,
        "min": 1
      }
    },
    "http_req_sending": {
      "type": "trend",
      "contains": "time",
      "values": {
        "p(50)": 0.02855,
        "p(95)": 0.05681454999999999,
        "p(99)": 0.11912910000000004,
        "avg": 0.03379358104575161,
        "min": 0.01489,
        "med": 0.02855,
        "max": 0.320518
      }
    }
  },
  "root_group": {
    "path": "",
    "id": "d41d8cd98f00b204e9800998ecf8427e",
    "groups": [],
    "checks": [
        {
          "fails": 0,
          "name": "status is 200",
          "path": "::status is 200",
          "id": "6210a8cd14cd70477eba5c5e4cb3fb5f",
          "passes": 1530
        },
        {
          "passes": 1530,
          "fails": 0,
          "name": "no graphql errors",
          "path": "::no graphql errors",
          "id": "7c29382b2a87caa2e50f0d89170b649f"
        }
      ],
    "name": ""
  },
  "options": {
    "summaryTrendStats": [
      "avg",
      "min",
      "med",
      "max",
      "p(50)",
      "p(95)",
      "p(99)"
    ],
    "summaryTimeUnit": "",
    "noColor": false
  }
}