{
  "options": {
    "summaryTrendStats": [
      "avg",
      "min",
      "med",
      "max",
      "p(50)",
      "p(95)",
      "p(99)"
    ],
    "summaryTimeUnit": "",
    "noColor": false
  },
  "state": {
    "isStdOutTTY": false,
    "isStdErrTTY": false,
    "testRunDurationMs": 90021.129422
  },
  "metrics": {
    "iteration_duration": {
      "values": {
        "max": 73.220325,
        "p(50)": 18.264244,
        "p(95)": 22.408997499999998,
        "p(99)": 27.032701600000024,
        "avg": 18.92952777792294,
        "min": 13.32874,
        "med": 18.264244
      },
      "type": "trend",
      "contains": "time"
    },
    "http_req_blocked": {
      "contains": "time",
      "values": {
        "avg": 0.12912468386675374,
        "min": 0.00424,
        "med": 0.00722,
        "max": 7.420231,
        "p(50)": 0.00722,
        "p(95)": 0.015105,
        "p(99)": 5.5288540000000035
      },
      "type": "trend"
    },
    "checks": {
      "type": "rate",
      "contains": "default",
      "values": {
        "rate": 1,
        "passes": 3062,
        "fails": 0
      }
    },
    "data_received": {
      "type": "counter",
      "contains": "data",
      "values": {
        "count": 4190841,
        "rate": 46553.97046124832
      }
    },
    "vus_max": {
      "type": "gauge",
      "contains": "default",
      "values": {
        "value": 34,
        "min": 34,
        "max": 34
      }
    },
    "http_req_duration": {
      "contains": "time",
      "values": {
        "min": 12.154447,
        "med": 16.872322,
        "max": 72.099451,
        "p(50)": 16.872322,
        "p(95)": 20.379373,
        "p(99)": 23.35125000000001,
        "avg": 17.44738746244282
      },
      "type": "trend"
    },
    "iterations": {
      "type": "counter",
      "contains": "default",
      "values": {
        "rate": 17.007118326887415,
        "count": 1531
      }
    },
    "http_req_sending": {
      "values": {
        "p(50)": 0.02841,
        "p(95)": 0.061714500000000005,
        "p(99)": 0.13112100000000004,
        "avg": 0.03432678053559765,
        "min": 0.01286,
        "med": 0.02841,
        "max": 0.229448
      },
      "type": "trend",
      "contains": "time"
    },
    "page_latency": {
      "type": "trend",
      "contains": "default",
      "values": {
        "avg": 17.44738746244282,
        "min": 12.154447,
        "med": 16.872322,
        "max": 72.099451,
        "p(50)": 16.872322,
        "p(95)": 20.379373,
        "p(99)": 23.35125000000001
      }
    },
    "round_trip_count": {
      "type": "trend",
      "contains": "default",
      "values": {
        "min": 1,
        "med": 1,
        "max": 1,
        "p(50)": 1,
        "p(95)": 1,
        "p(99)": 1,
        "avg": 1
      }
    },
    "http_req_waiting": {
      "type": "trend",
      "contains": "time",
      "values": {
        "p(95)": 20.2485435,
        "p(99)": 23.24984930000001,
        "avg": 17.312938615937284,
        "min": 12.025567,
        "med": 16.732963,
        "max": 71.674414,
        "p(50)": 16.732963
      }
    },
    "http_req_duration{expected_response:true}": {
      "values": {
        "p(95)": 20.379373,
        "p(99)": 23.35125000000001,
        "avg": 17.44738746244282,
        "min": 12.154447,
        "med": 16.872322,
        "max": 72.099451,
        "p(50)": 16.872322
      },
      "type": "trend",
      "contains": "time"
    },
    "req_latency": {
      "type": "trend",
      "contains": "default",
      "values": {
        "p(95)": 20.379373,
        "p(99)": 23.35125000000001,
        "avg": 17.44738746244282,
        "min": 12.154447,
        "med": 16.872322,
        "max": 72.099451,
        "p(50)": 16.872322
      }
    },
    "vus": {
      "type": "gauge",
      "contains": "default",
      "values": {
        "min": 0,
        "max": 1,
        "value": 0
      }
    },
    "http_reqs": {
      "contains": "default",
      "values": {
        "count": 1531,
        "rate": 17.007118326887415
      },
      "type": "counter"
    },
    "http_req_connecting": {
      "type": "trend",
      "contains": "time",
      "values": {
        "p(95)": 0,
        "p(99)": 5.430488000000002,
        "avg": 0.11837814043109078,
        "min": 0,
        "med": 0,
        "max": 7.286122,
        "p(50)": 0
      }
    },
    "data_sent": {
      "type": "counter",
      "contains": "data",
      "values": {
        "count": 459518,
        "rate": 5104.557151753527
      }
    },
    "http_req_tls_handshaking": {
      "contains": "time",
      "values": {
        "avg": 0,
        "min": 0,
        "med": 0,
        "max": 0,
        "p(50)": 0,
        "p(95)": 0,
        "p(99)": 0
      },
      "type": "trend"
    },
    "payload_bytes": {
      "type": "trend",
      "contains": "default",
      "values": {
        "p(99)": 2654.4,
        "avg": 2475.322664924886,
        "min": 1729,
        "med": 2507,
        "max": 2662,
        "p(50)": 2507,
        "p(95)": 2641
      }
    },
    "http_req_failed": {
      "type": "rate",
      "contains": "default",
      "values": {
        "rate": 0,
        "passes": 0,
        "fails": 1531
      }
    },
    "http_req_receiving": {
      "type": "trend",
      "contains": "time",
      "values": {
        "max": 0.404737,
        "p(50)": 0.093109,
        "p(95)": 0.148095,
        "p(99)": 0.2123077000000002,
        "avg": 0.10012206596995435,
        "min": 0.04026,
        "med": 0.093109
      }
    }
  },
  "root_group": {
    "groups": [],
    "checks": [
        {
          "fails": 0,
          "name": "status is 200",
          "path": "::status is 200",
          "id": "6210a8cd14cd70477eba5c5e4cb3fb5f",
          "passes": 1531
        },
        {
          "passes": 1531,
          "fails": 0,
          "name": "no graphql errors",
          "path": "::no graphql errors",
          "id": "7c29382b2a87caa2e50f0d89170b649f"
        }
      ],
    "name": "",
    "path": "",
    "id": "d41d8cd98f00b204e9800998ecf8427e"
  }
}