{
  "root_group": {
    "name": "",
    "path": "",
    "id": "d41d8cd98f00b204e9800998ecf8427e",
    "groups": [],
    "checks": [
        {
          "fails": 0,
          "name": "status is 200",
          "path": "::status is 200",
          "id": "6210a8cd14cd70477eba5c5e4cb3fb5f",
          "passes": 2250
        },
        {
          "passes": 2250,
          "fails": 0,
          "name": "no graphql errors",
          "path": "::no graphql errors",
          "id": "7c29382b2a87caa2e50f0d89170b649f"
        }
      ]
  },
  "options": {
    "summaryTimeUnit": "",
    "noColor": false,
    "summaryTrendStats": [
      "avg",
      "min",
      "med",
      "max",
      "p(50)",
      "p(95)",
      "p(99)"
    ]
  },
  "state": {
    "isStdOutTTY": false,
    "isStdErrTTY": false,
    "testRunDurationMs": 90000.9991
  },
  "metrics": {
    "http_req_waiting": {
      "values": {
        "avg": 14.968501230666657,
        "min": 10.485401,
        "med": 14.559161,
        "max": 59.028684,
        "p(50)": 14.559161,
        "p(95)": 17.695604649999993,
        "p(99)": 19.57401580999999
      },
      "type": "trend",
      "contains": "time"
    },
    "page_latency": {
      "contains": "default",
      "values": {
        "max": 59.29786,
        "p(50)": 14.701921500000001,
        "p(95)": 17.807834999999997,
        "p(99)": 20.151629499999807,
        "avg": 15.103459094222238,
        "min": 10.609219,
        "med": 14.701921500000001
      },
      "type": "trend"
    },
    "round_trip_count": {
      "type": "trend",
      "contains": "default",
      "values": {
        "med": 1,
        "max": 1,
        "p(50)": 1,
        "p(95)": 1,
        "p(99)": 1,
        "avg": 1,
        "min": 1
      }
    },
    "req_latency": {
      "type": "trend",
      "contains": "default",
      "values": {
        "max": 59.29786,
        "p(50)": 14.701921500000001,
        "p(95)": 17.807834999999997,
        "p(99)": 20.151629499999807,
        "avg": 15.103459094222238,
        "min": 10.609219,
        "med": 14.701921500000001
      }
    },
    "http_reqs": {
      "values": {
        "count": 2250,
        "rate": 24.999722475303056
      },
      "type": "counter",
      "contains": "default"
    },
    "http_req_connecting": {
      "contains": "time",
      "values": {
        "min": 0,
        "med": 0,
        "max": 7.038979,
        "p(50)": 0,
        "p(95)": 0,
        "p(99)": 5.45021189999999,
        "avg": 0.1159279413333334
      },
      "type": "trend"
    },
    "iterations": {
      "type": "counter",
      "contains": "default",
      "values": {
        "count": 2250,
        "rate": 24.999722475303056
      }
    },
    "vus_max": {
      "type": "gauge",
      "contains": "default",
      "values": {
        "max": 50,
        "value": 50,
        "min": 50
      }
    },
    "checks": {
      "type": "rate",
      "contains": "default",
      "values": {
        "fails": 0,
        "rate": 1,
        "passes": 4500
      }
    },
    "http_req_sending": {
      "type": "trend",
      "contains": "time",
      "values": {
        "min": 0.01264,
        "med": 0.02832,
        "max": 2.004209,
        "p(50)": 0.02832,
        "p(95)": 0.05883099999999999,
        "p(99)": 0.11305929999999964,
        "avg": 0.036504119555555534
      }
    },
    "http_req_blocked": {
      "type": "trend",
      "contains": "time",
      "values": {
        "med": 0.00723,
        "max": 7.150767,
        "p(50)": 0.00723,
        "p(95)": 0.015198499999999981,
        "p(99)": 5.543190089999988,
        "avg": 0.12944242799999992,
        "min": 0.00403
      }
    },
    "http_req_tls_handshaking": {
      "values": {
        "p(50)": 0,
        "p(95)": 0,
        "p(99)": 0,
        "avg": 0,
        "min": 0,
        "med": 0,
        "max": 0
      },
      "type": "trend",
      "contains": "time"
    },
    "data_sent": {
      "type": "counter",
      "contains": "data",
      "values": {
        "count": 664795,
        "rate": 7386.529112430709
      }
    },
    "vus": {
      "values": {
        "value": 1,
        "min": 1,
        "max": 2
      },
      "type": "gauge",
      "contains": "default"
    },
    "http_req_receiving": {
      "type": "trend",
      "contains": "time",
      "values": {
        "p(95)": 0.14379004999999997,
        "p(99)": 0.19978429999999783,
        "avg": 0.09845374399999997,
        "min": 0.043189,
        "med": 0.09019450000000001,
        "max": 0.371216,
        "p(50)": 0.09019450000000001
      }
    },
    "http_req_failed": {
      "type": "rate",
      "contains": "default",
      "values": {
        "fails": 2250,
        "rate": 0,
        "passes": 0
      }
    },
    "data_received": {
      "type": "counter",
      "contains": "data",
      "values": {
        "count": 2028449,
        "rate": 22538.072024580448
      }
    },
    "iteration_duration": {
      "type": "trend",
      "contains": "time",
      "values": {
        "max": 60.423838,
        "p(50)": 15.580360500000001,
        "p(95)": 19.169897099999996,
        "p(99)": 23.68039558999999,
        "avg": 16.05940388488885,
        "min": 11.128394,
        "med": 15.580360500000001
      }
    },
    "http_req_duration{expected_response:true}": {
      "type": "trend",
      "contains": "time",
      "values": {
        "avg": 15.103459094222238,
        "min": 10.609219,
        "med": 14.701921500000001,
        "max": 59.29786,
        "p(50)": 14.701921500000001,
        "p(95)": 17.807834999999997,
        "p(99)": 20.151629499999807
      }
    },
    "payload_bytes": {
      "type": "trend",
      "contains": "default",
      "values": {
        "avg": 640.5328888888889,
        "min": 147,
        "med": 785,
        "max": 814,
        "p(50)": 785,
        "p(95)": 803,
        "p(99)": 809
      }
    },
    "http_req_duration": {
      "type": "trend",
      "contains": "time",
      "values": {
        "med": 14.701921500000001,
        "max": 59.29786,
        "p(50)": 14.701921500000001,
        "p(95)": 17.807834999999997,
        "p(99)": 20.151629499999807,
        "avg": 15.103459094222238,
        "min": 10.609219
      }
    }
  }
}