{
  "options": {
    "noColor": false,
    "summaryTrendStats": [
      "avg",
      "min",
      "med",
      "max",
      "p(50)",
      "p(95)",
      "p(99)"
    ],
    "summaryTimeUnit": ""
  },
  "state": {
    "isStdOutTTY": false,
    "isStdErrTTY": false,
    "testRunDurationMs": 90008.566254
  },
  "metrics": {
    "vus_max": {
      "type": "gauge",
      "contains": "default",
      "values": {
        "value": 50,
        "min": 50,
        "max": 50
      }
    },
    "req_latency": {
      "values": {
        "avg": 7.666397733007543,
        "min": 4.19193,
        "med": 7.680742,
        "max": 11.150062,
        "p(50)": 7.680742,
        "p(95)": 9.28886,
        "p(99)": 9.982510000000001
      },
      "type": "trend",
      "contains": "default"
    },
    "vus": {
      "type": "gauge",
      "contains": "default",
      "values": {
        "value": 0,
        "min": 0,
        "max": 0
      }
    },
    "http_req_connecting": {
      "type": "trend",
      "contains": "time",
      "values": {
        "med": 0,
        "max": 8.017103,
        "p(50)": 0,
        "p(95)": 0,
        "p(99)": 5.4635335000000005,
        "avg": 0.11703939804531317,
        "min": 0
      }
    },
    "http_req_waiting": {
      "values": {
        "avg": 7.541845465126599,
        "min": 4.091031,
        "med": 7.55561,
        "max": 11.030013,
        "p(50)": 7.55561,
        "p(95)": 9.152330500000001,
        "p(99)": 9.8712745
      },
      "type": "trend",
      "contains": "time"
    },
    "http_req_duration": {
      "type": "trend",
      "contains": "time",
      "values": {
        "avg": 7.666397733007543,
        "min": 4.19193,
        "med": 7.680742,
        "max": 11.150062,
        "p(50)": 7.680742,
        "p(95)": 9.28886,
        "p(99)": 9.982510000000001
      }
    },
    "payload_bytes": {
      "type": "trend",
      "contains": "default",
      "values": {
        "avg": 325.0195468680586,
        "min": 128,
        "med": 328,
        "max": 528,
        "p(50)": 328,
        "p(95)": 428,
        "p(99)": 431
      }
    },
    "checks": {
      "contains": "default",
      "values": {
        "rate": 1,
        "passes": 2251,
        "fails": 0
      },
      "type": "rate"
    },
    "iteration_duration": {
      "type": "trend",
      "contains": "time",
      "values": {
        "p(95)": 9.8517055,
        "p(99)": 14.2414485,
        "avg": 8.126053468236337,
        "min": 4.43944,
        "med": 8.036194,
        "max": 16.906718,
        "p(50)": 8.036194
      }
    },
    "http_req_duration{expected_response:true}": {
      "type": "trend",
      "contains": "time",
      "values": {
        "max": 11.150062,
        "p(50)": 7.680742,
        "p(95)": 9.28886,
        "p(99)": 9.982510000000001,
        "avg": 7.666397733007543,
        "min": 4.19193,
        "med": 7.680742
      }
    },
    "round_trip_count": {
      "type": "trend",
      "contains": "default",
      "values": {
        "avg": 1,
        "min": 1,
        "med": 1,
        "max": 1,
        "p(50)": 1,
        "p(95)": 1,
        "p(99)": 1
      }
    },
    "http_req_failed": {
      "type": "rate",
      "contains": "default",
      "values": {
        "rate": 0,
        "passes": 0,
        "fails": 2251
      }
    },
    "iterations": {
      "type": "counter",
      "contains": "default",
      "values": {
        "count": 2251,
        "rate": 25.00873076511165
      }
    },
    "http_req_blocked": {
      "type": "trend",
      "contains": "time",
      "values": {
        "p(99)": 5.557297,
        "avg": 0.12749737050199897,
        "min": 0.00413,
        "med": 0.00704,
        "max": 8.137222,
        "p(50)": 0.00704,
        "p(95)": 0.0207
      }
    },
    "http_req_tls_handshaking": {
      "type": "trend",
      "contains": "time",
      "values": {
        "min": 0,
        "med": 0,
        "max": 0,
        "p(50)": 0,
        "p(95)": 0,
        "p(99)": 0,
        "avg": 0
      }
    },
    "http_req_receiving": {
      "type": "trend",
      "contains": "time",
      "values": {
        "p(95)": 0.1299785,
        "p(99)": 0.17347800000000002,
        "avg": 0.09293929808973779,
        "min": 0.04324,
        "med": 0.088289,
        "max": 0.374006,
        "p(50)": 0.088289
      }
    },
    "data_sent": {
      "type": "counter",
      "contains": "data",
      "values": {
        "rate": 4451.454085707028,
        "count": 400669
      }
    },
    "http_req_sending": {
      "values": {
        "max": 0.230727,
        "p(50)": 0.026429,
        "p(95)": 0.062119,
        "p(99)": 0.129259,
        "avg": 0.03161296979120388,
        "min": 0.01161,
        "med": 0.026429
      },
      "type": "trend",
      "contains": "time"
    },
    "http_reqs": {
      "type": "counter",
      "contains": "default",
      "values": {
        "count": 2251,
        "rate": 25.00873076511165
      }
    },
    "data_received": {
      "type": "counter",
      "contains": "data",
      "values": {
        "count": 1319130,
        "rate": 14655.605070716007
      }
    }
  },
  "root_group": {
    "name": "",
    "path": "",
    "id": "d41d8cd98f00b204e9800998ecf8427e",
    "groups": [],
    "checks": [
        {
          "name": "status is 200",
          "path": "::status is 200",
          "id": "6210a8cd14cd70477eba5c5e4cb3fb5f",
          "passes": 2251,
          "fails": 0
        }
      ]
  }
}