{
  "root_group": {
    "name": "",
    "path": "",
    "id": "d41d8cd98f00b204e9800998ecf8427e",
    "groups": [],
    "checks": [
        {
          "name": "status is 200",
          "path": "::status is 200",
          "id": "6210a8cd14cd70477eba5c5e4cb3fb5f",
          "passes": 6660,
          "fails": 0
        }
      ]
  },
  "options": {
    "summaryTrendStats": [
      "avg",
      "min",
      "med",
      "max",
      "p(50)",
      "p(95)",
      "p(99)"
    ],
    "summaryTimeUnit": "",
    "noColor": false
  },
  "state": {
    "isStdOutTTY": false,
    "isStdErrTTY": false,
    "testRunDurationMs": 90002.095856
  },
  "metrics": {
    "checks": {
      "type": "rate",
      "contains": "default",
      "values": {
        "rate": 1,
        "passes": 6660,
        "fails": 0
      }
    },
    "vus_max": {
      "type": "gauge",
      "contains": "default",
      "values": {
        "max": 148,
        "value": 148,
        "min": 148
      }
    },
    "http_req_waiting": {
      "type": "trend",
      "contains": "time",
      "values": {
        "min": 3.573055,
        "med": 7.401521000000001,
        "max": 11.532501,
        "p(50)": 7.401521000000001,
        "p(95)": 9.192373899999998,
        "p(99)": 9.98858097,
        "avg": 7.4062793360360315
      }
    },
    "req_latency": {
      "type": "trend",
      "contains": "default",
      "values": {
        "p(99)": 10.088006,
        "avg": 7.5201755797297345,
        "min": 3.715216,
        "med": 7.5146045,
        "max": 11.652151,
        "p(50)": 7.5146045,
        "p(95)": 9.316744399999997
      }
    },
    "payload_bytes": {
      "type": "trend",
      "contains": "default",
      "values": {
        "p(95)": 238,
        "p(99)": 263,
        "avg": 209.7945945945946,
        "min": 111,
        "med": 211,
        "max": 292,
        "p(50)": 211
      }
    },
    "http_req_duration{expected_response:true}": {
      "values": {
        "max": 11.652151,
        "p(50)": 7.5146045,
        "p(95)": 9.316744399999997,
        "p(99)": 10.088006,
        "avg": 7.5201755797297345,
        "min": 3.715216,
        "med": 7.5146045
      },
      "type": "trend",
      "contains": "time"
    },
    "http_req_sending": {
      "type": "trend",
      "contains": "time",
      "values": {
        "avg": 0.0274821957957958,
        "min": 0.01078,
        "med": 0.02361,
        "max": 0.274893,
        "p(50)": 0.02361,
        "p(95)": 0.04727254999999996,
        "p(99)": 0.12333820999999992
      }
    },
    "vus": {
      "type": "gauge",
      "contains": "default",
      "values": {
        "value": 0,
        "min": 0,
        "max": 1
      }
    },
    "http_req_failed": {
      "type": "rate",
      "contains": "default",
      "values": {
        "rate": 0,
        "passes": 0,
        "fails": 6660
      }
    },
    "round_trip_count": {
      "type": "trend",
      "contains": "default",
      "values": {
        "med": 1,
        "max": 1,
        "p(50)": 1,
        "p(95)": 1,
        "p(99)": 1,
        "avg": 1,
        "min": 1
      }
    },
    "data_sent": {
      "type": "counter",
      "contains": "data",
      "values": {
        "count": 628631,
        "rate": 6984.626235879953
      }
    },
    "http_reqs": {
      "type": "counter",
      "contains": "default",
      "values": {
        "count": 6660,
        "rate": 73.99827678075133
      }
    },
    "data_received": {
      "type": "counter",
      "contains": "data",
      "values": {
        "count": 3135492,
        "rate": 34837.988717692424
      }
    },
    "http_req_duration": {
      "type": "trend",
      "contains": "time",
      "values": {
        "avg": 7.5201755797297345,
        "min": 3.715216,
        "med": 7.5146045,
        "max": 11.652151,
        "p(50)": 7.5146045,
        "p(95)": 9.316744399999997,
        "p(99)": 10.088006
      }
    },
    "iterations": {
      "type": "counter",
      "contains": "default",
      "values": {
        "rate": 73.99827678075133,
        "count": 6660
      }
    },
    "http_req_tls_handshaking": {
      "type": "trend",
      "contains": "time",
      "values": {
        "max": 0,
        "p(50)": 0,
        "p(95)": 0,
        "p(99)": 0,
        "avg": 0,
        "min": 0,
        "med": 0
      }
    },
    "iteration_duration": {
      "type": "trend",
      "contains": "time",
      "values": {
        "p(50)": 7.822297000000001,
        "p(95)": 9.883162899999999,
        "p(99)": 14.284275619999997,
        "avg": 7.941913845345333,
        "min": 3.992968,
        "med": 7.822297000000001,
        "max": 26.931849
      }
    },
    "http_req_blocked": {
      "type": "trend",
      "contains": "time",
      "values": {
        "med": 0.00668,
        "max": 17.757761,
        "p(50)": 0.00668,
        "p(95)": 0.018720499999999994,
        "p(99)": 5.70637391,
        "avg": 0.13467875150150066,
        "min": 0.0042
      }
    },
    "http_req_connecting": {
      "contains": "time",
      "values": {
        "med": 0,
        "max": 17.67571,
        "p(50)": 0,
        "p(95)": 0,
        "p(99)": 5.610629,
        "avg": 0.12487613528528531,
        "min": 0
      },
      "type": "trend"
    },
    "http_req_receiving": {
      "type": "trend",
      "contains": "time",
      "values": {
        "p(99)": 0.15503160999999996,
        "avg": 0.0864140478978976,
        "min": 0.043321,
        "med": 0.0846855,
        "max": 0.360282,
        "p(50)": 0.0846855,
        "p(95)": 0.12501349999999997
      }
    }
  }
}