{
  "state": {
    "isStdErrTTY": false,
    "testRunDurationMs": 90009.61777,
    "isStdOutTTY": false
  },
  "metrics": {
    "http_req_duration": {
      "type": "trend",
      "contains": "time",
      "values": {
        "med": 7.293327,
        "max": 11.277454,
        "p(50)": 7.293327,
        "p(95)": 8.969986,
        "p(99)": 9.756973999999998,
        "avg": 7.2846910335398505,
        "min": 2.648228
      }
    },
    "http_req_sending": {
      "type": "trend",
      "contains": "time",
      "values": {
        "med": 0.02683,
        "max": 0.372121,
        "p(50)": 0.02683,
        "p(95)": 0.05447,
        "p(99)": 0.12012999999999997,
        "avg": 0.031215754753257833,
        "min": 0.0114
      }
    },
    "http_req_receiving": {
      "type": "trend",
      "contains": "time",
      "values": {
        "p(99)": 0.15921539999999995,
        "avg": 0.09469835206152565,
        "min": 0.04269,
        "med": 0.09171,
        "max": 1.452869,
        "p(50)": 0.09171,
        "p(95)": 0.13235
      }
    },
    "http_req_failed": {
      "contains": "default",
      "values": {
        "rate": 0,
        "passes": 0,
        "fails": 4681
      },
      "type": "rate"
    },
    "http_req_tls_handshaking": {
      "type": "trend",
      "contains": "time",
      "values": {
        "min": 0,
        "med": 0,
        "max": 0,
        "p(50)": 0,
        "p(95)": 0,
        "p(99)": 0,
        "avg": 0
      }
    },
    "iteration_duration": {
      "type": "trend",
      "contains": "time",
      "values": {
        "avg": 7.7923535400555535,
        "min": 3.092359,
        "med": 7.698667,
        "max": 17.002794,
        "p(50)": 7.698667,
        "p(95)": 9.691555,
        "p(99)": 13.3746144
      }
    },
    "http_req_connecting": {
      "type": "trend",
      "contains": "time",
      "values": {
        "min": 0,
        "med": 0,
        "max": 10.098156,
        "p(50)": 0,
        "p(95)": 0,
        "p(99)": 5.407855199999997,
        "avg": 0.1193760055543687
      }
    },
    "page_latency": {
      "type": "trend",
      "contains": "default",
      "values": {
        "avg": 7.2846910335398505,
        "min": 2.648228,
        "med": 7.293327,
        "max": 11.277454,
        "p(50)": 7.293327,
        "p(95)": 8.969986,
        "p(99)": 9.756973999999998
      }
    },
    "http_req_blocked": {
      "contains": "time",
      "values": {
        "p(99)": 5.496005199999995,
        "avg": 0.12983894552445943,
        "min": 0.00435,
        "med": 0.00728,
        "max": 10.217576,
        "p(50)": 0.00728,
        "p(95)": 0.01512
      },
      "type": "trend"
    },
    "http_req_waiting": {
      "type": "trend",
      "contains": "time",
      "values": {
        "avg": 7.15877692672505,
        "min": 2.544118,
        "med": 7.166278,
        "max": 11.165976,
        "p(50)": 7.166278,
        "p(95)": 8.844966,
        "p(99)": 9.605523999999997
      }
    },
    "checks": {
      "values": {
        "passes": 4681,
        "fails": 0,
        "rate": 1
      },
      "type": "rate",
      "contains": "default"
    },
    "iterations": {
      "type": "counter",
      "contains": "default",
      "values": {
        "count": 4681,
        "rate": 52.00555358385453
      }
    },
    "vus": {
      "type": "gauge",
      "contains": "default",
      "values": {
        "min": 0,
        "max": 1,
        "value": 1
      }
    },
    "http_reqs": {
      "type": "counter",
      "contains": "default",
      "values": {
        "count": 4681,
        "rate": 52.00555358385453
      }
    },
    "round_trip_count": {
      "type": "trend",
      "contains": "default",
      "values": {
        "min": 1,
        "med": 1,
        "max": 1,
        "p(50)": 1,
        "p(95)": 1,
        "p(99)": 1,
        "avg": 1
      }
    },
    "data_received": {
      "values": {
        "count": 3516801,
        "rate": 39071.39133716154
      },
      "type": "counter",
      "contains": "data"
    },
    "http_req_duration{expected_response:true}": {
      "type": "trend",
      "contains": "time",
      "values": {
        "p(50)": 7.293327,
        "p(95)": 8.969986,
        "p(99)": 9.756973999999998,
        "avg": 7.2846910335398505,
        "min": 2.648228,
        "med": 7.293327,
        "max": 11.277454
      }
    },
    "req_latency": {
      "type": "trend",
      "contains": "default",
      "values": {
        "avg": 7.2846910335398505,
        "min": 2.648228,
        "med": 7.293327,
        "max": 11.277454,
        "p(50)": 7.293327,
        "p(95)": 8.969986,
        "p(99)": 9.756973999999998
      }
    },
    "payload_bytes": {
      "type": "trend",
      "contains": "default",
      "values": {
        "med": 517,
        "max": 536,
        "p(50)": 517,
        "p(95)": 526,
        "p(99)": 530,
        "avg": 490.2926725058748,
        "min": 251
      }
    },
    "vus_max": {
      "values": {
        "min": 104,
        "max": 104,
        "value": 104
      },
      "type": "gauge",
      "contains": "default"
    },
    "data_sent": {
      "values": {
        "rate": 5295.211909663906,
        "count": 476620
      },
      "type": "counter",
      "contains": "data"
    }
  },
  "root_group": {
    "id": "d41d8cd98f00b204e9800998ecf8427e",
    "groups": [],
    "checks": [
        {
          "path": "::status is 200",
          "id": "6210a8cd14cd70477eba5c5e4cb3fb5f",
          "passes": 4681,
          "fails": 0,
          "name": "status is 200"
        }
      ],
    "name": "",
    "path": ""
  },
  "options": {
    "summaryTimeUnit": "",
    "noColor": false,
    "summaryTrendStats": [
      "avg",
      "min",
      "med",
      "max",
      "p(50)",
      "p(95)",
      "p(99)"
    ]
  }
}