{
  "metrics": {
    "http_req_receiving": {
      "contains": "time",
      "values": {
        "min": 0.0395,
        "med": 0.0919,
        "max": 11.75364,
        "p(50)": 0.0919,
        "p(95)": 0.597278,
        "p(99)": 1.5280005999999964,
        "avg": 0.20951104548866525
      },
      "type": "trend"
    },
    "req_latency": {
      "type": "trend",
      "contains": "default",
      "values": {
        "min": 9.742891,
        "med": 13.99383,
        "max": 111.947607,
        "p(50)": 13.99383,
        "p(95)": 39.47473,
        "p(99)": 79.40697739999999,
        "avg": 16.960040715658312
      }
    },
    "data_received": {
      "type": "counter",
      "contains": "data",
      "values": {
        "count": 6428205,
        "rate": 71412.7618811557
      }
    },
    "round_trip_count": {
      "type": "trend",
      "contains": "default",
      "values": {
        "p(95)": 1,
        "p(99)": 1,
        "avg": 1,
        "min": 1,
        "med": 1,
        "max": 1,
        "p(50)": 1
      }
    },
    "vus_max": {
      "type": "gauge",
      "contains": "default",
      "values": {
        "value": 148,
        "min": 148,
        "max": 148
      }
    },
    "http_req_connecting": {
      "contains": "time",
      "values": {
        "med": 0,
        "max": 16.499405,
        "p(50)": 0,
        "p(95)": 0,
        "p(99)": 5.487879999999985,
        "avg": 0.12170201291097431,
        "min": 0
      },
      "type": "trend"
    },
    "iteration_duration": {
      "type": "trend",
      "contains": "time",
      "values": {
        "max": 112.471505,
        "p(50)": 14.654186,
        "p(95)": 40.203294,
        "p(99)": 80.14455079999993,
        "avg": 17.745645782465036,
        "min": 10.190579,
        "med": 14.654186
      }
    },
    "http_req_sending": {
      "type": "trend",
      "contains": "time",
      "values": {
        "med": 0.02777,
        "max": 0.253138,
        "p(50)": 0.02777,
        "p(95)": 0.06092,
        "p(99)": 0.11706299999999997,
        "avg": 0.03272197567932738,
        "min": 0.01261
      }
    },
    "http_req_duration": {
      "type": "trend",
      "contains": "time",
      "values": {
        "min": 9.742891,
        "med": 13.99383,
        "max": 111.947607,
        "p(50)": 13.99383,
        "p(95)": 39.47473,
        "p(99)": 79.40697739999999,
        "avg": 16.960040715658312
      }
    },
    "http_req_duration{expected_response:true}": {
      "contains": "time",
      "values": {
        "avg": 16.960040715658312,
        "min": 9.742891,
        "med": 13.99383,
        "max": 111.947607,
        "p(50)": 13.99383,
        "p(95)": 39.47473,
        "p(99)": 79.40697739999999
      },
      "type": "trend"
    },
    "http_req_failed": {
      "type": "rate",
      "contains": "default",
      "values": {
        "passes": 0,
        "fails": 6661,
        "rate": 0
      }
    },
    "checks": {
      "type": "rate",
      "contains": "default",
      "values": {
        "passes": 13322,
        "fails": 0,
        "rate": 1
      }
    },
    "http_req_waiting": {
      "type": "trend",
      "contains": "time",
      "values": {
        "p(99)": 77.62842319999997,
        "avg": 16.717807694490276,
        "min": 9.626101,
        "med": 13.865149,
        "max": 110.278095,
        "p(50)": 13.865149,
        "p(95)": 36.563715
      }
    },
    "iterations": {
      "type": "counter",
      "contains": "default",
      "values": {
        "rate": 73.99894790075582,
        "count": 6661
      }
    },
    "payload_bytes": {
      "type": "trend",
      "contains": "default",
      "values": {
        "avg": 703.7147575439124,
        "min": 147,
        "med": 450,
        "max": 2590,
        "p(50)": 450,
        "p(95)": 1790,
        "p(99)": 2402.199999999999
      }
    },
    "http_reqs": {
      "type": "counter",
      "contains": "default",
      "values": {
        "count": 6661,
        "rate": 73.99894790075582
      }
    },
    "vus": {
      "values": {
        "value": 2,
        "min": 1,
        "max": 7
      },
      "type": "gauge",
      "contains": "default"
    },
    "http_req_tls_handshaking": {
      "type": "trend",
      "contains": "time",
      "values": {
        "avg": 0,
        "min": 0,
        "med": 0,
        "max": 0,
        "p(50)": 0,
        "p(95)": 0,
        "p(99)": 0
      }
    },
    "http_req_blocked": {
      "type": "trend",
      "contains": "time",
      "values": {
        "p(99)": 5.583253599999987,
        "avg": 0.13264819261372182,
        "min": 0.00439,
        "med": 0.00768,
        "max": 16.631465,
        "p(50)": 0.00768,
        "p(95)": 0.01605
      }
    },
    "data_sent": {
      "type": "counter",
      "contains": "data",
      "values": {
        "count": 1768937,
        "rate": 19651.625417012358
      }
    }
  },
  "root_group": {
    "id": "d41d8cd98f00b204e9800998ecf8427e",
    "groups": [],
    "checks": [
        {
          "name": "status is 200",
          "path": "::status is 200",
          "id": "6210a8cd14cd70477eba5c5e4cb3fb5f",
          "passes": 6661,
          "fails": 0
        },
        {
          "fails": 0,
          "name": "no graphql errors",
          "path": "::no graphql errors",
          "id": "7c29382b2a87caa2e50f0d89170b649f",
          "passes": 6661
        }
      ],
    "name": "",
    "path": ""
  },
  "options": {
    "summaryTrendStats": [
      "avg",
      "min",
      "med",
      "max",
      "p(50)",
      "p(95)",
      "p(99)"
    ],
    "summaryTimeUnit": "",
    "noColor": false
  },
  "state": {
    "testRunDurationMs": 90014.793304,
    "isStdOutTTY": false,
    "isStdErrTTY": false
  }
}