{
  "metrics": {
    "req_latency": {
      "type": "trend",
      "contains": "default",
      "values": {
        "max": 73.451096,
        "p(50)": 11.88666,
        "p(95)": 14.833371,
        "p(99)": 44.02424839999988,
        "avg": 12.675922424110508,
        "min": 8.711719,
        "med": 11.88666
      }
    },
    "http_req_blocked": {
      "type": "trend",
      "contains": "time",
      "values": {
        "p(99)": 5.2784643999999945,
        "avg": 0.1249837620477398,
        "min": 0.00438,
        "med": 0.007,
        "max": 15.02258,
        "p(50)": 0.007,
        "p(95)": 0.01371
      }
    },
    "checks": {
      "type": "rate",
      "contains": "default",
      "values": {
        "passes": 13322,
        "fails": 0,
        "rate": 1
      }
    },
    "http_req_waiting": {
      "values": {
        "max": 72.003861,
        "p(50)": 11.76161,
        "p(95)": 14.70614,
        "p(99)": 42.559844399999605,
        "avg": 12.529813159585679,
        "min": 8.59064,
        "med": 11.76161
      },
      "type": "trend",
      "contains": "time"
    },
    "round_trip_count": {
      "type": "trend",
      "contains": "default",
      "values": {
        "p(99)": 1,
        "avg": 1,
        "min": 1,
        "med": 1,
        "max": 1,
        "p(50)": 1,
        "p(95)": 1
      }
    },
    "http_req_duration": {
      "values": {
        "p(95)": 14.833371,
        "p(99)": 44.02424839999988,
        "avg": 12.675922424110508,
        "min": 8.711719,
        "med": 11.88666,
        "max": 73.451096,
        "p(50)": 11.88666
      },
      "type": "trend",
      "contains": "time"
    },
    "http_req_connecting": {
      "contains": "time",
      "values": {
        "p(95)": 0,
        "p(99)": 5.1897546,
        "avg": 0.11522309097733076,
        "min": 0,
        "med": 0,
        "max": 14.94388,
        "p(50)": 0
      },
      "type": "trend"
    },
    "data_received": {
      "type": "counter",
      "contains": "data",
      "values": {
        "count": 3666273,
        "rate": 40730.73728549592
      }
    },
    "iteration_duration": {
      "type": "trend",
      "contains": "time",
      "values": {
        "avg": 13.325444310764212,
        "min": 9.270127,
        "med": 12.424535,
        "max": 73.778605,
        "p(50)": 12.424535,
        "p(95)": 17.124078,
        "p(99)": 44.48394879999984
      }
    },
    "http_req_duration{expected_response:true}": {
      "type": "trend",
      "contains": "time",
      "values": {
        "p(95)": 14.833371,
        "p(99)": 44.02424839999988,
        "avg": 12.675922424110508,
        "min": 8.711719,
        "med": 11.88666,
        "max": 73.451096,
        "p(50)": 11.88666
      }
    },
    "payload_bytes": {
      "type": "trend",
      "contains": "default",
      "values": {
        "p(99)": 288,
        "avg": 289.40309262873444,
        "min": 181,
        "med": 253,
        "max": 10632,
        "p(50)": 253,
        "p(95)": 288
      }
    },
    "http_req_tls_handshaking": {
      "type": "trend",
      "contains": "time",
      "values": {
        "avg": 0,
        "min": 0,
        "med": 0,
        "max": 0,
        "p(50)": 0,
        "p(95)": 0,
        "p(99)": 0
      }
    },
    "http_reqs": {
      "type": "counter",
      "contains": "default",
      "values": {
        "count": 6661,
        "rate": 74.0008834744953
      }
    },
    "vus_max": {
      "values": {
        "value": 148,
        "min": 148,
        "max": 148
      },
      "type": "gauge",
      "contains": "default"
    },
    "http_req_failed": {
      "type": "rate",
      "contains": "default",
      "values": {
        "rate": 0,
        "passes": 0,
        "fails": 6661
      }
    },
    "iterations": {
      "type": "counter",
      "contains": "default",
      "values": {
        "rate": 74.0008834744953,
        "count": 6661
      }
    },
    "http_req_sending": {
      "type": "trend",
      "contains": "time",
      "values": {
        "med": 0.02653,
        "max": 1.784354,
        "p(50)": 0.02653,
        "p(95)": 0.05296,
        "p(99)": 0.09963899999999995,
        "avg": 0.031040962317970353,
        "min": 0.01233
      }
    },
    "vus": {
      "type": "gauge",
      "contains": "default",
      "values": {
        "max": 5,
        "value": 1,
        "min": 1
      }
    },
    "http_req_receiving": {
      "values": {
        "med": 0.08925,
        "max": 7.571463,
        "p(50)": 0.08925,
        "p(95)": 0.162341,
        "p(99)": 0.6734329999999958,
        "avg": 0.11506830220687587,
        "min": 0.03357
      },
      "type": "trend",
      "contains": "time"
    },
    "data_sent": {
      "contains": "data",
      "values": {
        "count": 1771803,
        "rate": 19683.97948397556
      },
      "type": "counter"
    }
  },
  "root_group": {
    "name": "",
    "path": "",
    "id": "d41d8cd98f00b204e9800998ecf8427e",
    "groups": [],
    "checks": [
        {
          "name": "status is 200",
          "path": "::status is 200",
          "id": "6210a8cd14cd70477eba5c5e4cb3fb5f",
          "passes": 6661,
          "fails": 0
        },
        {
          "fails": 0,
          "name": "no graphql errors",
          "path": "::no graphql errors",
          "id": "7c29382b2a87caa2e50f0d89170b649f",
          "passes": 6661
        }
      ]
  },
  "options": {
    "summaryTrendStats": [
      "avg",
      "min",
      "med",
      "max",
      "p(50)",
      "p(95)",
      "p(99)"
    ],
    "summaryTimeUnit": "",
    "noColor": false
  },
  "state": {
    "isStdOutTTY": false,
    "isStdErrTTY": false,
    "testRunDurationMs": 90012.438869
  }
}