{
  "metrics": {
    "http_req_waiting": {
      "type": "trend",
      "contains": "time",
      "values": {
        "avg": 14.719119303864932,
        "min": 9.558753,
        "med": 13.876912,
        "max": 90.795746,
        "p(50)": 13.876912,
        "p(95)": 18.3156855,
        "p(99)": 35.0916965
      }
    },
    "http_reqs": {
      "contains": "default",
      "values": {
        "count": 2251,
        "rate": 25.00708947403832
      },
      "type": "counter"
    },
    "http_req_duration{expected_response:true}": {
      "contains": "time",
      "values": {
        "p(50)": 14.001718,
        "p(95)": 18.451826500000003,
        "p(99)": 35.24863,
        "avg": 14.855821339848962,
        "min": 9.677603,
        "med": 14.001718,
        "max": 91.408926
      },
      "type": "trend"
    },
    "http_req_receiving": {
      "type": "trend",
      "contains": "time",
      "values": {
        "med": 0.092821,
        "max": 0.638722,
        "p(50)": 0.092821,
        "p(95)": 0.17613,
        "p(99)": 0.2831715,
        "avg": 0.10317579475788541,
        "min": 0.03972
      }
    },
    "iteration_duration": {
      "contains": "time",
      "values": {
        "max": 92.393168,
        "p(50)": 14.786814,
        "p(95)": 19.952844499999998,
        "p(99)": 36.098541,
        "avg": 15.720754385162126,
        "min": 10.437773,
        "med": 14.786814
      },
      "type": "trend"
    },
    "iterations": {
      "type": "counter",
      "contains": "default",
      "values": {
        "count": 2251,
        "rate": 25.00708947403832
      }
    },
    "checks": {
      "type": "rate",
      "contains": "default",
      "values": {
        "rate": 1,
        "passes": 4502,
        "fails": 0
      }
    },
    "http_req_blocked": {
      "type": "trend",
      "contains": "time",
      "values": {
        "med": 0.00735,
        "max": 7.345703,
        "p(50)": 0.00735,
        "p(95)": 0.01684,
        "p(99)": 5.525535,
        "avg": 0.12943786494891105,
        "min": 0.00439
      }
    },
    "http_req_connecting": {
      "values": {
        "avg": 0.11829971923589513,
        "min": 0,
        "med": 0,
        "max": 7.192823,
        "p(50)": 0,
        "p(95)": 0,
        "p(99)": 5.4134895
      },
      "type": "trend",
      "contains": "time"
    },
    "vus_max": {
      "type": "gauge",
      "contains": "default",
      "values": {
        "value": 50,
        "min": 50,
        "max": 50
      }
    },
    "req_latency": {
      "type": "trend",
      "contains": "default",
      "values": {
        "p(99)": 35.24863,
        "avg": 14.855821339848962,
        "min": 9.677603,
        "med": 14.001718,
        "max": 91.408926,
        "p(50)": 14.001718,
        "p(95)": 18.451826500000003
      }
    },
    "http_req_duration": {
      "type": "trend",
      "contains": "time",
      "values": {
        "p(95)": 18.451826500000003,
        "p(99)": 35.24863,
        "avg": 14.855821339848962,
        "min": 9.677603,
        "med": 14.001718,
        "max": 91.408926,
        "p(50)": 14.001718
      }
    },
    "payload_bytes": {
      "values": {
        "med": 449,
        "max": 2590,
        "p(50)": 449,
        "p(95)": 1820.5,
        "p(99)": 2393,
        "avg": 687.1643713904931,
        "min": 147
      },
      "type": "trend",
      "contains": "default"
    },
    "http_req_sending": {
      "type": "trend",
      "contains": "time",
      "values": {
        "avg": 0.03352624122612176,
        "min": 0.01303,
        "med": 0.0285,
        "max": 0.30093,
        "p(50)": 0.0285,
        "p(95)": 0.059785000000000005,
        "p(99)": 0.1205005
      }
    },
    "vus": {
      "type": "gauge",
      "contains": "default",
      "values": {
        "value": 1,
        "min": 1,
        "max": 2
      }
    },
    "http_req_failed": {
      "type": "rate",
      "contains": "default",
      "values": {
        "rate": 0,
        "passes": 0,
        "fails": 2251
      }
    },
    "round_trip_count": {
      "type": "trend",
      "contains": "default",
      "values": {
        "avg": 1,
        "min": 1,
        "med": 1,
        "max": 1,
        "p(50)": 1,
        "p(95)": 1,
        "p(99)": 1
      }
    },
    "http_req_tls_handshaking": {
      "type": "trend",
      "contains": "time",
      "values": {
        "avg": 0,
        "min": 0,
        "med": 0,
        "max": 0,
        "p(50)": 0,
        "p(95)": 0,
        "p(99)": 0
      }
    },
    "data_sent": {
      "type": "counter",
      "contains": "data",
      "values": {
        "count": 597804,
        "rate": 6641.1986299147065
      }
    },
    "data_received": {
      "type": "counter",
      "contains": "data",
      "values": {
        "rate": 23719.018843621896,
        "count": 2135055
      }
    }
  },
  "root_group": {
    "name": "",
    "path": "",
    "id": "d41d8cd98f00b204e9800998ecf8427e",
    "groups": [],
    "checks": [
        {
          "name": "status is 200",
          "path": "::status is 200",
          "id": "6210a8cd14cd70477eba5c5e4cb3fb5f",
          "passes": 2251,
          "fails": 0
        },
        {
          "passes": 2251,
          "fails": 0,
          "name": "no graphql errors",
          "path": "::no graphql errors",
          "id": "7c29382b2a87caa2e50f0d89170b649f"
        }
      ]
  },
  "options": {
    "summaryTrendStats": [
      "avg",
      "min",
      "med",
      "max",
      "p(50)",
      "p(95)",
      "p(99)"
    ],
    "summaryTimeUnit": "",
    "noColor": false
  },
  "state": {
    "isStdOutTTY": false,
    "isStdErrTTY": false,
    "testRunDurationMs": 90014.473789
  }
}