{
  "state": {
    "isStdOutTTY": false,
    "isStdErrTTY": false,
    "testRunDurationMs": 90008.044832
  },
  "metrics": {
    "http_req_duration": {
      "type": "trend",
      "contains": "time",
      "values": {
        "min": 3.444437,
        "med": 7.910873,
        "max": 12.401896,
        "p(50)": 7.910873,
        "p(95)": 9.687306,
        "p(99)": 10.417018399999998,
        "avg": 7.9130404924185545
      }
    },
    "http_reqs": {
      "values": {
        "count": 6661,
        "rate": 74.0044960695764
      },
      "type": "counter",
      "contains": "default"
    },
    "data_sent": {
      "values": {
        "count": 795224,
        "rate": 8835.032484977153
      },
      "type": "counter",
      "contains": "data"
    },
    "iteration_duration": {
      "type": "trend",
      "contains": "time",
      "values": {
        "avg": 8.332851883050592,
        "min": 3.698078,
        "med": 8.207932,
        "max": 30.22087,
        "p(50)": 8.207932,
        "p(95)": 10.252455,
        "p(99)": 15.135901999999993
      }
    },
    "http_req_receiving": {
      "values": {
        "max": 0.466869,
        "p(50)": 0.087249,
        "p(95)": 0.12707,
        "p(99)": 0.16343019999999978,
        "avg": 0.0909686225791921,
        "min": 0.043959,
        "med": 0.087249
      },
      "type": "trend",
      "contains": "time"
    },
    "http_req_duration{expected_response:true}": {
      "type": "trend",
      "contains": "time",
      "values": {
        "min": 3.444437,
        "med": 7.910873,
        "max": 12.401896,
        "p(50)": 7.910873,
        "p(95)": 9.687306,
        "p(99)": 10.417018399999998,
        "avg": 7.9130404924185545
      }
    },
    "http_req_connecting": {
      "values": {
        "p(99)": 5.831944999999992,
        "avg": 0.1285806868338088,
        "min": 0,
        "med": 0,
        "max": 20.259364,
        "p(50)": 0,
        "p(95)": 0
      },
      "type": "trend",
      "contains": "time"
    },
    "http_req_tls_handshaking": {
      "type": "trend",
      "contains": "time",
      "values": {
        "min": 0,
        "med": 0,
        "max": 0,
        "p(50)": 0,
        "p(95)": 0,
        "p(99)": 0,
        "avg": 0
      }
    },
    "vus": {
      "type": "gauge",
      "contains": "default",
      "values": {
        "value": 1,
        "min": 1,
        "max": 1
      }
    },
    "round_trip_count": {
      "type": "trend",
      "contains": "default",
      "values": {
        "p(50)": 1,
        "p(95)": 1,
        "p(99)": 1,
        "avg": 1,
        "min": 1,
        "med": 1,
        "max": 1
      }
    },
    "http_req_sending": {
      "type": "trend",
      "contains": "time",
      "values": {
        "p(50)": 0.02249,
        "p(95)": 0.045819,
        "p(99)": 0.1022435999999995,
        "avg": 0.02572214802582193,
        "min": 0.01092,
        "med": 0.02249,
        "max": 0.203519
      }
    },
    "payload_bytes": {
      "type": "trend",
      "contains": "default",
      "values": {
        "min": 2012,
        "med": 2746,
        "max": 10688,
        "p(50)": 2746,
        "p(95)": 4433,
        "p(99)": 4747,
        "avg": 2960.3083621077917
      }
    },
    "data_received": {
      "contains": "data",
      "values": {
        "count": 21463801,
        "rate": 238465.36206915928
      },
      "type": "counter"
    },
    "http_req_blocked": {
      "type": "trend",
      "contains": "time",
      "values": {
        "avg": 0.13779065725866754,
        "min": 0.00416,
        "med": 0.00594,
        "max": 20.313894,
        "p(50)": 0.00594,
        "p(95)": 0.01869,
        "p(99)": 5.916086599999992
      }
    },
    "http_req_failed": {
      "contains": "default",
      "values": {
        "rate": 0,
        "passes": 0,
        "fails": 6661
      },
      "type": "rate"
    },
    "iterations": {
      "contains": "default",
      "values": {
        "count": 6661,
        "rate": 74.0044960695764
      },
      "type": "counter"
    },
    "http_req_waiting": {
      "type": "trend",
      "contains": "time",
      "values": {
        "avg": 7.796349721813527,
        "min": 3.308448,
        "med": 7.793684,
        "max": 12.279907,
        "p(50)": 7.793684,
        "p(95)": 9.558527,
        "p(99)": 10.2910972
      }
    },
    "checks": {
      "contains": "default",
      "values": {
        "rate": 1,
        "passes": 6661,
        "fails": 0
      },
      "type": "rate"
    },
    "req_latency": {
      "type": "trend",
      "contains": "default",
      "values": {
        "max": 12.401896,
        "p(50)": 7.910873,
        "p(95)": 9.687306,
        "p(99)": 10.417018399999998,
        "avg": 7.9130404924185545,
        "min": 3.444437,
        "med": 7.910873
      }
    },
    "vus_max": {
      "type": "gauge",
      "contains": "default",
      "values": {
        "value": 148,
        "min": 148,
        "max": 148
      }
    }
  },
  "root_group": {
    "name": "",
    "path": "",
    "id": "d41d8cd98f00b204e9800998ecf8427e",
    "groups": [],
    "checks": [
        {
          "name": "status is 200",
          "path": "::status is 200",
          "id": "6210a8cd14cd70477eba5c5e4cb3fb5f",
          "passes": 6661,
          "fails": 0
        }
      ]
  },
  "options": {
    "summaryTrendStats": [
      "avg",
      "min",
      "med",
      "max",
      "p(50)",
      "p(95)",
      "p(99)"
    ],
    "summaryTimeUnit": "",
    "noColor": false
  }
}