{
  "options": {
    "noColor": false,
    "summaryTrendStats": [
      "avg",
      "min",
      "med",
      "max",
      "p(50)",
      "p(95)",
      "p(99)"
    ],
    "summaryTimeUnit": ""
  },
  "state": {
    "isStdOutTTY": false,
    "isStdErrTTY": false,
    "testRunDurationMs": 90001.571222
  },
  "metrics": {
    "req_latency": {
      "type": "trend",
      "contains": "default",
      "values": {
        "max": 46.124918,
        "p(50)": 7.183325999999999,
        "p(95)": 8.89386265,
        "p(99)": 9.78351359,
        "avg": 7.2202289738738905,
        "min": 3.382408,
        "med": 7.183325999999999
      }
    },
    "http_req_waiting": {
      "type": "trend",
      "contains": "time",
      "values": {
        "max": 40.397162,
        "p(50)": 7.052644,
        "p(95)": 8.773527399999999,
        "p(99)": 9.673051089999998,
        "avg": 7.078971265915907,
        "min": 3.231599,
        "med": 7.052644
      }
    },
    "checks": {
      "contains": "default",
      "values": {
        "rate": 1,
        "passes": 6660,
        "fails": 0
      },
      "type": "rate"
    },
    "data_received": {
      "values": {
        "count": 5169787,
        "rate": 57441.07497021448
      },
      "type": "counter",
      "contains": "data"
    },
    "vus_max": {
      "type": "gauge",
      "contains": "default",
      "values": {
        "min": 148,
        "max": 148,
        "value": 148
      }
    },
    "http_req_duration{expected_response:true}": {
      "type": "trend",
      "contains": "time",
      "values": {
        "min": 3.382408,
        "med": 7.183325999999999,
        "max": 46.124918,
        "p(50)": 7.183325999999999,
        "p(95)": 8.89386265,
        "p(99)": 9.78351359,
        "avg": 7.2202289738738905
      }
    },
    "iteration_duration": {
      "values": {
        "p(99)": 14.41797431,
        "avg": 7.666202305405398,
        "min": 3.661855,
        "med": 7.511514999999999,
        "max": 46.450795,
        "p(50)": 7.511514999999999,
        "p(95)": 9.517546299999994
      },
      "type": "trend",
      "contains": "time"
    },
    "http_req_tls_handshaking": {
      "type": "trend",
      "contains": "time",
      "values": {
        "min": 0,
        "med": 0,
        "max": 0,
        "p(50)": 0,
        "p(95)": 0,
        "p(99)": 0,
        "avg": 0
      }
    },
    "http_req_duration": {
      "type": "trend",
      "contains": "time",
      "values": {
        "p(95)": 8.89386265,
        "p(99)": 9.78351359,
        "avg": 7.2202289738738905,
        "min": 3.382408,
        "med": 7.183325999999999,
        "max": 46.124918,
        "p(50)": 7.183325999999999
      }
    },
    "http_req_blocked": {
      "type": "trend",
      "contains": "time",
      "values": {
        "max": 14.003766,
        "p(50)": 0.00736,
        "p(95)": 0.017332499999999966,
        "p(99)": 5.676928799999999,
        "avg": 0.13645841156156083,
        "min": 0.00464,
        "med": 0.00736
      }
    },
    "http_req_connecting": {
      "type": "trend",
      "contains": "time",
      "values": {
        "p(95)": 0,
        "p(99)": 5.580123499999998,
        "avg": 0.12551477387387397,
        "min": 0,
        "med": 0,
        "max": 13.917477,
        "p(50)": 0
      }
    },
    "payload_bytes": {
      "type": "trend",
      "contains": "default",
      "values": {
        "avg": 515.2394894894895,
        "min": 223,
        "med": 428,
        "max": 29387,
        "p(50)": 428,
        "p(95)": 528,
        "p(99)": 530
      }
    },
    "http_reqs": {
      "values": {
        "count": 6660,
        "rate": 73.99870812890907
      },
      "type": "counter",
      "contains": "default"
    },
    "http_req_sending": {
      "type": "trend",
      "contains": "time",
      "values": {
        "p(95)": 0.058517499999999875,
        "p(99)": 0.1276341,
        "avg": 0.031571743693693595,
        "min": 0.01217,
        "med": 0.026789,
        "max": 0.232308,
        "p(50)": 0.026789
      }
    },
    "iterations": {
      "type": "counter",
      "contains": "default",
      "values": {
        "count": 6660,
        "rate": 73.99870812890907
      }
    },
    "http_req_receiving": {
      "type": "trend",
      "contains": "time",
      "values": {
        "min": 0.041169,
        "med": 0.091674,
        "max": 7.42699,
        "p(50)": 0.091674,
        "p(95)": 0.14817899999999998,
        "p(99)": 0.20056559999999996,
        "avg": 0.10968596426426418
      }
    },
    "vus": {
      "values": {
        "value": 0,
        "min": 0,
        "max": 1
      },
      "type": "gauge",
      "contains": "default"
    },
    "data_sent": {
      "type": "counter",
      "contains": "data",
      "values": {
        "count": 985669,
        "rate": 10951.686582990042
      }
    },
    "round_trip_count": {
      "values": {
        "p(50)": 1,
        "p(95)": 1,
        "p(99)": 1,
        "avg": 1,
        "min": 1,
        "med": 1,
        "max": 1
      },
      "type": "trend",
      "contains": "default"
    },
    "http_req_failed": {
      "type": "rate",
      "contains": "default",
      "values": {
        "rate": 0,
        "passes": 0,
        "fails": 6660
      }
    }
  },
  "root_group": {
    "path": "",
    "id": "d41d8cd98f00b204e9800998ecf8427e",
    "groups": [],
    "checks": [
        {
          "id": "6210a8cd14cd70477eba5c5e4cb3fb5f",
          "passes": 6660,
          "fails": 0,
          "name": "status is 200",
          "path": "::status is 200"
        }
      ],
    "name": ""
  }
}