{
  "options": {
    "noColor": false,
    "summaryTrendStats": [
      "avg",
      "min",
      "med",
      "max",
      "p(50)",
      "p(95)",
      "p(99)"
    ],
    "summaryTimeUnit": ""
  },
  "state": {
    "isStdOutTTY": false,
    "isStdErrTTY": false,
    "testRunDurationMs": 90001.555172
  },
  "metrics": {
    "data_sent": {
      "contains": "data",
      "values": {
        "count": 1195056,
        "rate": 13278.170557343756
      },
      "type": "counter"
    },
    "req_latency": {
      "type": "trend",
      "contains": "default",
      "values": {
        "p(95)": 17.325649,
        "p(99)": 46.42120245000003,
        "avg": 14.332804157111106,
        "min": 10.01448,
        "med": 13.683266,
        "max": 59.398867,
        "p(50)": 13.683266
      }
    },
    "data_received": {
      "type": "counter",
      "contains": "data",
      "values": {
        "count": 4265765,
        "rate": 47396.56989090677
      }
    },
    "iteration_duration": {
      "values": {
        "p(95)": 19.19893945,
        "p(99)": 47.08068414000001,
        "avg": 15.177303894666677,
        "min": 10.579687,
        "med": 14.393416,
        "max": 62.645498,
        "p(50)": 14.393416
      },
      "type": "trend",
      "contains": "time"
    },
    "http_req_tls_handshaking": {
      "type": "trend",
      "contains": "time",
      "values": {
        "min": 0,
        "med": 0,
        "max": 0,
        "p(50)": 0,
        "p(95)": 0,
        "p(99)": 0,
        "avg": 0
      }
    },
    "http_req_waiting": {
      "type": "trend",
      "contains": "time",
      "values": {
        "avg": 14.196732485333357,
        "min": 9.893991,
        "med": 13.5545525,
        "max": 58.993449,
        "p(50)": 13.5545525,
        "p(95)": 17.1991851,
        "p(99)": 45.77791345000003
      }
    },
    "http_req_receiving": {
      "type": "trend",
      "contains": "time",
      "values": {
        "avg": 0.10312911155555554,
        "min": 0.04015,
        "med": 0.092614,
        "max": 7.942116,
        "p(50)": 0.092614,
        "p(95)": 0.15273505000000004,
        "p(99)": 0.4005078000000004
      }
    },
    "vus": {
      "type": "gauge",
      "contains": "default",
      "values": {
        "value": 1,
        "min": 1,
        "max": 1
      }
    },
    "http_req_blocked": {
      "type": "trend",
      "contains": "time",
      "values": {
        "max": 11.227571,
        "p(50)": 0.00725,
        "p(95)": 0.014062000000000007,
        "p(99)": 5.787819800000014,
        "avg": 0.13367971488888833,
        "min": 0.00479,
        "med": 0.00725
      }
    },
    "http_reqs": {
      "type": "counter",
      "contains": "default",
      "values": {
        "count": 4500,
        "rate": 49.999136030484685
      }
    },
    "http_req_failed": {
      "type": "rate",
      "contains": "default",
      "values": {
        "rate": 0,
        "passes": 0,
        "fails": 4500
      }
    },
    "round_trip_count": {
      "type": "trend",
      "contains": "default",
      "values": {
        "avg": 1,
        "min": 1,
        "med": 1,
        "max": 1,
        "p(50)": 1,
        "p(95)": 1,
        "p(99)": 1
      }
    },
    "checks": {
      "type": "rate",
      "contains": "default",
      "values": {
        "rate": 1,
        "passes": 9000,
        "fails": 0
      }
    },
    "http_req_duration{expected_response:true}": {
      "type": "trend",
      "contains": "time",
      "values": {
        "min": 10.01448,
        "med": 13.683266,
        "max": 59.398867,
        "p(50)": 13.683266,
        "p(95)": 17.325649,
        "p(99)": 46.42120245000003,
        "avg": 14.332804157111106
      }
    },
    "payload_bytes": {
      "type": "trend",
      "contains": "default",
      "values": {
        "p(99)": 2464,
        "avg": 686.6275555555555,
        "min": 147,
        "med": 449,
        "max": 2590,
        "p(50)": 449,
        "p(95)": 1727
      }
    },
    "vus_max": {
      "type": "gauge",
      "contains": "default",
      "values": {
        "value": 100,
        "min": 100,
        "max": 100
      }
    },
    "http_req_connecting": {
      "type": "trend",
      "contains": "time",
      "values": {
        "p(50)": 0,
        "p(95)": 0,
        "p(99)": 5.701266590000008,
        "avg": 0.12327007533333335,
        "min": 0,
        "med": 0,
        "max": 11.135201
      }
    },
    "iterations": {
      "contains": "default",
      "values": {
        "count": 4500,
        "rate": 49.999136030484685
      },
      "type": "counter"
    },
    "http_req_duration": {
      "contains": "time",
      "values": {
        "avg": 14.332804157111106,
        "min": 10.01448,
        "med": 13.683266,
        "max": 59.398867,
        "p(50)": 13.683266,
        "p(95)": 17.325649,
        "p(99)": 46.42120245000003
      },
      "type": "trend"
    },
    "http_req_sending": {
      "type": "trend",
      "contains": "time",
      "values": {
        "med": 0.028295,
        "max": 0.327807,
        "p(50)": 0.028295,
        "p(95)": 0.050861,
        "p(99)": 0.12253049000000003,
        "avg": 0.03294256022222226,
        "min": 0.01352
      }
    }
  },
  "root_group": {
    "id": "d41d8cd98f00b204e9800998ecf8427e",
    "groups": [],
    "checks": [
        {
          "name": "status is 200",
          "path": "::status is 200",
          "id": "6210a8cd14cd70477eba5c5e4cb3fb5f",
          "passes": 4500,
          "fails": 0
        },
        {
          "name": "no graphql errors",
          "path": "::no graphql errors",
          "id": "7c29382b2a87caa2e50f0d89170b649f",
          "passes": 4500,
          "fails": 0
        }
      ],
    "name": "",
    "path": ""
  }
}