{
  "options": {
    "summaryTrendStats": [
      "avg",
      "min",
      "med",
      "max",
      "p(50)",
      "p(95)",
      "p(99)"
    ],
    "summaryTimeUnit": "",
    "noColor": false
  },
  "state": {
    "isStdErrTTY": false,
    "testRunDurationMs": 90001.228357,
    "isStdOutTTY": false
  },
  "metrics": {
    "req_latency": {
      "type": "trend",
      "contains": "default",
      "values": {
        "p(50)": 14.26978,
        "p(95)": 18.327093650000002,
        "p(99)": 60.391863480000026,
        "avg": 15.604094093803413,
        "min": 10.643814,
        "med": 14.26978,
        "max": 89.203741
      }
    },
    "page_latency": {
      "type": "trend",
      "contains": "default",
      "values": {
        "p(95)": 18.327093650000002,
        "p(99)": 60.391863480000026,
        "avg": 15.604094093803413,
        "min": 10.643814,
        "med": 14.26978,
        "max": 89.203741,
        "p(50)": 14.26978
      }
    },
    "http_req_waiting": {
      "type": "trend",
      "contains": "time",
      "values": {
        "p(95)": 18.17751145,
        "p(99)": 59.63033633000002,
        "avg": 15.45214702350424,
        "min": 10.510374,
        "med": 14.1383525,
        "max": 88.230034,
        "p(50)": 14.1383525
      }
    },
    "http_req_duration": {
      "contains": "time",
      "values": {
        "p(95)": 18.327093650000002,
        "p(99)": 60.391863480000026,
        "avg": 15.604094093803413,
        "min": 10.643814,
        "med": 14.26978,
        "max": 89.203741,
        "p(50)": 14.26978
      },
      "type": "trend"
    },
    "iterations": {
      "type": "counter",
      "contains": "default",
      "values": {
        "count": 4680,
        "rate": 51.9992902923086
      }
    },
    "http_req_blocked": {
      "type": "trend",
      "contains": "time",
      "values": {
        "p(99)": 5.579790020000001,
        "avg": 0.13171075982905892,
        "min": 0.00472,
        "med": 0.00741,
        "max": 10.966859,
        "p(50)": 0.00741,
        "p(95)": 0.01469005
      }
    },
    "http_reqs": {
      "type": "counter",
      "contains": "default",
      "values": {
        "count": 4680,
        "rate": 51.9992902923086
      }
    },
    "iteration_duration": {
      "type": "trend",
      "contains": "time",
      "values": {
        "max": 90.043475,
        "p(50)": 15.0028085,
        "p(95)": 20.3229385,
        "p(99)": 60.939975840000024,
        "avg": 16.4413157527778,
        "min": 11.506416,
        "med": 15.0028085
      }
    },
    "http_req_duration{expected_response:true}": {
      "contains": "time",
      "values": {
        "min": 10.643814,
        "med": 14.26978,
        "max": 89.203741,
        "p(50)": 14.26978,
        "p(95)": 18.327093650000002,
        "p(99)": 60.391863480000026,
        "avg": 15.604094093803413
      },
      "type": "trend"
    },
    "http_req_failed": {
      "type": "rate",
      "contains": "default",
      "values": {
        "rate": 0,
        "passes": 0,
        "fails": 4680
      }
    },
    "payload_bytes": {
      "contains": "default",
      "values": {
        "p(99)": 552,
        "avg": 512.5175213675213,
        "min": 273,
        "med": 539,
        "max": 558,
        "p(50)": 539,
        "p(95)": 548
      },
      "type": "trend"
    },
    "data_received": {
      "type": "counter",
      "contains": "data",
      "values": {
        "rate": 40222.362139776764,
        "count": 3620062
      }
    },
    "http_req_tls_handshaking": {
      "type": "trend",
      "contains": "time",
      "values": {
        "avg": 0,
        "min": 0,
        "med": 0,
        "max": 0,
        "p(50)": 0,
        "p(95)": 0,
        "p(99)": 0
      }
    },
    "checks": {
      "contains": "default",
      "values": {
        "rate": 1,
        "passes": 9360,
        "fails": 0
      },
      "type": "rate"
    },
    "vus": {
      "type": "gauge",
      "contains": "default",
      "values": {
        "value": 0,
        "min": 0,
        "max": 2
      }
    },
    "vus_max": {
      "type": "gauge",
      "contains": "default",
      "values": {
        "value": 104,
        "min": 104,
        "max": 104
      }
    },
    "http_req_sending": {
      "type": "trend",
      "contains": "time",
      "values": {
        "p(95)": 0.057035000000000016,
        "p(99)": 0.10809331,
        "avg": 0.0330655160256409,
        "min": 0.01397,
        "med": 0.0283905,
        "max": 0.200162,
        "p(50)": 0.0283905
      }
    },
    "http_req_receiving": {
      "type": "trend",
      "contains": "time",
      "values": {
        "med": 0.09381,
        "max": 8.59691,
        "p(50)": 0.09381,
        "p(95)": 0.161512,
        "p(99)": 0.6229676000000003,
        "avg": 0.1188815542735045,
        "min": 0.043651
      }
    },
    "round_trip_count": {
      "type": "trend",
      "contains": "default",
      "values": {
        "p(50)": 1,
        "p(95)": 1,
        "p(99)": 1,
        "avg": 1,
        "min": 1,
        "med": 1,
        "max": 1
      }
    },
    "data_sent": {
      "type": "counter",
      "contains": "data",
      "values": {
        "count": 1276814,
        "rate": 14186.628597282846
      }
    },
    "http_req_connecting": {
      "contains": "time",
      "values": {
        "med": 0,
        "max": 10.808177,
        "p(50)": 0,
        "p(95)": 0,
        "p(99)": 5.459125600000002,
        "avg": 0.1211286198717949,
        "min": 0
      },
      "type": "trend"
    }
  },
  "root_group": {
    "name": "",
    "path": "",
    "id": "d41d8cd98f00b204e9800998ecf8427e",
    "groups": [],
    "checks": [
        {
          "name": "status is 200",
          "path": "::status is 200",
          "id": "6210a8cd14cd70477eba5c5e4cb3fb5f",
          "passes": 4680,
          "fails": 0
        },
        {
          "fails": 0,
          "name": "no graphql errors",
          "path": "::no graphql errors",
          "id": "7c29382b2a87caa2e50f0d89170b649f",
          "passes": 4680
        }
      ]
  }
}