{
  "options": {
    "noColor": false,
    "summaryTrendStats": [
      "avg",
      "min",
      "med",
      "max",
      "p(50)",
      "p(95)",
      "p(99)"
    ],
    "summaryTimeUnit": ""
  },
  "state": {
    "isStdErrTTY": false,
    "testRunDurationMs": 90038.096888,
    "isStdOutTTY": false
  },
  "metrics": {
    "vus_max": {
      "type": "gauge",
      "contains": "default",
      "values": {
        "value": 104,
        "min": 104,
        "max": 104
      }
    },
    "http_req_duration{expected_response:true}": {
      "type": "trend",
      "contains": "time",
      "values": {
        "p(99)": 10.775366439999999,
        "avg": 7.596758873061257,
        "min": 3.985627,
        "med": 7.481808,
        "max": 35.239651,
        "p(50)": 7.481808,
        "p(95)": 9.5881958
      }
    },
    "http_req_blocked": {
      "type": "trend",
      "contains": "time",
      "values": {
        "min": 0.00271,
        "med": 0.00561,
        "max": 11.549004,
        "p(50)": 0.00561,
        "p(95)": 0.01002,
        "p(99)": 0.03198639999999992,
        "avg": 0.03116878414868547
      }
    },
    "http_req_sending": {
      "type": "trend",
      "contains": "time",
      "values": {
        "max": 0.260228,
        "p(50)": 0.01712,
        "p(95)": 0.03855,
        "p(99)": 0.06453999999999978,
        "avg": 0.020213569835505367,
        "min": 0.00766,
        "med": 0.01712
      }
    },
    "http_req_duration": {
      "type": "trend",
      "contains": "time",
      "values": {
        "avg": 7.596758873061257,
        "min": 3.985627,
        "med": 7.481808,
        "max": 35.239651,
        "p(50)": 7.481808,
        "p(95)": 9.5881958,
        "p(99)": 10.775366439999999
      }
    },
    "checks": {
      "type": "rate",
      "contains": "default",
      "values": {
        "rate": 1,
        "passes": 23405,
        "fails": 0
      }
    },
    "round_trip_count": {
      "contains": "default",
      "values": {
        "med": 5,
        "max": 5,
        "p(50)": 5,
        "p(95)": 5,
        "p(99)": 5,
        "avg": 5,
        "min": 5
      },
      "type": "trend"
    },
    "req_latency": {
      "type": "trend",
      "contains": "default",
      "values": {
        "avg": 7.596758873061257,
        "min": 3.985627,
        "med": 7.481808,
        "max": 35.239651,
        "p(50)": 7.481808,
        "p(95)": 9.5881958,
        "p(99)": 10.775366439999999
      }
    },
    "http_reqs": {
      "type": "counter",
      "contains": "default",
      "values": {
        "count": 23405,
        "rate": 259.9455209400294
      }
    },
    "http_req_tls_handshaking": {
      "type": "trend",
      "contains": "time",
      "values": {
        "p(99)": 0,
        "avg": 0,
        "min": 0,
        "med": 0,
        "max": 0,
        "p(50)": 0,
        "p(95)": 0
      }
    },
    "http_req_receiving": {
      "type": "trend",
      "contains": "time",
      "values": {
        "p(99)": 0.40003399999999995,
        "avg": 0.10262217795342911,
        "min": 0.03818,
        "med": 0.085561,
        "max": 1.336301,
        "p(50)": 0.085561,
        "p(95)": 0.2673019999999998
      }
    },
    "http_req_failed": {
      "type": "rate",
      "contains": "default",
      "values": {
        "rate": 0,
        "passes": 0,
        "fails": 23405
      }
    },
    "data_sent": {
      "type": "counter",
      "contains": "data",
      "values": {
        "count": 2383225,
        "rate": 26469.07345192487
      }
    },
    "iteration_duration": {
      "type": "trend",
      "contains": "time",
      "values": {
        "min": 31.209803,
        "med": 38.173954,
        "max": 71.401898,
        "p(50)": 38.173954,
        "p(95)": 45.981397,
        "p(99)": 49.29624919999999,
        "avg": 39.18904656355475
      }
    },
    "http_req_connecting": {
      "type": "trend",
      "contains": "time",
      "values": {
        "min": 0,
        "med": 0,
        "max": 11.486134,
        "p(50)": 0,
        "p(95)": 0,
        "p(99)": 0,
        "avg": 0.024638420422986543
      }
    },
    "data_received": {
      "type": "counter",
      "contains": "data",
      "values": {
        "count": 17578164,
        "rate": 195230.2925934318
      }
    },
    "http_req_waiting": {
      "type": "trend",
      "contains": "time",
      "values": {
        "min": 3.910497,
        "med": 7.363538,
        "max": 34.552346,
        "p(50)": 7.363538,
        "p(95)": 9.4202502,
        "p(99)": 10.5610632,
        "avg": 7.473923125272368
      }
    },
    "payload_bytes": {
      "values": {
        "avg": 490.0431104464858,
        "min": 251,
        "med": 517,
        "max": 536,
        "p(50)": 517,
        "p(95)": 526,
        "p(99)": 529
      },
      "type": "trend",
      "contains": "default"
    },
    "iterations": {
      "type": "counter",
      "contains": "default",
      "values": {
        "count": 4681,
        "rate": 51.98910418800588
      }
    },
    "vus": {
      "type": "gauge",
      "contains": "default",
      "values": {
        "value": 2,
        "min": 2,
        "max": 2
      }
    },
    "page_latency": {
      "values": {
        "p(95)": 44.58604699999999,
        "p(99)": 47.821771599999984,
        "avg": 37.983794365306544,
        "min": 29.883643,
        "med": 37.064199,
        "max": 70.369822,
        "p(50)": 37.064199
      },
      "type": "trend",
      "contains": "default"
    }
  },
  "root_group": {
    "name": "",
    "path": "",
    "id": "d41d8cd98f00b204e9800998ecf8427e",
    "groups": [],
    "checks": [
        {
          "name": "status is 200",
          "path": "::status is 200",
          "id": "6210a8cd14cd70477eba5c5e4cb3fb5f",
          "passes": 23405,
          "fails": 0
        }
      ]
  }
}