{
  "root_group": {
    "name": "",
    "path": "",
    "id": "d41d8cd98f00b204e9800998ecf8427e",
    "groups": [],
    "checks": [
        {
          "passes": 4501,
          "fails": 0,
          "name": "status is 200",
          "path": "::status is 200",
          "id": "6210a8cd14cd70477eba5c5e4cb3fb5f"
        }
      ]
  },
  "options": {
    "summaryTrendStats": [
      "avg",
      "min",
      "med",
      "max",
      "p(50)",
      "p(95)",
      "p(99)"
    ],
    "summaryTimeUnit": "",
    "noColor": false
  },
  "state": {
    "isStdOutTTY": false,
    "isStdErrTTY": false,
    "testRunDurationMs": 90011.262976
  },
  "metrics": {
    "vus_max": {
      "type": "gauge",
      "contains": "default",
      "values": {
        "value": 100,
        "min": 100,
        "max": 100
      }
    },
    "http_req_waiting": {
      "type": "trend",
      "contains": "time",
      "values": {
        "med": 8.522049,
        "max": 31.319452,
        "p(50)": 8.522049,
        "p(95)": 10.465531,
        "p(99)": 11.472437,
        "avg": 8.551710783603635,
        "min": 4.461043
      }
    },
    "http_req_sending": {
      "type": "trend",
      "contains": "time",
      "values": {
        "p(50)": 0.02289,
        "p(95)": 0.04692,
        "p(99)": 0.11287,
        "avg": 0.026502033770273326,
        "min": 0.01053,
        "med": 0.02289,
        "max": 0.25596
      }
    },
    "iteration_duration": {
      "type": "trend",
      "contains": "time",
      "values": {
        "avg": 9.17764861630752,
        "min": 4.810331,
        "med": 9.009156,
        "max": 31.829449,
        "p(50)": 9.009156,
        "p(95)": 11.489047,
        "p(99)": 16.114289
      }
    },
    "http_req_receiving": {
      "type": "trend",
      "contains": "time",
      "values": {
        "p(95)": 0.15828,
        "p(99)": 0.275058,
        "avg": 0.14989279982226175,
        "min": 0.044639,
        "med": 0.09974,
        "max": 7.649671,
        "p(50)": 0.09974
      }
    },
    "http_reqs": {
      "type": "counter",
      "contains": "default",
      "values": {
        "count": 4501,
        "rate": 50.00485329486063
      }
    },
    "http_req_duration": {
      "type": "trend",
      "contains": "time",
      "values": {
        "p(50)": 8.668097,
        "p(95)": 10.696659,
        "p(99)": 12.145684,
        "avg": 8.728105617196192,
        "min": 4.570073,
        "med": 8.668097,
        "max": 31.453702
      }
    },
    "http_req_failed": {
      "type": "rate",
      "contains": "default",
      "values": {
        "rate": 0,
        "passes": 0,
        "fails": 4501
      }
    },
    "checks": {
      "type": "rate",
      "contains": "default",
      "values": {
        "rate": 1,
        "passes": 4501,
        "fails": 0
      }
    },
    "vus": {
      "type": "gauge",
      "contains": "default",
      "values": {
        "min": 1,
        "max": 1,
        "value": 1
      }
    },
    "round_trip_count": {
      "type": "trend",
      "contains": "default",
      "values": {
        "med": 1,
        "max": 1,
        "p(50)": 1,
        "p(95)": 1,
        "p(99)": 1,
        "avg": 1,
        "min": 1
      }
    },
    "data_received": {
      "values": {
        "count": 37561542,
        "rate": 417298.24422100553
      },
      "type": "counter",
      "contains": "data"
    },
    "iterations": {
      "type": "counter",
      "contains": "default",
      "values": {
        "rate": 50.00485329486063,
        "count": 4501
      }
    },
    "data_sent": {
      "type": "counter",
      "contains": "data",
      "values": {
        "rate": 7369.788824948218,
        "count": 663364
      }
    },
    "http_req_connecting": {
      "type": "trend",
      "contains": "time",
      "values": {
        "p(99)": 5.49272,
        "avg": 0.1195495996445235,
        "min": 0,
        "med": 0,
        "max": 11.682966,
        "p(50)": 0,
        "p(95)": 0
      }
    },
    "req_latency": {
      "type": "trend",
      "contains": "default",
      "values": {
        "avg": 8.728105617196192,
        "min": 4.570073,
        "med": 8.668097,
        "max": 31.453702,
        "p(50)": 8.668097,
        "p(95)": 10.696659,
        "p(99)": 12.145684
      }
    },
    "http_req_tls_handshaking": {
      "type": "trend",
      "contains": "time",
      "values": {
        "avg": 0,
        "min": 0,
        "med": 0,
        "max": 0,
        "p(50)": 0,
        "p(95)": 0,
        "p(99)": 0
      }
    },
    "http_req_duration{expected_response:true}": {
      "type": "trend",
      "contains": "time",
      "values": {
        "min": 4.570073,
        "med": 8.668097,
        "max": 31.453702,
        "p(50)": 8.668097,
        "p(95)": 10.696659,
        "p(99)": 12.145684,
        "avg": 8.728105617196192
      }
    },
    "http_req_blocked": {
      "contains": "time",
      "values": {
        "min": 0.00404,
        "med": 0.00602,
        "max": 11.788116,
        "p(50)": 0.00602,
        "p(95)": 0.01811,
        "p(99)": 5.589589,
        "avg": 0.12869895845367496
      },
      "type": "trend"
    },
    "payload_bytes": {
      "type": "trend",
      "contains": "default",
      "values": {
        "avg": 8082.9166851810705,
        "min": 5330,
        "med": 7582,
        "max": 29291,
        "p(50)": 7582,
        "p(95)": 12152,
        "p(99)": 13029
      }
    }
  }
}