{
  "options": {
    "summaryTrendStats": [
      "avg",
      "min",
      "med",
      "max",
      "p(50)",
      "p(95)",
      "p(99)"
    ],
    "summaryTimeUnit": "",
    "noColor": false
  },
  "state": {
    "isStdErrTTY": false,
    "testRunDurationMs": 90039.58776,
    "isStdOutTTY": false
  },
  "metrics": {
    "iterations": {
      "type": "counter",
      "contains": "default",
      "values": {
        "count": 1531,
        "rate": 17.003631825601772
      }
    },
    "req_latency": {
      "type": "trend",
      "contains": "default",
      "values": {
        "avg": 7.346734128804682,
        "min": 2.952852,
        "med": 7.324118,
        "max": 29.570881,
        "p(50)": 7.324118,
        "p(95)": 8.8951458,
        "p(99)": 9.604009340000001
      }
    },
    "http_req_blocked": {
      "type": "trend",
      "contains": "time",
      "values": {
        "min": 0.00325,
        "med": 0.00672,
        "max": 7.669999,
        "p(50)": 0.00672,
        "p(95)": 0.010752699999999994,
        "p(99)": 0.04290600000000002,
        "avg": 0.03189103226649265
      }
    },
    "http_req_failed": {
      "type": "rate",
      "contains": "default",
      "values": {
        "rate": 0,
        "passes": 0,
        "fails": 7655
      }
    },
    "page_latency": {
      "type": "trend",
      "contains": "default",
      "values": {
        "avg": 36.7336706440235,
        "min": 29.48659,
        "med": 36.705881999999995,
        "max": 55.8836,
        "p(50)": 36.705881999999995,
        "p(95)": 40.1702025,
        "p(99)": 41.57741800000001
      }
    },
    "http_req_waiting": {
      "type": "trend",
      "contains": "time",
      "values": {
        "p(99)": 9.468069179999999,
        "avg": 7.231379014369688,
        "min": 2.788853,
        "med": 7.207031,
        "max": 29.419972,
        "p(50)": 7.207031,
        "p(95)": 8.7855243
      }
    },
    "http_req_duration{expected_response:true}": {
      "type": "trend",
      "contains": "time",
      "values": {
        "p(50)": 7.324118,
        "p(95)": 8.8951458,
        "p(99)": 9.604009340000001,
        "avg": 7.346734128804682,
        "min": 2.952852,
        "med": 7.324118,
        "max": 29.570881
      }
    },
    "data_received": {
      "values": {
        "count": 5744726,
        "rate": 63802.22458717308
      },
      "type": "counter",
      "contains": "data"
    },
    "payload_bytes": {
      "type": "trend",
      "contains": "default",
      "values": {
        "max": 536,
        "p(50)": 517,
        "p(95)": 526,
        "p(99)": 529,
        "avg": 489.45408229915085,
        "min": 251,
        "med": 517
      }
    },
    "http_req_connecting": {
      "type": "trend",
      "contains": "time",
      "values": {
        "p(95)": 0,
        "p(99)": 0,
        "avg": 0.024160742521227952,
        "min": 0,
        "med": 0,
        "max": 7.588719,
        "p(50)": 0
      }
    },
    "data_sent": {
      "type": "counter",
      "contains": "data",
      "values": {
        "count": 779382,
        "rate": 8655.992540497167
      }
    },
    "http_reqs": {
      "values": {
        "count": 7655,
        "rate": 85.01815912800888
      },
      "type": "counter",
      "contains": "default"
    },
    "http_req_receiving": {
      "type": "trend",
      "contains": "time",
      "values": {
        "med": 0.08672,
        "max": 9.678544,
        "p(50)": 0.08672,
        "p(95)": 0.12649429999999998,
        "p(99)": 0.1608609,
        "avg": 0.09168233716525134,
        "min": 0.0401
      }
    },
    "checks": {
      "type": "rate",
      "contains": "default",
      "values": {
        "rate": 1,
        "passes": 7655,
        "fails": 0
      }
    },
    "iteration_duration": {
      "type": "trend",
      "contains": "time",
      "values": {
        "avg": 38.28162007576743,
        "min": 31.309357,
        "med": 38.146978,
        "max": 74.570638,
        "p(50)": 38.146978,
        "p(95)": 42.1803315,
        "p(99)": 46.06721730000001
      }
    },
    "vus_max": {
      "values": {
        "value": 34,
        "min": 34,
        "max": 34
      },
      "type": "gauge",
      "contains": "default"
    },
    "http_req_tls_handshaking": {
      "type": "trend",
      "contains": "time",
      "values": {
        "med": 0,
        "max": 0,
        "p(50)": 0,
        "p(95)": 0,
        "p(99)": 0,
        "avg": 0,
        "min": 0
      }
    },
    "round_trip_count": {
      "type": "trend",
      "contains": "default",
      "values": {
        "p(50)": 5,
        "p(95)": 5,
        "p(99)": 5,
        "avg": 5,
        "min": 5,
        "med": 5,
        "max": 5
      }
    },
    "vus": {
      "values": {
        "value": 1,
        "min": 1,
        "max": 1
      },
      "type": "gauge",
      "contains": "default"
    },
    "http_req_duration": {
      "values": {
        "med": 7.324118,
        "max": 29.570881,
        "p(50)": 7.324118,
        "p(95)": 8.8951458,
        "p(99)": 9.604009340000001,
        "avg": 7.346734128804682,
        "min": 2.952852
      },
      "type": "trend",
      "contains": "time"
    },
    "http_req_sending": {
      "values": {
        "p(99)": 0.0766952,
        "avg": 0.023672777269758333,
        "min": 0.00846,
        "med": 0.01989,
        "max": 4.892338,
        "p(50)": 0.01989,
        "p(95)": 0.04216199999999997
      },
      "type": "trend",
      "contains": "time"
    }
  },
  "root_group": {
    "checks": [
      {
        "passes": 7655,
        "fails": 0,
        "name": "status is 200",
        "path": "::status is 200",
        "id": "6210a8cd14cd70477eba5c5e4cb3fb5f"
      }
    ],
    "name": "",
    "path": "",
    "id": "d41d8cd98f00b204e9800998ecf8427e",
    "groups": []
  }
}