{
  "options": {
    "summaryTrendStats": [
      "avg",
      "min",
      "med",
      "max",
      "p(50)",
      "p(95)",
      "p(99)"
    ],
    "summaryTimeUnit": "",
    "noColor": false
  },
  "state": {
    "isStdErrTTY": false,
    "testRunDurationMs": 90016.801133,
    "isStdOutTTY": false
  },
  "metrics": {
    "data_received": {
      "type": "counter",
      "contains": "data",
      "values": {
        "count": 7277370,
        "rate": 80844.57466165313
      }
    },
    "http_req_duration": {
      "type": "trend",
      "contains": "time",
      "values": {
        "max": 56.344397,
        "p(50)": 15.658336,
        "p(95)": 19.2235935,
        "p(99)": 22.3842175,
        "avg": 16.040426667703258,
        "min": 11.619588,
        "med": 15.658336
      }
    },
    "http_req_duration{expected_response:true}": {
      "type": "trend",
      "contains": "time",
      "values": {
        "p(50)": 15.658336,
        "p(95)": 19.2235935,
        "p(99)": 22.3842175,
        "avg": 16.040426667703258,
        "min": 11.619588,
        "med": 15.658336,
        "max": 56.344397
      }
    },
    "http_req_waiting": {
      "type": "trend",
      "contains": "time",
      "values": {
        "med": 15.53166,
        "max": 56.037779,
        "p(50)": 15.53166,
        "p(95)": 19.0939585,
        "p(99)": 22.242812,
        "avg": 15.91605985784096,
        "min": 11.493189
      }
    },
    "data_sent": {
      "type": "counter",
      "contains": "data",
      "values": {
        "count": 597410,
        "rate": 6636.649964014224
      }
    },
    "vus_max": {
      "type": "gauge",
      "contains": "default",
      "values": {
        "max": 50,
        "value": 50,
        "min": 50
      }
    },
    "http_reqs": {
      "contains": "default",
      "values": {
        "rate": 25.006442926961412,
        "count": 2251
      },
      "type": "counter"
    },
    "round_trip_count": {
      "values": {
        "avg": 1,
        "min": 1,
        "med": 1,
        "max": 1,
        "p(50)": 1,
        "p(95)": 1,
        "p(99)": 1
      },
      "type": "trend",
      "contains": "default"
    },
    "http_req_receiving": {
      "type": "trend",
      "contains": "time",
      "values": {
        "avg": 0.09537146334962232,
        "min": 0.04386,
        "med": 0.08917,
        "max": 0.353049,
        "p(50)": 0.08917,
        "p(95)": 0.1379305,
        "p(99)": 0.20683449999999998
      }
    },
    "http_req_tls_handshaking": {
      "values": {
        "min": 0,
        "med": 0,
        "max": 0,
        "p(50)": 0,
        "p(95)": 0,
        "p(99)": 0,
        "avg": 0
      },
      "type": "trend",
      "contains": "time"
    },
    "payload_bytes": {
      "type": "trend",
      "contains": "default",
      "values": {
        "med": 2710,
        "max": 10707,
        "p(50)": 2710,
        "p(95)": 4445,
        "p(99)": 4763,
        "avg": 2970.948911594847,
        "min": 2031
      }
    },
    "req_latency": {
      "type": "trend",
      "contains": "default",
      "values": {
        "med": 15.658336,
        "max": 56.344397,
        "p(50)": 15.658336,
        "p(95)": 19.2235935,
        "p(99)": 22.3842175,
        "avg": 16.040426667703258,
        "min": 11.619588
      }
    },
    "iteration_duration": {
      "values": {
        "p(50)": 17.083862,
        "p(95)": 21.817292000000002,
        "p(99)": 26.484970500000003,
        "avg": 17.57462313771653,
        "min": 12.747564,
        "med": 17.083862,
        "max": 57.522892
      },
      "type": "trend",
      "contains": "time"
    },
    "http_req_blocked": {
      "type": "trend",
      "contains": "time",
      "values": {
        "p(95)": 0.01171,
        "p(99)": 5.3967565,
        "avg": 0.12452122612172421,
        "min": 0.00412,
        "med": 0.00584,
        "max": 7.437602,
        "p(50)": 0.00584
      }
    },
    "http_req_sending": {
      "type": "trend",
      "contains": "time",
      "values": {
        "p(99)": 0.1165645,
        "avg": 0.028995346512660967,
        "min": 0.012149,
        "med": 0.02419,
        "max": 0.21214,
        "p(50)": 0.02419,
        "p(95)": 0.05023
      }
    },
    "iterations": {
      "type": "counter",
      "contains": "default",
      "values": {
        "count": 2251,
        "rate": 25.006442926961412
      }
    },
    "http_req_failed": {
      "values": {
        "rate": 0,
        "passes": 0,
        "fails": 2251
      },
      "type": "rate",
      "contains": "default"
    },
    "vus": {
      "type": "gauge",
      "contains": "default",
      "values": {
        "min": 0,
        "max": 1,
        "value": 0
      }
    },
    "checks": {
      "values": {
        "rate": 1,
        "passes": 4502,
        "fails": 0
      },
      "type": "rate",
      "contains": "default"
    },
    "http_req_connecting": {
      "contains": "time",
      "values": {
        "avg": 0.11550794535761877,
        "min": 0,
        "med": 0,
        "max": 7.320872,
        "p(50)": 0,
        "p(95)": 0,
        "p(99)": 5.3065715
      },
      "type": "trend"
    }
  },
  "root_group": {
    "checks": [
      {
        "name": "status is 200",
        "path": "::status is 200",
        "id": "6210a8cd14cd70477eba5c5e4cb3fb5f",
        "passes": 2251,
        "fails": 0
      },
      {
        "id": "7c29382b2a87caa2e50f0d89170b649f",
        "passes": 2251,
        "fails": 0,
        "name": "no graphql errors",
        "path": "::no graphql errors"
      }
    ],
    "name": "",
    "path": "",
    "id": "d41d8cd98f00b204e9800998ecf8427e",
    "groups": []
  }
}