{
  "root_group": {
    "checks": [
      {
        "id": "6210a8cd14cd70477eba5c5e4cb3fb5f",
        "passes": 13322,
        "fails": 0,
        "name": "status is 200",
        "path": "::status is 200"
      }
    ],
    "name": "",
    "path": "",
    "id": "d41d8cd98f00b204e9800998ecf8427e",
    "groups": []
  },
  "options": {
    "summaryTrendStats": [
      "avg",
      "min",
      "med",
      "max",
      "p(50)",
      "p(95)",
      "p(99)"
    ],
    "summaryTimeUnit": "",
    "noColor": false
  },
  "state": {
    "isStdErrTTY": false,
    "testRunDurationMs": 90018.407447,
    "isStdOutTTY": false
  },
  "metrics": {
    "http_req_connecting": {
      "type": "trend",
      "contains": "time",
      "values": {
        "avg": 0.06334623892808884,
        "min": 0,
        "med": 0,
        "max": 12.970363,
        "p(50)": 0,
        "p(95)": 0,
        "p(99)": 4.5154731899999865
      }
    },
    "http_req_sending": {
      "type": "trend",
      "contains": "time",
      "values": {
        "p(50)": 0.02266,
        "p(95)": 0.04088949999999999,
        "p(99)": 0.09751150999999965,
        "avg": 0.024679407371265567,
        "min": 0.00847,
        "med": 0.02266,
        "max": 0.674076
      }
    },
    "http_req_receiving": {
      "contains": "time",
      "values": {
        "avg": 0.096064938672872,
        "min": 0.04183,
        "med": 0.090329,
        "max": 1.148674,
        "p(50)": 0.090329,
        "p(95)": 0.15956995,
        "p(99)": 0.23468509999999954
      },
      "type": "trend"
    },
    "vus": {
      "type": "gauge",
      "contains": "default",
      "values": {
        "min": 1,
        "max": 2,
        "value": 1
      }
    },
    "http_req_waiting": {
      "type": "trend",
      "contains": "time",
      "values": {
        "avg": 7.4484440587749425,
        "min": 2.408037,
        "med": 7.4841915,
        "max": 39.465126,
        "p(50)": 7.4841915,
        "p(95)": 9.399299499999998,
        "p(99)": 10.270733899999998
      }
    },
    "payload_bytes": {
      "type": "trend",
      "contains": "default",
      "values": {
        "p(99)": 6250,
        "avg": 2834.4641195015765,
        "min": 110,
        "med": 907,
        "max": 6366,
        "p(50)": 907,
        "p(95)": 6205
      }
    },
    "iteration_duration": {
      "type": "trend",
      "contains": "time",
      "values": {
        "p(50)": 15.595468,
        "p(95)": 18.401513,
        "p(99)": 22.84228,
        "avg": 15.801019740879706,
        "min": 10.054188,
        "med": 15.595468,
        "max": 49.121296
      }
    },
    "iterations": {
      "type": "counter",
      "contains": "default",
      "values": {
        "count": 6661,
        "rate": 73.99597692196217
      }
    },
    "http_req_blocked": {
      "contains": "time",
      "values": {
        "max": 13.085023,
        "p(50)": 0.00701,
        "p(95)": 0.01124,
        "p(99)": 4.605887999999999,
        "avg": 0.0718620453385368,
        "min": 0.00301,
        "med": 0.00701
      },
      "type": "trend"
    },
    "http_req_failed": {
      "type": "rate",
      "contains": "default",
      "values": {
        "fails": 13322,
        "rate": 0,
        "passes": 0
      }
    },
    "data_received": {
      "contains": "data",
      "values": {
        "count": 41244434,
        "rate": 458177.77907572314
      },
      "type": "counter"
    },
    "req_latency": {
      "type": "trend",
      "contains": "default",
      "values": {
        "p(95)": 9.522546,
        "p(99)": 10.404194609999992,
        "avg": 7.569188404819108,
        "min": 2.497666,
        "med": 7.6053605,
        "max": 39.872554,
        "p(50)": 7.6053605
      }
    },
    "http_reqs": {
      "type": "counter",
      "contains": "default",
      "values": {
        "count": 13322,
        "rate": 147.99195384392434
      }
    },
    "checks": {
      "contains": "default",
      "values": {
        "fails": 0,
        "rate": 1,
        "passes": 13322
      },
      "type": "rate"
    },
    "page_latency": {
      "type": "trend",
      "contains": "default",
      "values": {
        "max": 48.349681000000004,
        "p(50)": 15.062661,
        "p(95)": 17.381541,
        "p(99)": 18.926279,
        "avg": 15.138376809638178,
        "min": 9.66481,
        "med": 15.062661
      }
    },
    "http_req_duration": {
      "type": "trend",
      "contains": "time",
      "values": {
        "avg": 7.569188404819108,
        "min": 2.497666,
        "med": 7.6053605,
        "max": 39.872554,
        "p(50)": 7.6053605,
        "p(95)": 9.522546,
        "p(99)": 10.404194609999992
      }
    },
    "http_req_duration{expected_response:true}": {
      "type": "trend",
      "contains": "time",
      "values": {
        "p(99)": 10.404194609999992,
        "avg": 7.569188404819108,
        "min": 2.497666,
        "med": 7.6053605,
        "max": 39.872554,
        "p(50)": 7.6053605,
        "p(95)": 9.522546
      }
    },
    "http_req_tls_handshaking": {
      "type": "trend",
      "contains": "time",
      "values": {
        "med": 0,
        "max": 0,
        "p(50)": 0,
        "p(95)": 0,
        "p(99)": 0,
        "avg": 0,
        "min": 0
      }
    },
    "round_trip_count": {
      "type": "trend",
      "contains": "default",
      "values": {
        "avg": 2,
        "min": 2,
        "med": 2,
        "max": 2,
        "p(50)": 2,
        "p(95)": 2,
        "p(99)": 2
      }
    },
    "vus_max": {
      "values": {
        "value": 148,
        "min": 148,
        "max": 148
      },
      "type": "gauge",
      "contains": "default"
    },
    "data_sent": {
      "type": "counter",
      "contains": "data",
      "values": {
        "rate": 14873.302449704912,
        "count": 1338871
      }
    }
  }
}