{
  "metrics": {
    "http_reqs": {
      "type": "counter",
      "contains": "default",
      "values": {
        "count": 6661,
        "rate": 74.00464391681705
      }
    },
    "payload_bytes": {
      "type": "trend",
      "contains": "default",
      "values": {
        "p(95)": 212,
        "p(99)": 237,
        "avg": 140.96877345743883,
        "min": 59,
        "med": 135,
        "max": 290,
        "p(50)": 135
      }
    },
    "http_req_duration": {
      "type": "trend",
      "contains": "time",
      "values": {
        "p(99)": 9.727476999999997,
        "avg": 7.232738832157332,
        "min": 3.236926,
        "med": 7.234571,
        "max": 14.58312,
        "p(50)": 7.234571,
        "p(95)": 8.998317
      }
    },
    "vus": {
      "values": {
        "value": 1,
        "min": 0,
        "max": 1
      },
      "type": "gauge",
      "contains": "default"
    },
    "iteration_duration": {
      "values": {
        "p(99)": 13.773993999999998,
        "avg": 7.677445009157797,
        "min": 3.568846,
        "med": 7.56661,
        "max": 19.901907,
        "p(50)": 7.56661,
        "p(95)": 9.612795
      },
      "type": "trend",
      "contains": "time"
    },
    "req_latency": {
      "type": "trend",
      "contains": "default",
      "values": {
        "avg": 7.232738832157332,
        "min": 3.236926,
        "med": 7.234571,
        "max": 14.58312,
        "p(50)": 7.234571,
        "p(95)": 8.998317,
        "p(99)": 9.727476999999997
      }
    },
    "http_req_duration{expected_response:true}": {
      "type": "trend",
      "contains": "time",
      "values": {
        "p(95)": 8.998317,
        "p(99)": 9.727476999999997,
        "avg": 7.232738832157332,
        "min": 3.236926,
        "med": 7.234571,
        "max": 14.58312,
        "p(50)": 7.234571
      }
    },
    "http_req_connecting": {
      "type": "trend",
      "contains": "time",
      "values": {
        "p(99)": 5.4162463999999995,
        "avg": 0.12257930010508929,
        "min": 0,
        "med": 0,
        "max": 11.672152,
        "p(50)": 0,
        "p(95)": 0
      }
    },
    "data_sent": {
      "type": "counter",
      "contains": "data",
      "values": {
        "count": 630001,
        "rate": 6999.399440360105
      }
    },
    "http_req_sending": {
      "type": "trend",
      "contains": "time",
      "values": {
        "min": 0.01085,
        "med": 0.02636,
        "max": 0.227971,
        "p(50)": 0.02636,
        "p(95)": 0.05301,
        "p(99)": 0.11635199999999982,
        "avg": 0.03039173517489862
      }
    },
    "round_trip_count": {
      "type": "trend",
      "contains": "default",
      "values": {
        "p(99)": 1,
        "avg": 1,
        "min": 1,
        "med": 1,
        "max": 1,
        "p(50)": 1,
        "p(95)": 1
      }
    },
    "data_received": {
      "type": "counter",
      "contains": "data",
      "values": {
        "count": 2675960,
        "rate": 29730.29078751625
      }
    },
    "http_req_failed": {
      "type": "rate",
      "contains": "default",
      "values": {
        "rate": 0,
        "passes": 0,
        "fails": 6661
      }
    },
    "iterations": {
      "type": "counter",
      "contains": "default",
      "values": {
        "count": 6661,
        "rate": 74.00464391681705
      }
    },
    "vus_max": {
      "type": "gauge",
      "contains": "default",
      "values": {
        "value": 148,
        "min": 148,
        "max": 148
      }
    },
    "http_req_blocked": {
      "values": {
        "p(99)": 5.517652399999992,
        "avg": 0.133285108392133,
        "min": 0.00439,
        "med": 0.00737,
        "max": 11.752433,
        "p(50)": 0.00737,
        "p(95)": 0.01931
      },
      "type": "trend",
      "contains": "time"
    },
    "http_req_tls_handshaking": {
      "type": "trend",
      "contains": "time",
      "values": {
        "p(95)": 0,
        "p(99)": 0,
        "avg": 0,
        "min": 0,
        "med": 0,
        "max": 0,
        "p(50)": 0
      }
    },
    "http_req_waiting": {
      "type": "trend",
      "contains": "time",
      "values": {
        "p(95)": 8.877132,
        "p(99)": 9.620374199999999,
        "avg": 7.10966312700797,
        "min": 3.102166,
        "med": 7.113424,
        "max": 14.38099,
        "p(50)": 7.113424
      }
    },
    "http_req_receiving": {
      "type": "trend",
      "contains": "time",
      "values": {
        "p(95)": 0.13242,
        "p(99)": 0.1642959999999999,
        "avg": 0.09268396997447806,
        "min": 0.04131,
        "med": 0.09119,
        "max": 0.502702,
        "p(50)": 0.09119
      }
    },
    "checks": {
      "type": "rate",
      "contains": "default",
      "values": {
        "rate": 1,
        "passes": 6661,
        "fails": 0
      }
    }
  },
  "root_group": {
    "path": "",
    "id": "d41d8cd98f00b204e9800998ecf8427e",
    "groups": [],
    "checks": [
        {
          "name": "status is 200",
          "path": "::status is 200",
          "id": "6210a8cd14cd70477eba5c5e4cb3fb5f",
          "passes": 6661,
          "fails": 0
        }
      ],
    "name": ""
  },
  "options": {
    "summaryTrendStats": [
      "avg",
      "min",
      "med",
      "max",
      "p(50)",
      "p(95)",
      "p(99)"
    ],
    "summaryTimeUnit": "",
    "noColor": false
  },
  "state": {
    "isStdOutTTY": false,
    "isStdErrTTY": false,
    "testRunDurationMs": 90007.865013
  }
}