{
  "state": {
    "isStdOutTTY": false,
    "isStdErrTTY": false,
    "testRunDurationMs": 96127.525871
  },
  "metrics": {
    "vus_max": {
      "type": "gauge",
      "contains": "default",
      "values": {
        "value": 740,
        "min": 148,
        "max": 740
      }
    },
    "iteration_duration": {
      "type": "trend",
      "contains": "time",
      "values": {
        "med": 6561.0970685,
        "max": 16435.7832,
        "p(50)": 6561.0970685,
        "p(95)": 11211.368319,
        "p(99)": 15337.226794,
        "avg": 6539.84239813805,
        "min": 25.656159
      }
    },
    "http_req_duration{expected_response:true}": {
      "contains": "time",
      "values": {
        "max": 16427.083697,
        "p(50)": 6558.3427075,
        "p(95)": 11208.092424,
        "p(99)": 15327.799645000001,
        "avg": 6535.70722510292,
        "min": 20.053715,
        "med": 6558.3427075
      },
      "type": "trend"
    },
    "http_req_blocked": {
      "values": {
        "max": 19.437942,
        "p(50)": 0.00767,
        "p(95)": 5.63356225,
        "p(99)": 6.935674,
        "avg": 0.7013130641242066,
        "min": 0.003421,
        "med": 0.00767
      },
      "type": "trend",
      "contains": "time"
    },
    "http_req_failed": {
      "type": "rate",
      "contains": "default",
      "values": {
        "rate": 0,
        "passes": 0,
        "fails": 5926
      }
    },
    "dropped_iterations": {
      "type": "counter",
      "contains": "default",
      "values": {
        "count": 734,
        "rate": 7.635690124647585
      }
    },
    "http_reqs": {
      "type": "counter",
      "contains": "default",
      "values": {
        "count": 5926,
        "rate": 61.64727476656893
      }
    },
    "http_req_duration": {
      "type": "trend",
      "contains": "time",
      "values": {
        "min": 20.053715,
        "med": 6558.3427075,
        "max": 16427.083697,
        "p(50)": 6558.3427075,
        "p(95)": 11208.092424,
        "p(99)": 15327.799645000001,
        "avg": 6535.70722510292
      }
    },
    "http_req_connecting": {
      "type": "trend",
      "contains": "time",
      "values": {
        "avg": 0.6814393867701649,
        "min": 0,
        "med": 0,
        "max": 19.327071,
        "p(50)": 0,
        "p(95)": 5.52612525,
        "p(99)": 6.819369
      }
    },
    "checks": {
      "type": "rate",
      "contains": "default",
      "values": {
        "rate": 1,
        "passes": 11852,
        "fails": 0
      }
    },
    "round_trip_count": {
      "type": "trend",
      "contains": "default",
      "values": {
        "avg": 1,
        "min": 1,
        "med": 1,
        "max": 1,
        "p(50)": 1,
        "p(95)": 1,
        "p(99)": 1
      }
    },
    "payload_bytes": {
      "contains": "default",
      "values": {
        "avg": 7977.018899763753,
        "min": 5349,
        "med": 7279,
        "max": 29310,
        "p(50)": 7279,
        "p(95)": 12149,
        "p(99)": 13016
      },
      "type": "trend"
    },
    "vus": {
      "values": {
        "max": 740,
        "value": 276,
        "min": 12
      },
      "type": "gauge",
      "contains": "default"
    },
    "http_req_receiving": {
      "type": "trend",
      "contains": "time",
      "values": {
        "p(95)": 2599.5531845,
        "p(99)": 3078.92410125,
        "avg": 1002.7744336888269,
        "min": 0.195283,
        "med": 755.4831345,
        "max": 3327.835711,
        "p(50)": 755.4831345
      }
    },
    "data_sent": {
      "type": "counter",
      "contains": "data",
      "values": {
        "count": 1572734,
        "rate": 16360.912087871247
      }
    },
    "data_received": {
      "type": "counter",
      "contains": "data",
      "values": {
        "count": 48825727,
        "rate": 507926.5960253937
      }
    },
    "req_latency": {
      "type": "trend",
      "contains": "default",
      "values": {
        "p(95)": 11208.092424,
        "p(99)": 15327.799645000001,
        "avg": 6535.707225102921,
        "min": 20.053715,
        "med": 6558.3427075,
        "max": 16427.083697,
        "p(50)": 6558.3427075
      }
    },
    "http_req_tls_handshaking": {
      "contains": "time",
      "values": {
        "avg": 0,
        "min": 0,
        "med": 0,
        "max": 0,
        "p(50)": 0,
        "p(95)": 0,
        "p(99)": 0
      },
      "type": "trend"
    },
    "http_req_sending": {
      "type": "trend",
      "contains": "time",
      "values": {
        "p(95)": 0.128622,
        "p(99)": 0.1880655,
        "avg": 0.05325066520418492,
        "min": 0.01085,
        "med": 0.028755000000000003,
        "max": 14.303475,
        "p(50)": 0.028755000000000003
      }
    },
    "http_req_waiting": {
      "contains": "time",
      "values": {
        "min": 19.616528,
        "med": 5461.2640895,
        "max": 15179.339548,
        "p(50)": 5461.2640895,
        "p(95)": 10045.343813,
        "p(99)": 14056.96680775,
        "avg": 5532.879540748894
      },
      "type": "trend"
    },
    "iterations": {
      "type": "counter",
      "contains": "default",
      "values": {
        "count": 5926,
        "rate": 61.64727476656893
      }
    }
  },
  "root_group": {
    "groups": [],
    "checks": [
        {
          "fails": 0,
          "name": "status is 200",
          "path": "::status is 200",
          "id": "6210a8cd14cd70477eba5c5e4cb3fb5f",
          "passes": 5926
        },
        {
          "name": "no graphql errors",
          "path": "::no graphql errors",
          "id": "7c29382b2a87caa2e50f0d89170b649f",
          "passes": 5926,
          "fails": 0
        }
      ],
    "name": "",
    "path": "",
    "id": "d41d8cd98f00b204e9800998ecf8427e"
  },
  "options": {
    "summaryTrendStats": [
      "avg",
      "min",
      "med",
      "max",
      "p(50)",
      "p(95)",
      "p(99)"
    ],
    "summaryTimeUnit": "",
    "noColor": false
  }
}