{
  "state": {
    "isStdErrTTY": false,
    "testRunDurationMs": 90009.641199,
    "isStdOutTTY": false
  },
  "metrics": {
    "http_req_receiving": {
      "type": "trend",
      "contains": "time",
      "values": {
        "avg": 0.09233029498000896,
        "min": 0.044779,
        "med": 0.09028,
        "max": 0.312828,
        "p(50)": 0.09028,
        "p(95)": 0.13423849999999998,
        "p(99)": 0.16899799999999998
      }
    },
    "checks": {
      "type": "rate",
      "contains": "default",
      "values": {
        "rate": 1,
        "passes": 2251,
        "fails": 0
      }
    },
    "data_sent": {
      "values": {
        "count": 400667,
        "rate": 4451.378704134323
      },
      "type": "counter",
      "contains": "data"
    },
    "http_req_sending": {
      "type": "trend",
      "contains": "time",
      "values": {
        "avg": 0.03282084673478458,
        "min": 0.0123,
        "med": 0.02716,
        "max": 0.229077,
        "p(50)": 0.02716,
        "p(95)": 0.0761395,
        "p(99)": 0.125704
      }
    },
    "http_req_duration": {
      "contains": "time",
      "values": {
        "p(99)": 10.187669,
        "avg": 7.660851237227899,
        "min": 3.6377,
        "med": 7.675998,
        "max": 35.068882,
        "p(50)": 7.675998,
        "p(95)": 9.3312815
      },
      "type": "trend"
    },
    "data_received": {
      "type": "counter",
      "contains": "data",
      "values": {
        "count": 1319797,
        "rate": 14662.840362646206
      }
    },
    "http_req_blocked": {
      "type": "trend",
      "contains": "time",
      "values": {
        "p(95)": 0.020830500000000002,
        "p(99)": 5.401482,
        "avg": 0.12699624255886216,
        "min": 0.00418,
        "med": 0.0075,
        "max": 7.887278,
        "p(50)": 0.0075
      }
    },
    "http_req_connecting": {
      "contains": "time",
      "values": {
        "p(99)": 5.286607999999999,
        "avg": 0.11590571301643715,
        "min": 0,
        "med": 0,
        "max": 7.806588,
        "p(50)": 0,
        "p(95)": 0
      },
      "type": "trend"
    },
    "http_reqs": {
      "values": {
        "count": 2251,
        "rate": 25.008432096994166
      },
      "type": "counter",
      "contains": "default"
    },
    "round_trip_count": {
      "type": "trend",
      "contains": "default",
      "values": {
        "min": 1,
        "med": 1,
        "max": 1,
        "p(50)": 1,
        "p(95)": 1,
        "p(99)": 1,
        "avg": 1
      }
    },
    "iterations": {
      "type": "counter",
      "contains": "default",
      "values": {
        "count": 2251,
        "rate": 25.008432096994166
      }
    },
    "iteration_duration": {
      "type": "trend",
      "contains": "time",
      "values": {
        "min": 3.866338,
        "med": 8.03668,
        "max": 35.400009,
        "p(50)": 8.03668,
        "p(95)": 9.920198,
        "p(99)": 14.155395,
        "avg": 8.118358061750328
      }
    },
    "req_latency": {
      "type": "trend",
      "contains": "default",
      "values": {
        "med": 7.675998,
        "max": 35.068882,
        "p(50)": 7.675998,
        "p(95)": 9.3312815,
        "p(99)": 10.187669,
        "avg": 7.660851237227899,
        "min": 3.6377
      }
    },
    "http_req_duration{expected_response:true}": {
      "type": "trend",
      "contains": "time",
      "values": {
        "avg": 7.660851237227899,
        "min": 3.6377,
        "med": 7.675998,
        "max": 35.068882,
        "p(50)": 7.675998,
        "p(95)": 9.3312815,
        "p(99)": 10.187669
      }
    },
    "http_req_tls_handshaking": {
      "type": "trend",
      "contains": "time",
      "values": {
        "avg": 0,
        "min": 0,
        "med": 0,
        "max": 0,
        "p(50)": 0,
        "p(95)": 0,
        "p(99)": 0
      }
    },
    "http_req_waiting": {
      "type": "trend",
      "contains": "time",
      "values": {
        "min": 3.552771,
        "med": 7.555435,
        "max": 34.951414,
        "p(50)": 7.555435,
        "p(95)": 9.2066705,
        "p(99)": 10.0730415,
        "avg": 7.535700095513117
      }
    },
    "vus": {
      "values": {
        "value": 0,
        "min": 0,
        "max": 0
      },
      "type": "gauge",
      "contains": "default"
    },
    "payload_bytes": {
      "type": "trend",
      "contains": "default",
      "values": {
        "avg": 325.3158596179476,
        "min": 128,
        "med": 329,
        "max": 528,
        "p(50)": 329,
        "p(95)": 428,
        "p(99)": 431
      }
    },
    "vus_max": {
      "values": {
        "value": 50,
        "min": 50,
        "max": 50
      },
      "type": "gauge",
      "contains": "default"
    },
    "http_req_failed": {
      "contains": "default",
      "values": {
        "fails": 2251,
        "rate": 0,
        "passes": 0
      },
      "type": "rate"
    }
  },
  "root_group": {
    "name": "",
    "path": "",
    "id": "d41d8cd98f00b204e9800998ecf8427e",
    "groups": [],
    "checks": [
        {
          "name": "status is 200",
          "path": "::status is 200",
          "id": "6210a8cd14cd70477eba5c5e4cb3fb5f",
          "passes": 2251,
          "fails": 0
        }
      ]
  },
  "options": {
    "summaryTrendStats": [
      "avg",
      "min",
      "med",
      "max",
      "p(50)",
      "p(95)",
      "p(99)"
    ],
    "summaryTimeUnit": "",
    "noColor": false
  }
}