{
  "metrics": {
    "http_req_tls_handshaking": {
      "type": "trend",
      "contains": "time",
      "values": {
        "max": 0,
        "p(50)": 0,
        "p(95)": 0,
        "p(99)": 0,
        "avg": 0,
        "min": 0,
        "med": 0
      }
    },
    "req_latency": {
      "type": "trend",
      "contains": "default",
      "values": {
        "min": 3.032615,
        "med": 7.376758000000001,
        "max": 42.551895,
        "p(50)": 7.376758000000001,
        "p(95)": 9.1400726,
        "p(99)": 10.04678298,
        "avg": 7.409534343479221
      }
    },
    "data_received": {
      "type": "counter",
      "contains": "data",
      "values": {
        "count": 11450063,
        "rate": 127198.21888936072
      }
    },
    "page_latency": {
      "type": "trend",
      "contains": "default",
      "values": {
        "med": 14.712406999999999,
        "max": 54.416636000000004,
        "p(50)": 14.712406999999999,
        "p(95)": 17.199991,
        "p(99)": 18.315513000000003,
        "avg": 14.819068686958484,
        "min": 10.271736
      }
    },
    "data_sent": {
      "values": {
        "count": 901386,
        "rate": 10013.455273722537
      },
      "type": "counter",
      "contains": "data"
    },
    "vus_max": {
      "type": "gauge",
      "contains": "default",
      "values": {
        "value": 100,
        "min": 100,
        "max": 100
      }
    },
    "http_req_duration": {
      "type": "trend",
      "contains": "time",
      "values": {
        "min": 3.032615,
        "med": 7.376758000000001,
        "max": 42.551895,
        "p(50)": 7.376758000000001,
        "p(95)": 9.1400726,
        "p(99)": 10.04678298,
        "avg": 7.409534343479221
      }
    },
    "checks": {
      "type": "rate",
      "contains": "default",
      "values": {
        "rate": 1,
        "passes": 9002,
        "fails": 0
      }
    },
    "http_req_duration{expected_response:true}": {
      "type": "trend",
      "contains": "time",
      "values": {
        "p(50)": 7.376758000000001,
        "p(95)": 9.1400726,
        "p(99)": 10.04678298,
        "avg": 7.409534343479221,
        "min": 3.032615,
        "med": 7.376758000000001,
        "max": 42.551895
      }
    },
    "vus": {
      "type": "gauge",
      "contains": "default",
      "values": {
        "value": 1,
        "min": 1,
        "max": 1
      }
    },
    "http_req_connecting": {
      "type": "trend",
      "contains": "time",
      "values": {
        "p(99)": 3.8611378899999593,
        "avg": 0.059471371028660305,
        "min": 0,
        "med": 0,
        "max": 12.244025,
        "p(50)": 0,
        "p(95)": 0
      }
    },
    "http_reqs": {
      "type": "counter",
      "contains": "default",
      "values": {
        "count": 9002,
        "rate": 100.00280054721316
      }
    },
    "http_req_waiting": {
      "type": "trend",
      "contains": "time",
      "values": {
        "min": 2.919454,
        "med": 7.2545585,
        "max": 40.43664,
        "p(50)": 7.2545585,
        "p(95)": 9.0143764,
        "p(99)": 9.922972189999998,
        "avg": 7.28428517729393
      }
    },
    "iterations": {
      "type": "counter",
      "contains": "default",
      "values": {
        "count": 4501,
        "rate": 50.00140027360658
      }
    },
    "payload_bytes": {
      "type": "trend",
      "contains": "default",
      "values": {
        "p(99)": 2349,
        "avg": 1010.4935569873361,
        "min": 110,
        "med": 129,
        "max": 2386,
        "p(50)": 129,
        "p(95)": 2326
      }
    },
    "round_trip_count": {
      "type": "trend",
      "contains": "default",
      "values": {
        "med": 2,
        "max": 2,
        "p(50)": 2,
        "p(95)": 2,
        "p(99)": 2,
        "avg": 2,
        "min": 2
      }
    },
    "http_req_sending": {
      "values": {
        "med": 0.024,
        "max": 2.175984,
        "p(50)": 0.024,
        "p(95)": 0.04725954999999999,
        "p(99)": 0.08976568999999988,
        "avg": 0.027311206620750823,
        "min": 0.0092
      },
      "type": "trend",
      "contains": "time"
    },
    "http_req_receiving": {
      "contains": "time",
      "values": {
        "min": 0.03961,
        "med": 0.0911855,
        "max": 2.683585,
        "p(50)": 0.0911855,
        "p(95)": 0.14096454999999988,
        "p(99)": 0.18246729999999994,
        "avg": 0.09793795956454088
      },
      "type": "trend"
    },
    "http_req_failed": {
      "type": "rate",
      "contains": "default",
      "values": {
        "rate": 0,
        "passes": 0,
        "fails": 9002
      }
    },
    "http_req_blocked": {
      "type": "trend",
      "contains": "time",
      "values": {
        "max": 12.346355,
        "p(50)": 0.00697,
        "p(95)": 0.0125,
        "p(99)": 3.963670189999953,
        "avg": 0.06887252532770383,
        "min": 0.00315,
        "med": 0.00697
      }
    },
    "iteration_duration": {
      "type": "trend",
      "contains": "time",
      "values": {
        "min": 10.86374,
        "med": 15.380879,
        "max": 54.915866,
        "p(50)": 15.380879,
        "p(95)": 18.331046,
        "p(99)": 22.354015,
        "avg": 15.580327283714734
      }
    }
  },
  "root_group": {
    "name": "",
    "path": "",
    "id": "d41d8cd98f00b204e9800998ecf8427e",
    "groups": [],
    "checks": [
        {
          "name": "status is 200",
          "path": "::status is 200",
          "id": "6210a8cd14cd70477eba5c5e4cb3fb5f",
          "passes": 9002,
          "fails": 0
        }
      ]
  },
  "options": {
    "summaryTrendStats": [
      "avg",
      "min",
      "med",
      "max",
      "p(50)",
      "p(95)",
      "p(99)"
    ],
    "summaryTimeUnit": "",
    "noColor": false
  },
  "state": {
    "isStdOutTTY": false,
    "isStdErrTTY": false,
    "testRunDurationMs": 90017.479018
  }
}