{
  "options": {
    "summaryTrendStats": [
      "avg",
      "min",
      "med",
      "max",
      "p(50)",
      "p(95)",
      "p(99)"
    ],
    "summaryTimeUnit": "",
    "noColor": false
  },
  "state": {
    "isStdOutTTY": false,
    "isStdErrTTY": false,
    "testRunDurationMs": 90023.203503
  },
  "metrics": {
    "http_req_receiving": {
      "type": "trend",
      "contains": "time",
      "values": {
        "p(50)": 0.100281,
        "p(95)": 0.17586600000000002,
        "p(99)": 0.2597069000000006,
        "avg": 0.11207261071195274,
        "min": 0.045801,
        "med": 0.100281,
        "max": 0.987227
      }
    },
    "http_req_failed": {
      "type": "rate",
      "contains": "default",
      "values": {
        "rate": 0,
        "passes": 0,
        "fails": 1531
      }
    },
    "req_latency": {
      "type": "trend",
      "contains": "default",
      "values": {
        "p(95)": 23.302024,
        "p(99)": 26.191983800000003,
        "avg": 20.305119540822968,
        "min": 15.797194,
        "med": 19.843772,
        "max": 69.490903,
        "p(50)": 19.843772
      }
    },
    "data_sent": {
      "type": "counter",
      "contains": "data",
      "values": {
        "count": 511662,
        "rate": 5683.667988808563
      }
    },
    "http_req_duration{expected_response:true}": {
      "values": {
        "p(50)": 19.843772,
        "p(95)": 23.302024,
        "p(99)": 26.191983800000003,
        "avg": 20.305119540822968,
        "min": 15.797194,
        "med": 19.843772,
        "max": 69.490903
      },
      "type": "trend",
      "contains": "time"
    },
    "round_trip_count": {
      "type": "trend",
      "contains": "default",
      "values": {
        "avg": 1,
        "min": 1,
        "med": 1,
        "max": 1,
        "p(50)": 1,
        "p(95)": 1,
        "p(99)": 1
      }
    },
    "payload_bytes": {
      "type": "trend",
      "contains": "default",
      "values": {
        "avg": 4928.161332462443,
        "min": 4050,
        "med": 4965,
        "max": 5288,
        "p(50)": 4965,
        "p(95)": 5243,
        "p(99)": 5275
      }
    },
    "data_received": {
      "type": "counter",
      "contains": "data",
      "values": {
        "count": 7946137,
        "rate": 88267.6542357793
      }
    },
    "http_req_connecting": {
      "type": "trend",
      "contains": "time",
      "values": {
        "p(99)": 5.347128300000003,
        "avg": 0.11885724493794902,
        "min": 0,
        "med": 0,
        "max": 7.591254,
        "p(50)": 0,
        "p(95)": 0
      }
    },
    "iteration_duration": {
      "type": "trend",
      "contains": "time",
      "values": {
        "p(99)": 30.3506533,
        "avg": 22.456499216198598,
        "min": 17.470412,
        "med": 21.911737,
        "max": 71.601067,
        "p(50)": 21.911737,
        "p(95)": 26.1022215
      }
    },
    "vus_max": {
      "type": "gauge",
      "contains": "default",
      "values": {
        "min": 34,
        "max": 34,
        "value": 34
      }
    },
    "iterations": {
      "type": "counter",
      "contains": "default",
      "values": {
        "count": 1531,
        "rate": 17.00672649300888
      }
    },
    "http_req_waiting": {
      "contains": "time",
      "values": {
        "max": 69.191521,
        "p(50)": 19.715482,
        "p(95)": 23.128428,
        "p(99)": 26.0533851,
        "avg": 20.159022101240996,
        "min": 15.676783,
        "med": 19.715482
      },
      "type": "trend"
    },
    "page_latency": {
      "type": "trend",
      "contains": "default",
      "values": {
        "avg": 20.305119540822968,
        "min": 15.797194,
        "med": 19.843772,
        "max": 69.490903,
        "p(50)": 19.843772,
        "p(95)": 23.302024,
        "p(99)": 26.191983800000003
      }
    },
    "checks": {
      "type": "rate",
      "contains": "default",
      "values": {
        "rate": 1,
        "passes": 3062,
        "fails": 0
      }
    },
    "http_reqs": {
      "type": "counter",
      "contains": "default",
      "values": {
        "count": 1531,
        "rate": 17.00672649300888
      }
    },
    "http_req_blocked": {
      "type": "trend",
      "contains": "time",
      "values": {
        "p(95)": 0.01394,
        "p(99)": 5.4870233,
        "avg": 0.12970946244284792,
        "min": 0.00416,
        "med": 0.00701,
        "max": 7.689503,
        "p(50)": 0.00701
      }
    },
    "vus": {
      "type": "gauge",
      "contains": "default",
      "values": {
        "min": 0,
        "max": 0,
        "value": 0
      }
    },
    "http_req_duration": {
      "type": "trend",
      "contains": "time",
      "values": {
        "avg": 20.305119540822968,
        "min": 15.797194,
        "med": 19.843772,
        "max": 69.490903,
        "p(50)": 19.843772,
        "p(95)": 23.302024,
        "p(99)": 26.191983800000003
      }
    },
    "http_req_sending": {
      "type": "trend",
      "contains": "time",
      "values": {
        "p(99)": 0.12867230000000004,
        "avg": 0.034024828870019626,
        "min": 0.01501,
        "med": 0.02833,
        "max": 0.572357,
        "p(50)": 0.02833,
        "p(95)": 0.0546755
      }
    },
    "http_req_tls_handshaking": {
      "type": "trend",
      "contains": "time",
      "values": {
        "p(50)": 0,
        "p(95)": 0,
        "p(99)": 0,
        "avg": 0,
        "min": 0,
        "med": 0,
        "max": 0
      }
    }
  },
  "root_group": {
    "checks": [
      {
        "name": "status is 200",
        "path": "::status is 200",
        "id": "6210a8cd14cd70477eba5c5e4cb3fb5f",
        "passes": 1531,
        "fails": 0
      },
      {
        "name": "no graphql errors",
        "path": "::no graphql errors",
        "id": "7c29382b2a87caa2e50f0d89170b649f",
        "passes": 1531,
        "fails": 0
      }
    ],
    "name": "",
    "path": "",
    "id": "d41d8cd98f00b204e9800998ecf8427e",
    "groups": []
  }
}