{
  "state": {
    "isStdOutTTY": false,
    "isStdErrTTY": false,
    "testRunDurationMs": 90009.965333
  },
  "metrics": {
    "data_sent": {
      "type": "counter",
      "contains": "data",
      "values": {
        "count": 155911,
        "rate": 1732.1526502448164
      }
    },
    "http_req_sending": {
      "type": "trend",
      "contains": "time",
      "values": {
        "p(95)": 0.06267500000000001,
        "p(99)": 0.12188000000000004,
        "avg": 0.03325247028086223,
        "min": 0.01301,
        "med": 0.02761,
        "max": 0.472515,
        "p(50)": 0.02761
      }
    },
    "http_req_failed": {
      "type": "rate",
      "contains": "default",
      "values": {
        "rate": 0,
        "passes": 0,
        "fails": 1531
      }
    },
    "checks": {
      "type": "rate",
      "contains": "default",
      "values": {
        "rate": 1,
        "passes": 1531,
        "fails": 0
      }
    },
    "iteration_duration": {
      "type": "trend",
      "contains": "time",
      "values": {
        "med": 8.300437,
        "max": 28.99256,
        "p(50)": 8.300437,
        "p(95)": 10.199394999999999,
        "p(99)": 14.797096400000004,
        "avg": 8.396729316133243,
        "min": 4.095617
      }
    },
    "iterations": {
      "type": "counter",
      "contains": "default",
      "values": {
        "count": 1531,
        "rate": 17.009227748682353
      }
    },
    "req_latency": {
      "type": "trend",
      "contains": "default",
      "values": {
        "avg": 7.849129465708671,
        "min": 3.769705,
        "med": 7.85589,
        "max": 28.499895,
        "p(50)": 7.85589,
        "p(95)": 9.552272,
        "p(99)": 10.2765161
      }
    },
    "payload_bytes": {
      "type": "trend",
      "contains": "default",
      "values": {
        "min": 251,
        "med": 517,
        "max": 534,
        "p(50)": 517,
        "p(95)": 526,
        "p(99)": 529,
        "avg": 489.476812540823
      }
    },
    "http_req_connecting": {
      "type": "trend",
      "contains": "time",
      "values": {
        "p(50)": 0,
        "p(95)": 0,
        "p(99)": 5.430395,
        "avg": 0.1182661783148269,
        "min": 0,
        "med": 0,
        "max": 7.417344
      }
    },
    "round_trip_count": {
      "type": "trend",
      "contains": "default",
      "values": {
        "med": 1,
        "max": 1,
        "p(50)": 1,
        "p(95)": 1,
        "p(99)": 1,
        "avg": 1,
        "min": 1
      }
    },
    "vus_max": {
      "type": "gauge",
      "contains": "default",
      "values": {
        "min": 34,
        "max": 34,
        "value": 34
      }
    },
    "http_req_receiving": {
      "contains": "time",
      "values": {
        "p(50)": 0.091351,
        "p(95)": 0.1435265,
        "p(99)": 0.18540930000000008,
        "avg": 0.0980034095362508,
        "min": 0.045181,
        "med": 0.091351,
        "max": 0.307143
      },
      "type": "trend"
    },
    "vus": {
      "contains": "default",
      "values": {
        "max": 1,
        "value": 0,
        "min": 0
      },
      "type": "gauge"
    },
    "http_req_duration": {
      "contains": "time",
      "values": {
        "max": 28.499895,
        "p(50)": 7.85589,
        "p(95)": 9.552272,
        "p(99)": 10.2765161,
        "avg": 7.849129465708671,
        "min": 3.769705,
        "med": 7.85589
      },
      "type": "trend"
    },
    "http_reqs": {
      "type": "counter",
      "contains": "default",
      "values": {
        "count": 1531,
        "rate": 17.009227748682353
      }
    },
    "http_req_tls_handshaking": {
      "type": "trend",
      "contains": "time",
      "values": {
        "p(95)": 0,
        "p(99)": 0,
        "avg": 0,
        "min": 0,
        "med": 0,
        "max": 0,
        "p(50)": 0
      }
    },
    "http_req_waiting": {
      "type": "trend",
      "contains": "time",
      "values": {
        "max": 28.374573,
        "p(50)": 7.727057,
        "p(95)": 9.382293,
        "p(99)": 10.1476927,
        "avg": 7.717873585891587,
        "min": 3.627554,
        "med": 7.727057
      }
    },
    "data_received": {
      "contains": "data",
      "values": {
        "count": 1148980,
        "rate": 12765.03102461205
      },
      "type": "counter"
    },
    "page_latency": {
      "type": "trend",
      "contains": "default",
      "values": {
        "p(50)": 7.85589,
        "p(95)": 9.552272,
        "p(99)": 10.2765161,
        "avg": 7.849129465708671,
        "min": 3.769705,
        "med": 7.85589,
        "max": 28.499895
      }
    },
    "http_req_duration{expected_response:true}": {
      "type": "trend",
      "contains": "time",
      "values": {
        "p(50)": 7.85589,
        "p(95)": 9.552272,
        "p(99)": 10.2765161,
        "avg": 7.849129465708671,
        "min": 3.769705,
        "med": 7.85589,
        "max": 28.499895
      }
    },
    "http_req_blocked": {
      "type": "trend",
      "contains": "time",
      "values": {
        "max": 7.515394,
        "p(50)": 0.00735,
        "p(95)": 0.01887,
        "p(99)": 5.549034700000003,
        "avg": 0.12906700914435015,
        "min": 0.00417,
        "med": 0.00735
      }
    }
  },
  "root_group": {
    "name": "",
    "path": "",
    "id": "d41d8cd98f00b204e9800998ecf8427e",
    "groups": [],
    "checks": [
        {
          "name": "status is 200",
          "path": "::status is 200",
          "id": "6210a8cd14cd70477eba5c5e4cb3fb5f",
          "passes": 1531,
          "fails": 0
        }
      ]
  },
  "options": {
    "summaryTrendStats": [
      "avg",
      "min",
      "med",
      "max",
      "p(50)",
      "p(95)",
      "p(99)"
    ],
    "summaryTimeUnit": "",
    "noColor": false
  }
}