{
  "state": {
    "isStdOutTTY": false,
    "isStdErrTTY": false,
    "testRunDurationMs": 90001.640558
  },
  "metrics": {
    "http_req_connecting": {
      "type": "trend",
      "contains": "time",
      "values": {
        "p(95)": 0,
        "p(99)": 5.511948310000001,
        "avg": 0.11892195488888893,
        "min": 0,
        "med": 0,
        "max": 12.256985,
        "p(50)": 0
      }
    },
    "vus": {
      "type": "gauge",
      "contains": "default",
      "values": {
        "value": 1,
        "min": 0,
        "max": 1
      }
    },
    "vus_max": {
      "type": "gauge",
      "contains": "default",
      "values": {
        "min": 100,
        "max": 100,
        "value": 100
      }
    },
    "http_req_receiving": {
      "type": "trend",
      "contains": "time",
      "values": {
        "avg": 0.10121982066666672,
        "min": 0.04359,
        "med": 0.09124499999999999,
        "max": 7.983701,
        "p(50)": 0.09124499999999999,
        "p(95)": 0.14138095,
        "p(99)": 0.19598931000000044
      }
    },
    "data_received": {
      "type": "counter",
      "contains": "data",
      "values": {
        "count": 3325315,
        "rate": 36947.27095398954
      }
    },
    "iteration_duration": {
      "type": "trend",
      "contains": "time",
      "values": {
        "p(99)": 13.9084313,
        "avg": 7.692413719999976,
        "min": 4.041146,
        "med": 7.5897055,
        "max": 22.606072,
        "p(50)": 7.5897055,
        "p(95)": 9.465613000000001
      }
    },
    "payload_bytes": {
      "type": "trend",
      "contains": "default",
      "values": {
        "avg": 477.95666666666665,
        "min": 223,
        "med": 428,
        "max": 29387,
        "p(50)": 428,
        "p(95)": 527,
        "p(99)": 529
      }
    },
    "http_req_waiting": {
      "type": "trend",
      "contains": "time",
      "values": {
        "avg": 7.119885838444467,
        "min": 3.649846,
        "med": 7.121422,
        "max": 14.522261,
        "p(50)": 7.121422,
        "p(95)": 8.74151305,
        "p(99)": 9.526801110000008
      }
    },
    "http_req_failed": {
      "type": "rate",
      "contains": "default",
      "values": {
        "rate": 0,
        "passes": 0,
        "fails": 4500
      }
    },
    "checks": {
      "type": "rate",
      "contains": "default",
      "values": {
        "passes": 4500,
        "fails": 0,
        "rate": 1
      }
    },
    "round_trip_count": {
      "type": "trend",
      "contains": "default",
      "values": {
        "min": 1,
        "med": 1,
        "max": 1,
        "p(50)": 1,
        "p(95)": 1,
        "p(99)": 1,
        "avg": 1
      }
    },
    "iterations": {
      "type": "counter",
      "contains": "default",
      "values": {
        "count": 4500,
        "rate": 49.99908859550235
      }
    },
    "http_req_duration{expected_response:true}": {
      "type": "trend",
      "contains": "time",
      "values": {
        "avg": 7.252109708222216,
        "min": 3.761246,
        "med": 7.2474865,
        "max": 22.175333,
        "p(50)": 7.2474865,
        "p(95)": 8.879623500000001,
        "p(99)": 9.649790110000009
      }
    },
    "http_req_sending": {
      "type": "trend",
      "contains": "time",
      "values": {
        "max": 0.415919,
        "p(50)": 0.02693,
        "p(95)": 0.051010950000000006,
        "p(99)": 0.12841441000000012,
        "avg": 0.03100404911111119,
        "min": 0.01036,
        "med": 0.02693
      }
    },
    "http_req_blocked": {
      "type": "trend",
      "contains": "time",
      "values": {
        "max": 12.340965,
        "p(50)": 0.00737,
        "p(95)": 0.01935250000000001,
        "p(99)": 5.610277810000001,
        "avg": 0.12952209222222172,
        "min": 0.00426,
        "med": 0.00737
      }
    },
    "http_req_tls_handshaking": {
      "type": "trend",
      "contains": "time",
      "values": {
        "max": 0,
        "p(50)": 0,
        "p(95)": 0,
        "p(99)": 0,
        "avg": 0,
        "min": 0,
        "med": 0
      }
    },
    "req_latency": {
      "contains": "default",
      "values": {
        "min": 3.761246,
        "med": 7.2474865,
        "max": 22.175333,
        "p(50)": 7.2474865,
        "p(95)": 8.879623500000001,
        "p(99)": 9.649790110000009,
        "avg": 7.252109708222216
      },
      "type": "trend"
    },
    "data_sent": {
      "values": {
        "count": 665989,
        "rate": 7399.742892140003
      },
      "type": "counter",
      "contains": "data"
    },
    "http_reqs": {
      "type": "counter",
      "contains": "default",
      "values": {
        "count": 4500,
        "rate": 49.99908859550235
      }
    },
    "http_req_duration": {
      "type": "trend",
      "contains": "time",
      "values": {
        "med": 7.2474865,
        "max": 22.175333,
        "p(50)": 7.2474865,
        "p(95)": 8.879623500000001,
        "p(99)": 9.649790110000009,
        "avg": 7.252109708222216,
        "min": 3.761246
      }
    }
  },
  "root_group": {
    "id": "d41d8cd98f00b204e9800998ecf8427e",
    "groups": [],
    "checks": [
        {
          "name": "status is 200",
          "path": "::status is 200",
          "id": "6210a8cd14cd70477eba5c5e4cb3fb5f",
          "passes": 4500,
          "fails": 0
        }
      ],
    "name": "",
    "path": ""
  },
  "options": {
    "summaryTrendStats": [
      "avg",
      "min",
      "med",
      "max",
      "p(50)",
      "p(95)",
      "p(99)"
    ],
    "summaryTimeUnit": "",
    "noColor": false
  }
}