{
  "metrics": {
    "http_req_failed": {
      "values": {
        "rate": 0,
        "passes": 0,
        "fails": 4501
      },
      "type": "rate",
      "contains": "default"
    },
    "req_latency": {
      "contains": "default",
      "values": {
        "p(95)": 23.977535,
        "p(99)": 56.175336,
        "avg": 20.90679055632082,
        "min": 13.358967,
        "med": 20.098595,
        "max": 73.342172,
        "p(50)": 20.098595
      },
      "type": "trend"
    },
    "http_req_tls_handshaking": {
      "type": "trend",
      "contains": "time",
      "values": {
        "avg": 0,
        "min": 0,
        "med": 0,
        "max": 0,
        "p(50)": 0,
        "p(95)": 0,
        "p(99)": 0
      }
    },
    "http_req_receiving": {
      "type": "trend",
      "contains": "time",
      "values": {
        "max": 14.30183,
        "p(50)": 0.097,
        "p(95)": 0.216429,
        "p(99)": 0.526927,
        "avg": 0.12037524283492528,
        "min": 0.04231,
        "med": 0.097
      }
    },
    "data_sent": {
      "type": "counter",
      "contains": "data",
      "values": {
        "count": 1333733,
        "rate": 14815.702018645045
      }
    },
    "http_req_sending": {
      "type": "trend",
      "contains": "time",
      "values": {
        "p(99)": 0.117179,
        "avg": 0.033719390802044065,
        "min": 0.01373,
        "med": 0.027759,
        "max": 1.850536,
        "p(50)": 0.027759,
        "p(95)": 0.058779
      }
    },
    "data_received": {
      "type": "counter",
      "contains": "data",
      "values": {
        "count": 26150138,
        "rate": 290487.4156629899
      }
    },
    "http_req_blocked": {
      "contains": "time",
      "values": {
        "min": 0.00435,
        "med": 0.00734,
        "max": 9.800274,
        "p(50)": 0.00734,
        "p(95)": 0.01273,
        "p(99)": 5.565038,
        "avg": 0.12472650033325924
      },
      "type": "trend"
    },
    "http_req_duration": {
      "contains": "time",
      "values": {
        "min": 13.358967,
        "med": 20.098595,
        "max": 73.342172,
        "p(50)": 20.098595,
        "p(95)": 23.977535,
        "p(99)": 56.175336,
        "avg": 20.90679055632082
      },
      "type": "trend"
    },
    "http_req_connecting": {
      "type": "trend",
      "contains": "time",
      "values": {
        "p(95)": 0,
        "p(99)": 5.485268,
        "avg": 0.11445221195289938,
        "min": 0,
        "med": 0,
        "max": 9.729894,
        "p(50)": 0
      }
    },
    "vus_max": {
      "values": {
        "value": 100,
        "min": 100,
        "max": 100
      },
      "type": "gauge",
      "contains": "default"
    },
    "checks": {
      "contains": "default",
      "values": {
        "passes": 9002,
        "fails": 0,
        "rate": 1
      },
      "type": "rate"
    },
    "http_req_duration{expected_response:true}": {
      "type": "trend",
      "contains": "time",
      "values": {
        "p(50)": 20.098595,
        "p(95)": 23.977535,
        "p(99)": 56.175336,
        "avg": 20.90679055632082,
        "min": 13.358967,
        "med": 20.098595,
        "max": 73.342172
      }
    },
    "http_req_waiting": {
      "contains": "time",
      "values": {
        "avg": 20.752695922683806,
        "min": 13.246007,
        "med": 19.968256,
        "max": 72.607338,
        "p(50)": 19.968256,
        "p(95)": 23.802486,
        "p(99)": 55.76212
      },
      "type": "trend"
    },
    "payload_bytes": {
      "type": "trend",
      "contains": "default",
      "values": {
        "min": 1704,
        "med": 5993,
        "max": 6385,
        "p(50)": 5993,
        "p(95)": 6248,
        "p(99)": 6291,
        "avg": 5547.850699844479
      }
    },
    "iteration_duration": {
      "type": "trend",
      "contains": "time",
      "values": {
        "avg": 23.084744771828543,
        "min": 14.522028,
        "med": 22.166438,
        "max": 75.964383,
        "p(50)": 22.166438,
        "p(95)": 27.449548,
        "p(99)": 58.485158
      }
    },
    "round_trip_count": {
      "type": "trend",
      "contains": "default",
      "values": {
        "avg": 1,
        "min": 1,
        "med": 1,
        "max": 1,
        "p(50)": 1,
        "p(95)": 1,
        "p(99)": 1
      }
    },
    "vus": {
      "type": "gauge",
      "contains": "default",
      "values": {
        "value": 1,
        "min": 1,
        "max": 2
      }
    },
    "page_latency": {
      "type": "trend",
      "contains": "default",
      "values": {
        "avg": 20.90679055632082,
        "min": 13.358967,
        "med": 20.098595,
        "max": 73.342172,
        "p(50)": 20.098595,
        "p(95)": 23.977535,
        "p(99)": 56.175336
      }
    },
    "iterations": {
      "type": "counter",
      "contains": "default",
      "values": {
        "count": 4501,
        "rate": 49.99911885356465
      }
    },
    "http_reqs": {
      "type": "counter",
      "contains": "default",
      "values": {
        "count": 4501,
        "rate": 49.99911885356465
      }
    }
  },
  "root_group": {
    "checks": [
      {
        "fails": 0,
        "name": "status is 200",
        "path": "::status is 200",
        "id": "6210a8cd14cd70477eba5c5e4cb3fb5f",
        "passes": 4501
      },
      {
        "path": "::no graphql errors",
        "id": "7c29382b2a87caa2e50f0d89170b649f",
        "passes": 4501,
        "fails": 0,
        "name": "no graphql errors"
      }
    ],
    "name": "",
    "path": "",
    "id": "d41d8cd98f00b204e9800998ecf8427e",
    "groups": []
  },
  "options": {
    "summaryTrendStats": [
      "avg",
      "min",
      "med",
      "max",
      "p(50)",
      "p(95)",
      "p(99)"
    ],
    "summaryTimeUnit": "",
    "noColor": false
  },
  "state": {
    "isStdOutTTY": false,
    "isStdErrTTY": false,
    "testRunDurationMs": 90021.586444
  }
}