{
  "root_group": {
    "path": "",
    "id": "d41d8cd98f00b204e9800998ecf8427e",
    "groups": [],
    "checks": [
        {
          "name": "status is 200",
          "path": "::status is 200",
          "id": "6210a8cd14cd70477eba5c5e4cb3fb5f",
          "passes": 6660,
          "fails": 0
        }
      ],
    "name": ""
  },
  "options": {
    "summaryTimeUnit": "",
    "noColor": false,
    "summaryTrendStats": [
      "avg",
      "min",
      "med",
      "max",
      "p(50)",
      "p(95)",
      "p(99)"
    ]
  },
  "state": {
    "isStdOutTTY": false,
    "isStdErrTTY": false,
    "testRunDurationMs": 90001.171808
  },
  "metrics": {
    "http_req_connecting": {
      "type": "trend",
      "contains": "time",
      "values": {
        "p(95)": 0,
        "p(99)": 5.597877399999996,
        "avg": 0.1228074444444444,
        "min": 0,
        "med": 0,
        "max": 18.248601,
        "p(50)": 0
      }
    },
    "http_req_waiting": {
      "type": "trend",
      "contains": "time",
      "values": {
        "p(95)": 9.314411,
        "p(99)": 10.079461399999998,
        "avg": 7.481486288888869,
        "min": 2.958697,
        "med": 7.461732,
        "max": 30.688016,
        "p(50)": 7.461732
      }
    },
    "data_sent": {
      "type": "counter",
      "contains": "data",
      "values": {
        "count": 982813,
        "rate": 10920.002265044288
      }
    },
    "payload_bytes": {
      "type": "trend",
      "contains": "default",
      "values": {
        "avg": 2936.9975975975976,
        "min": 615,
        "med": 3501,
        "max": 29355,
        "p(50)": 3501,
        "p(95)": 5106.0999999999985,
        "p(99)": 5304
      }
    },
    "req_latency": {
      "type": "trend",
      "contains": "default",
      "values": {
        "p(95)": 9.436082950000001,
        "p(99)": 10.212942909999997,
        "avg": 7.607458836786793,
        "min": 3.100826,
        "med": 7.588292,
        "max": 30.854415,
        "p(50)": 7.588292
      }
    },
    "http_req_failed": {
      "type": "rate",
      "contains": "default",
      "values": {
        "rate": 0,
        "passes": 0,
        "fails": 6660
      }
    },
    "http_req_blocked": {
      "type": "trend",
      "contains": "time",
      "values": {
        "min": 0.00389,
        "med": 0.00618,
        "max": 18.388931,
        "p(50)": 0.00618,
        "p(95)": 0.018332999999999957,
        "p(99)": 5.685786619999997,
        "avg": 0.132088174774773
      }
    },
    "round_trip_count": {
      "type": "trend",
      "contains": "default",
      "values": {
        "p(95)": 1,
        "p(99)": 1,
        "avg": 1,
        "min": 1,
        "med": 1,
        "max": 1,
        "p(50)": 1
      }
    },
    "http_req_receiving": {
      "contains": "time",
      "values": {
        "avg": 0.09884886456456467,
        "min": 0.04329,
        "med": 0.0907195,
        "max": 6.8288,
        "p(50)": 0.0907195,
        "p(95)": 0.14862099999999998,
        "p(99)": 0.19924329999999996
      },
      "type": "trend"
    },
    "http_req_duration": {
      "contains": "time",
      "values": {
        "p(95)": 9.436082950000001,
        "p(99)": 10.212942909999997,
        "avg": 7.607458836786793,
        "min": 3.100826,
        "med": 7.588292,
        "max": 30.854415,
        "p(50)": 7.588292
      },
      "type": "trend"
    },
    "http_reqs": {
      "type": "counter",
      "contains": "default",
      "values": {
        "count": 6660,
        "rate": 73.99903652596674
      }
    },
    "http_req_duration{expected_response:true}": {
      "contains": "time",
      "values": {
        "max": 30.854415,
        "p(50)": 7.588292,
        "p(95)": 9.436082950000001,
        "p(99)": 10.212942909999997,
        "avg": 7.607458836786793,
        "min": 3.100826,
        "med": 7.588292
      },
      "type": "trend"
    },
    "data_received": {
      "contains": "data",
      "values": {
        "count": 21303411,
        "rate": 236701.48479229456
      },
      "type": "counter"
    },
    "iteration_duration": {
      "type": "trend",
      "contains": "time",
      "values": {
        "avg": 8.03782372027025,
        "min": 3.296177,
        "med": 7.91701,
        "max": 31.213653,
        "p(50)": 7.91701,
        "p(95)": 10.0444195,
        "p(99)": 14.256436189999995
      }
    },
    "http_req_sending": {
      "values": {
        "p(50)": 0.02329,
        "p(95)": 0.047530499999999996,
        "p(99)": 0.10542269999999992,
        "avg": 0.02712368333333333,
        "min": 0.00944,
        "med": 0.02329,
        "max": 0.583608
      },
      "type": "trend",
      "contains": "time"
    },
    "checks": {
      "contains": "default",
      "values": {
        "rate": 1,
        "passes": 6660,
        "fails": 0
      },
      "type": "rate"
    },
    "vus": {
      "type": "gauge",
      "contains": "default",
      "values": {
        "value": 0,
        "min": 0,
        "max": 1
      }
    },
    "http_req_tls_handshaking": {
      "type": "trend",
      "contains": "time",
      "values": {
        "avg": 0,
        "min": 0,
        "med": 0,
        "max": 0,
        "p(50)": 0,
        "p(95)": 0,
        "p(99)": 0
      }
    },
    "iterations": {
      "type": "counter",
      "contains": "default",
      "values": {
        "count": 6660,
        "rate": 73.99903652596674
      }
    },
    "vus_max": {
      "type": "gauge",
      "contains": "default",
      "values": {
        "value": 148,
        "min": 148,
        "max": 148
      }
    }
  }
}