{
  "metrics": {
    "round_trip_count": {
      "type": "trend",
      "contains": "default",
      "values": {
        "p(95)": 1,
        "p(99)": 1,
        "avg": 1,
        "min": 1,
        "med": 1,
        "max": 1,
        "p(50)": 1
      }
    },
    "http_req_duration": {
      "type": "trend",
      "contains": "time",
      "values": {
        "min": 3.802692,
        "med": 7.2069215,
        "max": 14.542764,
        "p(50)": 7.2069215,
        "p(95)": 8.9051536,
        "p(99)": 9.67263739,
        "avg": 7.191846105111102
      }
    },
    "http_req_connecting": {
      "type": "trend",
      "contains": "time",
      "values": {
        "p(95)": 0,
        "p(99)": 5.32904481,
        "avg": 0.11881712888888893,
        "min": 0,
        "med": 0,
        "max": 12.512038,
        "p(50)": 0
      }
    },
    "http_req_duration{expected_response:true}": {
      "type": "trend",
      "contains": "time",
      "values": {
        "med": 7.2069215,
        "max": 14.542764,
        "p(50)": 7.2069215,
        "p(95)": 8.9051536,
        "p(99)": 9.67263739,
        "avg": 7.191846105111102,
        "min": 3.802692
      }
    },
    "http_req_waiting": {
      "values": {
        "avg": 7.0699092504444465,
        "min": 3.663383,
        "med": 7.0835405,
        "max": 14.246604,
        "p(50)": 7.0835405,
        "p(95)": 8.77110195,
        "p(99)": 9.54841751
      },
      "type": "trend",
      "contains": "time"
    },
    "req_latency": {
      "type": "trend",
      "contains": "default",
      "values": {
        "avg": 7.191846105111102,
        "min": 3.802692,
        "med": 7.2069215,
        "max": 14.542764,
        "p(50)": 7.2069215,
        "p(95)": 8.9051536,
        "p(99)": 9.67263739
      }
    },
    "checks": {
      "type": "rate",
      "contains": "default",
      "values": {
        "rate": 1,
        "passes": 4500,
        "fails": 0
      }
    },
    "iterations": {
      "contains": "default",
      "values": {
        "count": 4500,
        "rate": 49.99944977161065
      },
      "type": "counter"
    },
    "http_req_blocked": {
      "type": "trend",
      "contains": "time",
      "values": {
        "max": 12.598728,
        "p(50)": 0.00725,
        "p(95)": 0.02084600000000006,
        "p(99)": 5.434714120000002,
        "avg": 0.12959520577777695,
        "min": 0.00404,
        "med": 0.00725
      }
    },
    "payload_bytes": {
      "values": {
        "p(99)": 269,
        "avg": 254.9328888888889,
        "min": 162,
        "med": 234,
        "max": 10613,
        "p(50)": 234,
        "p(95)": 269
      },
      "type": "trend",
      "contains": "default"
    },
    "http_reqs": {
      "type": "counter",
      "contains": "default",
      "values": {
        "rate": 49.99944977161065,
        "count": 4500
      }
    },
    "iteration_duration": {
      "type": "trend",
      "contains": "time",
      "values": {
        "max": 20.560755,
        "p(50)": 7.536236499999999,
        "p(95)": 9.4953581,
        "p(99)": 13.77717270000001,
        "avg": 7.637463780222225,
        "min": 4.117751,
        "med": 7.536236499999999
      }
    },
    "http_req_sending": {
      "type": "trend",
      "contains": "time",
      "values": {
        "p(99)": 0.1316855900000001,
        "avg": 0.030085972444444446,
        "min": 0.01117,
        "med": 0.02547,
        "max": 0.234879,
        "p(50)": 0.02547,
        "p(95)": 0.05650700000000003
      }
    },
    "vus": {
      "values": {
        "value": 0,
        "min": 0,
        "max": 1
      },
      "type": "gauge",
      "contains": "default"
    },
    "data_received": {
      "type": "counter",
      "contains": "data",
      "values": {
        "count": 2321710,
        "rate": 25796.493895388034
      }
    },
    "http_req_failed": {
      "type": "rate",
      "contains": "default",
      "values": {
        "rate": 0,
        "passes": 0,
        "fails": 4500
      }
    },
    "http_req_tls_handshaking": {
      "type": "trend",
      "contains": "time",
      "values": {
        "p(95)": 0,
        "p(99)": 0,
        "avg": 0,
        "min": 0,
        "med": 0,
        "max": 0,
        "p(50)": 0
      }
    },
    "http_req_receiving": {
      "type": "trend",
      "contains": "time",
      "values": {
        "p(50)": 0.08763,
        "p(95)": 0.13299895000000003,
        "p(99)": 0.1771440000000001,
        "avg": 0.09185088222222204,
        "min": 0.04158,
        "med": 0.08763,
        "max": 0.57322
      }
    },
    "data_sent": {
      "type": "counter",
      "contains": "data",
      "values": {
        "count": 539986,
        "rate": 5999.778418749544
      }
    },
    "vus_max": {
      "type": "gauge",
      "contains": "default",
      "values": {
        "value": 100,
        "min": 100,
        "max": 100
      }
    }
  },
  "root_group": {
    "name": "",
    "path": "",
    "id": "d41d8cd98f00b204e9800998ecf8427e",
    "groups": [],
    "checks": [
        {
          "name": "status is 200",
          "path": "::status is 200",
          "id": "6210a8cd14cd70477eba5c5e4cb3fb5f",
          "passes": 4500,
          "fails": 0
        }
      ]
  },
  "options": {
    "summaryTrendStats": [
      "avg",
      "min",
      "med",
      "max",
      "p(50)",
      "p(95)",
      "p(99)"
    ],
    "summaryTimeUnit": "",
    "noColor": false
  },
  "state": {
    "isStdOutTTY": false,
    "isStdErrTTY": false,
    "testRunDurationMs": 90000.990422
  }
}