{
  "root_group": {
    "name": "",
    "path": "",
    "id": "d41d8cd98f00b204e9800998ecf8427e",
    "groups": [],
    "checks": [
        {
          "name": "status is 200",
          "path": "::status is 200",
          "id": "6210a8cd14cd70477eba5c5e4cb3fb5f",
          "passes": 13322,
          "fails": 0
        }
      ]
  },
  "options": {
    "summaryTrendStats": [
      "avg",
      "min",
      "med",
      "max",
      "p(50)",
      "p(95)",
      "p(99)"
    ],
    "summaryTimeUnit": "",
    "noColor": false
  },
  "state": {
    "isStdOutTTY": false,
    "isStdErrTTY": false,
    "testRunDurationMs": 90014.830592
  },
  "metrics": {
    "http_req_failed": {
      "type": "rate",
      "contains": "default",
      "values": {
        "rate": 0,
        "passes": 0,
        "fails": 13322
      }
    },
    "iteration_duration": {
      "type": "trend",
      "contains": "time",
      "values": {
        "p(99)": 22.818609599999988,
        "avg": 15.821536789220872,
        "min": 11.031817,
        "med": 15.655053,
        "max": 60.835866,
        "p(50)": 15.655053,
        "p(95)": 18.398767
      }
    },
    "vus": {
      "type": "gauge",
      "contains": "default",
      "values": {
        "value": 1,
        "min": 1,
        "max": 1
      }
    },
    "checks": {
      "type": "rate",
      "contains": "default",
      "values": {
        "rate": 1,
        "passes": 13322,
        "fails": 0
      }
    },
    "page_latency": {
      "values": {
        "p(95)": 17.424405,
        "p(99)": 18.75685739999999,
        "avg": 15.154067365410654,
        "min": 10.576329000000001,
        "med": 15.109760000000001,
        "max": 60.440398,
        "p(50)": 15.109760000000001
      },
      "type": "trend",
      "contains": "default"
    },
    "http_req_duration{expected_response:true}": {
      "type": "trend",
      "contains": "time",
      "values": {
        "min": 3.563467,
        "med": 7.594461,
        "max": 46.599409,
        "p(50)": 7.594461,
        "p(95)": 9.5242566,
        "p(99)": 10.442553409999986,
        "avg": 7.577033682705296
      }
    },
    "payload_bytes": {
      "type": "trend",
      "contains": "default",
      "values": {
        "p(50)": 907,
        "p(95)": 6202,
        "p(99)": 6250,
        "avg": 2827.273007055998,
        "min": 110,
        "med": 907,
        "max": 6366
      }
    },
    "http_reqs": {
      "values": {
        "count": 13322,
        "rate": 147.99783449444143
      },
      "type": "counter",
      "contains": "default"
    },
    "http_req_duration": {
      "type": "trend",
      "contains": "time",
      "values": {
        "p(50)": 7.594461,
        "p(95)": 9.5242566,
        "p(99)": 10.442553409999986,
        "avg": 7.577033682705296,
        "min": 3.563467,
        "med": 7.594461,
        "max": 46.599409
      }
    },
    "req_latency": {
      "type": "trend",
      "contains": "default",
      "values": {
        "med": 7.594461,
        "max": 46.599409,
        "p(50)": 7.594461,
        "p(95)": 9.5242566,
        "p(99)": 10.442553409999986,
        "avg": 7.577033682705296,
        "min": 3.563467
      }
    },
    "http_req_tls_handshaking": {
      "contains": "time",
      "values": {
        "med": 0,
        "max": 0,
        "p(50)": 0,
        "p(95)": 0,
        "p(99)": 0,
        "avg": 0,
        "min": 0
      },
      "type": "trend"
    },
    "http_req_sending": {
      "type": "trend",
      "contains": "time",
      "values": {
        "avg": 0.025143432968022746,
        "min": 0.00854,
        "med": 0.0231,
        "max": 0.449988,
        "p(50)": 0.0231,
        "p(95)": 0.044797999999999956,
        "p(99)": 0.08878109999999992
      }
    },
    "http_req_waiting": {
      "type": "trend",
      "contains": "time",
      "values": {
        "p(50)": 7.472887500000001,
        "p(95)": 9.403249149999999,
        "p(99)": 10.30778997999999,
        "avg": 7.456683307161056,
        "min": 3.440967,
        "med": 7.472887500000001,
        "max": 46.20508
      }
    },
    "iterations": {
      "type": "counter",
      "contains": "default",
      "values": {
        "count": 6661,
        "rate": 73.99891724722072
      }
    },
    "http_req_connecting": {
      "type": "trend",
      "contains": "time",
      "values": {
        "p(95)": 0,
        "p(99)": 4.5628422999998834,
        "avg": 0.06454483936345898,
        "min": 0,
        "med": 0,
        "max": 17.901255,
        "p(50)": 0
      }
    },
    "vus_max": {
      "type": "gauge",
      "contains": "default",
      "values": {
        "value": 148,
        "min": 148,
        "max": 148
      }
    },
    "http_req_blocked": {
      "type": "trend",
      "contains": "time",
      "values": {
        "avg": 0.07295584063954233,
        "min": 0.00296,
        "med": 0.00688,
        "max": 18.009574,
        "p(50)": 0.00688,
        "p(95)": 0.01153,
        "p(99)": 4.668095399999942
      }
    },
    "data_sent": {
      "type": "counter",
      "contains": "data",
      "values": {
        "count": 1339172,
        "rate": 14877.237352919241
      }
    },
    "http_req_receiving": {
      "contains": "time",
      "values": {
        "p(95)": 0.14600899999999997,
        "p(99)": 0.23272959999999987,
        "avg": 0.09520694257618983,
        "min": 0.04415,
        "med": 0.090109,
        "max": 1.492045,
        "p(50)": 0.090109
      },
      "type": "trend"
    },
    "round_trip_count": {
      "values": {
        "med": 2,
        "max": 2,
        "p(50)": 2,
        "p(95)": 2,
        "p(99)": 2,
        "avg": 2,
        "min": 2
      },
      "type": "trend",
      "contains": "default"
    },
    "data_received": {
      "type": "counter",
      "contains": "data",
      "values": {
        "count": 41148634,
        "rate": 457131.7162891718
      }
    }
  }
}