{
  "options": {
    "summaryTrendStats": [
      "avg",
      "min",
      "med",
      "max",
      "p(50)",
      "p(95)",
      "p(99)"
    ],
    "summaryTimeUnit": "",
    "noColor": false
  },
  "state": {
    "testRunDurationMs": 90001.721837,
    "isStdOutTTY": false,
    "isStdErrTTY": false
  },
  "metrics": {
    "req_latency": {
      "type": "trend",
      "contains": "default",
      "values": {
        "min": 8.912865,
        "med": 13.282134500000002,
        "max": 88.732862,
        "p(50)": 13.282134500000002,
        "p(95)": 16.74321545,
        "p(99)": 46.30731307000006,
        "avg": 13.999468451555552
      }
    },
    "payload_bytes": {
      "type": "trend",
      "contains": "default",
      "values": {
        "max": 547,
        "p(50)": 348,
        "p(95)": 447,
        "p(99)": 450,
        "avg": 347.23755555555556,
        "min": 147,
        "med": 348
      }
    },
    "iteration_duration": {
      "contains": "time",
      "values": {
        "p(95)": 18.0762019,
        "p(99)": 46.78883307000006,
        "avg": 14.686517001333327,
        "min": 9.471971,
        "med": 13.857775499999999,
        "max": 89.090139,
        "p(50)": 13.857775499999999
      },
      "type": "trend"
    },
    "data_received": {
      "type": "counter",
      "contains": "data",
      "values": {
        "count": 2737069,
        "rate": 30411.295963393244
      }
    },
    "data_sent": {
      "type": "counter",
      "contains": "data",
      "values": {
        "count": 1196979,
        "rate": 13299.512226752955
      }
    },
    "http_reqs": {
      "values": {
        "count": 4500,
        "rate": 49.99904344218929
      },
      "type": "counter",
      "contains": "default"
    },
    "http_req_connecting": {
      "values": {
        "avg": 0.11817930044444445,
        "min": 0,
        "med": 0,
        "max": 12.572139,
        "p(50)": 0,
        "p(95)": 0,
        "p(99)": 5.3712224000000015
      },
      "type": "trend",
      "contains": "time"
    },
    "round_trip_count": {
      "type": "trend",
      "contains": "default",
      "values": {
        "med": 1,
        "max": 1,
        "p(50)": 1,
        "p(95)": 1,
        "p(99)": 1,
        "avg": 1,
        "min": 1
      }
    },
    "iterations": {
      "type": "counter",
      "contains": "default",
      "values": {
        "count": 4500,
        "rate": 49.99904344218929
      }
    },
    "vus": {
      "type": "gauge",
      "contains": "default",
      "values": {
        "value": 1,
        "min": 1,
        "max": 3
      }
    },
    "vus_max": {
      "contains": "default",
      "values": {
        "value": 100,
        "min": 100,
        "max": 100
      },
      "type": "gauge"
    },
    "http_req_duration{expected_response:true}": {
      "type": "trend",
      "contains": "time",
      "values": {
        "max": 88.732862,
        "p(50)": 13.282134500000002,
        "p(95)": 16.74321545,
        "p(99)": 46.30731307000006,
        "avg": 13.999468451555552,
        "min": 8.912865,
        "med": 13.282134500000002
      }
    },
    "http_req_sending": {
      "contains": "time",
      "values": {
        "med": 0.02499,
        "max": 0.770044,
        "p(50)": 0.02499,
        "p(95)": 0.06793750000000004,
        "p(99)": 0.11550030000000003,
        "avg": 0.03052883933333323,
        "min": 0.01243
      },
      "type": "trend"
    },
    "http_req_failed": {
      "type": "rate",
      "contains": "default",
      "values": {
        "rate": 0,
        "passes": 0,
        "fails": 4500
      }
    },
    "http_req_duration": {
      "type": "trend",
      "contains": "time",
      "values": {
        "med": 13.282134500000002,
        "max": 88.732862,
        "p(50)": 13.282134500000002,
        "p(95)": 16.74321545,
        "p(99)": 46.30731307000006,
        "avg": 13.999468451555552,
        "min": 8.912865
      }
    },
    "http_req_blocked": {
      "values": {
        "med": 0.0062,
        "max": 12.667348,
        "p(50)": 0.0062,
        "p(95)": 0.012674000000000015,
        "p(99)": 5.490799490000011,
        "avg": 0.12873761511110865,
        "min": 0.00402
      },
      "type": "trend",
      "contains": "time"
    },
    "checks": {
      "type": "rate",
      "contains": "default",
      "values": {
        "rate": 1,
        "passes": 9000,
        "fails": 0
      }
    },
    "http_req_waiting": {
      "contains": "time",
      "values": {
        "med": 13.154826,
        "max": 87.787419,
        "p(50)": 13.154826,
        "p(95)": 16.626064000000003,
        "p(99)": 45.78690349000006,
        "avg": 13.86977870511108,
        "min": 8.740818
      },
      "type": "trend"
    },
    "http_req_tls_handshaking": {
      "contains": "time",
      "values": {
        "med": 0,
        "max": 0,
        "p(50)": 0,
        "p(95)": 0,
        "p(99)": 0,
        "avg": 0,
        "min": 0
      },
      "type": "trend"
    },
    "http_req_receiving": {
      "values": {
        "avg": 0.09916090711111104,
        "min": 0.04243,
        "med": 0.08611,
        "max": 3.507845,
        "p(50)": 0.08611,
        "p(95)": 0.13853050000000006,
        "p(99)": 0.4275987900000007
      },
      "type": "trend",
      "contains": "time"
    }
  },
  "root_group": {
    "id": "d41d8cd98f00b204e9800998ecf8427e",
    "groups": [],
    "checks": [
        {
          "fails": 0,
          "name": "status is 200",
          "path": "::status is 200",
          "id": "6210a8cd14cd70477eba5c5e4cb3fb5f",
          "passes": 4500
        },
        {
          "name": "no graphql errors",
          "path": "::no graphql errors",
          "id": "7c29382b2a87caa2e50f0d89170b649f",
          "passes": 4500,
          "fails": 0
        }
      ],
    "name": "",
    "path": ""
  }
}