{
  "state": {
    "isStdOutTTY": false,
    "isStdErrTTY": false,
    "testRunDurationMs": 90005.206993
  },
  "metrics": {
    "http_req_connecting": {
      "type": "trend",
      "contains": "time",
      "values": {
        "avg": 0.12071881171171168,
        "min": 0,
        "med": 0,
        "max": 16.083795,
        "p(50)": 0,
        "p(95)": 0,
        "p(99)": 5.31724391
      }
    },
    "data_sent": {
      "values": {
        "rate": 19637.608301233762,
        "count": 1767487
      },
      "type": "counter",
      "contains": "data"
    },
    "req_latency": {
      "contains": "default",
      "values": {
        "p(99)": 63.26014014999995,
        "avg": 18.071428352852852,
        "min": 10.836144,
        "med": 15.884004000000001,
        "max": 91.367062,
        "p(50)": 15.884004000000001,
        "p(95)": 32.92926354999958
      },
      "type": "trend"
    },
    "http_req_duration": {
      "type": "trend",
      "contains": "time",
      "values": {
        "p(50)": 15.884004000000001,
        "p(95)": 32.92926354999958,
        "p(99)": 63.26014014999995,
        "avg": 18.071428352852852,
        "min": 10.836144,
        "med": 15.884004000000001,
        "max": 91.367062
      }
    },
    "http_req_duration{expected_response:true}": {
      "type": "trend",
      "contains": "time",
      "values": {
        "p(50)": 15.884004000000001,
        "p(95)": 32.92926354999958,
        "p(99)": 63.26014014999995,
        "avg": 18.071428352852852,
        "min": 10.836144,
        "med": 15.884004000000001,
        "max": 91.367062
      }
    },
    "http_req_blocked": {
      "type": "trend",
      "contains": "time",
      "values": {
        "p(50)": 0.00592,
        "p(95)": 0.0108,
        "p(99)": 5.404859509999997,
        "avg": 0.12947549969969763,
        "min": 0.00424,
        "med": 0.00592,
        "max": 16.167386
      }
    },
    "vus_max": {
      "contains": "default",
      "values": {
        "value": 148,
        "min": 148,
        "max": 148
      },
      "type": "gauge"
    },
    "http_req_sending": {
      "type": "trend",
      "contains": "time",
      "values": {
        "avg": 0.028452140090090096,
        "min": 0.0118,
        "med": 0.0239445,
        "max": 0.3296,
        "p(50)": 0.0239445,
        "p(95)": 0.04436049999999999,
        "p(99)": 0.11275279999999999
      }
    },
    "payload_bytes": {
      "type": "trend",
      "contains": "default",
      "values": {
        "med": 2763,
        "max": 10707,
        "p(50)": 2763,
        "p(95)": 4423.149999999983,
        "p(99)": 4759,
        "avg": 2977.981231231231,
        "min": 2031
      }
    },
    "checks": {
      "contains": "default",
      "values": {
        "fails": 0,
        "rate": 1,
        "passes": 13320
      },
      "type": "rate"
    },
    "http_reqs": {
      "type": "counter",
      "contains": "default",
      "values": {
        "count": 6660,
        "rate": 73.99571894232707
      }
    },
    "http_req_failed": {
      "values": {
        "rate": 0,
        "passes": 0,
        "fails": 6660
      },
      "type": "rate",
      "contains": "default"
    },
    "round_trip_count": {
      "type": "trend",
      "contains": "default",
      "values": {
        "avg": 1,
        "min": 1,
        "med": 1,
        "max": 1,
        "p(50)": 1,
        "p(95)": 1,
        "p(99)": 1
      }
    },
    "iterations": {
      "type": "counter",
      "contains": "default",
      "values": {
        "count": 6660,
        "rate": 73.99571894232707
      }
    },
    "http_req_tls_handshaking": {
      "type": "trend",
      "contains": "time",
      "values": {
        "avg": 0,
        "min": 0,
        "med": 0,
        "max": 0,
        "p(50)": 0,
        "p(95)": 0,
        "p(99)": 0
      }
    },
    "vus": {
      "type": "gauge",
      "contains": "default",
      "values": {
        "min": 1,
        "max": 6,
        "value": 1
      }
    },
    "data_received": {
      "type": "counter",
      "contains": "data",
      "values": {
        "count": 21578282,
        "rate": 239744.8183378792
      }
    },
    "iteration_duration": {
      "type": "trend",
      "contains": "time",
      "values": {
        "p(50)": 17.2586345,
        "p(95)": 35.39338709999995,
        "p(99)": 65.45806686999997,
        "avg": 19.463044748798794,
        "min": 11.624132,
        "med": 17.2586345,
        "max": 92.510048
      }
    },
    "http_req_receiving": {
      "contains": "time",
      "values": {
        "min": 0.03559,
        "med": 0.08934,
        "max": 19.168158,
        "p(50)": 0.08934,
        "p(95)": 0.44988349999999894,
        "p(99)": 1.1439753999999986,
        "avg": 0.21225123423423484
      },
      "type": "trend"
    },
    "http_req_waiting": {
      "type": "trend",
      "contains": "time",
      "values": {
        "avg": 17.830724978528533,
        "min": 10.762545,
        "med": 15.766645,
        "max": 90.076475,
        "p(50)": 15.766645,
        "p(95)": 31.31101679999998,
        "p(99)": 61.26037072
      }
    }
  },
  "root_group": {
    "path": "",
    "id": "d41d8cd98f00b204e9800998ecf8427e",
    "groups": [],
    "checks": [
        {
          "name": "status is 200",
          "path": "::status is 200",
          "id": "6210a8cd14cd70477eba5c5e4cb3fb5f",
          "passes": 6660,
          "fails": 0
        },
        {
          "name": "no graphql errors",
          "path": "::no graphql errors",
          "id": "7c29382b2a87caa2e50f0d89170b649f",
          "passes": 6660,
          "fails": 0
        }
      ],
    "name": ""
  },
  "options": {
    "summaryTrendStats": [
      "avg",
      "min",
      "med",
      "max",
      "p(50)",
      "p(95)",
      "p(99)"
    ],
    "summaryTimeUnit": "",
    "noColor": false
  }
}