{
  "metrics": {
    "http_req_receiving": {
      "type": "trend",
      "contains": "time",
      "values": {
        "avg": 0.1025587130718955,
        "min": 0.038889,
        "med": 0.09532399999999999,
        "max": 0.346818,
        "p(50)": 0.09532399999999999,
        "p(95)": 0.16014554999999994,
        "p(99)": 0.20664959000000002
      }
    },
    "http_req_waiting": {
      "type": "trend",
      "contains": "time",
      "values": {
        "med": 16.757818,
        "max": 59.73658,
        "p(50)": 16.757818,
        "p(95)": 20.26063945,
        "p(99)": 22.356333790000004,
        "avg": 17.262985635294093,
        "min": 11.55205
      }
    },
    "payload_bytes": {
      "type": "trend",
      "contains": "default",
      "values": {
        "p(99)": 2658,
        "avg": 2475.593464052288,
        "min": 1729,
        "med": 2507,
        "max": 2666,
        "p(50)": 2507,
        "p(95)": 2643
      }
    },
    "http_req_sending": {
      "type": "trend",
      "contains": "time",
      "values": {
        "avg": 0.033983009803921556,
        "min": 0.01297,
        "med": 0.02881,
        "max": 0.227319,
        "p(50)": 0.02881,
        "p(95)": 0.05983304999999997,
        "p(99)": 0.13251191000000004
      }
    },
    "http_reqs": {
      "type": "counter",
      "contains": "default",
      "values": {
        "rate": 16.999777972888694,
        "count": 1530
      }
    },
    "http_req_blocked": {
      "values": {
        "p(99)": 5.586600710000001,
        "avg": 0.1350843326797385,
        "min": 0.004349,
        "med": 0.00723,
        "max": 8.24781,
        "p(50)": 0.00723,
        "p(95)": 0.013847999999999992
      },
      "type": "trend",
      "contains": "time"
    },
    "http_req_tls_handshaking": {
      "type": "trend",
      "contains": "time",
      "values": {
        "avg": 0,
        "min": 0,
        "med": 0,
        "max": 0,
        "p(50)": 0,
        "p(95)": 0,
        "p(99)": 0
      }
    },
    "data_received": {
      "type": "counter",
      "contains": "data",
      "values": {
        "count": 4188518,
        "rate": 46538.48106892013
      }
    },
    "iterations": {
      "type": "counter",
      "contains": "default",
      "values": {
        "count": 1530,
        "rate": 16.999777972888694
      }
    },
    "round_trip_count": {
      "values": {
        "min": 1,
        "med": 1,
        "max": 1,
        "p(50)": 1,
        "p(95)": 1,
        "p(99)": 1,
        "avg": 1
      },
      "type": "trend",
      "contains": "default"
    },
    "data_sent": {
      "type": "counter",
      "contains": "data",
      "values": {
        "rate": 5100.833380112232,
        "count": 459081
      }
    },
    "page_latency": {
      "contains": "default",
      "values": {
        "p(99)": 22.493963780000005,
        "avg": 17.399527358169927,
        "min": 11.64066,
        "med": 16.8935625,
        "max": 59.889729,
        "p(50)": 16.8935625,
        "p(95)": 20.384362449999998
      },
      "type": "trend"
    },
    "http_req_connecting": {
      "contains": "time",
      "values": {
        "min": 0,
        "med": 0,
        "max": 8.15478,
        "p(50)": 0,
        "p(95)": 0,
        "p(99)": 5.4871029,
        "avg": 0.12451735816993466
      },
      "type": "trend"
    },
    "http_req_failed": {
      "contains": "default",
      "values": {
        "rate": 0,
        "passes": 0,
        "fails": 1530
      },
      "type": "rate"
    },
    "vus_max": {
      "type": "gauge",
      "contains": "default",
      "values": {
        "value": 34,
        "min": 34,
        "max": 34
      }
    },
    "checks": {
      "type": "rate",
      "contains": "default",
      "values": {
        "passes": 3060,
        "fails": 0,
        "rate": 1
      }
    },
    "req_latency": {
      "type": "trend",
      "contains": "default",
      "values": {
        "p(99)": 22.493963780000005,
        "avg": 17.399527358169927,
        "min": 11.64066,
        "med": 16.8935625,
        "max": 59.889729,
        "p(50)": 16.8935625,
        "p(95)": 20.384362449999998
      }
    },
    "iteration_duration": {
      "type": "trend",
      "contains": "time",
      "values": {
        "min": 13.17069,
        "med": 18.2820395,
        "max": 60.898623,
        "p(50)": 18.2820395,
        "p(95)": 22.33668505,
        "p(99)": 27.240031360000025,
        "avg": 18.902650012418302
      }
    },
    "vus": {
      "type": "gauge",
      "contains": "default",
      "values": {
        "value": 1,
        "min": 0,
        "max": 1
      }
    },
    "http_req_duration{expected_response:true}": {
      "type": "trend",
      "contains": "time",
      "values": {
        "avg": 17.399527358169927,
        "min": 11.64066,
        "med": 16.8935625,
        "max": 59.889729,
        "p(50)": 16.8935625,
        "p(95)": 20.384362449999998,
        "p(99)": 22.493963780000005
      }
    },
    "http_req_duration": {
      "type": "trend",
      "contains": "time",
      "values": {
        "min": 11.64066,
        "med": 16.8935625,
        "max": 59.889729,
        "p(50)": 16.8935625,
        "p(95)": 20.384362449999998,
        "p(99)": 22.493963780000005,
        "avg": 17.399527358169927
      }
    }
  },
  "root_group": {
    "groups": [],
    "checks": [
        {
          "name": "status is 200",
          "path": "::status is 200",
          "id": "6210a8cd14cd70477eba5c5e4cb3fb5f",
          "passes": 1530,
          "fails": 0
        },
        {
          "name": "no graphql errors",
          "path": "::no graphql errors",
          "id": "7c29382b2a87caa2e50f0d89170b649f",
          "passes": 1530,
          "fails": 0
        }
      ],
    "name": "",
    "path": "",
    "id": "d41d8cd98f00b204e9800998ecf8427e"
  },
  "options": {
    "summaryTrendStats": [
      "avg",
      "min",
      "med",
      "max",
      "p(50)",
      "p(95)",
      "p(99)"
    ],
    "summaryTimeUnit": "",
    "noColor": false
  },
  "state": {
    "isStdOutTTY": false,
    "isStdErrTTY": false,
    "testRunDurationMs": 90001.175453
  }
}