{
  "state": {
    "isStdErrTTY": false,
    "testRunDurationMs": 90012.951359,
    "isStdOutTTY": false
  },
  "metrics": {
    "http_req_connecting": {
      "type": "trend",
      "contains": "time",
      "values": {
        "max": 7.080175,
        "p(50)": 0,
        "p(95)": 0,
        "p(99)": 5.4845775,
        "avg": 0.11643953620613058,
        "min": 0,
        "med": 0
      }
    },
    "req_latency": {
      "type": "trend",
      "contains": "default",
      "values": {
        "avg": 8.007524446468254,
        "min": 4.804744,
        "med": 8.003029,
        "max": 12.264556,
        "p(50)": 8.003029,
        "p(95)": 9.7454255,
        "p(99)": 10.6623725
      }
    },
    "checks": {
      "type": "rate",
      "contains": "default",
      "values": {
        "rate": 1,
        "passes": 2251,
        "fails": 0
      }
    },
    "round_trip_count": {
      "type": "trend",
      "contains": "default",
      "values": {
        "avg": 1,
        "min": 1,
        "med": 1,
        "max": 1,
        "p(50)": 1,
        "p(95)": 1,
        "p(99)": 1
      }
    },
    "http_req_sending": {
      "type": "trend",
      "contains": "time",
      "values": {
        "p(99)": 0.108454,
        "avg": 0.030245883607285643,
        "min": 0.01196,
        "med": 0.026469,
        "max": 0.558436,
        "p(50)": 0.026469,
        "p(95)": 0.053289500000000004
      }
    },
    "payload_bytes": {
      "values": {
        "med": 1353,
        "max": 10638,
        "p(50)": 1353,
        "p(95)": 1946,
        "p(99)": 1994,
        "avg": 1152.3762772101288,
        "min": 303
      },
      "type": "trend",
      "contains": "default"
    },
    "vus": {
      "type": "gauge",
      "contains": "default",
      "values": {
        "value": 0,
        "min": 0,
        "max": 0
      }
    },
    "http_req_blocked": {
      "type": "trend",
      "contains": "time",
      "values": {
        "p(99)": 5.562716999999999,
        "avg": 0.12679881519324657,
        "min": 0.00423,
        "med": 0.00726,
        "max": 7.202694,
        "p(50)": 0.00726,
        "p(95)": 0.021095000000000003
      }
    },
    "iteration_duration": {
      "values": {
        "p(99)": 14.491247,
        "avg": 8.46794559129276,
        "min": 5.068931,
        "med": 8.351468,
        "max": 17.197546,
        "p(50)": 8.351468,
        "p(95)": 10.412936
      },
      "type": "trend",
      "contains": "time"
    },
    "iterations": {
      "type": "counter",
      "contains": "default",
      "values": {
        "count": 2251,
        "rate": 25.0075124303202
      }
    },
    "http_req_receiving": {
      "values": {
        "avg": 0.09918428964904477,
        "min": 0.04811,
        "med": 0.092789,
        "max": 0.526096,
        "p(50)": 0.092789,
        "p(95)": 0.144514,
        "p(99)": 0.212903
      },
      "type": "trend",
      "contains": "time"
    },
    "http_req_duration{expected_response:true}": {
      "contains": "time",
      "values": {
        "avg": 8.007524446468254,
        "min": 4.804744,
        "med": 8.003029,
        "max": 12.264556,
        "p(50)": 8.003029,
        "p(95)": 9.7454255,
        "p(99)": 10.6623725
      },
      "type": "trend"
    },
    "data_sent": {
      "type": "counter",
      "contains": "data",
      "values": {
        "count": 269154,
        "rate": 2990.169702652334
      }
    },
    "data_received": {
      "type": "counter",
      "contains": "data",
      "values": {
        "count": 3182927,
        "rate": 35360.76700013407
      }
    },
    "http_req_duration": {
      "type": "trend",
      "contains": "time",
      "values": {
        "med": 8.003029,
        "max": 12.264556,
        "p(50)": 8.003029,
        "p(95)": 9.7454255,
        "p(99)": 10.6623725,
        "avg": 8.007524446468254,
        "min": 4.804744
      }
    },
    "http_req_tls_handshaking": {
      "type": "trend",
      "contains": "time",
      "values": {
        "p(50)": 0,
        "p(95)": 0,
        "p(99)": 0,
        "avg": 0,
        "min": 0,
        "med": 0,
        "max": 0
      }
    },
    "http_req_waiting": {
      "type": "trend",
      "contains": "time",
      "values": {
        "p(50)": 7.876131,
        "p(95)": 9.608641500000001,
        "p(99)": 10.515979,
        "avg": 7.878094273211908,
        "min": 4.688674,
        "med": 7.876131,
        "max": 12.107297
      }
    },
    "vus_max": {
      "type": "gauge",
      "contains": "default",
      "values": {
        "value": 50,
        "min": 50,
        "max": 50
      }
    },
    "http_req_failed": {
      "type": "rate",
      "contains": "default",
      "values": {
        "rate": 0,
        "passes": 0,
        "fails": 2251
      }
    },
    "http_reqs": {
      "type": "counter",
      "contains": "default",
      "values": {
        "count": 2251,
        "rate": 25.0075124303202
      }
    }
  },
  "root_group": {
    "name": "",
    "path": "",
    "id": "d41d8cd98f00b204e9800998ecf8427e",
    "groups": [],
    "checks": [
        {
          "path": "::status is 200",
          "id": "6210a8cd14cd70477eba5c5e4cb3fb5f",
          "passes": 2251,
          "fails": 0,
          "name": "status is 200"
        }
      ]
  },
  "options": {
    "summaryTrendStats": [
      "avg",
      "min",
      "med",
      "max",
      "p(50)",
      "p(95)",
      "p(99)"
    ],
    "summaryTimeUnit": "",
    "noColor": false
  }
}