{
  "metrics": {
    "payload_bytes": {
      "type": "trend",
      "contains": "default",
      "values": {
        "avg": 72.52044444444445,
        "min": 59,
        "med": 59,
        "max": 294,
        "p(50)": 59,
        "p(95)": 109,
        "p(99)": 109
      }
    },
    "data_sent": {
      "values": {
        "count": 213741,
        "rate": 2374.877830752938
      },
      "type": "counter",
      "contains": "data"
    },
    "http_req_sending": {
      "type": "trend",
      "contains": "time",
      "values": {
        "p(99)": 0.12124020999999986,
        "avg": 0.028788604000000013,
        "min": 0.01074,
        "med": 0.0239395,
        "max": 0.233578,
        "p(50)": 0.0239395,
        "p(95)": 0.05753949999999997
      }
    },
    "vus_max": {
      "type": "gauge",
      "contains": "default",
      "values": {
        "max": 50,
        "value": 50,
        "min": 50
      }
    },
    "http_req_failed": {
      "type": "rate",
      "contains": "default",
      "values": {
        "rate": 0,
        "passes": 0,
        "fails": 2250
      }
    },
    "http_req_receiving": {
      "values": {
        "p(95)": 0.1623445499999998,
        "p(99)": 0.22062520999999974,
        "avg": 0.09603616577777754,
        "min": 0.04236,
        "med": 0.0884945,
        "max": 1.185142,
        "p(50)": 0.0884945
      },
      "type": "trend",
      "contains": "time"
    },
    "vus": {
      "values": {
        "max": 0,
        "value": 0,
        "min": 0
      },
      "type": "gauge",
      "contains": "default"
    },
    "http_req_blocked": {
      "type": "trend",
      "contains": "time",
      "values": {
        "med": 0.00662,
        "max": 7.811997,
        "p(50)": 0.00662,
        "p(95)": 0.018870449999999993,
        "p(99)": 5.3938924899999945,
        "avg": 0.12618073600000043,
        "min": 0.00396
      }
    },
    "data_received": {
      "type": "counter",
      "contains": "data",
      "values": {
        "count": 748291,
        "rate": 8314.266831594998
      }
    },
    "http_req_duration{expected_response:true}": {
      "type": "trend",
      "contains": "time",
      "values": {
        "max": 11.894908,
        "p(50)": 7.129491,
        "p(95)": 8.921352549999996,
        "p(99)": 9.75224178999999,
        "avg": 7.144361602666668,
        "min": 3.045139,
        "med": 7.129491
      }
    },
    "iterations": {
      "type": "counter",
      "contains": "default",
      "values": {
        "count": 2250,
        "rate": 24.99976662967849
      }
    },
    "http_reqs": {
      "contains": "default",
      "values": {
        "count": 2250,
        "rate": 24.99976662967849
      },
      "type": "counter"
    },
    "iteration_duration": {
      "type": "trend",
      "contains": "time",
      "values": {
        "avg": 7.590630330222224,
        "min": 3.268148,
        "med": 7.482448,
        "max": 15.813701,
        "p(50)": 7.482448,
        "p(95)": 9.559989999999997,
        "p(99)": 13.752824889999989
      }
    },
    "http_req_tls_handshaking": {
      "contains": "time",
      "values": {
        "max": 0,
        "p(50)": 0,
        "p(95)": 0,
        "p(99)": 0,
        "avg": 0,
        "min": 0,
        "med": 0
      },
      "type": "trend"
    },
    "http_req_duration": {
      "type": "trend",
      "contains": "time",
      "values": {
        "max": 11.894908,
        "p(50)": 7.129491,
        "p(95)": 8.921352549999996,
        "p(99)": 9.75224178999999,
        "avg": 7.144361602666668,
        "min": 3.045139,
        "med": 7.129491
      }
    },
    "round_trip_count": {
      "type": "trend",
      "contains": "default",
      "values": {
        "p(50)": 1,
        "p(95)": 1,
        "p(99)": 1,
        "avg": 1,
        "min": 1,
        "med": 1,
        "max": 1
      }
    },
    "http_req_waiting": {
      "contains": "time",
      "values": {
        "p(95)": 8.782982449999999,
        "p(99)": 9.603536909999999,
        "avg": 7.01953683288888,
        "min": 2.97031,
        "med": 7.0101914999999995,
        "max": 11.734449,
        "p(50)": 7.0101914999999995
      },
      "type": "trend"
    },
    "checks": {
      "values": {
        "rate": 1,
        "passes": 2250,
        "fails": 0
      },
      "type": "rate",
      "contains": "default"
    },
    "req_latency": {
      "type": "trend",
      "contains": "default",
      "values": {
        "med": 7.129491,
        "max": 11.894908,
        "p(50)": 7.129491,
        "p(95)": 8.921352549999996,
        "p(99)": 9.75224178999999,
        "avg": 7.144361602666668,
        "min": 3.045139
      }
    },
    "http_req_connecting": {
      "type": "trend",
      "contains": "time",
      "values": {
        "avg": 0.11580977644444447,
        "min": 0,
        "med": 0,
        "max": 7.646868,
        "p(50)": 0,
        "p(95)": 0,
        "p(99)": 5.321888199999991
      }
    }
  },
  "root_group": {
    "path": "",
    "id": "d41d8cd98f00b204e9800998ecf8427e",
    "groups": [],
    "checks": [
        {
          "name": "status is 200",
          "path": "::status is 200",
          "id": "6210a8cd14cd70477eba5c5e4cb3fb5f",
          "passes": 2250,
          "fails": 0
        }
      ],
    "name": ""
  },
  "options": {
    "summaryTrendStats": [
      "avg",
      "min",
      "med",
      "max",
      "p(50)",
      "p(95)",
      "p(99)"
    ],
    "summaryTimeUnit": "",
    "noColor": false
  },
  "state": {
    "testRunDurationMs": 90000.840141,
    "isStdOutTTY": false,
    "isStdErrTTY": false
  }
}