{
  "state": {
    "isStdOutTTY": false,
    "isStdErrTTY": false,
    "testRunDurationMs": 90001.093882
  },
  "metrics": {
    "http_reqs": {
      "type": "counter",
      "contains": "default",
      "values": {
        "rate": 49.999392295163965,
        "count": 4500
      }
    },
    "vus": {
      "values": {
        "value": 1,
        "min": 0,
        "max": 1
      },
      "type": "gauge",
      "contains": "default"
    },
    "payload_bytes": {
      "type": "trend",
      "contains": "default",
      "values": {
        "p(50)": 253,
        "p(95)": 288,
        "p(99)": 288,
        "avg": 273.6404444444444,
        "min": 181,
        "med": 253,
        "max": 10632
      }
    },
    "http_req_connecting": {
      "contains": "time",
      "values": {
        "avg": 0.11744392888888885,
        "min": 0,
        "med": 0,
        "max": 9.184054,
        "p(50)": 0,
        "p(95)": 0,
        "p(99)": 5.314240090000002
      },
      "type": "trend"
    },
    "http_req_duration{expected_response:true}": {
      "type": "trend",
      "contains": "time",
      "values": {
        "avg": 12.29896758577781,
        "min": 8.059254,
        "med": 11.875525499999998,
        "max": 53.56007,
        "p(50)": 11.875525499999998,
        "p(95)": 14.499482400000003,
        "p(99)": 25.130492490000233
      }
    },
    "http_req_failed": {
      "values": {
        "rate": 0,
        "passes": 0,
        "fails": 4500
      },
      "type": "rate",
      "contains": "default"
    },
    "vus_max": {
      "type": "gauge",
      "contains": "default",
      "values": {
        "min": 100,
        "max": 100,
        "value": 100
      }
    },
    "iteration_duration": {
      "values": {
        "max": 55.140082,
        "p(50)": 12.3893655,
        "p(95)": 15.752944549999999,
        "p(99)": 27.381075810000187,
        "avg": 12.936288122444468,
        "min": 8.517323,
        "med": 12.3893655
      },
      "type": "trend",
      "contains": "time"
    },
    "http_req_tls_handshaking": {
      "values": {
        "p(50)": 0,
        "p(95)": 0,
        "p(99)": 0,
        "avg": 0,
        "min": 0,
        "med": 0,
        "max": 0
      },
      "type": "trend",
      "contains": "time"
    },
    "http_req_waiting": {
      "type": "trend",
      "contains": "time",
      "values": {
        "min": 7.941464,
        "med": 11.749856999999999,
        "max": 53.198579,
        "p(50)": 11.749856999999999,
        "p(95)": 14.37808655,
        "p(99)": 24.82537128000024,
        "avg": 12.174166242888873
      }
    },
    "iterations": {
      "type": "counter",
      "contains": "default",
      "values": {
        "count": 4500,
        "rate": 49.999392295163965
      }
    },
    "round_trip_count": {
      "type": "trend",
      "contains": "default",
      "values": {
        "avg": 1,
        "min": 1,
        "med": 1,
        "max": 1,
        "p(50)": 1,
        "p(95)": 1,
        "p(99)": 1
      }
    },
    "data_sent": {
      "values": {
        "count": 1196978,
        "rate": 13299.593909040172
      },
      "type": "counter",
      "contains": "data"
    },
    "http_req_sending": {
      "type": "trend",
      "contains": "time",
      "values": {
        "p(99)": 0.13346300000000005,
        "avg": 0.030169595111111128,
        "min": 0.01257,
        "med": 0.0252,
        "max": 0.293181,
        "p(50)": 0.0252,
        "p(95)": 0.04731550000000002
      }
    },
    "data_received": {
      "type": "counter",
      "contains": "data",
      "values": {
        "count": 2405894,
        "rate": 26731.83065035138
      }
    },
    "http_req_duration": {
      "type": "trend",
      "contains": "time",
      "values": {
        "avg": 12.29896758577781,
        "min": 8.059254,
        "med": 11.875525499999998,
        "max": 53.56007,
        "p(50)": 11.875525499999998,
        "p(95)": 14.499482400000003,
        "p(99)": 25.130492490000233
      }
    },
    "req_latency": {
      "type": "trend",
      "contains": "default",
      "values": {
        "p(99)": 25.130492490000233,
        "avg": 12.29896758577781,
        "min": 8.059254,
        "med": 11.875525499999998,
        "max": 53.56007,
        "p(50)": 11.875525499999998,
        "p(95)": 14.499482400000003
      }
    },
    "http_req_blocked": {
      "values": {
        "avg": 0.12682814733333217,
        "min": 0.00401,
        "med": 0.006345,
        "max": 9.267574,
        "p(50)": 0.006345,
        "p(95)": 0.011692000000000008,
        "p(99)": 5.414209800000008
      },
      "type": "trend",
      "contains": "time"
    },
    "http_req_receiving": {
      "contains": "time",
      "values": {
        "avg": 0.09463174777777797,
        "min": 0.04203,
        "med": 0.08634,
        "max": 0.64381,
        "p(50)": 0.08634,
        "p(95)": 0.13522245000000002,
        "p(99)": 0.3235360000000008
      },
      "type": "trend"
    },
    "checks": {
      "type": "rate",
      "contains": "default",
      "values": {
        "rate": 1,
        "passes": 9000,
        "fails": 0
      }
    }
  },
  "root_group": {
    "groups": [],
    "checks": [
        {
          "path": "::status is 200",
          "id": "6210a8cd14cd70477eba5c5e4cb3fb5f",
          "passes": 4500,
          "fails": 0,
          "name": "status is 200"
        },
        {
          "name": "no graphql errors",
          "path": "::no graphql errors",
          "id": "7c29382b2a87caa2e50f0d89170b649f",
          "passes": 4500,
          "fails": 0
        }
      ],
    "name": "",
    "path": "",
    "id": "d41d8cd98f00b204e9800998ecf8427e"
  },
  "options": {
    "summaryTrendStats": [
      "avg",
      "min",
      "med",
      "max",
      "p(50)",
      "p(95)",
      "p(99)"
    ],
    "summaryTimeUnit": "",
    "noColor": false
  }
}