{
  "root_group": {
    "path": "",
    "id": "d41d8cd98f00b204e9800998ecf8427e",
    "groups": [],
    "checks": [
        {
          "id": "6210a8cd14cd70477eba5c5e4cb3fb5f",
          "passes": 35000,
          "fails": 0,
          "name": "status is 200",
          "path": "::status is 200"
        }
      ],
    "name": ""
  },
  "options": {
    "summaryTimeUnit": "",
    "noColor": false,
    "summaryTrendStats": [
      "avg",
      "min",
      "med",
      "max",
      "p(50)",
      "p(95)",
      "p(99)"
    ]
  },
  "state": {
    "testRunDurationMs": 97368.614355,
    "isStdOutTTY": false,
    "isStdErrTTY": false
  },
  "metrics": {
    "round_trip_count": {
      "contains": "default",
      "values": {
        "avg": 10,
        "min": 10,
        "med": 10,
        "max": 10,
        "p(50)": 10,
        "p(95)": 10,
        "p(99)": 10
      },
      "type": "trend"
    },
    "http_req_duration": {
      "type": "trend",
      "contains": "time",
      "values": {
        "p(95)": 1583.5900439499999,
        "p(99)": 1605.90422979,
        "avg": 1056.07517962454,
        "min": 5.851437,
        "med": 1276.4615195000001,
        "max": 1641.56985,
        "p(50)": 1276.4615195000001
      }
    },
    "data_sent": {
      "values": {
        "count": 3563705,
        "rate": 36600.140852440905
      },
      "type": "counter",
      "contains": "data"
    },
    "req_latency": {
      "type": "trend",
      "contains": "default",
      "values": {
        "p(95)": 1583.5900439499999,
        "p(99)": 1605.90422979,
        "avg": 1056.07517962454,
        "min": 5.851437,
        "med": 1276.4615195000001,
        "max": 1641.56985,
        "p(50)": 1276.4615195000001
      }
    },
    "http_req_receiving": {
      "type": "trend",
      "contains": "time",
      "values": {
        "p(50)": 34.319372,
        "p(95)": 69.27120349999998,
        "p(99)": 224.00138679000003,
        "avg": 39.29041526285691,
        "min": 0.05287,
        "med": 34.319372,
        "max": 301.986525
      }
    },
    "payload_bytes": {
      "type": "trend",
      "contains": "default",
      "values": {
        "avg": 489.9232857142857,
        "min": 251,
        "med": 517,
        "max": 536,
        "p(50)": 517,
        "p(95)": 526,
        "p(99)": 529
      }
    },
    "http_reqs": {
      "type": "counter",
      "contains": "default",
      "values": {
        "count": 35000,
        "rate": 359.4587458376694
      }
    },
    "http_req_blocked": {
      "type": "trend",
      "contains": "time",
      "values": {
        "avg": 0.08965988531429275,
        "min": 0.00249,
        "med": 0.00429,
        "max": 15.718044,
        "p(50)": 0.00429,
        "p(95)": 0.01019,
        "p(99)": 5.213929700000018
      }
    },
    "data_received": {
      "type": "counter",
      "contains": "data",
      "values": {
        "count": 26282315,
        "rate": 269925.94250315905
      }
    },
    "iterations": {
      "type": "counter",
      "contains": "default",
      "values": {
        "rate": 35.945874583766944,
        "count": 3500
      }
    },
    "vus_max": {
      "type": "gauge",
      "contains": "default",
      "values": {
        "min": 104,
        "max": 520,
        "value": 520
      }
    },
    "http_req_duration{expected_response:true}": {
      "type": "trend",
      "contains": "time",
      "values": {
        "avg": 1056.07517962454,
        "min": 5.851437,
        "med": 1276.4615195000001,
        "max": 1641.56985,
        "p(50)": 1276.4615195000001,
        "p(95)": 1583.5900439499999,
        "p(99)": 1605.90422979
      }
    },
    "iteration_duration": {
      "type": "trend",
      "contains": "time",
      "values": {
        "p(50)": 12590.401674,
        "p(95)": 15248.15096655,
        "p(99)": 15421.71098448,
        "avg": 10563.589615828569,
        "min": 84.108539,
        "med": 12590.401674,
        "max": 15516.608939
      }
    },
    "vus": {
      "values": {
        "value": 132,
        "min": 6,
        "max": 520
      },
      "type": "gauge",
      "contains": "default"
    },
    "http_req_failed": {
      "type": "rate",
      "contains": "default",
      "values": {
        "passes": 0,
        "fails": 35000,
        "rate": 0
      }
    },
    "page_latency": {
      "type": "trend",
      "contains": "default",
      "values": {
        "min": 76.86169600000001,
        "med": 12586.227010999999,
        "max": 15509.633449,
        "p(50)": 12586.227010999999,
        "p(95)": 15244.420205199998,
        "p(99)": 15419.678084829999,
        "avg": 10560.751796245399
      }
    },
    "dropped_iterations": {
      "type": "counter",
      "contains": "default",
      "values": {
        "count": 1180,
        "rate": 12.118894859669998
      }
    },
    "http_req_sending": {
      "type": "trend",
      "contains": "time",
      "values": {
        "p(50)": 0.0142,
        "p(95)": 0.03684049999999996,
        "p(99)": 0.09325060000000013,
        "avg": 0.019534169171428292,
        "min": 0.00786,
        "med": 0.0142,
        "max": 6.270436
      }
    },
    "http_req_waiting": {
      "type": "trend",
      "contains": "time",
      "values": {
        "med": 1229.25403,
        "max": 1615.235517,
        "p(50)": 1229.25403,
        "p(95)": 1543.8915284999998,
        "p(99)": 1574.85674809,
        "avg": 1016.7652301925132,
        "min": 5.718417
      }
    },
    "http_req_connecting": {
      "type": "trend",
      "contains": "time",
      "values": {
        "p(99)": 5.12350609000001,
        "avg": 0.08306152674285709,
        "min": 0,
        "med": 0,
        "max": 15.629564,
        "p(50)": 0,
        "p(95)": 0
      }
    },
    "http_req_tls_handshaking": {
      "contains": "time",
      "values": {
        "max": 0,
        "p(50)": 0,
        "p(95)": 0,
        "p(99)": 0,
        "avg": 0,
        "min": 0,
        "med": 0
      },
      "type": "trend"
    },
    "checks": {
      "contains": "default",
      "values": {
        "rate": 1,
        "passes": 35000,
        "fails": 0
      },
      "type": "rate"
    }
  }
}