{
  "state": {
    "isStdOutTTY": false,
    "isStdErrTTY": false,
    "testRunDurationMs": 90009.969946
  },
  "metrics": {
    "http_req_duration": {
      "contains": "time",
      "values": {
        "avg": 7.244321458462896,
        "min": 3.903333,
        "med": 7.223566,
        "max": 27.984236,
        "p(50)": 7.223566,
        "p(95)": 8.96408,
        "p(99)": 9.86084
      },
      "type": "trend"
    },
    "http_req_duration{expected_response:true}": {
      "type": "trend",
      "contains": "time",
      "values": {
        "p(99)": 9.86084,
        "avg": 7.244321458462896,
        "min": 3.903333,
        "med": 7.223566,
        "max": 27.984236,
        "p(50)": 7.223566,
        "p(95)": 8.96408
      }
    },
    "http_req_sending": {
      "type": "trend",
      "contains": "time",
      "values": {
        "p(50)": 0.02259,
        "p(95)": 0.052304,
        "p(99)": 0.1109195,
        "avg": 0.027222133274100342,
        "min": 0.0105,
        "med": 0.02259,
        "max": 0.234029
      }
    },
    "http_req_waiting": {
      "type": "trend",
      "contains": "time",
      "values": {
        "p(50)": 7.102337,
        "p(95)": 8.833641,
        "p(99)": 9.747625,
        "avg": 7.12720372056865,
        "min": 3.834782,
        "med": 7.102337,
        "max": 27.740337
      }
    },
    "http_req_failed": {
      "type": "rate",
      "contains": "default",
      "values": {
        "rate": 0,
        "passes": 0,
        "fails": 2251
      }
    },
    "vus_max": {
      "type": "gauge",
      "contains": "default",
      "values": {
        "value": 50,
        "min": 50,
        "max": 50
      }
    },
    "http_req_receiving": {
      "type": "trend",
      "contains": "time",
      "values": {
        "avg": 0.08989560462016861,
        "min": 0.04061,
        "med": 0.08424,
        "max": 0.578237,
        "p(50)": 0.08424,
        "p(95)": 0.14233400000000002,
        "p(99)": 0.197399
      }
    },
    "http_req_tls_handshaking": {
      "type": "trend",
      "contains": "time",
      "values": {
        "med": 0,
        "max": 0,
        "p(50)": 0,
        "p(95)": 0,
        "p(99)": 0,
        "avg": 0,
        "min": 0
      }
    },
    "payload_bytes": {
      "type": "trend",
      "contains": "default",
      "values": {
        "avg": 71.9418036428254,
        "min": 59,
        "med": 59,
        "max": 294,
        "p(50)": 59,
        "p(95)": 84,
        "p(99)": 109
      }
    },
    "vus": {
      "values": {
        "value": 0,
        "min": 0,
        "max": 0
      },
      "type": "gauge",
      "contains": "default"
    },
    "req_latency": {
      "type": "trend",
      "contains": "default",
      "values": {
        "avg": 7.244321458462896,
        "min": 3.903333,
        "med": 7.223566,
        "max": 27.984236,
        "p(50)": 7.223566,
        "p(95)": 8.96408,
        "p(99)": 9.86084
      }
    },
    "iteration_duration": {
      "type": "trend",
      "contains": "time",
      "values": {
        "p(95)": 9.5987925,
        "p(99)": 14.505516,
        "avg": 7.684070107063541,
        "min": 4.078221,
        "med": 7.561886,
        "max": 34.711255,
        "p(50)": 7.561886
      }
    },
    "data_received": {
      "type": "counter",
      "contains": "data",
      "values": {
        "count": 747296,
        "rate": 8302.369175862717
      }
    },
    "checks": {
      "type": "rate",
      "contains": "default",
      "values": {
        "rate": 1,
        "passes": 2251,
        "fails": 0
      }
    },
    "round_trip_count": {
      "type": "trend",
      "contains": "default",
      "values": {
        "avg": 1,
        "min": 1,
        "med": 1,
        "max": 1,
        "p(50)": 1,
        "p(95)": 1,
        "p(99)": 1
      }
    },
    "iterations": {
      "values": {
        "rate": 25.008340757701067,
        "count": 2251
      },
      "type": "counter",
      "contains": "default"
    },
    "http_req_blocked": {
      "type": "trend",
      "contains": "time",
      "values": {
        "med": 0.00616,
        "max": 7.786085,
        "p(50)": 0.00616,
        "p(95)": 0.019745,
        "p(99)": 5.8895040000000005,
        "avg": 0.13450990804087115,
        "min": 0.00391
      }
    },
    "http_req_connecting": {
      "type": "trend",
      "contains": "time",
      "values": {
        "p(50)": 0,
        "p(95)": 0,
        "p(99)": 5.7953695,
        "avg": 0.12463323056419372,
        "min": 0,
        "med": 0,
        "max": 7.704336
      }
    },
    "data_sent": {
      "type": "counter",
      "contains": "data",
      "values": {
        "count": 213837,
        "rate": 2375.703492938482
      }
    },
    "http_reqs": {
      "type": "counter",
      "contains": "default",
      "values": {
        "count": 2251,
        "rate": 25.008340757701067
      }
    }
  },
  "root_group": {
    "name": "",
    "path": "",
    "id": "d41d8cd98f00b204e9800998ecf8427e",
    "groups": [],
    "checks": [
        {
          "name": "status is 200",
          "path": "::status is 200",
          "id": "6210a8cd14cd70477eba5c5e4cb3fb5f",
          "passes": 2251,
          "fails": 0
        }
      ]
  },
  "options": {
    "noColor": false,
    "summaryTrendStats": [
      "avg",
      "min",
      "med",
      "max",
      "p(50)",
      "p(95)",
      "p(99)"
    ],
    "summaryTimeUnit": ""
  }
}