{
  "metrics": {
    "iteration_duration": {
      "type": "trend",
      "contains": "time",
      "values": {
        "p(95)": 18.747467999999998,
        "p(99)": 22.416871,
        "avg": 16.100693310972897,
        "min": 10.996533,
        "med": 15.961717,
        "max": 49.746561,
        "p(50)": 15.961717
      }
    },
    "http_req_waiting": {
      "type": "trend",
      "contains": "time",
      "values": {
        "p(95)": 9.3038505,
        "p(99)": 10.090878499999999,
        "avg": 7.546355490004435,
        "min": 3.300163,
        "med": 7.6069365,
        "max": 41.443684,
        "p(50)": 7.6069365
      }
    },
    "http_req_receiving": {
      "contains": "time",
      "values": {
        "avg": 0.09701238138605085,
        "min": 0.04461,
        "med": 0.091229,
        "max": 0.360768,
        "p(50)": 0.091229,
        "p(95)": 0.15062044999999993,
        "p(99)": 0.18648670999999994
      },
      "type": "trend"
    },
    "http_req_failed": {
      "type": "rate",
      "contains": "default",
      "values": {
        "fails": 4502,
        "rate": 0,
        "passes": 0
      }
    },
    "http_req_duration": {
      "type": "trend",
      "contains": "time",
      "values": {
        "max": 41.677483,
        "p(50)": 7.731775,
        "p(95)": 9.429247949999999,
        "p(99)": 10.2189754,
        "avg": 7.668945102176812,
        "min": 3.396803,
        "med": 7.731775
      }
    },
    "payload_bytes": {
      "values": {
        "avg": 1019.550644158152,
        "min": 110,
        "med": 129,
        "max": 2386,
        "p(50)": 129,
        "p(95)": 2327,
        "p(99)": 2350
      },
      "type": "trend",
      "contains": "default"
    },
    "http_reqs": {
      "type": "counter",
      "contains": "default",
      "values": {
        "count": 4502,
        "rate": 50.01228876364584
      }
    },
    "http_req_tls_handshaking": {
      "type": "trend",
      "contains": "time",
      "values": {
        "max": 0,
        "p(50)": 0,
        "p(95)": 0,
        "p(99)": 0,
        "avg": 0,
        "min": 0,
        "med": 0
      }
    },
    "data_received": {
      "contains": "data",
      "values": {
        "count": 5767091,
        "rate": 64066.06406446536
      },
      "type": "counter"
    },
    "vus": {
      "contains": "default",
      "values": {
        "value": 0,
        "min": 0,
        "max": 0
      },
      "type": "gauge"
    },
    "vus_max": {
      "contains": "default",
      "values": {
        "value": 50,
        "min": 50,
        "max": 50
      },
      "type": "gauge"
    },
    "checks": {
      "type": "rate",
      "contains": "default",
      "values": {
        "fails": 0,
        "rate": 1,
        "passes": 4502
      }
    },
    "data_sent": {
      "type": "counter",
      "contains": "data",
      "values": {
        "count": 450848,
        "rate": 5008.427446582008
      }
    },
    "http_req_blocked": {
      "values": {
        "max": 7.92391,
        "p(50)": 0.0070195,
        "p(95)": 0.011638449999999993,
        "p(99)": 3.8760569299998857,
        "avg": 0.06525712105730731,
        "min": 0.00334,
        "med": 0.0070195
      },
      "type": "trend",
      "contains": "time"
    },
    "page_latency": {
      "type": "trend",
      "contains": "default",
      "values": {
        "p(99)": 18.951122,
        "avg": 15.337890204353602,
        "min": 10.284945,
        "med": 15.310649999999999,
        "max": 48.989296,
        "p(50)": 15.310649999999999,
        "p(95)": 17.716279
      }
    },
    "http_req_sending": {
      "type": "trend",
      "contains": "time",
      "values": {
        "avg": 0.02557723078631719,
        "min": 0.00945,
        "med": 0.02264,
        "max": 0.400447,
        "p(50)": 0.02264,
        "p(95)": 0.04261849999999999,
        "p(99)": 0.09351870999999978
      }
    },
    "round_trip_count": {
      "type": "trend",
      "contains": "default",
      "values": {
        "p(99)": 2,
        "avg": 2,
        "min": 2,
        "med": 2,
        "max": 2,
        "p(50)": 2,
        "p(95)": 2
      }
    },
    "req_latency": {
      "type": "trend",
      "contains": "default",
      "values": {
        "max": 41.677483,
        "p(50)": 7.731775,
        "p(95)": 9.429247949999999,
        "p(99)": 10.2189754,
        "avg": 7.668945102176812,
        "min": 3.396803,
        "med": 7.731775
      }
    },
    "iterations": {
      "contains": "default",
      "values": {
        "count": 2251,
        "rate": 25.00614438182292
      },
      "type": "counter"
    },
    "http_req_connecting": {
      "type": "trend",
      "contains": "time",
      "values": {
        "avg": 0.056386096401599285,
        "min": 0,
        "med": 0,
        "max": 7.817751,
        "p(50)": 0,
        "p(95)": 0,
        "p(99)": 3.6708718099999103
      }
    },
    "http_req_duration{expected_response:true}": {
      "type": "trend",
      "contains": "time",
      "values": {
        "max": 41.677483,
        "p(50)": 7.731775,
        "p(95)": 9.429247949999999,
        "p(99)": 10.2189754,
        "avg": 7.668945102176812,
        "min": 3.396803,
        "med": 7.731775
      }
    }
  },
  "root_group": {
    "checks": [
      {
        "passes": 4502,
        "fails": 0,
        "name": "status is 200",
        "path": "::status is 200",
        "id": "6210a8cd14cd70477eba5c5e4cb3fb5f"
      }
    ],
    "name": "",
    "path": "",
    "id": "d41d8cd98f00b204e9800998ecf8427e",
    "groups": []
  },
  "options": {
    "summaryTrendStats": [
      "avg",
      "min",
      "med",
      "max",
      "p(50)",
      "p(95)",
      "p(99)"
    ],
    "summaryTimeUnit": "",
    "noColor": false
  },
  "state": {
    "isStdOutTTY": false,
    "isStdErrTTY": false,
    "testRunDurationMs": 90017.875832
  }
}