{
  "metrics": {
    "payload_bytes": {
      "type": "trend",
      "contains": "default",
      "values": {
        "p(99)": 529,
        "avg": 489.23508657301534,
        "min": 251,
        "med": 517,
        "max": 536,
        "p(50)": 517,
        "p(95)": 526
      }
    },
    "page_latency": {
      "type": "trend",
      "contains": "default",
      "values": {
        "max": 60.029377,
        "p(50)": 37.711847,
        "p(95)": 41.59068500000001,
        "p(99)": 44.5403796,
        "avg": 37.71813956778835,
        "min": 29.724083,
        "med": 37.711847
      }
    },
    "checks": {
      "type": "rate",
      "contains": "default",
      "values": {
        "rate": 1,
        "passes": 15305,
        "fails": 0
      }
    },
    "http_req_duration": {
      "type": "trend",
      "contains": "time",
      "values": {
        "avg": 7.5436279135576685,
        "min": 3.932592,
        "med": 7.477818,
        "max": 30.404976,
        "p(50)": 7.477818,
        "p(95)": 9.3760674,
        "p(99)": 10.320960079999997
      }
    },
    "req_latency": {
      "type": "trend",
      "contains": "default",
      "values": {
        "med": 7.477818,
        "max": 30.404976,
        "p(50)": 7.477818,
        "p(95)": 9.3760674,
        "p(99)": 10.320960079999997,
        "avg": 7.5436279135576685,
        "min": 3.932592
      }
    },
    "http_req_sending": {
      "type": "trend",
      "contains": "time",
      "values": {
        "avg": 0.022325204116301966,
        "min": 0.008019,
        "med": 0.0196,
        "max": 1.936371,
        "p(50)": 0.0196,
        "p(95)": 0.04151,
        "p(99)": 0.0766586
      }
    },
    "http_req_receiving": {
      "type": "trend",
      "contains": "time",
      "values": {
        "p(50)": 0.08604,
        "p(95)": 0.1792087999999998,
        "p(99)": 0.3425503599999996,
        "avg": 0.09612110173146045,
        "min": 0.040119,
        "med": 0.08604,
        "max": 3.711944
      }
    },
    "http_req_connecting": {
      "type": "trend",
      "contains": "time",
      "values": {
        "p(50)": 0,
        "p(95)": 0,
        "p(99)": 0,
        "avg": 0.025487110356092788,
        "min": 0,
        "med": 0,
        "max": 11.935712
      }
    },
    "round_trip_count": {
      "type": "trend",
      "contains": "default",
      "values": {
        "p(50)": 5,
        "p(95)": 5,
        "p(99)": 5,
        "avg": 5,
        "min": 5,
        "med": 5,
        "max": 5
      }
    },
    "data_sent": {
      "type": "counter",
      "contains": "data",
      "values": {
        "count": 1558160,
        "rate": 17305.87467789664
      }
    },
    "data_received": {
      "type": "counter",
      "contains": "data",
      "values": {
        "count": 11482348,
        "rate": 127529.95552189578
      }
    },
    "iterations": {
      "type": "counter",
      "contains": "default",
      "values": {
        "count": 3061,
        "rate": 33.997331717565345
      }
    },
    "vus_max": {
      "type": "gauge",
      "contains": "default",
      "values": {
        "value": 68,
        "min": 68,
        "max": 68
      }
    },
    "http_reqs": {
      "type": "counter",
      "contains": "default",
      "values": {
        "count": 15305,
        "rate": 169.98665858782672
      }
    },
    "http_req_waiting": {
      "type": "trend",
      "contains": "time",
      "values": {
        "avg": 7.425181607709859,
        "min": 3.823693,
        "med": 7.366558,
        "max": 30.16795,
        "p(50)": 7.366558,
        "p(95)": 9.220614,
        "p(99)": 10.159376519999999
      }
    },
    "http_req_blocked": {
      "type": "trend",
      "contains": "time",
      "values": {
        "min": 0.0029,
        "med": 0.00659,
        "max": 12.0302,
        "p(50)": 0.00659,
        "p(95)": 0.010647999999999993,
        "p(99)": 0.042020599999999596,
        "avg": 0.033400563737340544
      }
    },
    "http_req_failed": {
      "type": "rate",
      "contains": "default",
      "values": {
        "rate": 0,
        "passes": 0,
        "fails": 15305
      }
    },
    "http_req_duration{expected_response:true}": {
      "type": "trend",
      "contains": "time",
      "values": {
        "p(50)": 7.477818,
        "p(95)": 9.3760674,
        "p(99)": 10.320960079999997,
        "avg": 7.5436279135576685,
        "min": 3.932592,
        "med": 7.477818,
        "max": 30.404976
      }
    },
    "http_req_tls_handshaking": {
      "type": "trend",
      "contains": "time",
      "values": {
        "med": 0,
        "max": 0,
        "p(50)": 0,
        "p(95)": 0,
        "p(99)": 0,
        "avg": 0,
        "min": 0
      }
    },
    "iteration_duration": {
      "values": {
        "med": 39.014474,
        "max": 61.021286,
        "p(50)": 39.014474,
        "p(95)": 43.952572,
        "p(99)": 47.530687200000024,
        "avg": 39.15991498431884,
        "min": 30.708294
      },
      "type": "trend",
      "contains": "time"
    },
    "vus": {
      "type": "gauge",
      "contains": "default",
      "values": {
        "value": 1,
        "min": 1,
        "max": 1
      }
    }
  },
  "root_group": {
    "name": "",
    "path": "",
    "id": "d41d8cd98f00b204e9800998ecf8427e",
    "groups": [],
    "checks": [
        {
          "path": "::status is 200",
          "id": "6210a8cd14cd70477eba5c5e4cb3fb5f",
          "passes": 15305,
          "fails": 0,
          "name": "status is 200"
        }
      ]
  },
  "options": {
    "summaryTrendStats": [
      "avg",
      "min",
      "med",
      "max",
      "p(50)",
      "p(95)",
      "p(99)"
    ],
    "summaryTimeUnit": "",
    "noColor": false
  },
  "state": {
    "isStdOutTTY": false,
    "isStdErrTTY": false,
    "testRunDurationMs": 90036.477728
  }
}