{
  "state": {
    "isStdOutTTY": false,
    "isStdErrTTY": false,
    "testRunDurationMs": 90035.099839
  },
  "metrics": {
    "req_latency": {
      "type": "trend",
      "contains": "default",
      "values": {
        "med": 11.220311,
        "max": 58.810784,
        "p(50)": 11.220311,
        "p(95)": 14.419903,
        "p(99)": 29.376784,
        "avg": 11.718111520773162,
        "min": 6.543187
      }
    },
    "http_req_failed": {
      "type": "rate",
      "contains": "default",
      "values": {
        "rate": 0,
        "passes": 0,
        "fails": 4501
      }
    },
    "http_req_duration{expected_response:true}": {
      "type": "trend",
      "contains": "time",
      "values": {
        "p(50)": 11.220311,
        "p(95)": 14.419903,
        "p(99)": 29.376784,
        "avg": 11.718111520773162,
        "min": 6.543187,
        "med": 11.220311,
        "max": 58.810784
      }
    },
    "http_req_blocked": {
      "type": "trend",
      "contains": "time",
      "values": {
        "p(95)": 0.01511,
        "p(99)": 5.62557,
        "avg": 0.13067459675627544,
        "min": 0.00416,
        "med": 0.0069,
        "max": 13.08322,
        "p(50)": 0.0069
      }
    },
    "http_req_connecting": {
      "type": "trend",
      "contains": "time",
      "values": {
        "avg": 0.1202050284381249,
        "min": 0,
        "med": 0,
        "max": 12.99061,
        "p(50)": 0,
        "p(95)": 0,
        "p(99)": 5.53837
      }
    },
    "http_req_receiving": {
      "type": "trend",
      "contains": "time",
      "values": {
        "p(99)": 0.334469,
        "avg": 0.09968366740724319,
        "min": 0.039769,
        "med": 0.0892,
        "max": 5.092704,
        "p(50)": 0.0892,
        "p(95)": 0.139869
      }
    },
    "http_req_sending": {
      "values": {
        "p(99)": 0.115489,
        "avg": 0.03144282359475662,
        "min": 0.01188,
        "med": 0.02667,
        "max": 0.215969,
        "p(50)": 0.02667,
        "p(95)": 0.05426
      },
      "type": "trend",
      "contains": "time"
    },
    "iterations": {
      "type": "counter",
      "contains": "default",
      "values": {
        "count": 4501,
        "rate": 49.991614470896906
      }
    },
    "http_req_duration": {
      "type": "trend",
      "contains": "time",
      "values": {
        "med": 11.220311,
        "max": 58.810784,
        "p(50)": 11.220311,
        "p(95)": 14.419903,
        "p(99)": 29.376784,
        "avg": 11.718111520773162,
        "min": 6.543187
      }
    },
    "http_req_tls_handshaking": {
      "type": "trend",
      "contains": "time",
      "values": {
        "med": 0,
        "max": 0,
        "p(50)": 0,
        "p(95)": 0,
        "p(99)": 0,
        "avg": 0,
        "min": 0
      }
    },
    "payload_bytes": {
      "type": "trend",
      "contains": "default",
      "values": {
        "min": 72,
        "med": 148,
        "max": 303,
        "p(50)": 148,
        "p(95)": 225,
        "p(99)": 250,
        "avg": 154.62141746278604
      }
    },
    "round_trip_count": {
      "type": "trend",
      "contains": "default",
      "values": {
        "p(50)": 1,
        "p(95)": 1,
        "p(99)": 1,
        "avg": 1,
        "min": 1,
        "med": 1,
        "max": 1
      }
    },
    "data_received": {
      "type": "counter",
      "contains": "data",
      "values": {
        "count": 1869676,
        "rate": 20766.079044098788
      }
    },
    "http_reqs": {
      "type": "counter",
      "contains": "default",
      "values": {
        "count": 4501,
        "rate": 49.991614470896906
      }
    },
    "iteration_duration": {
      "type": "trend",
      "contains": "time",
      "values": {
        "max": 59.292571,
        "p(50)": 11.766888,
        "p(95)": 15.745107,
        "p(99)": 30.054951,
        "avg": 12.368702177293931,
        "min": 7.124073,
        "med": 11.766888
      }
    },
    "checks": {
      "type": "rate",
      "contains": "default",
      "values": {
        "rate": 1,
        "passes": 9002,
        "fails": 0
      }
    },
    "data_sent": {
      "type": "counter",
      "contains": "data",
      "values": {
        "rate": 13276.233403833323,
        "count": 1195327
      }
    },
    "http_req_waiting": {
      "contains": "time",
      "values": {
        "p(95)": 14.291615,
        "p(99)": 29.253475,
        "avg": 11.586985029771181,
        "min": 6.421077,
        "med": 11.085204,
        "max": 58.119957,
        "p(50)": 11.085204
      },
      "type": "trend"
    },
    "vus": {
      "type": "gauge",
      "contains": "default",
      "values": {
        "value": 1,
        "min": 0,
        "max": 2
      }
    },
    "vus_max": {
      "type": "gauge",
      "contains": "default",
      "values": {
        "max": 100,
        "value": 100,
        "min": 100
      }
    }
  },
  "root_group": {
    "name": "",
    "path": "",
    "id": "d41d8cd98f00b204e9800998ecf8427e",
    "groups": [],
    "checks": [
        {
          "name": "status is 200",
          "path": "::status is 200",
          "id": "6210a8cd14cd70477eba5c5e4cb3fb5f",
          "passes": 4501,
          "fails": 0
        },
        {
          "name": "no graphql errors",
          "path": "::no graphql errors",
          "id": "7c29382b2a87caa2e50f0d89170b649f",
          "passes": 4501,
          "fails": 0
        }
      ]
  },
  "options": {
    "summaryTrendStats": [
      "avg",
      "min",
      "med",
      "max",
      "p(50)",
      "p(95)",
      "p(99)"
    ],
    "summaryTimeUnit": "",
    "noColor": false
  }
}