{
  "state": {
    "isStdOutTTY": false,
    "isStdErrTTY": false,
    "testRunDurationMs": 90005.923629
  },
  "metrics": {
    "data_sent": {
      "type": "counter",
      "contains": "data",
      "values": {
        "count": 1333435,
        "rate": 14814.969351310185
      }
    },
    "vus": {
      "contains": "default",
      "values": {
        "min": 1,
        "max": 3,
        "value": 1
      },
      "type": "gauge"
    },
    "http_reqs": {
      "type": "counter",
      "contains": "default",
      "values": {
        "count": 4500,
        "rate": 49.99670931158686
      }
    },
    "http_req_connecting": {
      "type": "trend",
      "contains": "time",
      "values": {
        "med": 0,
        "max": 11.802389,
        "p(50)": 0,
        "p(95)": 0,
        "p(99)": 5.281241410000005,
        "avg": 0.11721286533333336,
        "min": 0
      }
    },
    "http_req_waiting": {
      "type": "trend",
      "contains": "time",
      "values": {
        "max": 71.433097,
        "p(50)": 20.007768,
        "p(95)": 23.7090075,
        "p(99)": 56.99382406000004,
        "avg": 20.85110606999998,
        "min": 13.497924,
        "med": 20.007768
      }
    },
    "http_req_receiving": {
      "type": "trend",
      "contains": "time",
      "values": {
        "avg": 0.11366434022222224,
        "min": 0.046309,
        "med": 0.09511549999999999,
        "max": 12.843574,
        "p(50)": 0.09511549999999999,
        "p(95)": 0.22400150000000002,
        "p(99)": 0.5321410900000001
      }
    },
    "http_req_sending": {
      "type": "trend",
      "contains": "time",
      "values": {
        "avg": 0.03158573977777775,
        "min": 0.01263,
        "med": 0.026475,
        "max": 0.740168,
        "p(50)": 0.026475,
        "p(95)": 0.0565305,
        "p(99)": 0.10839751000000018
      }
    },
    "http_req_failed": {
      "type": "rate",
      "contains": "default",
      "values": {
        "rate": 0,
        "passes": 0,
        "fails": 4500
      }
    },
    "page_latency": {
      "type": "trend",
      "contains": "default",
      "values": {
        "p(50)": 20.1461075,
        "p(95)": 23.867938950000003,
        "p(99)": 57.37634385000005,
        "avg": 20.99635615,
        "min": 13.615823,
        "med": 20.1461075,
        "max": 72.104575
      }
    },
    "data_received": {
      "type": "counter",
      "contains": "data",
      "values": {
        "count": 26291667,
        "rate": 292110.4071813424
      }
    },
    "iterations": {
      "type": "counter",
      "contains": "default",
      "values": {
        "count": 4500,
        "rate": 49.99670931158686
      }
    },
    "req_latency": {
      "contains": "default",
      "values": {
        "p(99)": 57.37634385000005,
        "avg": 20.99635615,
        "min": 13.615823,
        "med": 20.1461075,
        "max": 72.104575,
        "p(50)": 20.1461075,
        "p(95)": 23.867938950000003
      },
      "type": "trend"
    },
    "http_req_duration": {
      "type": "trend",
      "contains": "time",
      "values": {
        "avg": 20.99635615,
        "min": 13.615823,
        "med": 20.1461075,
        "max": 72.104575,
        "p(50)": 20.1461075,
        "p(95)": 23.867938950000003,
        "p(99)": 57.37634385000005
      }
    },
    "http_req_tls_handshaking": {
      "type": "trend",
      "contains": "time",
      "values": {
        "p(50)": 0,
        "p(95)": 0,
        "p(99)": 0,
        "avg": 0,
        "min": 0,
        "med": 0,
        "max": 0
      }
    },
    "http_req_duration{expected_response:true}": {
      "type": "trend",
      "contains": "time",
      "values": {
        "p(99)": 57.37634385000005,
        "avg": 20.99635615,
        "min": 13.615823,
        "med": 20.1461075,
        "max": 72.104575,
        "p(50)": 20.1461075,
        "p(95)": 23.867938950000003
      }
    },
    "round_trip_count": {
      "contains": "default",
      "values": {
        "med": 1,
        "max": 1,
        "p(50)": 1,
        "p(95)": 1,
        "p(99)": 1,
        "avg": 1,
        "min": 1
      },
      "type": "trend"
    },
    "http_req_blocked": {
      "type": "trend",
      "contains": "time",
      "values": {
        "med": 0.00716,
        "max": 11.885839,
        "p(50)": 0.00716,
        "p(95)": 0.014143450000000012,
        "p(99)": 5.381576000000002,
        "avg": 0.12803700266666665,
        "min": 0.00459
      }
    },
    "vus_max": {
      "type": "gauge",
      "contains": "default",
      "values": {
        "value": 100,
        "min": 100,
        "max": 100
      }
    },
    "payload_bytes": {
      "type": "trend",
      "contains": "default",
      "values": {
        "med": 6011,
        "max": 6385,
        "p(50)": 6011,
        "p(95)": 6240.1,
        "p(99)": 6286,
        "avg": 5580.592666666666,
        "min": 1704
      }
    },
    "iteration_duration": {
      "type": "trend",
      "contains": "time",
      "values": {
        "min": 14.880559,
        "med": 22.2171265,
        "max": 76.916177,
        "p(50)": 22.2171265,
        "p(95)": 27.67220520000001,
        "p(99)": 59.41067773000001,
        "avg": 23.16029924111104
      }
    },
    "checks": {
      "type": "rate",
      "contains": "default",
      "values": {
        "passes": 9000,
        "fails": 0,
        "rate": 1
      }
    }
  },
  "root_group": {
    "groups": [],
    "checks": [
        {
          "path": "::status is 200",
          "id": "6210a8cd14cd70477eba5c5e4cb3fb5f",
          "passes": 4500,
          "fails": 0,
          "name": "status is 200"
        },
        {
          "name": "no graphql errors",
          "path": "::no graphql errors",
          "id": "7c29382b2a87caa2e50f0d89170b649f",
          "passes": 4500,
          "fails": 0
        }
      ],
    "name": "",
    "path": "",
    "id": "d41d8cd98f00b204e9800998ecf8427e"
  },
  "options": {
    "summaryTrendStats": [
      "avg",
      "min",
      "med",
      "max",
      "p(50)",
      "p(95)",
      "p(99)"
    ],
    "summaryTimeUnit": "",
    "noColor": false
  }
}