{
  "metrics": {
    "http_req_waiting": {
      "type": "trend",
      "contains": "time",
      "values": {
        "p(50)": 14.752594,
        "p(95)": 19.328328,
        "p(99)": 53.2516244,
        "avg": 16.040611497823114,
        "min": 9.52366,
        "med": 14.752594,
        "max": 72.881104
      }
    },
    "payload_bytes": {
      "type": "trend",
      "contains": "default",
      "values": {
        "p(95)": 803,
        "p(99)": 811,
        "avg": 646.4868638342591,
        "min": 147,
        "med": 787,
        "max": 815,
        "p(50)": 787
      }
    },
    "round_trip_count": {
      "contains": "default",
      "values": {
        "p(50)": 1,
        "p(95)": 1,
        "p(99)": 1,
        "avg": 1,
        "min": 1,
        "med": 1,
        "max": 1
      },
      "type": "trend"
    },
    "http_req_tls_handshaking": {
      "type": "trend",
      "contains": "time",
      "values": {
        "p(99)": 0,
        "avg": 0,
        "min": 0,
        "med": 0,
        "max": 0,
        "p(50)": 0,
        "p(95)": 0
      }
    },
    "http_req_duration{expected_response:true}": {
      "type": "trend",
      "contains": "time",
      "values": {
        "p(99)": 54.03670879999997,
        "avg": 16.191828801381142,
        "min": 9.653997,
        "med": 14.857391,
        "max": 73.967471,
        "p(50)": 14.857391,
        "p(95)": 19.529862
      }
    },
    "http_req_connecting": {
      "type": "trend",
      "contains": "time",
      "values": {
        "min": 0,
        "med": 0,
        "max": 13.692326,
        "p(50)": 0,
        "p(95)": 0,
        "p(99)": 5.2240242,
        "avg": 0.11852908857528897
      }
    },
    "req_latency": {
      "values": {
        "min": 9.653997,
        "med": 14.857391,
        "max": 73.967471,
        "p(50)": 14.857391,
        "p(95)": 19.529862,
        "p(99)": 54.03670879999997,
        "avg": 16.191828801381142
      },
      "type": "trend",
      "contains": "default"
    },
    "vus_max": {
      "type": "gauge",
      "contains": "default",
      "values": {
        "value": 148,
        "min": 148,
        "max": 148
      }
    },
    "iteration_duration": {
      "type": "trend",
      "contains": "time",
      "values": {
        "avg": 16.997429588500232,
        "min": 10.28371,
        "med": 15.517794,
        "max": 77.878859,
        "p(50)": 15.517794,
        "p(95)": 22.541415,
        "p(99)": 54.7162048
      }
    },
    "page_latency": {
      "values": {
        "p(99)": 54.03670879999997,
        "avg": 16.191828801381142,
        "min": 9.653997,
        "med": 14.857391,
        "max": 73.967471,
        "p(50)": 14.857391,
        "p(95)": 19.529862
      },
      "type": "trend",
      "contains": "default"
    },
    "iterations": {
      "type": "counter",
      "contains": "default",
      "values": {
        "count": 6661,
        "rate": 73.9974936179294
      }
    },
    "vus": {
      "type": "gauge",
      "contains": "default",
      "values": {
        "value": 1,
        "min": 1,
        "max": 5
      }
    },
    "http_req_blocked": {
      "contains": "time",
      "values": {
        "p(99)": 5.324869,
        "avg": 0.12907952604714076,
        "min": 0.00466,
        "med": 0.00762,
        "max": 13.789725,
        "p(50)": 0.00762,
        "p(95)": 0.01399
      },
      "type": "trend"
    },
    "http_reqs": {
      "type": "counter",
      "contains": "default",
      "values": {
        "count": 6661,
        "rate": 73.9974936179294
      }
    },
    "http_req_receiving": {
      "type": "trend",
      "contains": "time",
      "values": {
        "med": 0.085879,
        "max": 9.626857,
        "p(50)": 0.085879,
        "p(95)": 0.230257,
        "p(99)": 0.8083193999999995,
        "avg": 0.11858032892958989,
        "min": 0.03962
      }
    },
    "http_req_sending": {
      "type": "trend",
      "contains": "time",
      "values": {
        "max": 0.236748,
        "p(50)": 0.02825,
        "p(95)": 0.054409,
        "p(99)": 0.11190259999999999,
        "avg": 0.03263697462843416,
        "min": 0.01309,
        "med": 0.02825
      }
    },
    "http_req_failed": {
      "type": "rate",
      "contains": "default",
      "values": {
        "rate": 0,
        "passes": 0,
        "fails": 6661
      }
    },
    "data_sent": {
      "values": {
        "count": 1967898,
        "rate": 21861.510238062754
      },
      "type": "counter",
      "contains": "data"
    },
    "http_req_duration": {
      "type": "trend",
      "contains": "time",
      "values": {
        "min": 9.653997,
        "med": 14.857391,
        "max": 73.967471,
        "p(50)": 14.857391,
        "p(95)": 19.529862,
        "p(99)": 54.03670879999997,
        "avg": 16.191828801381142
      }
    },
    "checks": {
      "contains": "default",
      "values": {
        "passes": 13322,
        "fails": 0,
        "rate": 1
      },
      "type": "rate"
    },
    "data_received": {
      "contains": "data",
      "values": {
        "rate": 67151.75341493034,
        "count": 6044770
      },
      "type": "counter"
    }
  },
  "root_group": {
    "name": "",
    "path": "",
    "id": "d41d8cd98f00b204e9800998ecf8427e",
    "groups": [],
    "checks": [
        {
          "name": "status is 200",
          "path": "::status is 200",
          "id": "6210a8cd14cd70477eba5c5e4cb3fb5f",
          "passes": 6661,
          "fails": 0
        },
        {
          "name": "no graphql errors",
          "path": "::no graphql errors",
          "id": "7c29382b2a87caa2e50f0d89170b649f",
          "passes": 6661,
          "fails": 0
        }
      ]
  },
  "options": {
    "summaryTrendStats": [
      "avg",
      "min",
      "med",
      "max",
      "p(50)",
      "p(95)",
      "p(99)"
    ],
    "summaryTimeUnit": "",
    "noColor": false
  },
  "state": {
    "isStdOutTTY": false,
    "isStdErrTTY": false,
    "testRunDurationMs": 90016.562377
  }
}