{
  "state": {
    "isStdOutTTY": false,
    "isStdErrTTY": false,
    "testRunDurationMs": 95304.824004
  },
  "metrics": {
    "http_req_duration": {
      "contains": "time",
      "values": {
        "p(95)": 8535.21632005,
        "p(99)": 10701.323832229995,
        "avg": 4957.432940112872,
        "min": 20.936011,
        "med": 4970.111071,
        "max": 12705.481755,
        "p(50)": 4970.111071
      },
      "type": "trend"
    },
    "round_trip_count": {
      "values": {
        "avg": 1,
        "min": 1,
        "med": 1,
        "max": 1,
        "p(50)": 1,
        "p(95)": 1,
        "p(99)": 1
      },
      "type": "trend",
      "contains": "default"
    },
    "http_reqs": {
      "type": "counter",
      "contains": "default",
      "values": {
        "count": 6202,
        "rate": 65.07540478475359
      }
    },
    "http_req_tls_handshaking": {
      "type": "trend",
      "contains": "time",
      "values": {
        "p(50)": 0,
        "p(95)": 0,
        "p(99)": 0,
        "avg": 0,
        "min": 0,
        "med": 0,
        "max": 0
      }
    },
    "http_req_receiving": {
      "type": "trend",
      "contains": "time",
      "values": {
        "med": 702.0381815000001,
        "max": 1886.481513,
        "p(50)": 702.0381815000001,
        "p(95)": 1629.8545225,
        "p(99)": 1868.7115226399999,
        "avg": 817.1333206526897,
        "min": 0.166469
      }
    },
    "req_latency": {
      "type": "trend",
      "contains": "default",
      "values": {
        "p(50)": 4970.111071,
        "p(95)": 8535.21632005,
        "p(99)": 10701.323832229995,
        "avg": 4957.432940112872,
        "min": 20.936011,
        "med": 4970.111071,
        "max": 12705.481755
      }
    },
    "checks": {
      "type": "rate",
      "contains": "default",
      "values": {
        "rate": 1,
        "passes": 12404,
        "fails": 0
      }
    },
    "iterations": {
      "type": "counter",
      "contains": "default",
      "values": {
        "rate": 65.07540478475359,
        "count": 6202
      }
    },
    "dropped_iterations": {
      "type": "counter",
      "contains": "default",
      "values": {
        "count": 459,
        "rate": 4.816125571783601
      }
    },
    "http_req_blocked": {
      "contains": "time",
      "values": {
        "avg": 0.574755225088686,
        "min": 0.00389,
        "med": 0.00802,
        "max": 35.544334,
        "p(50)": 0.00802,
        "p(95)": 5.596829,
        "p(99)": 7.025589389999998
      },
      "type": "trend"
    },
    "http_req_failed": {
      "type": "rate",
      "contains": "default",
      "values": {
        "rate": 0,
        "passes": 0,
        "fails": 6202
      }
    },
    "http_req_duration{expected_response:true}": {
      "type": "trend",
      "contains": "time",
      "values": {
        "p(95)": 8535.21632005,
        "p(99)": 10701.323832229995,
        "avg": 4957.432940112872,
        "min": 20.936011,
        "med": 4970.111071,
        "max": 12705.481755,
        "p(50)": 4970.111071
      }
    },
    "http_req_connecting": {
      "type": "trend",
      "contains": "time",
      "values": {
        "med": 0,
        "max": 35.471284,
        "p(50)": 0,
        "p(95)": 5.492911499999998,
        "p(99)": 6.9240377,
        "avg": 0.5562974013221539,
        "min": 0
      }
    },
    "data_sent": {
      "type": "counter",
      "contains": "data",
      "values": {
        "rate": 19282.36077454873,
        "count": 1837702
      }
    },
    "payload_bytes": {
      "type": "trend",
      "contains": "default",
      "values": {
        "p(95)": 6239.95,
        "p(99)": 6283,
        "avg": 5551.331183489197,
        "min": 1704,
        "med": 5980,
        "max": 6385,
        "p(50)": 5980
      }
    },
    "http_req_waiting": {
      "contains": "time",
      "values": {
        "min": 20.362755,
        "med": 4089.445568,
        "max": 12290.424992,
        "p(50)": 4089.445568,
        "p(95)": 7172.0310735,
        "p(99)": 9257.750911919984,
        "avg": 4140.2501554455075
      },
      "type": "trend"
    },
    "data_received": {
      "type": "counter",
      "contains": "data",
      "values": {
        "count": 36054280,
        "rate": 378304.87991339015
      }
    },
    "iteration_duration": {
      "type": "trend",
      "contains": "time",
      "values": {
        "p(99)": 10708.562083959994,
        "avg": 4960.578656607536,
        "min": 29.515129,
        "med": 4973.930607,
        "max": 12713.482528,
        "p(50)": 4973.930607,
        "p(95)": 8538.2437743
      }
    },
    "page_latency": {
      "values": {
        "min": 20.936011,
        "med": 4970.111071,
        "max": 12705.481755,
        "p(50)": 4970.111071,
        "p(95)": 8535.21632005,
        "p(99)": 10701.323832229995,
        "avg": 4957.432940112872
      },
      "type": "trend",
      "contains": "default"
    },
    "http_req_sending": {
      "type": "trend",
      "contains": "time",
      "values": {
        "p(50)": 0.029329,
        "p(95)": 0.126358,
        "p(99)": 0.1818483,
        "avg": 0.04946401467268618,
        "min": 0.01343,
        "med": 0.029329,
        "max": 21.013382
      }
    },
    "vus": {
      "type": "gauge",
      "contains": "default",
      "values": {
        "value": 264,
        "min": 15,
        "max": 584
      }
    },
    "vus_max": {
      "type": "gauge",
      "contains": "default",
      "values": {
        "min": 148,
        "max": 607,
        "value": 607
      }
    }
  },
  "root_group": {
    "name": "",
    "path": "",
    "id": "d41d8cd98f00b204e9800998ecf8427e",
    "groups": [],
    "checks": [
        {
          "name": "status is 200",
          "path": "::status is 200",
          "id": "6210a8cd14cd70477eba5c5e4cb3fb5f",
          "passes": 6202,
          "fails": 0
        },
        {
          "id": "7c29382b2a87caa2e50f0d89170b649f",
          "passes": 6202,
          "fails": 0,
          "name": "no graphql errors",
          "path": "::no graphql errors"
        }
      ]
  },
  "options": {
    "summaryTimeUnit": "",
    "noColor": false,
    "summaryTrendStats": [
      "avg",
      "min",
      "med",
      "max",
      "p(50)",
      "p(95)",
      "p(99)"
    ]
  }
}