{
  "root_group": {
    "checks": [
      {
        "id": "6210a8cd14cd70477eba5c5e4cb3fb5f",
        "passes": 6661,
        "fails": 0,
        "name": "status is 200",
        "path": "::status is 200"
      }
    ],
    "name": "",
    "path": "",
    "id": "d41d8cd98f00b204e9800998ecf8427e",
    "groups": []
  },
  "options": {
    "summaryTrendStats": [
      "avg",
      "min",
      "med",
      "max",
      "p(50)",
      "p(95)",
      "p(99)"
    ],
    "summaryTimeUnit": "",
    "noColor": false
  },
  "state": {
    "isStdOutTTY": false,
    "isStdErrTTY": false,
    "testRunDurationMs": 90009.818424
  },
  "metrics": {
    "data_sent": {
      "values": {
        "count": 799296,
        "rate": 8880.097904817878
      },
      "type": "counter",
      "contains": "data"
    },
    "iterations": {
      "type": "counter",
      "contains": "default",
      "values": {
        "count": 6661,
        "rate": 74.00303785330075
      }
    },
    "http_req_blocked": {
      "type": "trend",
      "contains": "time",
      "values": {
        "med": 0.00728,
        "max": 13.015164,
        "p(50)": 0.00728,
        "p(95)": 0.01825,
        "p(99)": 5.73215639999999,
        "avg": 0.1357341337636991,
        "min": 0.00438
      }
    },
    "payload_bytes": {
      "type": "trend",
      "contains": "default",
      "values": {
        "p(95)": 269,
        "p(99)": 269,
        "avg": 261.03107641495274,
        "min": 162,
        "med": 234,
        "max": 10613,
        "p(50)": 234
      }
    },
    "http_req_connecting": {
      "type": "trend",
      "contains": "time",
      "values": {
        "avg": 0.12507694640444383,
        "min": 0,
        "med": 0,
        "max": 12.893265,
        "p(50)": 0,
        "p(95)": 0,
        "p(99)": 5.6463559999999875
      }
    },
    "data_received": {
      "values": {
        "count": 3477275,
        "rate": 38632.17436591148
      },
      "type": "counter",
      "contains": "data"
    },
    "http_req_duration": {
      "type": "trend",
      "contains": "time",
      "values": {
        "avg": 7.058314233898807,
        "min": 2.653404,
        "med": 7.031674,
        "max": 38.319754,
        "p(50)": 7.031674,
        "p(95)": 8.743387,
        "p(99)": 9.548378199999997
      }
    },
    "http_req_sending": {
      "values": {
        "avg": 0.030562677826152358,
        "min": 0.01092,
        "med": 0.026619,
        "max": 0.234438,
        "p(50)": 0.026619,
        "p(95)": 0.051459,
        "p(99)": 0.12761039999999996
      },
      "type": "trend",
      "contains": "time"
    },
    "http_req_failed": {
      "type": "rate",
      "contains": "default",
      "values": {
        "rate": 0,
        "passes": 0,
        "fails": 6661
      }
    },
    "http_req_tls_handshaking": {
      "type": "trend",
      "contains": "time",
      "values": {
        "med": 0,
        "max": 0,
        "p(50)": 0,
        "p(95)": 0,
        "p(99)": 0,
        "avg": 0,
        "min": 0
      }
    },
    "http_req_waiting": {
      "type": "trend",
      "contains": "time",
      "values": {
        "min": 2.553145,
        "med": 6.911045,
        "max": 37.876448,
        "p(50)": 6.911045,
        "p(95)": 8.60551,
        "p(99)": 9.424286799999996,
        "avg": 6.93599991532802
      }
    },
    "req_latency": {
      "type": "trend",
      "contains": "default",
      "values": {
        "max": 38.319754,
        "p(50)": 7.031674,
        "p(95)": 8.743387,
        "p(99)": 9.548378199999997,
        "avg": 7.058314233898807,
        "min": 2.653404,
        "med": 7.031674
      }
    },
    "http_req_duration{expected_response:true}": {
      "type": "trend",
      "contains": "time",
      "values": {
        "p(99)": 9.548378199999997,
        "avg": 7.058314233898807,
        "min": 2.653404,
        "med": 7.031674,
        "max": 38.319754,
        "p(50)": 7.031674,
        "p(95)": 8.743387
      }
    },
    "http_req_receiving": {
      "type": "trend",
      "contains": "time",
      "values": {
        "avg": 0.09175164074463295,
        "min": 0.04,
        "med": 0.090479,
        "max": 0.423186,
        "p(50)": 0.090479,
        "p(95)": 0.131378,
        "p(99)": 0.16303259999999983
      }
    },
    "round_trip_count": {
      "type": "trend",
      "contains": "default",
      "values": {
        "min": 1,
        "med": 1,
        "max": 1,
        "p(50)": 1,
        "p(95)": 1,
        "p(99)": 1,
        "avg": 1
      }
    },
    "vus": {
      "contains": "default",
      "values": {
        "value": 0,
        "min": 0,
        "max": 1
      },
      "type": "gauge"
    },
    "checks": {
      "type": "rate",
      "contains": "default",
      "values": {
        "rate": 1,
        "passes": 6661,
        "fails": 0
      }
    },
    "http_reqs": {
      "type": "counter",
      "contains": "default",
      "values": {
        "count": 6661,
        "rate": 74.00303785330075
      }
    },
    "iteration_duration": {
      "type": "trend",
      "contains": "time",
      "values": {
        "p(95)": 9.363601,
        "p(99)": 13.85369099999999,
        "avg": 7.502696691337621,
        "min": 2.934292,
        "med": 7.363191,
        "max": 38.661331,
        "p(50)": 7.363191
      }
    },
    "vus_max": {
      "type": "gauge",
      "contains": "default",
      "values": {
        "value": 148,
        "min": 148,
        "max": 148
      }
    }
  }
}