{
  "state": {
    "isStdOutTTY": false,
    "isStdErrTTY": false,
    "testRunDurationMs": 90013.81821
  },
  "metrics": {
    "http_req_sending": {
      "values": {
        "min": 0.007799,
        "med": 0.01958,
        "max": 3.877699,
        "p(50)": 0.01958,
        "p(95)": 0.04014949999999999,
        "p(99)": 0.07503190000000007,
        "avg": 0.022553552418300607
      },
      "type": "trend",
      "contains": "time"
    },
    "iterations": {
      "values": {
        "count": 3060,
        "rate": 33.99478058869913
      },
      "type": "counter",
      "contains": "default"
    },
    "http_req_waiting": {
      "type": "trend",
      "contains": "time",
      "values": {
        "p(99)": 10.10552043,
        "avg": 7.395746057908502,
        "min": 3.880247,
        "med": 7.328601000000001,
        "max": 31.873098,
        "p(50)": 7.328601000000001,
        "p(95)": 9.197261999999998
      }
    },
    "http_req_connecting": {
      "type": "trend",
      "contains": "time",
      "values": {
        "p(95)": 0,
        "p(99)": 0,
        "avg": 0.02356329993464053,
        "min": 0,
        "med": 0,
        "max": 11.046109,
        "p(50)": 0
      }
    },
    "http_req_duration{expected_response:true}": {
      "contains": "time",
      "values": {
        "p(95)": 9.34848105,
        "p(99)": 10.29757076,
        "avg": 7.517972651437928,
        "min": 3.989666,
        "med": 7.44271,
        "max": 31.981377,
        "p(50)": 7.44271
      },
      "type": "trend"
    },
    "req_latency": {
      "values": {
        "max": 31.981377,
        "p(50)": 7.44271,
        "p(95)": 9.34848105,
        "p(99)": 10.29757076,
        "avg": 7.517972651437928,
        "min": 3.989666,
        "med": 7.44271
      },
      "type": "trend",
      "contains": "default"
    },
    "data_sent": {
      "type": "counter",
      "contains": "data",
      "values": {
        "count": 1557906,
        "rate": 17307.409362031995
      }
    },
    "data_received": {
      "values": {
        "rate": 127570.90220537153,
        "count": 11483144
      },
      "type": "counter",
      "contains": "data"
    },
    "vus": {
      "type": "gauge",
      "contains": "default",
      "values": {
        "min": 1,
        "max": 1,
        "value": 1
      }
    },
    "http_req_duration": {
      "type": "trend",
      "contains": "time",
      "values": {
        "avg": 7.517972651437928,
        "min": 3.989666,
        "med": 7.44271,
        "max": 31.981377,
        "p(50)": 7.44271,
        "p(95)": 9.34848105,
        "p(99)": 10.29757076
      }
    },
    "http_reqs": {
      "values": {
        "count": 15300,
        "rate": 169.97390294349563
      },
      "type": "counter",
      "contains": "default"
    },
    "http_req_blocked": {
      "type": "trend",
      "contains": "time",
      "values": {
        "avg": 0.030773091960784083,
        "min": 0.00285,
        "med": 0.0066549999999999995,
        "max": 11.169797,
        "p(50)": 0.0066549999999999995,
        "p(95)": 0.010550499999999994,
        "p(99)": 0.03952320000000009
      }
    },
    "http_req_tls_handshaking": {
      "contains": "time",
      "values": {
        "min": 0,
        "med": 0,
        "max": 0,
        "p(50)": 0,
        "p(95)": 0,
        "p(99)": 0,
        "avg": 0
      },
      "type": "trend"
    },
    "payload_bytes": {
      "type": "trend",
      "contains": "default",
      "values": {
        "p(50)": 517,
        "p(95)": 526,
        "p(99)": 529,
        "avg": 489.53228758169934,
        "min": 251,
        "med": 517,
        "max": 536
      }
    },
    "http_req_failed": {
      "values": {
        "rate": 0,
        "passes": 0,
        "fails": 15300
      },
      "type": "rate",
      "contains": "default"
    },
    "page_latency": {
      "type": "trend",
      "contains": "default",
      "values": {
        "avg": 37.58986325718944,
        "min": 29.037385,
        "med": 37.5897225,
        "max": 65.731475,
        "p(50)": 37.5897225,
        "p(95)": 41.416678,
        "p(99)": 44.776377249999996
      }
    },
    "checks": {
      "type": "rate",
      "contains": "default",
      "values": {
        "rate": 1,
        "passes": 15300,
        "fails": 0
      }
    },
    "iteration_duration": {
      "type": "trend",
      "contains": "time",
      "values": {
        "p(95)": 43.60759489999999,
        "p(99)": 47.10000629999999,
        "avg": 38.98707908431379,
        "min": 30.167842,
        "med": 38.852388,
        "max": 66.686763,
        "p(50)": 38.852388
      }
    },
    "http_req_receiving": {
      "type": "trend",
      "contains": "time",
      "values": {
        "avg": 0.09967304111111074,
        "min": 0.04042,
        "med": 0.086809,
        "max": 13.537656,
        "p(50)": 0.086809,
        "p(95)": 0.19402855,
        "p(99)": 0.34294911000000006
      }
    },
    "round_trip_count": {
      "values": {
        "avg": 5,
        "min": 5,
        "med": 5,
        "max": 5,
        "p(50)": 5,
        "p(95)": 5,
        "p(99)": 5
      },
      "type": "trend",
      "contains": "default"
    },
    "vus_max": {
      "contains": "default",
      "values": {
        "value": 68,
        "min": 68,
        "max": 68
      },
      "type": "gauge"
    }
  },
  "root_group": {
    "name": "",
    "path": "",
    "id": "d41d8cd98f00b204e9800998ecf8427e",
    "groups": [],
    "checks": [
        {
          "name": "status is 200",
          "path": "::status is 200",
          "id": "6210a8cd14cd70477eba5c5e4cb3fb5f",
          "passes": 15300,
          "fails": 0
        }
      ]
  },
  "options": {
    "summaryTrendStats": [
      "avg",
      "min",
      "med",
      "max",
      "p(50)",
      "p(95)",
      "p(99)"
    ],
    "summaryTimeUnit": "",
    "noColor": false
  }
}