{
  "state": {
    "isStdOutTTY": false,
    "isStdErrTTY": false,
    "testRunDurationMs": 90011.794925
  },
  "metrics": {
    "checks": {
      "type": "rate",
      "contains": "default",
      "values": {
        "rate": 1,
        "passes": 9002,
        "fails": 0
      }
    },
    "http_req_waiting": {
      "values": {
        "p(50)": 11.116037,
        "p(95)": 14.53239,
        "p(99)": 43.307625,
        "avg": 11.85396992979338,
        "min": 7.21442,
        "med": 11.116037,
        "max": 72.305722
      },
      "type": "trend",
      "contains": "time"
    },
    "data_received": {
      "type": "counter",
      "contains": "data",
      "values": {
        "rate": 20757.857362547198,
        "count": 1868452
      }
    },
    "iteration_duration": {
      "type": "trend",
      "contains": "time",
      "values": {
        "max": 73.225082,
        "p(50)": 11.79142,
        "p(95)": 15.99344,
        "p(99)": 44.556594,
        "avg": 12.650153523217103,
        "min": 7.804329,
        "med": 11.79142
      }
    },
    "vus": {
      "contains": "default",
      "values": {
        "min": 0,
        "max": 1,
        "value": 1
      },
      "type": "gauge"
    },
    "req_latency": {
      "type": "trend",
      "contains": "default",
      "values": {
        "avg": 11.99234097911575,
        "min": 7.33226,
        "med": 11.246908,
        "max": 72.907793,
        "p(50)": 11.246908,
        "p(95)": 14.679677,
        "p(99)": 43.987133
      }
    },
    "data_sent": {
      "type": "counter",
      "contains": "data",
      "values": {
        "rate": 13279.281909620246,
        "count": 1195292
      }
    },
    "http_req_duration": {
      "type": "trend",
      "contains": "time",
      "values": {
        "med": 11.246908,
        "max": 72.907793,
        "p(50)": 11.246908,
        "p(95)": 14.679677,
        "p(99)": 43.987133,
        "avg": 11.99234097911575,
        "min": 7.33226
      }
    },
    "vus_max": {
      "type": "gauge",
      "contains": "default",
      "values": {
        "value": 100,
        "min": 100,
        "max": 100
      }
    },
    "http_req_duration{expected_response:true}": {
      "values": {
        "avg": 11.99234097911575,
        "min": 7.33226,
        "med": 11.246908,
        "max": 72.907793,
        "p(50)": 11.246908,
        "p(95)": 14.679677,
        "p(99)": 43.987133
      },
      "type": "trend",
      "contains": "time"
    },
    "payload_bytes": {
      "type": "trend",
      "contains": "default",
      "values": {
        "p(50)": 148,
        "p(95)": 225,
        "p(99)": 250,
        "avg": 154.34814485669853,
        "min": 72,
        "med": 148,
        "max": 303
      }
    },
    "iterations": {
      "type": "counter",
      "contains": "default",
      "values": {
        "count": 4501,
        "rate": 50.00455777768171
      }
    },
    "http_req_connecting": {
      "type": "trend",
      "contains": "time",
      "values": {
        "avg": 0.1188446902910464,
        "min": 0,
        "med": 0,
        "max": 11.267511,
        "p(50)": 0,
        "p(95)": 0,
        "p(99)": 5.449161
      }
    },
    "http_req_receiving": {
      "type": "trend",
      "contains": "time",
      "values": {
        "avg": 0.10547635058875811,
        "min": 0.04126,
        "med": 0.09087,
        "max": 6.94051,
        "p(50)": 0.09087,
        "p(95)": 0.1497,
        "p(99)": 0.5346
      }
    },
    "http_req_sending": {
      "type": "trend",
      "contains": "time",
      "values": {
        "avg": 0.03289469873361483,
        "min": 0.01274,
        "med": 0.02811,
        "max": 0.21145,
        "p(50)": 0.02811,
        "p(95)": 0.05332,
        "p(99)": 0.1228
      }
    },
    "round_trip_count": {
      "type": "trend",
      "contains": "default",
      "values": {
        "avg": 1,
        "min": 1,
        "med": 1,
        "max": 1,
        "p(50)": 1,
        "p(95)": 1,
        "p(99)": 1
      }
    },
    "http_req_blocked": {
      "type": "trend",
      "contains": "time",
      "values": {
        "avg": 0.1297144187958227,
        "min": 0.00455,
        "med": 0.00725,
        "max": 11.369771,
        "p(50)": 0.00725,
        "p(95)": 0.01476,
        "p(99)": 5.55962
      }
    },
    "http_reqs": {
      "type": "counter",
      "contains": "default",
      "values": {
        "count": 4501,
        "rate": 50.00455777768171
      }
    },
    "http_req_tls_handshaking": {
      "type": "trend",
      "contains": "time",
      "values": {
        "avg": 0,
        "min": 0,
        "med": 0,
        "max": 0,
        "p(50)": 0,
        "p(95)": 0,
        "p(99)": 0
      }
    },
    "http_req_failed": {
      "type": "rate",
      "contains": "default",
      "values": {
        "rate": 0,
        "passes": 0,
        "fails": 4501
      }
    }
  },
  "root_group": {
    "name": "",
    "path": "",
    "id": "d41d8cd98f00b204e9800998ecf8427e",
    "groups": [],
    "checks": [
        {
          "name": "status is 200",
          "path": "::status is 200",
          "id": "6210a8cd14cd70477eba5c5e4cb3fb5f",
          "passes": 4501,
          "fails": 0
        },
        {
          "name": "no graphql errors",
          "path": "::no graphql errors",
          "id": "7c29382b2a87caa2e50f0d89170b649f",
          "passes": 4501,
          "fails": 0
        }
      ]
  },
  "options": {
    "summaryTrendStats": [
      "avg",
      "min",
      "med",
      "max",
      "p(50)",
      "p(95)",
      "p(99)"
    ],
    "summaryTimeUnit": "",
    "noColor": false
  }
}