{
  "metrics": {
    "http_req_failed": {
      "type": "rate",
      "contains": "default",
      "values": {
        "rate": 0,
        "passes": 0,
        "fails": 2250
      }
    },
    "data_received": {
      "contains": "data",
      "values": {
        "count": 2114627,
        "rate": 23495.587842389625
      },
      "type": "counter"
    },
    "round_trip_count": {
      "type": "trend",
      "contains": "default",
      "values": {
        "min": 1,
        "med": 1,
        "max": 1,
        "p(50)": 1,
        "p(95)": 1,
        "p(99)": 1,
        "avg": 1
      }
    },
    "iteration_duration": {
      "type": "trend",
      "contains": "time",
      "values": {
        "p(50)": 8.097617,
        "p(95)": 10.1379565,
        "p(99)": 13.979930369999972,
        "avg": 8.224189023111107,
        "min": 4.630613,
        "med": 8.097617,
        "max": 32.163428
      }
    },
    "req_latency": {
      "type": "trend",
      "contains": "default",
      "values": {
        "max": 31.850719,
        "p(50)": 7.740374,
        "p(95)": 9.5010227,
        "p(99)": 10.414898409999989,
        "avg": 7.761152294666694,
        "min": 4.288323,
        "med": 7.740374
      }
    },
    "vus_max": {
      "type": "gauge",
      "contains": "default",
      "values": {
        "max": 50,
        "value": 50,
        "min": 50
      }
    },
    "http_req_tls_handshaking": {
      "values": {
        "p(95)": 0,
        "p(99)": 0,
        "avg": 0,
        "min": 0,
        "med": 0,
        "max": 0,
        "p(50)": 0
      },
      "type": "trend",
      "contains": "time"
    },
    "http_req_sending": {
      "type": "trend",
      "contains": "time",
      "values": {
        "max": 0.478559,
        "p(50)": 0.025885,
        "p(95)": 0.05833299999999998,
        "p(99)": 0.1231100899999993,
        "avg": 0.03109931999999999,
        "min": 0.01212,
        "med": 0.025885
      }
    },
    "http_req_connecting": {
      "type": "trend",
      "contains": "time",
      "values": {
        "max": 7.341773,
        "p(50)": 0,
        "p(95)": 0,
        "p(99)": 5.182432999999943,
        "avg": 0.11376242488888888,
        "min": 0,
        "med": 0
      }
    },
    "http_req_receiving": {
      "type": "trend",
      "contains": "time",
      "values": {
        "p(99)": 0.18578829999999968,
        "avg": 0.09512832311111132,
        "min": 0.043369,
        "med": 0.089315,
        "max": 0.309229,
        "p(50)": 0.089315,
        "p(95)": 0.14200204999999996
      }
    },
    "http_reqs": {
      "type": "counter",
      "contains": "default",
      "values": {
        "count": 2250,
        "rate": 24.99971514852343
      }
    },
    "http_req_duration{expected_response:true}": {
      "contains": "time",
      "values": {
        "p(95)": 9.5010227,
        "p(99)": 10.414898409999989,
        "avg": 7.761152294666694,
        "min": 4.288323,
        "med": 7.740374,
        "max": 31.850719,
        "p(50)": 7.740374
      },
      "type": "trend"
    },
    "http_req_waiting": {
      "type": "trend",
      "contains": "time",
      "values": {
        "min": 4.157103,
        "med": 7.6136795,
        "max": 31.694829,
        "p(50)": 7.6136795,
        "p(95)": 9.383479549999999,
        "p(99)": 10.292448969999997,
        "avg": 7.634924651555562
      }
    },
    "http_req_blocked": {
      "type": "trend",
      "contains": "time",
      "values": {
        "p(95)": 0.019197999999999955,
        "p(99)": 5.3120313899999525,
        "avg": 0.12435960888888833,
        "min": 0.0043,
        "med": 0.0072,
        "max": 7.447552,
        "p(50)": 0.0072
      }
    },
    "data_sent": {
      "type": "counter",
      "contains": "data",
      "values": {
        "count": 399558,
        "rate": 4439.482749028322
      }
    },
    "vus": {
      "type": "gauge",
      "contains": "default",
      "values": {
        "value": 0,
        "min": 0,
        "max": 0
      }
    },
    "http_req_duration": {
      "type": "trend",
      "contains": "time",
      "values": {
        "p(95)": 9.5010227,
        "p(99)": 10.414898409999989,
        "avg": 7.761152294666694,
        "min": 4.288323,
        "med": 7.740374,
        "max": 31.850719,
        "p(50)": 7.740374
      }
    },
    "payload_bytes": {
      "type": "trend",
      "contains": "default",
      "values": {
        "min": 128,
        "med": 431,
        "max": 2571,
        "p(50)": 431,
        "p(95)": 1799,
        "p(99)": 2450.5699999999983,
        "avg": 678.5124444444444
      }
    },
    "iterations": {
      "type": "counter",
      "contains": "default",
      "values": {
        "count": 2250,
        "rate": 24.99971514852343
      }
    },
    "checks": {
      "type": "rate",
      "contains": "default",
      "values": {
        "rate": 1,
        "passes": 2250,
        "fails": 0
      }
    }
  },
  "root_group": {
    "name": "",
    "path": "",
    "id": "d41d8cd98f00b204e9800998ecf8427e",
    "groups": [],
    "checks": [
        {
          "name": "status is 200",
          "path": "::status is 200",
          "id": "6210a8cd14cd70477eba5c5e4cb3fb5f",
          "passes": 2250,
          "fails": 0
        }
      ]
  },
  "options": {
    "summaryTrendStats": [
      "avg",
      "min",
      "med",
      "max",
      "p(50)",
      "p(95)",
      "p(99)"
    ],
    "summaryTimeUnit": "",
    "noColor": false
  },
  "state": {
    "isStdOutTTY": false,
    "isStdErrTTY": false,
    "testRunDurationMs": 90001.025477
  }
}