{
  "metrics": {
    "http_req_duration{expected_response:true}": {
      "type": "trend",
      "contains": "time",
      "values": {
        "min": 2.733087,
        "med": 7.12764,
        "max": 32.135401,
        "p(50)": 7.12764,
        "p(95)": 8.832052,
        "p(99)": 9.587035,
        "avg": 7.141778464341281
      }
    },
    "http_req_waiting": {
      "type": "trend",
      "contains": "time",
      "values": {
        "avg": 7.021466619640071,
        "min": 2.625757,
        "med": 7.010374,
        "max": 32.027214,
        "p(50)": 7.010374,
        "p(95)": 8.704238,
        "p(99)": 9.464206
      }
    },
    "checks": {
      "type": "rate",
      "contains": "default",
      "values": {
        "rate": 1,
        "passes": 4501,
        "fails": 0
      }
    },
    "payload_bytes": {
      "type": "trend",
      "contains": "default",
      "values": {
        "min": 162,
        "med": 234,
        "max": 10613,
        "p(50)": 234,
        "p(95)": 269,
        "p(99)": 269,
        "avg": 253.3821373028216
      }
    },
    "http_req_receiving": {
      "contains": "time",
      "values": {
        "min": 0.038969,
        "med": 0.087368,
        "max": 3.735204,
        "p(50)": 0.087368,
        "p(95)": 0.133778,
        "p(99)": 0.162837,
        "avg": 0.09034365074427901
      },
      "type": "trend"
    },
    "vus_max": {
      "type": "gauge",
      "contains": "default",
      "values": {
        "min": 100,
        "max": 100,
        "value": 100
      }
    },
    "http_reqs": {
      "type": "counter",
      "contains": "default",
      "values": {
        "count": 4501,
        "rate": 50.005779831571054
      }
    },
    "vus": {
      "contains": "default",
      "values": {
        "value": 0,
        "min": 0,
        "max": 0
      },
      "type": "gauge"
    },
    "http_req_blocked": {
      "type": "trend",
      "contains": "time",
      "values": {
        "p(99)": 5.351704,
        "avg": 0.12934824972228348,
        "min": 0.00444,
        "med": 0.00712,
        "max": 10.954672,
        "p(50)": 0.00712,
        "p(95)": 0.020159
      }
    },
    "http_req_connecting": {
      "type": "trend",
      "contains": "time",
      "values": {
        "p(95)": 0,
        "p(99)": 5.264004,
        "avg": 0.11806837836036432,
        "min": 0,
        "med": 0,
        "max": 10.861254,
        "p(50)": 0
      }
    },
    "data_received": {
      "type": "counter",
      "contains": "data",
      "values": {
        "count": 2315244,
        "rate": 25722.191006524303
      }
    },
    "iteration_duration": {
      "type": "trend",
      "contains": "time",
      "values": {
        "min": 3.028102,
        "med": 7.44489,
        "max": 32.401328,
        "p(50)": 7.44489,
        "p(95)": 9.421137,
        "p(99)": 13.856705,
        "avg": 7.573511909131307
      }
    },
    "http_req_sending": {
      "type": "trend",
      "contains": "time",
      "values": {
        "avg": 0.029968193956898488,
        "min": 0.011309,
        "med": 0.02555,
        "max": 2.449224,
        "p(50)": 0.02555,
        "p(95)": 0.050069,
        "p(99)": 0.114319
      }
    },
    "round_trip_count": {
      "type": "trend",
      "contains": "default",
      "values": {
        "med": 1,
        "max": 1,
        "p(50)": 1,
        "p(95)": 1,
        "p(99)": 1,
        "avg": 1,
        "min": 1
      }
    },
    "http_req_tls_handshaking": {
      "contains": "time",
      "values": {
        "avg": 0,
        "min": 0,
        "med": 0,
        "max": 0,
        "p(50)": 0,
        "p(95)": 0,
        "p(99)": 0
      },
      "type": "trend"
    },
    "http_req_failed": {
      "type": "rate",
      "contains": "default",
      "values": {
        "rate": 0,
        "passes": 0,
        "fails": 4501
      }
    },
    "req_latency": {
      "type": "trend",
      "contains": "default",
      "values": {
        "max": 32.135401,
        "p(50)": 7.12764,
        "p(95)": 8.832052,
        "p(99)": 9.587035,
        "avg": 7.141778464341281,
        "min": 2.733087,
        "med": 7.12764
      }
    },
    "data_sent": {
      "type": "counter",
      "contains": "data",
      "values": {
        "count": 540099,
        "rate": 6000.4602713289705
      }
    },
    "http_req_duration": {
      "type": "trend",
      "contains": "time",
      "values": {
        "max": 32.135401,
        "p(50)": 7.12764,
        "p(95)": 8.832052,
        "p(99)": 9.587035,
        "avg": 7.141778464341281,
        "min": 2.733087,
        "med": 7.12764
      }
    },
    "iterations": {
      "type": "counter",
      "contains": "default",
      "values": {
        "count": 4501,
        "rate": 50.005779831571054
      }
    }
  },
  "root_group": {
    "id": "d41d8cd98f00b204e9800998ecf8427e",
    "groups": [],
    "checks": [
        {
          "passes": 4501,
          "fails": 0,
          "name": "status is 200",
          "path": "::status is 200",
          "id": "6210a8cd14cd70477eba5c5e4cb3fb5f"
        }
      ],
    "name": "",
    "path": ""
  },
  "options": {
    "summaryTrendStats": [
      "avg",
      "min",
      "med",
      "max",
      "p(50)",
      "p(95)",
      "p(99)"
    ],
    "summaryTimeUnit": "",
    "noColor": false
  },
  "state": {
    "isStdErrTTY": false,
    "testRunDurationMs": 90009.595194,
    "isStdOutTTY": false
  }
}