{
  "options": {
    "summaryTrendStats": [
      "avg",
      "min",
      "med",
      "max",
      "p(50)",
      "p(95)",
      "p(99)"
    ],
    "summaryTimeUnit": "",
    "noColor": false
  },
  "state": {
    "isStdOutTTY": false,
    "isStdErrTTY": false,
    "testRunDurationMs": 90001.504945
  },
  "metrics": {
    "http_req_duration": {
      "type": "trend",
      "contains": "time",
      "values": {
        "max": 14.341405,
        "p(50)": 9.1220125,
        "p(95)": 10.979258499999997,
        "p(99)": 11.795022799999998,
        "avg": 9.14890521688888,
        "min": 5.566731,
        "med": 9.1220125
      }
    },
    "http_req_blocked": {
      "contains": "time",
      "values": {
        "min": 0.00401,
        "med": 0.007515,
        "max": 7.945121,
        "p(50)": 0.007515,
        "p(95)": 0.020099499999999975,
        "p(99)": 5.583216019999999,
        "avg": 0.12831624133333305
      },
      "type": "trend"
    },
    "checks": {
      "type": "rate",
      "contains": "default",
      "values": {
        "rate": 1,
        "passes": 2250,
        "fails": 0
      }
    },
    "http_req_connecting": {
      "contains": "time",
      "values": {
        "max": 7.83433,
        "p(50)": 0,
        "p(95)": 0,
        "p(99)": 5.473505099999981,
        "avg": 0.11732227244444443,
        "min": 0,
        "med": 0
      },
      "type": "trend"
    },
    "http_req_sending": {
      "type": "trend",
      "contains": "time",
      "values": {
        "p(99)": 0.12319159999999875,
        "avg": 0.03115852711111113,
        "min": 0.01055,
        "med": 0.02694,
        "max": 0.197309,
        "p(50)": 0.02694,
        "p(95)": 0.05065949999999981
      }
    },
    "iteration_duration": {
      "type": "trend",
      "contains": "time",
      "values": {
        "p(50)": 9.517945999999998,
        "p(95)": 11.633828999999995,
        "p(99)": 15.270129099999993,
        "avg": 9.621290918222204,
        "min": 5.84975,
        "med": 9.517945999999998,
        "max": 18.754063
      }
    },
    "http_req_failed": {
      "type": "rate",
      "contains": "default",
      "values": {
        "rate": 0,
        "passes": 0,
        "fails": 2250
      }
    },
    "data_sent": {
      "type": "counter",
      "contains": "data",
      "values": {
        "count": 268607,
        "rate": 2984.472317036765
      }
    },
    "iterations": {
      "type": "counter",
      "contains": "default",
      "values": {
        "count": 2250,
        "rate": 24.999581966712412
      }
    },
    "http_req_tls_handshaking": {
      "type": "trend",
      "contains": "time",
      "values": {
        "med": 0,
        "max": 0,
        "p(50)": 0,
        "p(95)": 0,
        "p(99)": 0,
        "avg": 0,
        "min": 0
      }
    },
    "http_req_waiting": {
      "type": "trend",
      "contains": "time",
      "values": {
        "avg": 9.00518717644444,
        "min": 5.445143,
        "med": 8.982423,
        "max": 14.172406,
        "p(50)": 8.982423,
        "p(95)": 10.8478425,
        "p(99)": 11.6319714
      }
    },
    "http_req_duration{expected_response:true}": {
      "type": "trend",
      "contains": "time",
      "values": {
        "avg": 9.14890521688888,
        "min": 5.566731,
        "med": 9.1220125,
        "max": 14.341405,
        "p(50)": 9.1220125,
        "p(95)": 10.979258499999997,
        "p(99)": 11.795022799999998
      }
    },
    "round_trip_count": {
      "values": {
        "p(50)": 1,
        "p(95)": 1,
        "p(99)": 1,
        "avg": 1,
        "min": 1,
        "med": 1,
        "max": 1
      },
      "type": "trend",
      "contains": "default"
    },
    "vus": {
      "type": "gauge",
      "contains": "default",
      "values": {
        "max": 1,
        "value": 0,
        "min": 0
      }
    },
    "http_reqs": {
      "type": "counter",
      "contains": "default",
      "values": {
        "count": 2250,
        "rate": 24.999581966712412
      }
    },
    "data_received": {
      "type": "counter",
      "contains": "data",
      "values": {
        "count": 7315884,
        "rate": 81286.24076309329
      }
    },
    "req_latency": {
      "type": "trend",
      "contains": "default",
      "values": {
        "p(99)": 11.795022799999998,
        "avg": 9.14890521688888,
        "min": 5.566731,
        "med": 9.1220125,
        "max": 14.341405,
        "p(50)": 9.1220125,
        "p(95)": 10.979258499999997
      }
    },
    "payload_bytes": {
      "contains": "default",
      "values": {
        "max": 10688,
        "p(50)": 2814,
        "p(95)": 4463,
        "p(99)": 4747,
        "avg": 2989.5026666666668,
        "min": 2012,
        "med": 2814
      },
      "type": "trend"
    },
    "http_req_receiving": {
      "type": "trend",
      "contains": "time",
      "values": {
        "avg": 0.11255951333333318,
        "min": 0.04572,
        "med": 0.1016495,
        "max": 0.381588,
        "p(50)": 0.1016495,
        "p(95)": 0.18895899999999963,
        "p(99)": 0.2435847
      }
    },
    "vus_max": {
      "contains": "default",
      "values": {
        "value": 50,
        "min": 50,
        "max": 50
      },
      "type": "gauge"
    }
  },
  "root_group": {
    "groups": [],
    "checks": [
        {
          "name": "status is 200",
          "path": "::status is 200",
          "id": "6210a8cd14cd70477eba5c5e4cb3fb5f",
          "passes": 2250,
          "fails": 0
        }
      ],
    "name": "",
    "path": "",
    "id": "d41d8cd98f00b204e9800998ecf8427e"
  }
}