{
  "metrics": {
    "checks": {
      "type": "rate",
      "contains": "default",
      "values": {
        "rate": 1,
        "passes": 9000,
        "fails": 0
      }
    },
    "http_reqs": {
      "values": {
        "count": 4500,
        "rate": 49.999122089859235
      },
      "type": "counter",
      "contains": "default"
    },
    "data_received": {
      "type": "counter",
      "contains": "data",
      "values": {
        "count": 10130967,
        "rate": 112564.32353807443
      }
    },
    "payload_bytes": {
      "type": "trend",
      "contains": "default",
      "values": {
        "med": 2176.5,
        "max": 3474,
        "p(50)": 2176.5,
        "p(95)": 3175,
        "p(99)": 3373,
        "avg": 1989.4004444444445,
        "min": 149
      }
    },
    "vus": {
      "type": "gauge",
      "contains": "default",
      "values": {
        "value": 0,
        "min": 0,
        "max": 3
      }
    },
    "round_trip_count": {
      "contains": "default",
      "values": {
        "avg": 1,
        "min": 1,
        "med": 1,
        "max": 1,
        "p(50)": 1,
        "p(95)": 1,
        "p(99)": 1
      },
      "type": "trend"
    },
    "http_req_receiving": {
      "type": "trend",
      "contains": "time",
      "values": {
        "avg": 0.11067387422222211,
        "min": 0.041359,
        "med": 0.093189,
        "max": 9.798954,
        "p(50)": 0.093189,
        "p(95)": 0.17051700000000003,
        "p(99)": 0.46995251000000077
      }
    },
    "req_latency": {
      "values": {
        "avg": 16.0021281102222,
        "min": 9.726763,
        "med": 15.212451,
        "max": 65.968732,
        "p(50)": 15.212451,
        "p(95)": 19.112579500000002,
        "p(99)": 52.57094928000008
      },
      "type": "trend",
      "contains": "default"
    },
    "http_req_tls_handshaking": {
      "values": {
        "avg": 0,
        "min": 0,
        "med": 0,
        "max": 0,
        "p(50)": 0,
        "p(95)": 0,
        "p(99)": 0
      },
      "type": "trend",
      "contains": "time"
    },
    "vus_max": {
      "values": {
        "min": 100,
        "max": 100,
        "value": 100
      },
      "type": "gauge",
      "contains": "default"
    },
    "http_req_waiting": {
      "type": "trend",
      "contains": "time",
      "values": {
        "med": 15.0701825,
        "max": 65.337795,
        "p(50)": 15.0701825,
        "p(95)": 18.946501,
        "p(99)": 52.07410459000006,
        "avg": 15.858349985111124,
        "min": 9.618873
      }
    },
    "http_req_sending": {
      "type": "trend",
      "contains": "time",
      "values": {
        "min": 0.01292,
        "med": 0.02752,
        "max": 0.264408,
        "p(50)": 0.02752,
        "p(95)": 0.06375500000000002,
        "p(99)": 0.12580140000000004,
        "avg": 0.03310425088888901
      }
    },
    "http_req_failed": {
      "type": "rate",
      "contains": "default",
      "values": {
        "rate": 0,
        "passes": 0,
        "fails": 4500
      }
    },
    "http_req_connecting": {
      "type": "trend",
      "contains": "time",
      "values": {
        "avg": 0.12346745955555553,
        "min": 0,
        "med": 0,
        "max": 11.526775,
        "p(50)": 0,
        "p(95)": 0,
        "p(99)": 5.5709250100000025
      }
    },
    "data_sent": {
      "values": {
        "count": 1194251,
        "rate": 13269.222567763663
      },
      "type": "counter",
      "contains": "data"
    },
    "iteration_duration": {
      "values": {
        "p(95)": 21.424809550000006,
        "p(99)": 54.026852680000076,
        "avg": 17.256821004888895,
        "min": 10.567199,
        "med": 16.410286,
        "max": 67.567445,
        "p(50)": 16.410286
      },
      "type": "trend",
      "contains": "time"
    },
    "iterations": {
      "type": "counter",
      "contains": "default",
      "values": {
        "count": 4500,
        "rate": 49.999122089859235
      }
    },
    "http_req_duration": {
      "type": "trend",
      "contains": "time",
      "values": {
        "max": 65.968732,
        "p(50)": 15.212451,
        "p(95)": 19.112579500000002,
        "p(99)": 52.57094928000008,
        "avg": 16.0021281102222,
        "min": 9.726763,
        "med": 15.212451
      }
    },
    "http_req_duration{expected_response:true}": {
      "type": "trend",
      "contains": "time",
      "values": {
        "p(99)": 52.57094928000008,
        "avg": 16.0021281102222,
        "min": 9.726763,
        "med": 15.212451,
        "max": 65.968732,
        "p(50)": 15.212451,
        "p(95)": 19.112579500000002
      }
    },
    "http_req_blocked": {
      "values": {
        "p(99)": 5.700321890000001,
        "avg": 0.13372534022222093,
        "min": 0.00458,
        "med": 0.00706,
        "max": 11.636754,
        "p(50)": 0.00706,
        "p(95)": 0.012761000000000003
      },
      "type": "trend",
      "contains": "time"
    }
  },
  "root_group": {
    "groups": [],
    "checks": [
        {
          "passes": 4500,
          "fails": 0,
          "name": "status is 200",
          "path": "::status is 200",
          "id": "6210a8cd14cd70477eba5c5e4cb3fb5f"
        },
        {
          "fails": 0,
          "name": "no graphql errors",
          "path": "::no graphql errors",
          "id": "7c29382b2a87caa2e50f0d89170b649f",
          "passes": 4500
        }
      ],
    "name": "",
    "path": "",
    "id": "d41d8cd98f00b204e9800998ecf8427e"
  },
  "options": {
    "summaryTrendStats": [
      "avg",
      "min",
      "med",
      "max",
      "p(50)",
      "p(95)",
      "p(99)"
    ],
    "summaryTimeUnit": "",
    "noColor": false
  },
  "state": {
    "isStdOutTTY": false,
    "isStdErrTTY": false,
    "testRunDurationMs": 90001.580266
  }
}