{
  "root_group": {
    "checks": [
      {
        "fails": 0,
        "name": "status is 200",
        "path": "::status is 200",
        "id": "6210a8cd14cd70477eba5c5e4cb3fb5f",
        "passes": 2251
      }
    ],
    "name": "",
    "path": "",
    "id": "d41d8cd98f00b204e9800998ecf8427e",
    "groups": []
  },
  "options": {
    "summaryTimeUnit": "",
    "noColor": false,
    "summaryTrendStats": [
      "avg",
      "min",
      "med",
      "max",
      "p(50)",
      "p(95)",
      "p(99)"
    ]
  },
  "state": {
    "isStdOutTTY": false,
    "isStdErrTTY": false,
    "testRunDurationMs": 90007.344403
  },
  "metrics": {
    "http_req_connecting": {
      "type": "trend",
      "contains": "time",
      "values": {
        "avg": 0.11849632163482898,
        "min": 0,
        "med": 0,
        "max": 7.376484,
        "p(50)": 0,
        "p(95)": 0,
        "p(99)": 5.4442085
      }
    },
    "http_req_waiting": {
      "contains": "time",
      "values": {
        "avg": 7.097322139049295,
        "min": 3.0638,
        "med": 7.072671,
        "max": 27.765831,
        "p(50)": 7.072671,
        "p(95)": 8.807758,
        "p(99)": 9.538432499999999
      },
      "type": "trend"
    },
    "payload_bytes": {
      "contains": "default",
      "values": {
        "avg": 72.04886717014661,
        "min": 59,
        "med": 59,
        "max": 294,
        "p(50)": 59,
        "p(95)": 109,
        "p(99)": 109
      },
      "type": "trend"
    },
    "http_req_receiving": {
      "type": "trend",
      "contains": "time",
      "values": {
        "p(50)": 0.084,
        "p(95)": 0.14097500000000002,
        "p(99)": 0.1904745,
        "avg": 0.08823267747667712,
        "min": 0.04233,
        "med": 0.084,
        "max": 0.383819
      }
    },
    "vus": {
      "type": "gauge",
      "contains": "default",
      "values": {
        "value": 0,
        "min": 0,
        "max": 0
      }
    },
    "http_req_blocked": {
      "type": "trend",
      "contains": "time",
      "values": {
        "med": 0.00629,
        "max": 7.465254,
        "p(50)": 0.00629,
        "p(95)": 0.01925,
        "p(99)": 5.5398534999999995,
        "avg": 0.12834367347845418,
        "min": 0.00386
      }
    },
    "http_req_duration": {
      "type": "trend",
      "contains": "time",
      "values": {
        "avg": 7.212554464682385,
        "min": 3.18447,
        "med": 7.18495,
        "max": 27.870481,
        "p(50)": 7.18495,
        "p(95)": 8.927335,
        "p(99)": 9.665958499999999
      }
    },
    "http_req_tls_handshaking": {
      "type": "trend",
      "contains": "time",
      "values": {
        "avg": 0,
        "min": 0,
        "med": 0,
        "max": 0,
        "p(50)": 0,
        "p(95)": 0,
        "p(99)": 0
      }
    },
    "http_req_failed": {
      "type": "rate",
      "contains": "default",
      "values": {
        "rate": 0,
        "passes": 0,
        "fails": 2251
      }
    },
    "http_reqs": {
      "type": "counter",
      "contains": "default",
      "values": {
        "count": 2251,
        "rate": 25.009070258992917
      }
    },
    "round_trip_count": {
      "type": "trend",
      "contains": "default",
      "values": {
        "avg": 1,
        "min": 1,
        "med": 1,
        "max": 1,
        "p(50)": 1,
        "p(95)": 1,
        "p(99)": 1
      }
    },
    "vus_max": {
      "type": "gauge",
      "contains": "default",
      "values": {
        "value": 50,
        "min": 50,
        "max": 50
      }
    },
    "iteration_duration": {
      "values": {
        "max": 28.095711,
        "p(50)": 7.50979,
        "p(95)": 9.539549000000001,
        "p(99)": 13.840454000000001,
        "avg": 7.649836936028428,
        "min": 3.46649,
        "med": 7.50979
      },
      "type": "trend",
      "contains": "time"
    },
    "http_req_sending": {
      "values": {
        "p(50)": 0.02277,
        "p(95)": 0.0517505,
        "p(99)": 0.114675,
        "avg": 0.02699964815637488,
        "min": 0.00897,
        "med": 0.02277,
        "max": 0.20487
      },
      "type": "trend",
      "contains": "time"
    },
    "checks": {
      "contains": "default",
      "values": {
        "rate": 1,
        "passes": 2251,
        "fails": 0
      },
      "type": "rate"
    },
    "data_received": {
      "type": "counter",
      "contains": "data",
      "values": {
        "count": 747556,
        "rate": 8305.500011786633
      }
    },
    "iterations": {
      "type": "counter",
      "contains": "default",
      "values": {
        "rate": 25.009070258992917,
        "count": 2251
      }
    },
    "http_req_duration{expected_response:true}": {
      "type": "trend",
      "contains": "time",
      "values": {
        "p(50)": 7.18495,
        "p(95)": 8.927335,
        "p(99)": 9.665958499999999,
        "avg": 7.212554464682385,
        "min": 3.18447,
        "med": 7.18495,
        "max": 27.870481
      }
    },
    "data_sent": {
      "type": "counter",
      "contains": "data",
      "values": {
        "count": 213838,
        "rate": 2375.7839031730464
      }
    },
    "req_latency": {
      "type": "trend",
      "contains": "default",
      "values": {
        "med": 7.18495,
        "max": 27.870481,
        "p(50)": 7.18495,
        "p(95)": 8.927335,
        "p(99)": 9.665958499999999,
        "avg": 7.212554464682385,
        "min": 3.18447
      }
    }
  }
}