{
  "metrics": {
    "http_req_failed": {
      "values": {
        "fails": 4501,
        "rate": 0,
        "passes": 0
      },
      "type": "rate",
      "contains": "default"
    },
    "http_req_waiting": {
      "contains": "time",
      "values": {
        "max": 75.467288,
        "p(50)": 7.065306,
        "p(95)": 8.894211,
        "p(99)": 10.572784,
        "avg": 7.277200039324595,
        "min": 2.785268,
        "med": 7.065306
      },
      "type": "trend"
    },
    "http_req_duration{expected_response:true}": {
      "type": "trend",
      "contains": "time",
      "values": {
        "max": 75.660387,
        "p(50)": 7.187097,
        "p(95)": 9.011208,
        "p(99)": 10.727693,
        "avg": 7.410423774050219,
        "min": 2.865557,
        "med": 7.187097
      }
    },
    "http_reqs": {
      "type": "counter",
      "contains": "default",
      "values": {
        "count": 4501,
        "rate": 50.005946568624694
      }
    },
    "http_req_receiving": {
      "type": "trend",
      "contains": "time",
      "values": {
        "max": 6.832127,
        "p(50)": 0.086089,
        "p(95)": 0.137348,
        "p(99)": 0.199417,
        "avg": 0.10526979671184168,
        "min": 0.04318,
        "med": 0.086089
      }
    },
    "vus": {
      "type": "gauge",
      "contains": "default",
      "values": {
        "value": 0,
        "min": 0,
        "max": 2
      }
    },
    "iteration_duration": {
      "type": "trend",
      "contains": "time",
      "values": {
        "avg": 7.840647365252161,
        "min": 3.053124,
        "med": 7.503912,
        "max": 75.954953,
        "p(50)": 7.503912,
        "p(95)": 9.723987,
        "p(99)": 16.025308
      }
    },
    "vus_max": {
      "type": "gauge",
      "contains": "default",
      "values": {
        "value": 100,
        "min": 100,
        "max": 100
      }
    },
    "data_received": {
      "type": "counter",
      "contains": "data",
      "values": {
        "count": 3439940,
        "rate": 38217.60849572869
      }
    },
    "iterations": {
      "values": {
        "count": 4501,
        "rate": 50.005946568624694
      },
      "type": "counter",
      "contains": "default"
    },
    "http_req_connecting": {
      "type": "trend",
      "contains": "time",
      "values": {
        "avg": 0.12143683248167077,
        "min": 0,
        "med": 0,
        "max": 9.219645,
        "p(50)": 0,
        "p(95)": 0,
        "p(99)": 5.611741
      }
    },
    "http_req_duration": {
      "type": "trend",
      "contains": "time",
      "values": {
        "p(99)": 10.727693,
        "avg": 7.410423774050219,
        "min": 2.865557,
        "med": 7.187097,
        "max": 75.660387,
        "p(50)": 7.187097,
        "p(95)": 9.011208
      }
    },
    "http_req_tls_handshaking": {
      "contains": "time",
      "values": {
        "avg": 0,
        "min": 0,
        "med": 0,
        "max": 0,
        "p(50)": 0,
        "p(95)": 0,
        "p(99)": 0
      },
      "type": "trend"
    },
    "req_latency": {
      "type": "trend",
      "contains": "default",
      "values": {
        "avg": 7.410423774050219,
        "min": 2.865557,
        "med": 7.187097,
        "max": 75.660387,
        "p(50)": 7.187097,
        "p(95)": 9.011208,
        "p(99)": 10.727693
      }
    },
    "payload_bytes": {
      "type": "trend",
      "contains": "default",
      "values": {
        "med": 428,
        "max": 29387,
        "p(50)": 428,
        "p(95)": 528,
        "p(99)": 530,
        "avg": 503.25727616085317,
        "min": 223
      }
    },
    "http_req_blocked": {
      "contains": "time",
      "values": {
        "med": 0.00645,
        "max": 9.350812,
        "p(50)": 0.00645,
        "p(95)": 0.02071,
        "p(99)": 5.68547,
        "avg": 0.13114269717840368,
        "min": 0.00416
      },
      "type": "trend"
    },
    "data_sent": {
      "type": "counter",
      "contains": "data",
      "values": {
        "count": 666134,
        "rate": 7400.724552664795
      }
    },
    "round_trip_count": {
      "type": "trend",
      "contains": "default",
      "values": {
        "p(95)": 1,
        "p(99)": 1,
        "avg": 1,
        "min": 1,
        "med": 1,
        "max": 1,
        "p(50)": 1
      }
    },
    "checks": {
      "contains": "default",
      "values": {
        "fails": 0,
        "rate": 1,
        "passes": 4501
      },
      "type": "rate"
    },
    "http_req_sending": {
      "type": "trend",
      "contains": "time",
      "values": {
        "avg": 0.02795393801377472,
        "min": 0.0114,
        "med": 0.02356,
        "max": 0.387544,
        "p(50)": 0.02356,
        "p(95)": 0.048939,
        "p(99)": 0.113378
      }
    }
  },
  "root_group": {
    "groups": [],
    "checks": [
        {
          "name": "status is 200",
          "path": "::status is 200",
          "id": "6210a8cd14cd70477eba5c5e4cb3fb5f",
          "passes": 4501,
          "fails": 0
        }
      ],
    "name": "",
    "path": "",
    "id": "d41d8cd98f00b204e9800998ecf8427e"
  },
  "options": {
    "summaryTrendStats": [
      "avg",
      "min",
      "med",
      "max",
      "p(50)",
      "p(95)",
      "p(99)"
    ],
    "summaryTimeUnit": "",
    "noColor": false
  },
  "state": {
    "isStdOutTTY": false,
    "isStdErrTTY": false,
    "testRunDurationMs": 90009.295071
  }
}