{
  "state": {
    "isStdOutTTY": false,
    "isStdErrTTY": false,
    "testRunDurationMs": 90013.019198
  },
  "metrics": {
    "req_latency": {
      "type": "trend",
      "contains": "default",
      "values": {
        "avg": 11.819285248778277,
        "min": 7.253151,
        "med": 11.314962,
        "max": 74.973665,
        "p(50)": 11.314962,
        "p(95)": 14.5124215,
        "p(99)": 19.121506
      }
    },
    "payload_bytes": {
      "values": {
        "avg": 155.16303864948912,
        "min": 72,
        "med": 148,
        "max": 303,
        "p(50)": 148,
        "p(95)": 225,
        "p(99)": 250
      },
      "type": "trend",
      "contains": "default"
    },
    "http_req_blocked": {
      "contains": "time",
      "values": {
        "avg": 0.129568404264771,
        "min": 0.00396,
        "med": 0.0071,
        "max": 7.865635,
        "p(50)": 0.0071,
        "p(95)": 0.01668,
        "p(99)": 5.4525325
      },
      "type": "trend"
    },
    "http_req_receiving": {
      "type": "trend",
      "contains": "time",
      "values": {
        "avg": 0.1004498236339407,
        "min": 0.04213,
        "med": 0.091079,
        "max": 0.895393,
        "p(50)": 0.091079,
        "p(95)": 0.157109,
        "p(99)": 0.231388
      }
    },
    "vus": {
      "type": "gauge",
      "contains": "default",
      "values": {
        "value": 1,
        "min": 0,
        "max": 1
      }
    },
    "iteration_duration": {
      "contains": "time",
      "values": {
        "avg": 12.498951596179477,
        "min": 7.689727,
        "med": 11.922219,
        "max": 75.515231,
        "p(50)": 11.922219,
        "p(95)": 15.806831500000001,
        "p(99)": 21.509317000000003
      },
      "type": "trend"
    },
    "http_req_tls_handshaking": {
      "type": "trend",
      "contains": "time",
      "values": {
        "avg": 0,
        "min": 0,
        "med": 0,
        "max": 0,
        "p(50)": 0,
        "p(95)": 0,
        "p(99)": 0
      }
    },
    "vus_max": {
      "type": "gauge",
      "contains": "default",
      "values": {
        "value": 50,
        "min": 50,
        "max": 50
      }
    },
    "http_req_sending": {
      "contains": "time",
      "values": {
        "max": 0.221929,
        "p(50)": 0.02729,
        "p(95)": 0.053155,
        "p(99)": 0.11643899999999999,
        "avg": 0.032108277210128815,
        "min": 0.01253,
        "med": 0.02729
      },
      "type": "trend"
    },
    "data_received": {
      "type": "counter",
      "contains": "data",
      "values": {
        "count": 936287,
        "rate": 10401.684204597856
      }
    },
    "http_req_waiting": {
      "type": "trend",
      "contains": "time",
      "values": {
        "min": 7.131332,
        "med": 11.188775,
        "max": 74.610598,
        "p(50)": 11.188775,
        "p(95)": 14.382582,
        "p(99)": 18.9664215,
        "avg": 11.686727147934237
      }
    },
    "http_req_failed": {
      "type": "rate",
      "contains": "default",
      "values": {
        "rate": 0,
        "passes": 0,
        "fails": 2251
      }
    },
    "iterations": {
      "type": "counter",
      "contains": "default",
      "values": {
        "count": 2251,
        "rate": 25.007493583217293
      }
    },
    "http_reqs": {
      "type": "counter",
      "contains": "default",
      "values": {
        "count": 2251,
        "rate": 25.007493583217293
      }
    },
    "round_trip_count": {
      "type": "trend",
      "contains": "default",
      "values": {
        "med": 1,
        "max": 1,
        "p(50)": 1,
        "p(95)": 1,
        "p(99)": 1,
        "avg": 1,
        "min": 1
      }
    },
    "checks": {
      "type": "rate",
      "contains": "default",
      "values": {
        "rate": 1,
        "passes": 4502,
        "fails": 0
      }
    },
    "data_sent": {
      "type": "counter",
      "contains": "data",
      "values": {
        "count": 597736,
        "rate": 6640.550503979553
      }
    },
    "http_req_connecting": {
      "type": "trend",
      "contains": "time",
      "values": {
        "p(50)": 0,
        "p(95)": 0,
        "p(99)": 5.3772525,
        "avg": 0.11937375566414928,
        "min": 0,
        "med": 0,
        "max": 7.780986
      }
    },
    "http_req_duration": {
      "type": "trend",
      "contains": "time",
      "values": {
        "med": 11.314962,
        "max": 74.973665,
        "p(50)": 11.314962,
        "p(95)": 14.5124215,
        "p(99)": 19.121506,
        "avg": 11.819285248778277,
        "min": 7.253151
      }
    },
    "http_req_duration{expected_response:true}": {
      "type": "trend",
      "contains": "time",
      "values": {
        "med": 11.314962,
        "max": 74.973665,
        "p(50)": 11.314962,
        "p(95)": 14.5124215,
        "p(99)": 19.121506,
        "avg": 11.819285248778277,
        "min": 7.253151
      }
    }
  },
  "root_group": {
    "checks": [
      {
        "passes": 2251,
        "fails": 0,
        "name": "status is 200",
        "path": "::status is 200",
        "id": "6210a8cd14cd70477eba5c5e4cb3fb5f"
      },
      {
        "name": "no graphql errors",
        "path": "::no graphql errors",
        "id": "7c29382b2a87caa2e50f0d89170b649f",
        "passes": 2251,
        "fails": 0
      }
    ],
    "name": "",
    "path": "",
    "id": "d41d8cd98f00b204e9800998ecf8427e",
    "groups": []
  },
  "options": {
    "summaryTrendStats": [
      "avg",
      "min",
      "med",
      "max",
      "p(50)",
      "p(95)",
      "p(99)"
    ],
    "summaryTimeUnit": "",
    "noColor": false
  }
}