{
  "options": {
    "summaryTrendStats": [
      "avg",
      "min",
      "med",
      "max",
      "p(50)",
      "p(95)",
      "p(99)"
    ],
    "summaryTimeUnit": "",
    "noColor": false
  },
  "state": {
    "isStdOutTTY": false,
    "isStdErrTTY": false,
    "testRunDurationMs": 90000.714949
  },
  "metrics": {
    "http_req_waiting": {
      "type": "trend",
      "contains": "time",
      "values": {
        "avg": 17.224017911111115,
        "min": 12.688902,
        "med": 16.725692000000002,
        "max": 62.020825,
        "p(50)": 16.725692000000002,
        "p(95)": 20.0909051,
        "p(99)": 22.29055458000001
      }
    },
    "data_sent": {
      "type": "counter",
      "contains": "data",
      "values": {
        "count": 459125,
        "rate": 5101.34836440098
      }
    },
    "http_reqs": {
      "type": "counter",
      "contains": "default",
      "values": {
        "count": 1530,
        "rate": 16.999864955150557
      }
    },
    "http_req_sending": {
      "type": "trend",
      "contains": "time",
      "values": {
        "p(99)": 0.1330415000000003,
        "avg": 0.03257448496732028,
        "min": 0.01282,
        "med": 0.02779,
        "max": 0.202129,
        "p(50)": 0.02779,
        "p(95)": 0.05643545
      }
    },
    "page_latency": {
      "type": "trend",
      "contains": "default",
      "values": {
        "med": 16.8504005,
        "max": 62.157304,
        "p(50)": 16.8504005,
        "p(95)": 20.225479999999997,
        "p(99)": 22.402575590000005,
        "avg": 17.35662028104573,
        "min": 12.825381
      }
    },
    "iteration_duration": {
      "type": "trend",
      "contains": "time",
      "values": {
        "p(99)": 28.89182221000005,
        "avg": 18.829888724836596,
        "min": 13.766085,
        "med": 18.2199625,
        "max": 63.877224,
        "p(50)": 18.2199625,
        "p(95)": 22.455959449999998
      }
    },
    "http_req_blocked": {
      "type": "trend",
      "contains": "time",
      "values": {
        "avg": 0.13059294248365994,
        "min": 0.0042,
        "med": 0.00694,
        "max": 8.01235,
        "p(50)": 0.00694,
        "p(95)": 0.014503449999999996,
        "p(99)": 5.3225785000000005
      }
    },
    "http_req_tls_handshaking": {
      "type": "trend",
      "contains": "time",
      "values": {
        "min": 0,
        "med": 0,
        "max": 0,
        "p(50)": 0,
        "p(95)": 0,
        "p(99)": 0,
        "avg": 0
      }
    },
    "checks": {
      "contains": "default",
      "values": {
        "rate": 1,
        "passes": 3060,
        "fails": 0
      },
      "type": "rate"
    },
    "iterations": {
      "values": {
        "count": 1530,
        "rate": 16.999864955150557
      },
      "type": "counter",
      "contains": "default"
    },
    "http_req_failed": {
      "contains": "default",
      "values": {
        "rate": 0,
        "passes": 0,
        "fails": 1530
      },
      "type": "rate"
    },
    "payload_bytes": {
      "values": {
        "med": 2508,
        "max": 2666,
        "p(50)": 2508,
        "p(95)": 2639,
        "p(99)": 2653,
        "avg": 2473.5235294117647,
        "min": 1729
      },
      "type": "trend",
      "contains": "default"
    },
    "http_req_connecting": {
      "type": "trend",
      "contains": "time",
      "values": {
        "min": 0,
        "med": 0,
        "max": 7.92041,
        "p(50)": 0,
        "p(95)": 0,
        "p(99)": 5.231587000000001,
        "avg": 0.12012137712418301
      }
    },
    "vus": {
      "values": {
        "value": 0,
        "min": 0,
        "max": 1
      },
      "type": "gauge",
      "contains": "default"
    },
    "round_trip_count": {
      "type": "trend",
      "contains": "default",
      "values": {
        "avg": 1,
        "min": 1,
        "med": 1,
        "max": 1,
        "p(50)": 1,
        "p(95)": 1,
        "p(99)": 1
      }
    },
    "data_received": {
      "type": "counter",
      "contains": "data",
      "values": {
        "rate": 46503.53058163683,
        "count": 4185351
      }
    },
    "http_req_receiving": {
      "type": "trend",
      "contains": "time",
      "values": {
        "p(50)": 0.0922805,
        "p(95)": 0.14764499999999997,
        "p(99)": 0.19546600000000003,
        "avg": 0.10002788496732014,
        "min": 0.04484,
        "med": 0.0922805,
        "max": 0.515586
      }
    },
    "http_req_duration": {
      "values": {
        "p(99)": 22.402575590000005,
        "avg": 17.35662028104573,
        "min": 12.825381,
        "med": 16.8504005,
        "max": 62.157304,
        "p(50)": 16.8504005,
        "p(95)": 20.225479999999997
      },
      "type": "trend",
      "contains": "time"
    },
    "http_req_duration{expected_response:true}": {
      "type": "trend",
      "contains": "time",
      "values": {
        "p(95)": 20.225479999999997,
        "p(99)": 22.402575590000005,
        "avg": 17.35662028104573,
        "min": 12.825381,
        "med": 16.8504005,
        "max": 62.157304,
        "p(50)": 16.8504005
      }
    },
    "vus_max": {
      "type": "gauge",
      "contains": "default",
      "values": {
        "value": 34,
        "min": 34,
        "max": 34
      }
    },
    "req_latency": {
      "values": {
        "avg": 17.35662028104573,
        "min": 12.825381,
        "med": 16.8504005,
        "max": 62.157304,
        "p(50)": 16.8504005,
        "p(95)": 20.225479999999997,
        "p(99)": 22.402575590000005
      },
      "type": "trend",
      "contains": "default"
    }
  },
  "root_group": {
    "name": "",
    "path": "",
    "id": "d41d8cd98f00b204e9800998ecf8427e",
    "groups": [],
    "checks": [
        {
          "id": "6210a8cd14cd70477eba5c5e4cb3fb5f",
          "passes": 1530,
          "fails": 0,
          "name": "status is 200",
          "path": "::status is 200"
        },
        {
          "passes": 1530,
          "fails": 0,
          "name": "no graphql errors",
          "path": "::no graphql errors",
          "id": "7c29382b2a87caa2e50f0d89170b649f"
        }
      ]
  }
}