{
  "options": {
    "summaryTrendStats": [
      "avg",
      "min",
      "med",
      "max",
      "p(50)",
      "p(95)",
      "p(99)"
    ],
    "summaryTimeUnit": "",
    "noColor": false
  },
  "state": {
    "isStdOutTTY": false,
    "isStdErrTTY": false,
    "testRunDurationMs": 90011.118161
  },
  "metrics": {
    "http_req_duration{expected_response:true}": {
      "type": "trend",
      "contains": "time",
      "values": {
        "avg": 7.5550713814500305,
        "min": 3.204052,
        "med": 7.544855,
        "max": 15.702649,
        "p(50)": 7.544855,
        "p(95)": 9.329425,
        "p(99)": 10.0250346
      }
    },
    "data_received": {
      "type": "counter",
      "contains": "data",
      "values": {
        "count": 1151662,
        "rate": 12794.663854081438
      }
    },
    "http_req_duration": {
      "type": "trend",
      "contains": "time",
      "values": {
        "max": 15.702649,
        "p(50)": 7.544855,
        "p(95)": 9.329425,
        "p(99)": 10.0250346,
        "avg": 7.5550713814500305,
        "min": 3.204052,
        "med": 7.544855
      }
    },
    "http_req_failed": {
      "values": {
        "fails": 1531,
        "rate": 0,
        "passes": 0
      },
      "type": "rate",
      "contains": "default"
    },
    "data_sent": {
      "type": "counter",
      "contains": "data",
      "values": {
        "count": 155880,
        "rate": 1731.7860635969707
      }
    },
    "req_latency": {
      "type": "trend",
      "contains": "default",
      "values": {
        "p(95)": 9.329425,
        "p(99)": 10.0250346,
        "avg": 7.5550713814500305,
        "min": 3.204052,
        "med": 7.544855,
        "max": 15.702649,
        "p(50)": 7.544855
      }
    },
    "page_latency": {
      "type": "trend",
      "contains": "default",
      "values": {
        "min": 3.204052,
        "med": 7.544855,
        "max": 15.702649,
        "p(50)": 7.544855,
        "p(95)": 9.329425,
        "p(99)": 10.0250346,
        "avg": 7.5550713814500305
      }
    },
    "http_req_blocked": {
      "type": "trend",
      "contains": "time",
      "values": {
        "p(50)": 0.00744,
        "p(95)": 0.01932,
        "p(99)": 5.8280150000000015,
        "avg": 0.13726147746570874,
        "min": 0.0042,
        "med": 0.00744,
        "max": 8.003927
      }
    },
    "http_req_waiting": {
      "type": "trend",
      "contains": "time",
      "values": {
        "avg": 7.421242382756376,
        "min": 3.087392,
        "med": 7.4212,
        "max": 13.312188,
        "p(50)": 7.4212,
        "p(95)": 9.1616325,
        "p(99)": 9.848134000000003
      }
    },
    "checks": {
      "type": "rate",
      "contains": "default",
      "values": {
        "rate": 1,
        "passes": 1531,
        "fails": 0
      }
    },
    "round_trip_count": {
      "contains": "default",
      "values": {
        "max": 1,
        "p(50)": 1,
        "p(95)": 1,
        "p(99)": 1,
        "avg": 1,
        "min": 1,
        "med": 1
      },
      "type": "trend"
    },
    "http_reqs": {
      "type": "counter",
      "contains": "default",
      "values": {
        "count": 1531,
        "rate": 17.009009900994112
      }
    },
    "http_req_receiving": {
      "type": "trend",
      "contains": "time",
      "values": {
        "p(50)": 0.090649,
        "p(95)": 0.140565,
        "p(99)": 0.19051600000000019,
        "avg": 0.09930212018288716,
        "min": 0.042799,
        "med": 0.090649,
        "max": 4.201723
      }
    },
    "payload_bytes": {
      "type": "trend",
      "contains": "default",
      "values": {
        "avg": 491.22860875244936,
        "min": 252,
        "med": 517,
        "max": 534,
        "p(50)": 517,
        "p(95)": 526,
        "p(99)": 530
      }
    },
    "http_req_sending": {
      "values": {
        "min": 0.01179,
        "med": 0.02703,
        "max": 2.154961,
        "p(50)": 0.02703,
        "p(95)": 0.05604,
        "p(99)": 0.128159,
        "avg": 0.03452687851077728
      },
      "type": "trend",
      "contains": "time"
    },
    "http_req_tls_handshaking": {
      "type": "trend",
      "contains": "time",
      "values": {
        "avg": 0,
        "min": 0,
        "med": 0,
        "max": 0,
        "p(50)": 0,
        "p(95)": 0,
        "p(99)": 0
      }
    },
    "iteration_duration": {
      "type": "trend",
      "contains": "time",
      "values": {
        "p(99)": 15.260486300000004,
        "avg": 8.121272971260607,
        "min": 3.647073,
        "med": 7.978083,
        "max": 21.60564,
        "p(50)": 7.978083,
        "p(95)": 10.0832865
      }
    },
    "vus_max": {
      "type": "gauge",
      "contains": "default",
      "values": {
        "value": 34,
        "min": 34,
        "max": 34
      }
    },
    "http_req_connecting": {
      "type": "trend",
      "contains": "time",
      "values": {
        "avg": 0.12506806074461138,
        "min": 0,
        "med": 0,
        "max": 7.917797,
        "p(50)": 0,
        "p(95)": 0,
        "p(99)": 5.677170700000001
      }
    },
    "vus": {
      "values": {
        "value": 1,
        "min": 1,
        "max": 1
      },
      "type": "gauge",
      "contains": "default"
    },
    "iterations": {
      "contains": "default",
      "values": {
        "count": 1531,
        "rate": 17.009009900994112
      },
      "type": "counter"
    }
  },
  "root_group": {
    "name": "",
    "path": "",
    "id": "d41d8cd98f00b204e9800998ecf8427e",
    "groups": [],
    "checks": [
        {
          "name": "status is 200",
          "path": "::status is 200",
          "id": "6210a8cd14cd70477eba5c5e4cb3fb5f",
          "passes": 1531,
          "fails": 0
        }
      ]
  }
}