{
  "root_group": {
    "name": "",
    "path": "",
    "id": "d41d8cd98f00b204e9800998ecf8427e",
    "groups": [],
    "checks": [
        {
          "name": "status is 200",
          "path": "::status is 200",
          "id": "6210a8cd14cd70477eba5c5e4cb3fb5f",
          "passes": 4500,
          "fails": 0
        }
      ]
  },
  "options": {
    "summaryTrendStats": [
      "avg",
      "min",
      "med",
      "max",
      "p(50)",
      "p(95)",
      "p(99)"
    ],
    "summaryTimeUnit": "",
    "noColor": false
  },
  "state": {
    "isStdOutTTY": false,
    "isStdErrTTY": false,
    "testRunDurationMs": 90000.815817
  },
  "metrics": {
    "page_latency": {
      "type": "trend",
      "contains": "default",
      "values": {
        "p(95)": 17.196462099999998,
        "p(99)": 18.213378609999992,
        "avg": 14.882408944888846,
        "min": 10.583983,
        "med": 14.8710915,
        "max": 34.407892,
        "p(50)": 14.8710915
      }
    },
    "payload_bytes": {
      "type": "trend",
      "contains": "default",
      "values": {
        "avg": 369.01377777777776,
        "min": 111,
        "med": 129,
        "max": 796,
        "p(50)": 129,
        "p(95)": 781,
        "p(99)": 787
      }
    },
    "http_req_blocked": {
      "values": {
        "avg": 0.06836970799999943,
        "min": 0.00337,
        "med": 0.00704,
        "max": 7.392163,
        "p(50)": 0.00704,
        "p(95)": 0.01525100000000004,
        "p(99)": 3.9276876000000085
      },
      "type": "trend",
      "contains": "time"
    },
    "http_req_receiving": {
      "type": "trend",
      "contains": "time",
      "values": {
        "max": 8.406318,
        "p(50)": 0.090805,
        "p(95)": 0.13600500000000001,
        "p(99)": 0.18009629000000013,
        "avg": 0.09996653066666637,
        "min": 0.04277,
        "med": 0.090805
      }
    },
    "http_req_failed": {
      "contains": "default",
      "values": {
        "rate": 0,
        "passes": 0,
        "fails": 4500
      },
      "type": "rate"
    },
    "http_req_waiting": {
      "type": "trend",
      "contains": "time",
      "values": {
        "p(50)": 7.3267015,
        "p(95)": 8.9584094,
        "p(99)": 9.656027400000003,
        "avg": 7.314101777333315,
        "min": 3.122502,
        "med": 7.3267015,
        "max": 27.342981
      }
    },
    "vus_max": {
      "type": "gauge",
      "contains": "default",
      "values": {
        "value": 50,
        "min": 50,
        "max": 50
      }
    },
    "http_req_duration{expected_response:true}": {
      "type": "trend",
      "contains": "time",
      "values": {
        "p(99)": 9.799271500000005,
        "avg": 7.441204472444455,
        "min": 3.215981,
        "med": 7.4504855,
        "max": 27.516,
        "p(50)": 7.4504855,
        "p(95)": 9.090726550000001
      }
    },
    "http_req_duration": {
      "type": "trend",
      "contains": "time",
      "values": {
        "p(50)": 7.4504855,
        "p(95)": 9.090726550000001,
        "p(99)": 9.799271500000005,
        "avg": 7.441204472444455,
        "min": 3.215981,
        "med": 7.4504855,
        "max": 27.516
      }
    },
    "round_trip_count": {
      "type": "trend",
      "contains": "default",
      "values": {
        "med": 2,
        "max": 2,
        "p(50)": 2,
        "p(95)": 2,
        "p(99)": 2,
        "avg": 2,
        "min": 2
      }
    },
    "data_sent": {
      "type": "counter",
      "contains": "data",
      "values": {
        "count": 450499,
        "rate": 5005.499071430711
      }
    },
    "data_received": {
      "values": {
        "count": 2835062,
        "rate": 31500.403349282675
      },
      "type": "counter",
      "contains": "data"
    },
    "checks": {
      "contains": "default",
      "values": {
        "rate": 1,
        "passes": 4500,
        "fails": 0
      },
      "type": "rate"
    },
    "http_req_tls_handshaking": {
      "type": "trend",
      "contains": "time",
      "values": {
        "max": 0,
        "p(50)": 0,
        "p(95)": 0,
        "p(99)": 0,
        "avg": 0,
        "min": 0,
        "med": 0
      }
    },
    "http_req_sending": {
      "type": "trend",
      "contains": "time",
      "values": {
        "avg": 0.027136164444444395,
        "min": 0.00945,
        "med": 0.023489,
        "max": 2.034426,
        "p(50)": 0.023489,
        "p(95)": 0.04733050000000004,
        "p(99)": 0.09701130000000024
      }
    },
    "iterations": {
      "type": "counter",
      "contains": "default",
      "values": {
        "rate": 24.999773386220838,
        "count": 2250
      }
    },
    "vus": {
      "values": {
        "min": 1,
        "max": 1,
        "value": 1
      },
      "type": "gauge",
      "contains": "default"
    },
    "req_latency": {
      "values": {
        "p(99)": 9.799271500000005,
        "avg": 7.441204472444455,
        "min": 3.215981,
        "med": 7.4504855,
        "max": 27.516,
        "p(50)": 7.4504855,
        "p(95)": 9.090726550000001
      },
      "type": "trend",
      "contains": "default"
    },
    "iteration_duration": {
      "type": "trend",
      "contains": "time",
      "values": {
        "p(50)": 15.589301,
        "p(95)": 18.373089049999994,
        "p(99)": 21.83260601,
        "avg": 15.718078805333311,
        "min": 11.425012,
        "med": 15.589301,
        "max": 42.581152
      }
    },
    "http_reqs": {
      "type": "counter",
      "contains": "default",
      "values": {
        "count": 4500,
        "rate": 49.999546772441676
      }
    },
    "http_req_connecting": {
      "type": "trend",
      "contains": "time",
      "values": {
        "avg": 0.058435450222222234,
        "min": 0,
        "med": 0,
        "max": 7.230324,
        "p(50)": 0,
        "p(95)": 0,
        "p(99)": 3.818858300000014
      }
    }
  }
}