{
  "root_group": {
    "groups": [],
    "checks": [
        {
          "name": "status is 200",
          "path": "::status is 200",
          "id": "6210a8cd14cd70477eba5c5e4cb3fb5f",
          "passes": 6661,
          "fails": 0
        }
      ],
    "name": "",
    "path": "",
    "id": "d41d8cd98f00b204e9800998ecf8427e"
  },
  "options": {
    "summaryTrendStats": [
      "avg",
      "min",
      "med",
      "max",
      "p(50)",
      "p(95)",
      "p(99)"
    ],
    "summaryTimeUnit": "",
    "noColor": false
  },
  "state": {
    "isStdOutTTY": false,
    "isStdErrTTY": false,
    "testRunDurationMs": 90008.952332
  },
  "metrics": {
    "http_req_sending": {
      "values": {
        "min": 0.01012,
        "med": 0.0238,
        "max": 0.213349,
        "p(50)": 0.0238,
        "p(95)": 0.04914,
        "p(99)": 0.10317399999999985,
        "avg": 0.027298468698393592
      },
      "type": "trend",
      "contains": "time"
    },
    "iteration_duration": {
      "type": "trend",
      "contains": "time",
      "values": {
        "p(99)": 14.635313599999975,
        "avg": 8.001567527848657,
        "min": 3.595266,
        "med": 7.874579,
        "max": 39.25465,
        "p(50)": 7.874579,
        "p(95)": 9.999911
      }
    },
    "http_req_connecting": {
      "type": "trend",
      "contains": "time",
      "values": {
        "p(50)": 0,
        "p(95)": 0,
        "p(99)": 5.7915239999999955,
        "avg": 0.12597530550968328,
        "min": 0,
        "med": 0,
        "max": 16.669265
      }
    },
    "http_req_waiting": {
      "type": "trend",
      "contains": "time",
      "values": {
        "avg": 7.446057732772861,
        "min": 3.045938,
        "med": 7.434201,
        "max": 32.322325,
        "p(50)": 7.434201,
        "p(95)": 9.295644,
        "p(99)": 10.068154999999997
      }
    },
    "req_latency": {
      "type": "trend",
      "contains": "default",
      "values": {
        "med": 7.55658,
        "max": 32.569244,
        "p(50)": 7.55658,
        "p(95)": 9.425633,
        "p(99)": 10.206521599999997,
        "avg": 7.568061442125804,
        "min": 3.174457
      }
    },
    "vus_max": {
      "type": "gauge",
      "contains": "default",
      "values": {
        "max": 148,
        "value": 148,
        "min": 148
      }
    },
    "http_req_duration": {
      "type": "trend",
      "contains": "time",
      "values": {
        "max": 32.569244,
        "p(50)": 7.55658,
        "p(95)": 9.425633,
        "p(99)": 10.206521599999997,
        "avg": 7.568061442125804,
        "min": 3.174457,
        "med": 7.55658
      }
    },
    "http_req_duration{expected_response:true}": {
      "type": "trend",
      "contains": "time",
      "values": {
        "max": 32.569244,
        "p(50)": 7.55658,
        "p(95)": 9.425633,
        "p(99)": 10.206521599999997,
        "avg": 7.568061442125804,
        "min": 3.174457,
        "med": 7.55658
      }
    },
    "iterations": {
      "values": {
        "count": 6661,
        "rate": 74.00374993179294
      },
      "type": "counter",
      "contains": "default"
    },
    "http_reqs": {
      "type": "counter",
      "contains": "default",
      "values": {
        "count": 6661,
        "rate": 74.00374993179294
      }
    },
    "payload_bytes": {
      "type": "trend",
      "contains": "default",
      "values": {
        "med": 3418,
        "max": 29355,
        "p(50)": 3418,
        "p(95)": 5104,
        "p(99)": 5262,
        "avg": 2894.146224290647,
        "min": 615
      }
    },
    "checks": {
      "type": "rate",
      "contains": "default",
      "values": {
        "rate": 1,
        "passes": 6661,
        "fails": 0
      }
    },
    "data_received": {
      "type": "counter",
      "contains": "data",
      "values": {
        "count": 21021109,
        "rate": 233544.6470087017
      }
    },
    "http_req_tls_handshaking": {
      "type": "trend",
      "contains": "time",
      "values": {
        "avg": 0,
        "min": 0,
        "med": 0,
        "max": 0,
        "p(50)": 0,
        "p(95)": 0,
        "p(99)": 0
      }
    },
    "http_req_blocked": {
      "type": "trend",
      "contains": "time",
      "values": {
        "p(95)": 0.01901,
        "p(99)": 5.8766875999999995,
        "avg": 0.13569556493018925,
        "min": 0.00383,
        "med": 0.0064,
        "max": 16.778205,
        "p(50)": 0.0064
      }
    },
    "http_req_receiving": {
      "values": {
        "min": 0.04224,
        "med": 0.09074,
        "max": 6.233556,
        "p(50)": 0.09074,
        "p(95)": 0.136819,
        "p(99)": 0.1751289999999996,
        "avg": 0.09470524065455622
      },
      "type": "trend",
      "contains": "time"
    },
    "round_trip_count": {
      "contains": "default",
      "values": {
        "med": 1,
        "max": 1,
        "p(50)": 1,
        "p(95)": 1,
        "p(99)": 1,
        "avg": 1,
        "min": 1
      },
      "type": "trend"
    },
    "data_sent": {
      "type": "counter",
      "contains": "data",
      "values": {
        "count": 983045,
        "rate": 10921.635843221648
      }
    },
    "http_req_failed": {
      "type": "rate",
      "contains": "default",
      "values": {
        "rate": 0,
        "passes": 0,
        "fails": 6661
      }
    },
    "vus": {
      "type": "gauge",
      "contains": "default",
      "values": {
        "max": 1,
        "value": 0,
        "min": 0
      }
    }
  }
}