{
  "options": {
    "summaryTimeUnit": "",
    "noColor": false,
    "summaryTrendStats": [
      "avg",
      "min",
      "med",
      "max",
      "p(50)",
      "p(95)",
      "p(99)"
    ]
  },
  "state": {
    "isStdOutTTY": false,
    "isStdErrTTY": false,
    "testRunDurationMs": 90012.663942
  },
  "metrics": {
    "http_reqs": {
      "type": "counter",
      "contains": "default",
      "values": {
        "count": 2251,
        "rate": 25.00759228113102
      }
    },
    "iterations": {
      "values": {
        "count": 2251,
        "rate": 25.00759228113102
      },
      "type": "counter",
      "contains": "default"
    },
    "http_req_duration{expected_response:true}": {
      "type": "trend",
      "contains": "time",
      "values": {
        "avg": 9.590949161261674,
        "min": 4.327748,
        "med": 9.519621,
        "max": 21.716314,
        "p(50)": 9.519621,
        "p(95)": 11.7954245,
        "p(99)": 13.5425875
      }
    },
    "http_req_connecting": {
      "contains": "time",
      "values": {
        "p(50)": 0,
        "p(95)": 0,
        "p(99)": 5.3994605,
        "avg": 0.11646920079964462,
        "min": 0,
        "med": 0,
        "max": 6.872661
      },
      "type": "trend"
    },
    "data_sent": {
      "type": "counter",
      "contains": "data",
      "values": {
        "count": 331790,
        "rate": 3686.03689158439
      }
    },
    "req_latency": {
      "type": "trend",
      "contains": "default",
      "values": {
        "p(95)": 11.7954245,
        "p(99)": 13.5425875,
        "avg": 9.590949161261674,
        "min": 4.327748,
        "med": 9.519621,
        "max": 21.716314,
        "p(50)": 9.519621
      }
    },
    "http_req_duration": {
      "type": "trend",
      "contains": "time",
      "values": {
        "p(95)": 11.7954245,
        "p(99)": 13.5425875,
        "avg": 9.590949161261674,
        "min": 4.327748,
        "med": 9.519621,
        "max": 21.716314,
        "p(50)": 9.519621
      }
    },
    "http_req_blocked": {
      "values": {
        "p(99)": 5.502995,
        "avg": 0.12766745091070564,
        "min": 0.00393,
        "med": 0.00708,
        "max": 7.02112,
        "p(50)": 0.00708,
        "p(95)": 0.019935
      },
      "type": "trend",
      "contains": "time"
    },
    "http_req_receiving": {
      "type": "trend",
      "contains": "time",
      "values": {
        "p(95)": 0.1859135,
        "p(99)": 2.3676025000000003,
        "avg": 0.16973874055975144,
        "min": 0.05411,
        "med": 0.110359,
        "max": 6.698472,
        "p(50)": 0.110359
      }
    },
    "http_req_waiting": {
      "type": "trend",
      "contains": "time",
      "values": {
        "p(95)": 11.550847000000001,
        "p(99)": 12.431535499999999,
        "avg": 9.39129197601064,
        "min": 4.209629,
        "med": 9.371992,
        "max": 15.921695,
        "p(50)": 9.371992
      }
    },
    "http_req_failed": {
      "type": "rate",
      "contains": "default",
      "values": {
        "rate": 0,
        "passes": 0,
        "fails": 2251
      }
    },
    "round_trip_count": {
      "type": "trend",
      "contains": "default",
      "values": {
        "p(95)": 1,
        "p(99)": 1,
        "avg": 1,
        "min": 1,
        "med": 1,
        "max": 1,
        "p(50)": 1
      }
    },
    "http_req_sending": {
      "contains": "time",
      "values": {
        "avg": 0.02991844469124833,
        "min": 0.01141,
        "med": 0.02546,
        "max": 0.265738,
        "p(50)": 0.02546,
        "p(95)": 0.0490795,
        "p(99)": 0.1310245
      },
      "type": "trend"
    },
    "data_received": {
      "contains": "data",
      "values": {
        "count": 18594373,
        "rate": 206575.07716893428
      },
      "type": "counter"
    },
    "vus_max": {
      "type": "gauge",
      "contains": "default",
      "values": {
        "max": 50,
        "value": 50,
        "min": 50
      }
    },
    "payload_bytes": {
      "type": "trend",
      "contains": "default",
      "values": {
        "avg": 7998.282985339849,
        "min": 5330,
        "med": 7248,
        "max": 29291,
        "p(50)": 7248,
        "p(95)": 12186.5,
        "p(99)": 13027
      }
    },
    "vus": {
      "type": "gauge",
      "contains": "default",
      "values": {
        "value": 0,
        "min": 0,
        "max": 0
      }
    },
    "checks": {
      "contains": "default",
      "values": {
        "rate": 1,
        "passes": 2251,
        "fails": 0
      },
      "type": "rate"
    },
    "http_req_tls_handshaking": {
      "type": "trend",
      "contains": "time",
      "values": {
        "avg": 0,
        "min": 0,
        "med": 0,
        "max": 0,
        "p(50)": 0,
        "p(95)": 0,
        "p(99)": 0
      }
    },
    "iteration_duration": {
      "contains": "time",
      "values": {
        "max": 22.186541,
        "p(50)": 9.903359,
        "p(95)": 12.50738,
        "p(99)": 16.804448999999998,
        "avg": 10.075439604620179,
        "min": 4.614128,
        "med": 9.903359
      },
      "type": "trend"
    }
  },
  "root_group": {
    "name": "",
    "path": "",
    "id": "d41d8cd98f00b204e9800998ecf8427e",
    "groups": [],
    "checks": [
        {
          "name": "status is 200",
          "path": "::status is 200",
          "id": "6210a8cd14cd70477eba5c5e4cb3fb5f",
          "passes": 2251,
          "fails": 0
        }
      ]
  }
}