{
  "state": {
    "isStdErrTTY": false,
    "testRunDurationMs": 90018.386514,
    "isStdOutTTY": false
  },
  "metrics": {
    "data_received": {
      "type": "counter",
      "contains": "data",
      "values": {
        "count": 21535179,
        "rate": 239230.8930870558
      }
    },
    "http_req_sending": {
      "type": "trend",
      "contains": "time",
      "values": {
        "med": 0.02539,
        "max": 0.426326,
        "p(50)": 0.02539,
        "p(95)": 0.053229,
        "p(99)": 0.09642559999999997,
        "avg": 0.02966632532652749,
        "min": 0.01091
      }
    },
    "iteration_duration": {
      "type": "trend",
      "contains": "time",
      "values": {
        "med": 17.583555,
        "max": 118.993889,
        "p(50)": 17.583555,
        "p(95)": 42.683713,
        "p(99)": 76.05949759999996,
        "avg": 19.75539552424564,
        "min": 10.459802
      }
    },
    "round_trip_count": {
      "values": {
        "avg": 1,
        "min": 1,
        "med": 1,
        "max": 1,
        "p(50)": 1,
        "p(95)": 1,
        "p(99)": 1
      },
      "type": "trend",
      "contains": "default"
    },
    "http_req_tls_handshaking": {
      "values": {
        "p(95)": 0,
        "p(99)": 0,
        "avg": 0,
        "min": 0,
        "med": 0,
        "max": 0,
        "p(50)": 0
      },
      "type": "trend",
      "contains": "time"
    },
    "vus_max": {
      "type": "gauge",
      "contains": "default",
      "values": {
        "value": 148,
        "min": 148,
        "max": 148
      }
    },
    "http_req_waiting": {
      "type": "trend",
      "contains": "time",
      "values": {
        "p(99)": 72.25084859999988,
        "avg": 18.07444121603362,
        "min": 9.850896,
        "med": 15.911747,
        "max": 110.92613,
        "p(50)": 15.911747,
        "p(95)": 38.920388
      }
    },
    "http_req_duration{expected_response:true}": {
      "type": "trend",
      "contains": "time",
      "values": {
        "med": 16.045616,
        "max": 116.704373,
        "p(50)": 16.045616,
        "p(95)": 41.61677,
        "p(99)": 74.47203059999995,
        "avg": 18.35612895150875,
        "min": 9.950686
      }
    },
    "http_req_blocked": {
      "values": {
        "max": 13.581532,
        "p(50)": 0.0067,
        "p(95)": 0.014679,
        "p(99)": 5.616675599999999,
        "avg": 0.13010903347845654,
        "min": 0.0042,
        "med": 0.0067
      },
      "type": "trend",
      "contains": "time"
    },
    "http_req_connecting": {
      "type": "trend",
      "contains": "time",
      "values": {
        "p(99)": 5.527450399999996,
        "avg": 0.12036348671370663,
        "min": 0,
        "med": 0,
        "max": 13.451252,
        "p(50)": 0,
        "p(95)": 0
      }
    },
    "http_req_receiving": {
      "type": "trend",
      "contains": "time",
      "values": {
        "avg": 0.25202141014862606,
        "min": 0.03148,
        "med": 0.098139,
        "max": 19.021987,
        "p(50)": 0.098139,
        "p(95)": 0.592075,
        "p(99)": 3.5434391999998884
      }
    },
    "req_latency": {
      "contains": "default",
      "values": {
        "p(50)": 16.045616,
        "p(95)": 41.61677,
        "p(99)": 74.47203059999995,
        "avg": 18.35612895150875,
        "min": 9.950686,
        "med": 16.045616,
        "max": 116.704373
      },
      "type": "trend"
    },
    "checks": {
      "type": "rate",
      "contains": "default",
      "values": {
        "rate": 1,
        "passes": 13322,
        "fails": 0
      }
    },
    "payload_bytes": {
      "type": "trend",
      "contains": "default",
      "values": {
        "avg": 2971.306260321273,
        "min": 634,
        "med": 3529,
        "max": 29374,
        "p(50)": 3529,
        "p(95)": 5127,
        "p(99)": 5310.9999999999945
      }
    },
    "iterations": {
      "type": "counter",
      "contains": "default",
      "values": {
        "count": 6661,
        "rate": 73.99599412908891
      }
    },
    "http_req_duration": {
      "type": "trend",
      "contains": "time",
      "values": {
        "min": 9.950686,
        "med": 16.045616,
        "max": 116.704373,
        "p(50)": 16.045616,
        "p(95)": 41.61677,
        "p(99)": 74.47203059999995,
        "avg": 18.35612895150875
      }
    },
    "http_reqs": {
      "type": "counter",
      "contains": "default",
      "values": {
        "count": 6661,
        "rate": 73.99599412908891
      }
    },
    "http_req_failed": {
      "type": "rate",
      "contains": "default",
      "values": {
        "rate": 0,
        "passes": 0,
        "fails": 6661
      }
    },
    "vus": {
      "type": "gauge",
      "contains": "default",
      "values": {
        "value": 3,
        "min": 1,
        "max": 6
      }
    },
    "data_sent": {
      "type": "counter",
      "contains": "data",
      "values": {
        "count": 1768938,
        "rate": 19650.85210369648
      }
    }
  },
  "root_group": {
    "name": "",
    "path": "",
    "id": "d41d8cd98f00b204e9800998ecf8427e",
    "groups": [],
    "checks": [
        {
          "name": "status is 200",
          "path": "::status is 200",
          "id": "6210a8cd14cd70477eba5c5e4cb3fb5f",
          "passes": 6661,
          "fails": 0
        },
        {
          "name": "no graphql errors",
          "path": "::no graphql errors",
          "id": "7c29382b2a87caa2e50f0d89170b649f",
          "passes": 6661,
          "fails": 0
        }
      ]
  },
  "options": {
    "summaryTrendStats": [
      "avg",
      "min",
      "med",
      "max",
      "p(50)",
      "p(95)",
      "p(99)"
    ],
    "summaryTimeUnit": "",
    "noColor": false
  }
}