{
  "metrics": {
    "http_reqs": {
      "type": "counter",
      "contains": "default",
      "values": {
        "count": 6661,
        "rate": 74.00367828691365
      }
    },
    "iterations": {
      "type": "counter",
      "contains": "default",
      "values": {
        "count": 6661,
        "rate": 74.00367828691365
      }
    },
    "http_req_receiving": {
      "type": "trend",
      "contains": "time",
      "values": {
        "min": 0.042649,
        "med": 0.088819,
        "max": 0.319384,
        "p(50)": 0.088819,
        "p(95)": 0.139507,
        "p(99)": 0.18731459999999966,
        "avg": 0.09206938357603983
      }
    },
    "payload_bytes": {
      "type": "trend",
      "contains": "default",
      "values": {
        "p(95)": 269,
        "p(99)": 269,
        "avg": 260.7007956763249,
        "min": 162,
        "med": 234,
        "max": 10613,
        "p(50)": 234
      }
    },
    "vus": {
      "contains": "default",
      "values": {
        "value": 1,
        "min": 1,
        "max": 1
      },
      "type": "gauge"
    },
    "http_req_failed": {
      "contains": "default",
      "values": {
        "rate": 0,
        "passes": 0,
        "fails": 6661
      },
      "type": "rate"
    },
    "req_latency": {
      "contains": "default",
      "values": {
        "p(50)": 7.056882,
        "p(95)": 8.741417,
        "p(99)": 9.579619,
        "avg": 7.057435196066647,
        "min": 3.44827,
        "med": 7.056882,
        "max": 13.960889
      },
      "type": "trend"
    },
    "data_sent": {
      "type": "counter",
      "contains": "data",
      "values": {
        "count": 799297,
        "rate": 8880.185864539142
      }
    },
    "http_req_duration{expected_response:true}": {
      "type": "trend",
      "contains": "time",
      "values": {
        "p(99)": 9.579619,
        "avg": 7.057435196066647,
        "min": 3.44827,
        "med": 7.056882,
        "max": 13.960889,
        "p(50)": 7.056882,
        "p(95)": 8.741417
      }
    },
    "http_req_waiting": {
      "type": "trend",
      "contains": "time",
      "values": {
        "avg": 6.935041142170855,
        "min": 3.359522,
        "med": 6.936046,
        "max": 13.816031,
        "p(50)": 6.936046,
        "p(95)": 8.614537,
        "p(99)": 9.450257399999998
      }
    },
    "http_req_blocked": {
      "type": "trend",
      "contains": "time",
      "values": {
        "p(99)": 5.721983999999986,
        "avg": 0.13306252439573674,
        "min": 0.00446,
        "med": 0.00717,
        "max": 12.243318,
        "p(50)": 0.00717,
        "p(95)": 0.01921
      }
    },
    "http_req_connecting": {
      "type": "trend",
      "contains": "time",
      "values": {
        "p(99)": 5.571228599999979,
        "avg": 0.12251019006155232,
        "min": 0,
        "med": 0,
        "max": 12.16738,
        "p(50)": 0,
        "p(95)": 0
      }
    },
    "iteration_duration": {
      "type": "trend",
      "contains": "time",
      "values": {
        "med": 7.362369,
        "max": 19.815874,
        "p(50)": 7.362369,
        "p(95)": 9.302995,
        "p(99)": 14.052687199999973,
        "avg": 7.488995254766518,
        "min": 3.653056
      }
    },
    "vus_max": {
      "type": "gauge",
      "contains": "default",
      "values": {
        "value": 148,
        "min": 148,
        "max": 148
      }
    },
    "http_req_tls_handshaking": {
      "type": "trend",
      "contains": "time",
      "values": {
        "med": 0,
        "max": 0,
        "p(50)": 0,
        "p(95)": 0,
        "p(99)": 0,
        "avg": 0,
        "min": 0
      }
    },
    "round_trip_count": {
      "type": "trend",
      "contains": "default",
      "values": {
        "avg": 1,
        "min": 1,
        "med": 1,
        "max": 1,
        "p(50)": 1,
        "p(95)": 1,
        "p(99)": 1
      }
    },
    "http_req_duration": {
      "type": "trend",
      "contains": "time",
      "values": {
        "p(95)": 8.741417,
        "p(99)": 9.579619,
        "avg": 7.057435196066647,
        "min": 3.44827,
        "med": 7.056882,
        "max": 13.960889,
        "p(50)": 7.056882
      }
    },
    "http_req_sending": {
      "type": "trend",
      "contains": "time",
      "values": {
        "p(95)": 0.052719,
        "p(99)": 0.12704139999999994,
        "avg": 0.03032467031977187,
        "min": 0.00991,
        "med": 0.026029,
        "max": 0.255615,
        "p(50)": 0.026029
      }
    },
    "checks": {
      "type": "rate",
      "contains": "default",
      "values": {
        "rate": 1,
        "passes": 6661,
        "fails": 0
      }
    },
    "data_received": {
      "type": "counter",
      "contains": "data",
      "values": {
        "count": 3475075,
        "rate": 38608.06670513383
      }
    }
  },
  "root_group": {
    "name": "",
    "path": "",
    "id": "d41d8cd98f00b204e9800998ecf8427e",
    "groups": [],
    "checks": [
        {
          "name": "status is 200",
          "path": "::status is 200",
          "id": "6210a8cd14cd70477eba5c5e4cb3fb5f",
          "passes": 6661,
          "fails": 0
        }
      ]
  },
  "options": {
    "summaryTrendStats": [
      "avg",
      "min",
      "med",
      "max",
      "p(50)",
      "p(95)",
      "p(99)"
    ],
    "summaryTimeUnit": "",
    "noColor": false
  },
  "state": {
    "isStdOutTTY": false,
    "isStdErrTTY": false,
    "testRunDurationMs": 90009.039472
  }
}