{
  "metrics": {
    "http_req_blocked": {
      "values": {
        "p(99)": 5.802428510000004,
        "avg": 0.134074217555555,
        "min": 0.0042,
        "med": 0.00707,
        "max": 10.669655,
        "p(50)": 0.00707,
        "p(95)": 0.01425
      },
      "type": "trend",
      "contains": "time"
    },
    "http_req_duration": {
      "type": "trend",
      "contains": "time",
      "values": {
        "p(99)": 48.92770049,
        "avg": 15.256110908000013,
        "min": 10.764555,
        "med": 14.636018,
        "max": 59.517777,
        "p(50)": 14.636018,
        "p(95)": 17.892015000000004
      }
    },
    "http_req_sending": {
      "type": "trend",
      "contains": "time",
      "values": {
        "avg": 0.033063143555555445,
        "min": 0.01249,
        "med": 0.02781,
        "max": 2.000394,
        "p(50)": 0.02781,
        "p(95)": 0.054334000000000014,
        "p(99)": 0.11463249000000005
      }
    },
    "checks": {
      "contains": "default",
      "values": {
        "rate": 1,
        "passes": 9000,
        "fails": 0
      },
      "type": "rate"
    },
    "page_latency": {
      "type": "trend",
      "contains": "default",
      "values": {
        "p(99)": 48.92770049,
        "avg": 15.256110908000013,
        "min": 10.764555,
        "med": 14.636018,
        "max": 59.517777,
        "p(50)": 14.636018,
        "p(95)": 17.892015000000004
      }
    },
    "http_req_connecting": {
      "type": "trend",
      "contains": "time",
      "values": {
        "p(99)": 5.712801900000003,
        "avg": 0.12418325,
        "min": 0,
        "med": 0,
        "max": 10.599805,
        "p(50)": 0,
        "p(95)": 0
      }
    },
    "data_sent": {
      "type": "counter",
      "contains": "data",
      "values": {
        "count": 1329559,
        "rate": 14772.682528874204
      }
    },
    "http_req_failed": {
      "contains": "default",
      "values": {
        "rate": 0,
        "passes": 0,
        "fails": 4500
      },
      "type": "rate"
    },
    "req_latency": {
      "type": "trend",
      "contains": "default",
      "values": {
        "max": 59.517777,
        "p(50)": 14.636018,
        "p(95)": 17.892015000000004,
        "p(99)": 48.92770049,
        "avg": 15.256110908000013,
        "min": 10.764555,
        "med": 14.636018
      }
    },
    "http_req_tls_handshaking": {
      "type": "trend",
      "contains": "time",
      "values": {
        "p(99)": 0,
        "avg": 0,
        "min": 0,
        "med": 0,
        "max": 0,
        "p(50)": 0,
        "p(95)": 0
      }
    },
    "http_req_receiving": {
      "type": "trend",
      "contains": "time",
      "values": {
        "max": 0.669834,
        "p(50)": 0.090559,
        "p(95)": 0.14148650000000002,
        "p(99)": 0.41720060000000203,
        "avg": 0.09940412088888874,
        "min": 0.04308,
        "med": 0.090559
      }
    },
    "round_trip_count": {
      "type": "trend",
      "contains": "default",
      "values": {
        "p(95)": 1,
        "p(99)": 1,
        "avg": 1,
        "min": 1,
        "med": 1,
        "max": 1,
        "p(50)": 1
      }
    },
    "iteration_duration": {
      "type": "trend",
      "contains": "time",
      "values": {
        "med": 15.411751500000001,
        "max": 61.391102,
        "p(50)": 15.411751500000001,
        "p(95)": 19.525428950000002,
        "p(99)": 49.452504690000026,
        "avg": 16.123142784444497,
        "min": 11.35778
      }
    },
    "vus_max": {
      "contains": "default",
      "values": {
        "value": 100,
        "min": 100,
        "max": 100
      },
      "type": "gauge"
    },
    "http_reqs": {
      "type": "counter",
      "contains": "default",
      "values": {
        "count": 4500,
        "rate": 49.99933916428975
      }
    },
    "data_received": {
      "type": "counter",
      "contains": "data",
      "values": {
        "count": 4046379,
        "rate": 44959.17244627991
      }
    },
    "vus": {
      "type": "gauge",
      "contains": "default",
      "values": {
        "value": 1,
        "min": 1,
        "max": 3
      }
    },
    "http_req_duration{expected_response:true}": {
      "type": "trend",
      "contains": "time",
      "values": {
        "avg": 15.256110908000013,
        "min": 10.764555,
        "med": 14.636018,
        "max": 59.517777,
        "p(50)": 14.636018,
        "p(95)": 17.892015000000004,
        "p(99)": 48.92770049
      }
    },
    "http_req_waiting": {
      "contains": "time",
      "values": {
        "p(50)": 14.506649,
        "p(95)": 17.755572450000003,
        "p(99)": 48.271276180000015,
        "avg": 15.123643643555567,
        "min": 10.631567,
        "med": 14.506649,
        "max": 59.151599
      },
      "type": "trend"
    },
    "payload_bytes": {
      "type": "trend",
      "contains": "default",
      "values": {
        "min": 147,
        "med": 786,
        "max": 815,
        "p(50)": 786,
        "p(95)": 803,
        "p(99)": 809,
        "avg": 638.1953333333333
      }
    },
    "iterations": {
      "type": "counter",
      "contains": "default",
      "values": {
        "count": 4500,
        "rate": 49.99933916428975
      }
    }
  },
  "root_group": {
    "name": "",
    "path": "",
    "id": "d41d8cd98f00b204e9800998ecf8427e",
    "groups": [],
    "checks": [
        {
          "passes": 4500,
          "fails": 0,
          "name": "status is 200",
          "path": "::status is 200",
          "id": "6210a8cd14cd70477eba5c5e4cb3fb5f"
        },
        {
          "name": "no graphql errors",
          "path": "::no graphql errors",
          "id": "7c29382b2a87caa2e50f0d89170b649f",
          "passes": 4500,
          "fails": 0
        }
      ]
  },
  "options": {
    "summaryTrendStats": [
      "avg",
      "min",
      "med",
      "max",
      "p(50)",
      "p(95)",
      "p(99)"
    ],
    "summaryTimeUnit": "",
    "noColor": false
  },
  "state": {
    "isStdOutTTY": false,
    "isStdErrTTY": false,
    "testRunDurationMs": 90001.18952
  }
}