{
  "state": {
    "isStdOutTTY": false,
    "isStdErrTTY": false,
    "testRunDurationMs": 90008.627903
  },
  "metrics": {
    "http_reqs": {
      "type": "counter",
      "contains": "default",
      "values": {
        "rate": 17.009480487247504,
        "count": 1531
      }
    },
    "http_req_blocked": {
      "type": "trend",
      "contains": "time",
      "values": {
        "p(95)": 0.016329999999999997,
        "p(99)": 5.589543700000007,
        "avg": 0.127883262573481,
        "min": 0.00436,
        "med": 0.00731,
        "max": 7.029491,
        "p(50)": 0.00731
      }
    },
    "http_req_connecting": {
      "type": "trend",
      "contains": "time",
      "values": {
        "med": 0,
        "max": 6.939281,
        "p(50)": 0,
        "p(95)": 0,
        "p(99)": 5.449454700000004,
        "avg": 0.11616766688438929,
        "min": 0
      }
    },
    "checks": {
      "type": "rate",
      "contains": "default",
      "values": {
        "rate": 1,
        "passes": 1531,
        "fails": 0
      }
    },
    "http_req_duration{expected_response:true}": {
      "type": "trend",
      "contains": "time",
      "values": {
        "max": 11.491849,
        "p(50)": 7.69748,
        "p(95)": 9.417281,
        "p(99)": 10.0864083,
        "avg": 7.673216132593092,
        "min": 3.931483,
        "med": 7.69748
      }
    },
    "http_req_duration": {
      "type": "trend",
      "contains": "time",
      "values": {
        "avg": 7.673216132593092,
        "min": 3.931483,
        "med": 7.69748,
        "max": 11.491849,
        "p(50)": 7.69748,
        "p(95)": 9.417281,
        "p(99)": 10.0864083
      }
    },
    "http_req_sending": {
      "type": "trend",
      "contains": "time",
      "values": {
        "max": 0.2055,
        "p(50)": 0.02666,
        "p(95)": 0.0558,
        "p(99)": 0.11864870000000012,
        "avg": 0.030999207054212892,
        "min": 0.01275,
        "med": 0.02666
      }
    },
    "req_latency": {
      "type": "trend",
      "contains": "default",
      "values": {
        "med": 7.69748,
        "max": 11.491849,
        "p(50)": 7.69748,
        "p(95)": 9.417281,
        "p(99)": 10.0864083,
        "avg": 7.673216132593092,
        "min": 3.931483
      }
    },
    "payload_bytes": {
      "values": {
        "min": 251,
        "med": 517,
        "max": 534,
        "p(50)": 517,
        "p(95)": 526,
        "p(99)": 530,
        "avg": 490.3625081645983
      },
      "type": "trend",
      "contains": "default"
    },
    "data_received": {
      "type": "counter",
      "contains": "data",
      "values": {
        "rate": 12780.28592147508,
        "count": 1150336
      }
    },
    "http_req_waiting": {
      "contains": "time",
      "values": {
        "max": 11.379719,
        "p(50)": 7.582076,
        "p(95)": 9.294488000000001,
        "p(99)": 9.970066600000001,
        "avg": 7.54720281776617,
        "min": 3.859803,
        "med": 7.582076
      },
      "type": "trend"
    },
    "http_req_tls_handshaking": {
      "type": "trend",
      "contains": "time",
      "values": {
        "med": 0,
        "max": 0,
        "p(50)": 0,
        "p(95)": 0,
        "p(99)": 0,
        "avg": 0,
        "min": 0
      }
    },
    "http_req_receiving": {
      "type": "trend",
      "contains": "time",
      "values": {
        "p(50)": 0.08904,
        "p(95)": 0.148775,
        "p(99)": 0.20859730000000012,
        "avg": 0.09501410777269764,
        "min": 0.04292,
        "med": 0.08904,
        "max": 0.733668
      }
    },
    "vus": {
      "values": {
        "value": 0,
        "min": 0,
        "max": 0
      },
      "type": "gauge",
      "contains": "default"
    },
    "iterations": {
      "type": "counter",
      "contains": "default",
      "values": {
        "count": 1531,
        "rate": 17.009480487247504
      }
    },
    "page_latency": {
      "type": "trend",
      "contains": "default",
      "values": {
        "min": 3.931483,
        "med": 7.69748,
        "max": 11.491849,
        "p(50)": 7.69748,
        "p(95)": 9.417281,
        "p(99)": 10.0864083,
        "avg": 7.673216132593092
      }
    },
    "http_req_failed": {
      "type": "rate",
      "contains": "default",
      "values": {
        "rate": 0,
        "passes": 0,
        "fails": 1531
      }
    },
    "round_trip_count": {
      "type": "trend",
      "contains": "default",
      "values": {
        "med": 1,
        "max": 1,
        "p(50)": 1,
        "p(95)": 1,
        "p(99)": 1,
        "avg": 1,
        "min": 1
      }
    },
    "data_sent": {
      "type": "counter",
      "contains": "data",
      "values": {
        "count": 155905,
        "rate": 1732.1117278669644
      }
    },
    "vus_max": {
      "contains": "default",
      "values": {
        "value": 34,
        "min": 34,
        "max": 34
      },
      "type": "gauge"
    },
    "iteration_duration": {
      "type": "trend",
      "contains": "time",
      "values": {
        "p(50)": 8.144475,
        "p(95)": 10.1101925,
        "p(99)": 13.559195,
        "avg": 8.207169184193338,
        "min": 4.207952,
        "med": 8.144475,
        "max": 17.504018
      }
    }
  },
  "root_group": {
    "id": "d41d8cd98f00b204e9800998ecf8427e",
    "groups": [],
    "checks": [
        {
          "name": "status is 200",
          "path": "::status is 200",
          "id": "6210a8cd14cd70477eba5c5e4cb3fb5f",
          "passes": 1531,
          "fails": 0
        }
      ],
    "name": "",
    "path": ""
  },
  "options": {
    "summaryTrendStats": [
      "avg",
      "min",
      "med",
      "max",
      "p(50)",
      "p(95)",
      "p(99)"
    ],
    "summaryTimeUnit": "",
    "noColor": false
  }
}