{
  "state": {
    "isStdOutTTY": false,
    "isStdErrTTY": false,
    "testRunDurationMs": 90001.310651
  },
  "metrics": {
    "http_req_blocked": {
      "type": "trend",
      "contains": "time",
      "values": {
        "p(50)": 0.0064,
        "p(95)": 0.015286049999999936,
        "p(99)": 5.379053899999997,
        "avg": 0.12642709288888848,
        "min": 0.00402,
        "med": 0.0064,
        "max": 7.428072
      }
    },
    "req_latency": {
      "type": "trend",
      "contains": "default",
      "values": {
        "p(99)": 15.226143589999985,
        "avg": 11.045961045333303,
        "min": 7.029066,
        "med": 10.7641965,
        "max": 54.650722,
        "p(50)": 10.7641965,
        "p(95)": 13.412197899999997
      }
    },
    "checks": {
      "type": "rate",
      "contains": "default",
      "values": {
        "rate": 1,
        "passes": 4500,
        "fails": 0
      }
    },
    "iteration_duration": {
      "values": {
        "min": 7.509102,
        "med": 11.2497575,
        "max": 54.98571,
        "p(50)": 11.2497575,
        "p(95)": 14.637149449999999,
        "p(99)": 18.52730720999999,
        "avg": 11.638891499999986
      },
      "type": "trend",
      "contains": "time"
    },
    "http_req_sending": {
      "type": "trend",
      "contains": "time",
      "values": {
        "max": 0.225668,
        "p(50)": 0.025785000000000002,
        "p(95)": 0.052390999999999986,
        "p(99)": 0.1341416999999998,
        "avg": 0.03072886977777773,
        "min": 0.01169,
        "med": 0.025785000000000002
      }
    },
    "http_req_receiving": {
      "type": "trend",
      "contains": "time",
      "values": {
        "max": 0.365817,
        "p(50)": 0.08589,
        "p(95)": 0.13030949999999997,
        "p(99)": 0.18358709999999995,
        "avg": 0.09174489777777807,
        "min": 0.045219,
        "med": 0.08589
      }
    },
    "data_received": {
      "type": "counter",
      "contains": "data",
      "values": {
        "count": 777050,
        "rate": 8633.763157218715
      }
    },
    "vus": {
      "type": "gauge",
      "contains": "default",
      "values": {
        "max": 0,
        "value": 0,
        "min": 0
      }
    },
    "payload_bytes": {
      "type": "trend",
      "contains": "default",
      "values": {
        "avg": 85.30355555555556,
        "min": 72,
        "med": 72,
        "max": 307,
        "p(50)": 72,
        "p(95)": 122,
        "p(99)": 122
      }
    },
    "round_trip_count": {
      "type": "trend",
      "contains": "default",
      "values": {
        "p(50)": 1,
        "p(95)": 1,
        "p(99)": 1,
        "avg": 1,
        "min": 1,
        "med": 1,
        "max": 1
      }
    },
    "iterations": {
      "type": "counter",
      "contains": "default",
      "values": {
        "count": 2250,
        "rate": 24.999635935579573
      }
    },
    "vus_max": {
      "type": "gauge",
      "contains": "default",
      "values": {
        "value": 50,
        "min": 50,
        "max": 50
      }
    },
    "http_reqs": {
      "type": "counter",
      "contains": "default",
      "values": {
        "count": 2250,
        "rate": 24.999635935579573
      }
    },
    "http_req_tls_handshaking": {
      "type": "trend",
      "contains": "time",
      "values": {
        "med": 0,
        "max": 0,
        "p(50)": 0,
        "p(95)": 0,
        "p(99)": 0,
        "avg": 0,
        "min": 0
      }
    },
    "http_req_duration": {
      "type": "trend",
      "contains": "time",
      "values": {
        "p(95)": 13.412197899999997,
        "p(99)": 15.226143589999985,
        "avg": 11.045961045333303,
        "min": 7.029066,
        "med": 10.7641965,
        "max": 54.650722,
        "p(50)": 10.7641965
      }
    },
    "http_req_failed": {
      "type": "rate",
      "contains": "default",
      "values": {
        "rate": 0,
        "passes": 0,
        "fails": 2250
      }
    },
    "http_req_connecting": {
      "contains": "time",
      "values": {
        "p(50)": 0,
        "p(95)": 0,
        "p(99)": 5.274407299999998,
        "avg": 0.11680298844444446,
        "min": 0,
        "med": 0,
        "max": 7.342582
      },
      "type": "trend"
    },
    "http_req_waiting": {
      "type": "trend",
      "contains": "time",
      "values": {
        "p(99)": 15.133655179999993,
        "avg": 10.923487277777813,
        "min": 6.906937,
        "med": 10.646397,
        "max": 54.357634,
        "p(50)": 10.646397,
        "p(95)": 13.292426599999999
      }
    },
    "data_sent": {
      "type": "counter",
      "contains": "data",
      "values": {
        "count": 598493,
        "rate": 6649.825382219034
      }
    },
    "http_req_duration{expected_response:true}": {
      "type": "trend",
      "contains": "time",
      "values": {
        "avg": 11.045961045333303,
        "min": 7.029066,
        "med": 10.7641965,
        "max": 54.650722,
        "p(50)": 10.7641965,
        "p(95)": 13.412197899999997,
        "p(99)": 15.226143589999985
      }
    }
  },
  "root_group": {
    "name": "",
    "path": "",
    "id": "d41d8cd98f00b204e9800998ecf8427e",
    "groups": [],
    "checks": [
        {
          "name": "status is 200",
          "path": "::status is 200",
          "id": "6210a8cd14cd70477eba5c5e4cb3fb5f",
          "passes": 2250,
          "fails": 0
        },
        {
          "name": "no graphql errors",
          "path": "::no graphql errors",
          "id": "7c29382b2a87caa2e50f0d89170b649f",
          "passes": 2250,
          "fails": 0
        }
      ]
  },
  "options": {
    "summaryTrendStats": [
      "avg",
      "min",
      "med",
      "max",
      "p(50)",
      "p(95)",
      "p(99)"
    ],
    "summaryTimeUnit": "",
    "noColor": false
  }
}