{
  "state": {
    "isStdOutTTY": false,
    "isStdErrTTY": false,
    "testRunDurationMs": 90002.027654
  },
  "metrics": {
    "checks": {
      "type": "rate",
      "contains": "default",
      "values": {
        "rate": 1,
        "passes": 6660,
        "fails": 0
      }
    },
    "http_req_blocked": {
      "type": "trend",
      "contains": "time",
      "values": {
        "p(99)": 5.678584289999994,
        "avg": 0.1328308513513509,
        "min": 0.00463,
        "med": 0.0074,
        "max": 21.529026,
        "p(50)": 0.0074,
        "p(95)": 0.01701199999999997
      }
    },
    "http_req_sending": {
      "type": "trend",
      "contains": "time",
      "values": {
        "min": 0.01178,
        "med": 0.026759,
        "max": 0.885362,
        "p(50)": 0.026759,
        "p(95)": 0.051665499999999615,
        "p(99)": 0.109487,
        "avg": 0.030797866816816778
      }
    },
    "iterations": {
      "type": "counter",
      "contains": "default",
      "values": {
        "rate": 73.99833285538213,
        "count": 6660
      }
    },
    "round_trip_count": {
      "type": "trend",
      "contains": "default",
      "values": {
        "p(99)": 1,
        "avg": 1,
        "min": 1,
        "med": 1,
        "max": 1,
        "p(50)": 1,
        "p(95)": 1
      }
    },
    "http_req_receiving": {
      "type": "trend",
      "contains": "time",
      "values": {
        "avg": 0.14811796501501512,
        "min": 0.046769,
        "med": 0.105178,
        "max": 10.837686,
        "p(50)": 0.105178,
        "p(95)": 0.16308605,
        "p(99)": 0.26814808999999995
      }
    },
    "data_sent": {
      "type": "counter",
      "contains": "data",
      "values": {
        "count": 981532,
        "rate": 10905.665412043385
      }
    },
    "data_received": {
      "contains": "data",
      "values": {
        "count": 55473891,
        "rate": 616362.6803305086
      },
      "type": "counter"
    },
    "payload_bytes": {
      "type": "trend",
      "contains": "default",
      "values": {
        "med": 7582,
        "max": 29291,
        "p(50)": 7582,
        "p(95)": 12221,
        "p(99)": 13025,
        "avg": 8067.183783783784,
        "min": 5330
      }
    },
    "http_req_tls_handshaking": {
      "contains": "time",
      "values": {
        "p(99)": 0,
        "avg": 0,
        "min": 0,
        "med": 0,
        "max": 0,
        "p(50)": 0,
        "p(95)": 0
      },
      "type": "trend"
    },
    "http_req_waiting": {
      "type": "trend",
      "contains": "time",
      "values": {
        "avg": 8.49341850495493,
        "min": 3.900751,
        "med": 8.45242,
        "max": 36.034058,
        "p(50)": 8.45242,
        "p(95)": 10.418762899999999,
        "p(99)": 11.254592519999997
      }
    },
    "http_req_failed": {
      "values": {
        "rate": 0,
        "passes": 0,
        "fails": 6660
      },
      "type": "rate",
      "contains": "default"
    },
    "vus": {
      "type": "gauge",
      "contains": "default",
      "values": {
        "value": 1,
        "min": 1,
        "max": 2
      }
    },
    "req_latency": {
      "contains": "default",
      "values": {
        "max": 36.191585,
        "p(50)": 8.602212,
        "p(95)": 10.623712349999998,
        "p(99)": 11.83560595,
        "avg": 8.672334336786793,
        "min": 3.997048,
        "med": 8.602212
      },
      "type": "trend"
    },
    "http_req_connecting": {
      "values": {
        "avg": 0.12213125885885891,
        "min": 0,
        "med": 0,
        "max": 21.457348,
        "p(50)": 0,
        "p(95)": 0,
        "p(99)": 5.595411899999997
      },
      "type": "trend",
      "contains": "time"
    },
    "http_req_duration{expected_response:true}": {
      "type": "trend",
      "contains": "time",
      "values": {
        "p(99)": 11.83560595,
        "avg": 8.672334336786793,
        "min": 3.997048,
        "med": 8.602212,
        "max": 36.191585,
        "p(50)": 8.602212,
        "p(95)": 10.623712349999998
      }
    },
    "iteration_duration": {
      "type": "trend",
      "contains": "time",
      "values": {
        "p(99)": 16.137397339999996,
        "avg": 9.13425309189189,
        "min": 4.253573,
        "med": 8.944838,
        "max": 36.570057,
        "p(50)": 8.944838,
        "p(95)": 11.341352949999997
      }
    },
    "http_reqs": {
      "type": "counter",
      "contains": "default",
      "values": {
        "count": 6660,
        "rate": 73.99833285538213
      }
    },
    "vus_max": {
      "values": {
        "max": 148,
        "value": 148,
        "min": 148
      },
      "type": "gauge",
      "contains": "default"
    },
    "http_req_duration": {
      "type": "trend",
      "contains": "time",
      "values": {
        "p(99)": 11.83560595,
        "avg": 8.672334336786793,
        "min": 3.997048,
        "med": 8.602212,
        "max": 36.191585,
        "p(50)": 8.602212,
        "p(95)": 10.623712349999998
      }
    }
  },
  "root_group": {
    "name": "",
    "path": "",
    "id": "d41d8cd98f00b204e9800998ecf8427e",
    "groups": [],
    "checks": [
        {
          "name": "status is 200",
          "path": "::status is 200",
          "id": "6210a8cd14cd70477eba5c5e4cb3fb5f",
          "passes": 6660,
          "fails": 0
        }
      ]
  },
  "options": {
    "summaryTrendStats": [
      "avg",
      "min",
      "med",
      "max",
      "p(50)",
      "p(95)",
      "p(99)"
    ],
    "summaryTimeUnit": "",
    "noColor": false
  }
}