{
  "state": {
    "isStdOutTTY": false,
    "isStdErrTTY": false,
    "testRunDurationMs": 90001.343147
  },
  "metrics": {
    "http_req_waiting": {
      "type": "trend",
      "contains": "time",
      "values": {
        "min": 10.568462,
        "med": 14.56426,
        "max": 51.687336,
        "p(50)": 14.56426,
        "p(95)": 17.430327549999998,
        "p(99)": 19.388528589999954,
        "avg": 14.884970289777776
      }
    },
    "page_latency": {
      "type": "trend",
      "contains": "default",
      "values": {
        "max": 51.982685,
        "p(50)": 14.6941305,
        "p(95)": 17.56591895,
        "p(99)": 19.52425679999996,
        "avg": 15.01517656888892,
        "min": 10.684332,
        "med": 14.6941305
      }
    },
    "data_sent": {
      "type": "counter",
      "contains": "data",
      "values": {
        "rate": 7385.845330266691,
        "count": 664736
      }
    },
    "http_req_connecting": {
      "contains": "time",
      "values": {
        "avg": 0.11698274844444442,
        "min": 0,
        "med": 0,
        "max": 7.619168,
        "p(50)": 0,
        "p(95)": 0,
        "p(99)": 5.21415189999999
      },
      "type": "trend"
    },
    "http_req_blocked": {
      "type": "trend",
      "contains": "time",
      "values": {
        "avg": 0.12718107244444463,
        "min": 0.00417,
        "med": 0.00707,
        "max": 7.711378,
        "p(50)": 0.00707,
        "p(95)": 0.014152499999999905,
        "p(99)": 5.342788499999991
      }
    },
    "iterations": {
      "contains": "default",
      "values": {
        "count": 2250,
        "rate": 24.999626909179064
      },
      "type": "counter"
    },
    "vus_max": {
      "type": "gauge",
      "contains": "default",
      "values": {
        "max": 50,
        "value": 50,
        "min": 50
      }
    },
    "vus": {
      "type": "gauge",
      "contains": "default",
      "values": {
        "value": 1,
        "min": 0,
        "max": 1
      }
    },
    "http_req_tls_handshaking": {
      "values": {
        "p(50)": 0,
        "p(95)": 0,
        "p(99)": 0,
        "avg": 0,
        "min": 0,
        "med": 0,
        "max": 0
      },
      "type": "trend",
      "contains": "time"
    },
    "payload_bytes": {
      "type": "trend",
      "contains": "default",
      "values": {
        "p(99)": 809,
        "avg": 640.3071111111111,
        "min": 149,
        "med": 786,
        "max": 815,
        "p(50)": 786,
        "p(95)": 802
      }
    },
    "iteration_duration": {
      "type": "trend",
      "contains": "time",
      "values": {
        "p(50)": 15.5058595,
        "p(95)": 18.973538099999995,
        "p(99)": 22.95558117999998,
        "avg": 15.91787730177778,
        "min": 11.495999,
        "med": 15.5058595,
        "max": 52.774044
      }
    },
    "http_req_sending": {
      "values": {
        "max": 0.196411,
        "p(50)": 0.028354499999999998,
        "p(95)": 0.059594499999999946,
        "p(99)": 0.11842529999999976,
        "avg": 0.03331602133333322,
        "min": 0.01251,
        "med": 0.028354499999999998
      },
      "type": "trend",
      "contains": "time"
    },
    "req_latency": {
      "type": "trend",
      "contains": "default",
      "values": {
        "max": 51.982685,
        "p(50)": 14.6941305,
        "p(95)": 17.56591895,
        "p(99)": 19.52425679999996,
        "avg": 15.01517656888892,
        "min": 10.684332,
        "med": 14.6941305
      }
    },
    "http_reqs": {
      "contains": "default",
      "values": {
        "rate": 24.999626909179064,
        "count": 2250
      },
      "type": "counter"
    },
    "http_req_duration": {
      "contains": "time",
      "values": {
        "p(50)": 14.6941305,
        "p(95)": 17.56591895,
        "p(99)": 19.52425679999996,
        "avg": 15.01517656888892,
        "min": 10.684332,
        "med": 14.6941305,
        "max": 51.982685
      },
      "type": "trend"
    },
    "round_trip_count": {
      "values": {
        "p(50)": 1,
        "p(95)": 1,
        "p(99)": 1,
        "avg": 1,
        "min": 1,
        "med": 1,
        "max": 1
      },
      "type": "trend",
      "contains": "default"
    },
    "http_req_duration{expected_response:true}": {
      "type": "trend",
      "contains": "time",
      "values": {
        "med": 14.6941305,
        "max": 51.982685,
        "p(50)": 14.6941305,
        "p(95)": 17.56591895,
        "p(99)": 19.52425679999996,
        "avg": 15.01517656888892,
        "min": 10.684332
      }
    },
    "http_req_failed": {
      "values": {
        "rate": 0,
        "passes": 0,
        "fails": 2250
      },
      "type": "rate",
      "contains": "default"
    },
    "checks": {
      "type": "rate",
      "contains": "default",
      "values": {
        "rate": 1,
        "passes": 4500,
        "fails": 0
      }
    },
    "data_received": {
      "type": "counter",
      "contains": "data",
      "values": {
        "rate": 22532.34150836778,
        "count": 2027941
      }
    },
    "http_req_receiving": {
      "type": "trend",
      "contains": "time",
      "values": {
        "p(95)": 0.141341,
        "p(99)": 0.19276729999999995,
        "avg": 0.09689025777777788,
        "min": 0.04236,
        "med": 0.0917045,
        "max": 1.034499,
        "p(50)": 0.0917045
      }
    }
  },
  "root_group": {
    "path": "",
    "id": "d41d8cd98f00b204e9800998ecf8427e",
    "groups": [],
    "checks": [
        {
          "id": "6210a8cd14cd70477eba5c5e4cb3fb5f",
          "passes": 2250,
          "fails": 0,
          "name": "status is 200",
          "path": "::status is 200"
        },
        {
          "passes": 2250,
          "fails": 0,
          "name": "no graphql errors",
          "path": "::no graphql errors",
          "id": "7c29382b2a87caa2e50f0d89170b649f"
        }
      ],
    "name": ""
  },
  "options": {
    "summaryTrendStats": [
      "avg",
      "min",
      "med",
      "max",
      "p(50)",
      "p(95)",
      "p(99)"
    ],
    "summaryTimeUnit": "",
    "noColor": false
  }
}