{
  "options": {
    "summaryTrendStats": [
      "avg",
      "min",
      "med",
      "max",
      "p(50)",
      "p(95)",
      "p(99)"
    ],
    "summaryTimeUnit": "",
    "noColor": false
  },
  "state": {
    "isStdOutTTY": false,
    "isStdErrTTY": false,
    "testRunDurationMs": 90001.84739
  },
  "metrics": {
    "http_req_failed": {
      "type": "rate",
      "contains": "default",
      "values": {
        "fails": 4500,
        "rate": 0,
        "passes": 0
      }
    },
    "http_req_connecting": {
      "type": "trend",
      "contains": "time",
      "values": {
        "p(50)": 0,
        "p(95)": 0,
        "p(99)": 5.454898110000003,
        "avg": 0.11901665933333339,
        "min": 0,
        "med": 0,
        "max": 10.918987
      }
    },
    "iteration_duration": {
      "type": "trend",
      "contains": "time",
      "values": {
        "p(95)": 9.736591950000001,
        "p(99)": 13.884785600000008,
        "avg": 7.844495486222233,
        "min": 4.12344,
        "med": 7.7099665,
        "max": 19.001778,
        "p(50)": 7.7099665
      }
    },
    "http_req_duration": {
      "contains": "time",
      "values": {
        "med": 7.3617075,
        "max": 11.246543,
        "p(50)": 7.3617075,
        "p(95)": 9.131735100000002,
        "p(99)": 9.861853810000003,
        "avg": 7.38034518888889,
        "min": 3.87716
      },
      "type": "trend"
    },
    "req_latency": {
      "type": "trend",
      "contains": "default",
      "values": {
        "p(99)": 9.861853810000003,
        "avg": 7.38034518888889,
        "min": 3.87716,
        "med": 7.3617075,
        "max": 11.246543,
        "p(50)": 7.3617075,
        "p(95)": 9.131735100000002
      }
    },
    "data_received": {
      "values": {
        "count": 4248479,
        "rate": 47204.35327944217
      },
      "type": "counter",
      "contains": "data"
    },
    "vus": {
      "type": "gauge",
      "contains": "default",
      "values": {
        "min": 1,
        "max": 1,
        "value": 1
      }
    },
    "checks": {
      "type": "rate",
      "contains": "default",
      "values": {
        "rate": 1,
        "passes": 4500,
        "fails": 0
      }
    },
    "payload_bytes": {
      "type": "trend",
      "contains": "default",
      "values": {
        "p(99)": 2454,
        "avg": 682.7748888888889,
        "min": 128,
        "med": 431,
        "max": 2571,
        "p(50)": 431,
        "p(95)": 1799
      }
    },
    "vus_max": {
      "type": "gauge",
      "contains": "default",
      "values": {
        "max": 100,
        "value": 100,
        "min": 100
      }
    },
    "http_reqs": {
      "contains": "default",
      "values": {
        "count": 4500,
        "rate": 49.99897369328877
      },
      "type": "counter"
    },
    "http_req_tls_handshaking": {
      "contains": "time",
      "values": {
        "p(99)": 0,
        "avg": 0,
        "min": 0,
        "med": 0,
        "max": 0,
        "p(50)": 0,
        "p(95)": 0
      },
      "type": "trend"
    },
    "http_req_sending": {
      "type": "trend",
      "contains": "time",
      "values": {
        "min": 0.01092,
        "med": 0.026994999999999998,
        "max": 0.193479,
        "p(50)": 0.026994999999999998,
        "p(95)": 0.06194145000000001,
        "p(99)": 0.12278890000000021,
        "avg": 0.03173320022222219
      }
    },
    "http_req_receiving": {
      "values": {
        "p(50)": 0.09275449999999999,
        "p(95)": 0.13764095,
        "p(99)": 0.17590490000000014,
        "avg": 0.09744385977777778,
        "min": 0.04398,
        "med": 0.09275449999999999,
        "max": 0.379738
      },
      "type": "trend",
      "contains": "time"
    },
    "http_req_waiting": {
      "type": "trend",
      "contains": "time",
      "values": {
        "avg": 7.251168128888896,
        "min": 3.735011,
        "med": 7.2369785,
        "max": 11.138905,
        "p(50)": 7.2369785,
        "p(95)": 9.0071517,
        "p(99)": 9.738269950000001
      }
    },
    "round_trip_count": {
      "contains": "default",
      "values": {
        "min": 1,
        "med": 1,
        "max": 1,
        "p(50)": 1,
        "p(95)": 1,
        "p(99)": 1,
        "avg": 1
      },
      "type": "trend"
    },
    "iterations": {
      "type": "counter",
      "contains": "default",
      "values": {
        "count": 4500,
        "rate": 49.99897369328877
      }
    },
    "http_req_blocked": {
      "type": "trend",
      "contains": "time",
      "values": {
        "p(50)": 0.00746,
        "p(95)": 0.0226205,
        "p(99)": 5.567876400000002,
        "avg": 0.1299925695555548,
        "min": 0.00423,
        "med": 0.00746,
        "max": 11.006427
      }
    },
    "data_sent": {
      "type": "counter",
      "contains": "data",
      "values": {
        "count": 799058,
        "rate": 8878.239982535986
      }
    },
    "http_req_duration{expected_response:true}": {
      "type": "trend",
      "contains": "time",
      "values": {
        "p(95)": 9.131735100000002,
        "p(99)": 9.861853810000003,
        "avg": 7.38034518888889,
        "min": 3.87716,
        "med": 7.3617075,
        "max": 11.246543,
        "p(50)": 7.3617075
      }
    }
  },
  "root_group": {
    "name": "",
    "path": "",
    "id": "d41d8cd98f00b204e9800998ecf8427e",
    "groups": [],
    "checks": [
        {
          "name": "status is 200",
          "path": "::status is 200",
          "id": "6210a8cd14cd70477eba5c5e4cb3fb5f",
          "passes": 4500,
          "fails": 0
        }
      ]
  }
}