{
  "state": {
    "testRunDurationMs": 90001.411616,
    "isStdOutTTY": false,
    "isStdErrTTY": false
  },
  "metrics": {
    "http_req_duration{expected_response:true}": {
      "type": "trend",
      "contains": "time",
      "values": {
        "max": 20.937586,
        "p(50)": 8.340202,
        "p(95)": 10.265944999999999,
        "p(99)": 11.123581899999996,
        "avg": 8.387647539111098,
        "min": 4.798848,
        "med": 8.340202
      }
    },
    "checks": {
      "contains": "default",
      "values": {
        "rate": 1,
        "passes": 2250,
        "fails": 0
      },
      "type": "rate"
    },
    "round_trip_count": {
      "type": "trend",
      "contains": "default",
      "values": {
        "med": 1,
        "max": 1,
        "p(50)": 1,
        "p(95)": 1,
        "p(99)": 1,
        "avg": 1,
        "min": 1
      }
    },
    "http_req_sending": {
      "values": {
        "p(99)": 0.11636099999999974,
        "avg": 0.029591412444444496,
        "min": 0.01097,
        "med": 0.0257,
        "max": 0.18898,
        "p(50)": 0.0257,
        "p(95)": 0.04997249999999996
      },
      "type": "trend",
      "contains": "time"
    },
    "http_req_tls_handshaking": {
      "type": "trend",
      "contains": "time",
      "values": {
        "max": 0,
        "p(50)": 0,
        "p(95)": 0,
        "p(99)": 0,
        "avg": 0,
        "min": 0,
        "med": 0
      }
    },
    "http_req_blocked": {
      "type": "trend",
      "contains": "time",
      "values": {
        "avg": 0.13373943244444406,
        "min": 0.00405,
        "med": 0.00737,
        "max": 8.238944,
        "p(50)": 0.00737,
        "p(95)": 0.022575499999999943,
        "p(99)": 5.567542109999995
      }
    },
    "http_req_waiting": {
      "type": "trend",
      "contains": "time",
      "values": {
        "p(95)": 10.136698049999998,
        "p(99)": 10.961553199999996,
        "avg": 8.256348034666656,
        "min": 4.684359,
        "med": 8.2100885,
        "max": 20.821676,
        "p(50)": 8.2100885
      }
    },
    "req_latency": {
      "type": "trend",
      "contains": "default",
      "values": {
        "avg": 8.387647539111098,
        "min": 4.798848,
        "med": 8.340202,
        "max": 20.937586,
        "p(50)": 8.340202,
        "p(95)": 10.265944999999999,
        "p(99)": 11.123581899999996
      }
    },
    "http_req_failed": {
      "type": "rate",
      "contains": "default",
      "values": {
        "rate": 0,
        "passes": 0,
        "fails": 2250
      }
    },
    "payload_bytes": {
      "type": "trend",
      "contains": "default",
      "values": {
        "avg": 210.024,
        "min": 111,
        "med": 211,
        "max": 292,
        "p(50)": 211,
        "p(95)": 238,
        "p(99)": 263
      }
    },
    "http_req_connecting": {
      "type": "trend",
      "contains": "time",
      "values": {
        "avg": 0.12266081377777778,
        "min": 0,
        "med": 0,
        "max": 8.125314,
        "p(50)": 0,
        "p(95)": 0,
        "p(99)": 5.458220409999992
      }
    },
    "data_received": {
      "type": "counter",
      "contains": "data",
      "values": {
        "count": 1059804,
        "rate": 11775.415307059398
      }
    },
    "iteration_duration": {
      "contains": "time",
      "values": {
        "p(95)": 10.905085549999997,
        "p(99)": 14.828486899999989,
        "avg": 8.852757142666684,
        "min": 5.106738,
        "med": 8.716384999999999,
        "max": 21.330514,
        "p(50)": 8.716384999999999
      },
      "type": "trend"
    },
    "http_req_receiving": {
      "type": "trend",
      "contains": "time",
      "values": {
        "avg": 0.10170809200000004,
        "min": 0.042079,
        "med": 0.09336,
        "max": 0.661327,
        "p(50)": 0.09336,
        "p(95)": 0.16544999999999999,
        "p(99)": 0.22016609999999995
      }
    },
    "data_sent": {
      "type": "counter",
      "contains": "data",
      "values": {
        "count": 212350,
        "rate": 2359.407438030111
      }
    },
    "iterations": {
      "type": "counter",
      "contains": "default",
      "values": {
        "count": 2250,
        "rate": 24.999607890594532
      }
    },
    "vus_max": {
      "type": "gauge",
      "contains": "default",
      "values": {
        "value": 50,
        "min": 50,
        "max": 50
      }
    },
    "http_req_duration": {
      "type": "trend",
      "contains": "time",
      "values": {
        "min": 4.798848,
        "med": 8.340202,
        "max": 20.937586,
        "p(50)": 8.340202,
        "p(95)": 10.265944999999999,
        "p(99)": 11.123581899999996,
        "avg": 8.387647539111098
      }
    },
    "vus": {
      "type": "gauge",
      "contains": "default",
      "values": {
        "min": 0,
        "max": 1,
        "value": 1
      }
    },
    "http_reqs": {
      "type": "counter",
      "contains": "default",
      "values": {
        "count": 2250,
        "rate": 24.999607890594532
      }
    }
  },
  "root_group": {
    "checks": [
      {
        "name": "status is 200",
        "path": "::status is 200",
        "id": "6210a8cd14cd70477eba5c5e4cb3fb5f",
        "passes": 2250,
        "fails": 0
      }
    ],
    "name": "",
    "path": "",
    "id": "d41d8cd98f00b204e9800998ecf8427e",
    "groups": []
  },
  "options": {
    "summaryTrendStats": [
      "avg",
      "min",
      "med",
      "max",
      "p(50)",
      "p(95)",
      "p(99)"
    ],
    "summaryTimeUnit": "",
    "noColor": false
  }
}