{
  "metrics": {
    "http_req_connecting": {
      "values": {
        "p(50)": 0,
        "p(95)": 0,
        "p(99)": 0,
        "avg": 0.025312975555555554,
        "min": 0,
        "med": 0,
        "max": 11.873264
      },
      "type": "trend",
      "contains": "time"
    },
    "http_req_duration": {
      "type": "trend",
      "contains": "time",
      "values": {
        "min": 3.09349,
        "med": 7.462303,
        "max": 32.194542,
        "p(50)": 7.462303,
        "p(95)": 9.3534495,
        "p(99)": 10.2759721,
        "avg": 7.527377992614401
      }
    },
    "payload_bytes": {
      "type": "trend",
      "contains": "default",
      "values": {
        "p(95)": 526,
        "p(99)": 529,
        "avg": 488.5318954248366,
        "min": 251,
        "med": 517,
        "max": 536,
        "p(50)": 517
      }
    },
    "http_req_tls_handshaking": {
      "type": "trend",
      "contains": "time",
      "values": {
        "min": 0,
        "med": 0,
        "max": 0,
        "p(50)": 0,
        "p(95)": 0,
        "p(99)": 0,
        "avg": 0
      }
    },
    "data_received": {
      "type": "counter",
      "contains": "data",
      "values": {
        "count": 11467838,
        "rate": 127406.6195170934
      }
    },
    "iteration_duration": {
      "contains": "time",
      "values": {
        "avg": 39.009906186274456,
        "min": 29.713939,
        "med": 38.9278465,
        "max": 68.796611,
        "p(50)": 38.9278465,
        "p(95)": 43.530711000000004,
        "p(99)": 46.680548419999994
      },
      "type": "trend"
    },
    "http_req_blocked": {
      "type": "trend",
      "contains": "time",
      "values": {
        "p(50)": 0.00655,
        "p(95)": 0.01071,
        "p(99)": 0.04029,
        "avg": 0.033226394771241285,
        "min": 0.00286,
        "med": 0.00655,
        "max": 12.030764
      }
    },
    "req_latency": {
      "type": "trend",
      "contains": "default",
      "values": {
        "min": 3.09349,
        "med": 7.462303,
        "max": 32.194542,
        "p(50)": 7.462303,
        "p(95)": 9.3534495,
        "p(99)": 10.2759721,
        "avg": 7.527377992614401
      }
    },
    "http_req_failed": {
      "type": "rate",
      "contains": "default",
      "values": {
        "fails": 15300,
        "rate": 0,
        "passes": 0
      }
    },
    "checks": {
      "type": "rate",
      "contains": "default",
      "values": {
        "fails": 0,
        "rate": 1,
        "passes": 15300
      }
    },
    "http_req_waiting": {
      "type": "trend",
      "contains": "time",
      "values": {
        "max": 32.097962,
        "p(50)": 7.3460075,
        "p(95)": 9.22044755,
        "p(99)": 10.12900479,
        "avg": 7.410688617450984,
        "min": 2.948091,
        "med": 7.3460075
      }
    },
    "http_req_receiving": {
      "type": "trend",
      "contains": "time",
      "values": {
        "min": 0.0415,
        "med": 0.0860645,
        "max": 2.364974,
        "p(50)": 0.0860645,
        "p(95)": 0.16627055,
        "p(99)": 0.32700140000000005,
        "avg": 0.09437983849673222
      }
    },
    "page_latency": {
      "values": {
        "p(99)": 44.460535089999986,
        "avg": 37.63688996307191,
        "min": 28.681931,
        "med": 37.6658405,
        "max": 67.657714,
        "p(50)": 37.6658405,
        "p(95)": 41.50762595
      },
      "type": "trend",
      "contains": "default"
    },
    "http_req_duration{expected_response:true}": {
      "type": "trend",
      "contains": "time",
      "values": {
        "p(99)": 10.2759721,
        "avg": 7.527377992614401,
        "min": 3.09349,
        "med": 7.462303,
        "max": 32.194542,
        "p(50)": 7.462303,
        "p(95)": 9.3534495
      }
    },
    "round_trip_count": {
      "type": "trend",
      "contains": "default",
      "values": {
        "p(99)": 5,
        "avg": 5,
        "min": 5,
        "med": 5,
        "max": 5,
        "p(50)": 5,
        "p(95)": 5
      }
    },
    "iterations": {
      "type": "counter",
      "contains": "default",
      "values": {
        "count": 3060,
        "rate": 33.99631697991424
      }
    },
    "http_req_sending": {
      "type": "trend",
      "contains": "time",
      "values": {
        "p(99)": 0.07117410000000009,
        "avg": 0.022309536666666813,
        "min": 0.00807,
        "med": 0.019514999999999998,
        "max": 2.912421,
        "p(50)": 0.019514999999999998,
        "p(95)": 0.042010949999999984
      }
    },
    "data_sent": {
      "contains": "data",
      "values": {
        "count": 1557805,
        "rate": 17307.06946826644
      },
      "type": "counter"
    },
    "vus_max": {
      "type": "gauge",
      "contains": "default",
      "values": {
        "value": 68,
        "min": 68,
        "max": 68
      }
    },
    "http_reqs": {
      "type": "counter",
      "contains": "default",
      "values": {
        "rate": 169.98158489957123,
        "count": 15300
      }
    },
    "vus": {
      "type": "gauge",
      "contains": "default",
      "values": {
        "max": 2,
        "value": 2,
        "min": 1
      }
    }
  },
  "root_group": {
    "groups": [],
    "checks": [
        {
          "name": "status is 200",
          "path": "::status is 200",
          "id": "6210a8cd14cd70477eba5c5e4cb3fb5f",
          "passes": 15300,
          "fails": 0
        }
      ],
    "name": "",
    "path": "",
    "id": "d41d8cd98f00b204e9800998ecf8427e"
  },
  "options": {
    "summaryTrendStats": [
      "avg",
      "min",
      "med",
      "max",
      "p(50)",
      "p(95)",
      "p(99)"
    ],
    "summaryTimeUnit": "",
    "noColor": false
  },
  "state": {
    "isStdOutTTY": false,
    "isStdErrTTY": false,
    "testRunDurationMs": 90009.750227
  }
}