{
  "metrics": {
    "iteration_duration": {
      "type": "trend",
      "contains": "time",
      "values": {
        "med": 12.445450000000001,
        "max": 71.699837,
        "p(50)": 12.445450000000001,
        "p(95)": 16.471721049999985,
        "p(99)": 44.09079316999999,
        "avg": 13.28360659354355,
        "min": 9.094837
      }
    },
    "http_reqs": {
      "contains": "default",
      "values": {
        "count": 6660,
        "rate": 73.99861741394326
      },
      "type": "counter"
    },
    "http_req_blocked": {
      "type": "trend",
      "contains": "time",
      "values": {
        "med": 0.00751,
        "max": 16.994191,
        "p(50)": 0.00751,
        "p(95)": 0.013800499999999993,
        "p(99)": 5.261353399999999,
        "avg": 0.12698503723723725,
        "min": 0.00476
      }
    },
    "round_trip_count": {
      "type": "trend",
      "contains": "default",
      "values": {
        "avg": 1,
        "min": 1,
        "med": 1,
        "max": 1,
        "p(50)": 1,
        "p(95)": 1,
        "p(99)": 1
      }
    },
    "data_received": {
      "type": "counter",
      "contains": "data",
      "values": {
        "count": 3602355,
        "rate": 40025.4188339648
      }
    },
    "http_req_connecting": {
      "type": "trend",
      "contains": "time",
      "values": {
        "avg": 0.11649016966966967,
        "min": 0,
        "med": 0,
        "max": 16.896151,
        "p(50)": 0,
        "p(95)": 0,
        "p(99)": 5.166436489999999
      }
    },
    "req_latency": {
      "type": "trend",
      "contains": "default",
      "values": {
        "med": 11.8945175,
        "max": 71.32094,
        "p(50)": 11.8945175,
        "p(95)": 14.748675949999999,
        "p(99)": 43.534113379999994,
        "avg": 12.631679582432426,
        "min": 8.572152
      }
    },
    "iterations": {
      "type": "counter",
      "contains": "default",
      "values": {
        "count": 6660,
        "rate": 73.99861741394326
      }
    },
    "payload_bytes": {
      "type": "trend",
      "contains": "default",
      "values": {
        "p(50)": 253,
        "p(95)": 288,
        "p(99)": 288,
        "avg": 279.89024024024025,
        "min": 181,
        "med": 253,
        "max": 10632
      }
    },
    "http_req_receiving": {
      "type": "trend",
      "contains": "time",
      "values": {
        "p(95)": 0.1753155499999999,
        "p(99)": 0.6090082999999981,
        "avg": 0.10863657252252243,
        "min": 0.04008,
        "med": 0.0923645,
        "max": 5.853499,
        "p(50)": 0.0923645
      }
    },
    "http_req_failed": {
      "values": {
        "fails": 6660,
        "rate": 0,
        "passes": 0
      },
      "type": "rate",
      "contains": "default"
    },
    "http_req_tls_handshaking": {
      "type": "trend",
      "contains": "time",
      "values": {
        "med": 0,
        "max": 0,
        "p(50)": 0,
        "p(95)": 0,
        "p(99)": 0,
        "avg": 0,
        "min": 0
      }
    },
    "data_sent": {
      "type": "counter",
      "contains": "data",
      "values": {
        "count": 1771541,
        "rate": 19683.421124942113
      }
    },
    "vus": {
      "type": "gauge",
      "contains": "default",
      "values": {
        "value": 1,
        "min": 0,
        "max": 4
      }
    },
    "http_req_waiting": {
      "type": "trend",
      "contains": "time",
      "values": {
        "avg": 12.490301521021008,
        "min": 8.445672,
        "med": 11.763602500000001,
        "max": 70.240826,
        "p(50)": 11.763602500000001,
        "p(95)": 14.61356789999998,
        "p(99)": 42.846004669999985
      }
    },
    "vus_max": {
      "type": "gauge",
      "contains": "default",
      "values": {
        "value": 148,
        "min": 148,
        "max": 148
      }
    },
    "http_req_duration{expected_response:true}": {
      "type": "trend",
      "contains": "time",
      "values": {
        "avg": 12.631679582432426,
        "min": 8.572152,
        "med": 11.8945175,
        "max": 71.32094,
        "p(50)": 11.8945175,
        "p(95)": 14.748675949999999,
        "p(99)": 43.534113379999994
      }
    },
    "http_req_duration": {
      "type": "trend",
      "contains": "time",
      "values": {
        "max": 71.32094,
        "p(50)": 11.8945175,
        "p(95)": 14.748675949999999,
        "p(99)": 43.534113379999994,
        "avg": 12.631679582432426,
        "min": 8.572152,
        "med": 11.8945175
      }
    },
    "http_req_sending": {
      "type": "trend",
      "contains": "time",
      "values": {
        "max": 0.220739,
        "p(50)": 0.02799,
        "p(95)": 0.057973549999999784,
        "p(99)": 0.11772229999999997,
        "avg": 0.032741488888888885,
        "min": 0.0132,
        "med": 0.02799
      }
    },
    "checks": {
      "contains": "default",
      "values": {
        "passes": 13320,
        "fails": 0,
        "rate": 1
      },
      "type": "rate"
    }
  },
  "root_group": {
    "path": "",
    "id": "d41d8cd98f00b204e9800998ecf8427e",
    "groups": [],
    "checks": [
        {
          "fails": 0,
          "name": "status is 200",
          "path": "::status is 200",
          "id": "6210a8cd14cd70477eba5c5e4cb3fb5f",
          "passes": 6660
        },
        {
          "name": "no graphql errors",
          "path": "::no graphql errors",
          "id": "7c29382b2a87caa2e50f0d89170b649f",
          "passes": 6660,
          "fails": 0
        }
      ],
    "name": ""
  },
  "options": {
    "summaryTrendStats": [
      "avg",
      "min",
      "med",
      "max",
      "p(50)",
      "p(95)",
      "p(99)"
    ],
    "summaryTimeUnit": "",
    "noColor": false
  },
  "state": {
    "testRunDurationMs": 90001.681555,
    "isStdOutTTY": false,
    "isStdErrTTY": false
  }
}