{
  "state": {
    "isStdOutTTY": false,
    "isStdErrTTY": false,
    "testRunDurationMs": 90001.877848
  },
  "metrics": {
    "iteration_duration": {
      "type": "trend",
      "contains": "time",
      "values": {
        "max": 32.86642,
        "p(50)": 7.1746815,
        "p(95)": 9.22303715,
        "p(99)": 13.6966542,
        "avg": 7.312693990240235,
        "min": 2.904855,
        "med": 7.1746815
      }
    },
    "http_req_connecting": {
      "type": "trend",
      "contains": "time",
      "values": {
        "p(95)": 0,
        "p(99)": 5.6628029,
        "avg": 0.12402914954954954,
        "min": 0,
        "med": 0,
        "max": 13.473408,
        "p(50)": 0
      }
    },
    "http_req_waiting": {
      "type": "trend",
      "contains": "time",
      "values": {
        "min": 2.540397,
        "med": 6.7364065,
        "max": 32.530502,
        "p(50)": 6.7364065,
        "p(95)": 8.434144599999998,
        "p(99)": 9.179398409999997,
        "avg": 6.742185273123111
      }
    },
    "req_latency": {
      "contains": "default",
      "values": {
        "p(95)": 8.576411449999998,
        "p(99)": 9.346501219999999,
        "avg": 6.865937149099102,
        "min": 2.638416,
        "med": 6.8556295,
        "max": 32.604542,
        "p(50)": 6.8556295
      },
      "type": "trend"
    },
    "checks": {
      "type": "rate",
      "contains": "default",
      "values": {
        "rate": 1,
        "passes": 6660,
        "fails": 0
      }
    },
    "data_sent": {
      "type": "counter",
      "contains": "data",
      "values": {
        "count": 632674,
        "rate": 7029.564439405295
      }
    },
    "http_reqs": {
      "type": "counter",
      "contains": "default",
      "values": {
        "count": 6660,
        "rate": 73.99845602385946
      }
    },
    "http_req_tls_handshaking": {
      "values": {
        "p(95)": 0,
        "p(99)": 0,
        "avg": 0,
        "min": 0,
        "med": 0,
        "max": 0,
        "p(50)": 0
      },
      "type": "trend",
      "contains": "time"
    },
    "payload_bytes": {
      "type": "trend",
      "contains": "default",
      "values": {
        "avg": 71.6605105105105,
        "min": 59,
        "med": 59,
        "max": 294,
        "p(50)": 59,
        "p(95)": 84,
        "p(99)": 109
      }
    },
    "data_received": {
      "type": "counter",
      "contains": "data",
      "values": {
        "count": 2209142,
        "rate": 24545.51008069984
      }
    },
    "iterations": {
      "type": "counter",
      "contains": "default",
      "values": {
        "count": 6660,
        "rate": 73.99845602385946
      }
    },
    "http_req_blocked": {
      "type": "trend",
      "contains": "time",
      "values": {
        "p(99)": 5.753639499999999,
        "avg": 0.13485938108108111,
        "min": 0.00398,
        "med": 0.00733,
        "max": 13.580227,
        "p(50)": 0.00733,
        "p(95)": 0.018730999999999987
      }
    },
    "http_req_sending": {
      "type": "trend",
      "contains": "time",
      "values": {
        "p(99)": 0.12465071,
        "avg": 0.03046681681681678,
        "min": 0.01086,
        "med": 0.02609,
        "max": 2.443229,
        "p(50)": 0.02609,
        "p(95)": 0.048981999999999956
      }
    },
    "vus": {
      "type": "gauge",
      "contains": "default",
      "values": {
        "value": 1,
        "min": 1,
        "max": 1
      }
    },
    "http_req_duration": {
      "type": "trend",
      "contains": "time",
      "values": {
        "med": 6.8556295,
        "max": 32.604542,
        "p(50)": 6.8556295,
        "p(95)": 8.576411449999998,
        "p(99)": 9.346501219999999,
        "avg": 6.865937149099102,
        "min": 2.638416
      }
    },
    "http_req_receiving": {
      "type": "trend",
      "contains": "time",
      "values": {
        "p(95)": 0.1288305,
        "p(99)": 0.16127019999999995,
        "avg": 0.09328505915915909,
        "min": 0.041589,
        "med": 0.089749,
        "max": 2.348329,
        "p(50)": 0.089749
      }
    },
    "http_req_failed": {
      "type": "rate",
      "contains": "default",
      "values": {
        "rate": 0,
        "passes": 0,
        "fails": 6660
      }
    },
    "http_req_duration{expected_response:true}": {
      "type": "trend",
      "contains": "time",
      "values": {
        "max": 32.604542,
        "p(50)": 6.8556295,
        "p(95)": 8.576411449999998,
        "p(99)": 9.346501219999999,
        "avg": 6.865937149099102,
        "min": 2.638416,
        "med": 6.8556295
      }
    },
    "vus_max": {
      "type": "gauge",
      "contains": "default",
      "values": {
        "min": 148,
        "max": 148,
        "value": 148
      }
    },
    "round_trip_count": {
      "type": "trend",
      "contains": "default",
      "values": {
        "p(95)": 1,
        "p(99)": 1,
        "avg": 1,
        "min": 1,
        "med": 1,
        "max": 1,
        "p(50)": 1
      }
    }
  },
  "root_group": {
    "name": "",
    "path": "",
    "id": "d41d8cd98f00b204e9800998ecf8427e",
    "groups": [],
    "checks": [
        {
          "fails": 0,
          "name": "status is 200",
          "path": "::status is 200",
          "id": "6210a8cd14cd70477eba5c5e4cb3fb5f",
          "passes": 6660
        }
      ]
  },
  "options": {
    "summaryTrendStats": [
      "avg",
      "min",
      "med",
      "max",
      "p(50)",
      "p(95)",
      "p(99)"
    ],
    "summaryTimeUnit": "",
    "noColor": false
  }
}