{
  "options": {
    "summaryTrendStats": [
      "avg",
      "min",
      "med",
      "max",
      "p(50)",
      "p(95)",
      "p(99)"
    ],
    "summaryTimeUnit": "",
    "noColor": false
  },
  "state": {
    "isStdOutTTY": false,
    "isStdErrTTY": false,
    "testRunDurationMs": 90039.489772
  },
  "metrics": {
    "iterations": {
      "type": "counter",
      "contains": "default",
      "values": {
        "count": 4681,
        "rate": 51.988299932100155
      }
    },
    "http_req_sending": {
      "values": {
        "avg": 0.019955327707754742,
        "min": 0.00746,
        "med": 0.01771,
        "max": 0.376328,
        "p(50)": 0.01771,
        "p(95)": 0.0383998,
        "p(99)": 0.06585839999999997
      },
      "type": "trend",
      "contains": "time"
    },
    "http_req_duration{expected_response:true}": {
      "type": "trend",
      "contains": "time",
      "values": {
        "max": 42.558463,
        "p(50)": 7.51003,
        "p(95)": 9.775907,
        "p(99)": 10.962399759999993,
        "avg": 7.650484412476022,
        "min": 4.224018,
        "med": 7.51003
      }
    },
    "http_reqs": {
      "type": "counter",
      "contains": "default",
      "values": {
        "count": 23405,
        "rate": 259.94149966050077
      }
    },
    "http_req_connecting": {
      "contains": "time",
      "values": {
        "p(50)": 0,
        "p(95)": 0,
        "p(99)": 0,
        "avg": 0.024594356505020284,
        "min": 0,
        "med": 0,
        "max": 9.996086
      },
      "type": "trend"
    },
    "req_latency": {
      "type": "trend",
      "contains": "default",
      "values": {
        "max": 42.558463,
        "p(50)": 7.51003,
        "p(95)": 9.775907,
        "p(99)": 10.962399759999993,
        "avg": 7.650484412476022,
        "min": 4.224018,
        "med": 7.51003
      }
    },
    "vus_max": {
      "type": "gauge",
      "contains": "default",
      "values": {
        "value": 104,
        "min": 104,
        "max": 104
      }
    },
    "http_req_duration": {
      "type": "trend",
      "contains": "time",
      "values": {
        "p(95)": 9.775907,
        "p(99)": 10.962399759999993,
        "avg": 7.650484412476022,
        "min": 4.224018,
        "med": 7.51003,
        "max": 42.558463,
        "p(50)": 7.51003
      }
    },
    "data_received": {
      "values": {
        "count": 17571988,
        "rate": 195158.68031345113
      },
      "type": "counter",
      "contains": "data"
    },
    "http_req_tls_handshaking": {
      "type": "trend",
      "contains": "time",
      "values": {
        "p(95)": 0,
        "p(99)": 0,
        "avg": 0,
        "min": 0,
        "med": 0,
        "max": 0,
        "p(50)": 0
      }
    },
    "checks": {
      "type": "rate",
      "contains": "default",
      "values": {
        "rate": 1,
        "passes": 23405,
        "fails": 0
      }
    },
    "http_req_waiting": {
      "type": "trend",
      "contains": "time",
      "values": {
        "p(99)": 10.786152399999999,
        "avg": 7.522916105490284,
        "min": 4.109389,
        "med": 7.391331,
        "max": 42.422004,
        "p(50)": 7.391331,
        "p(95)": 9.5963288
      }
    },
    "data_sent": {
      "type": "counter",
      "contains": "data",
      "values": {
        "rate": 26466.253929629165,
        "count": 2383008
      }
    },
    "http_req_receiving": {
      "type": "trend",
      "contains": "time",
      "values": {
        "p(50)": 0.086119,
        "p(95)": 0.28923799999999994,
        "p(99)": 0.42494543999999973,
        "avg": 0.10761297927793284,
        "min": 0.04029,
        "med": 0.086119,
        "max": 27.020655
      }
    },
    "iteration_duration": {
      "type": "trend",
      "contains": "time",
      "values": {
        "p(50)": 38.391765,
        "p(95)": 46.977188,
        "p(99)": 51.590243599999965,
        "avg": 39.450303275154916,
        "min": 30.405147,
        "med": 38.391765,
        "max": 78.598641
      }
    },
    "http_req_blocked": {
      "type": "trend",
      "contains": "time",
      "values": {
        "p(99)": 0.03270359999999986,
        "avg": 0.031122950950650857,
        "min": 0.002489,
        "med": 0.00565,
        "max": 10.090026,
        "p(50)": 0.00565,
        "p(95)": 0.00984
      }
    },
    "page_latency": {
      "type": "trend",
      "contains": "default",
      "values": {
        "max": 77.39231799999999,
        "p(50)": 37.300490999999994,
        "p(95)": 45.365189,
        "p(99)": 48.70356359999998,
        "avg": 38.25242206237986,
        "min": 28.729207000000002,
        "med": 37.300490999999994
      }
    },
    "round_trip_count": {
      "type": "trend",
      "contains": "default",
      "values": {
        "max": 5,
        "p(50)": 5,
        "p(95)": 5,
        "p(99)": 5,
        "avg": 5,
        "min": 5,
        "med": 5
      }
    },
    "vus": {
      "type": "gauge",
      "contains": "default",
      "values": {
        "value": 2,
        "min": 1,
        "max": 3
      }
    },
    "payload_bytes": {
      "type": "trend",
      "contains": "default",
      "values": {
        "avg": 489.7792352061525,
        "min": 251,
        "med": 517,
        "max": 536,
        "p(50)": 517,
        "p(95)": 526,
        "p(99)": 529
      }
    },
    "http_req_failed": {
      "type": "rate",
      "contains": "default",
      "values": {
        "rate": 0,
        "passes": 0,
        "fails": 23405
      }
    }
  },
  "root_group": {
    "name": "",
    "path": "",
    "id": "d41d8cd98f00b204e9800998ecf8427e",
    "groups": [],
    "checks": [
        {
          "fails": 0,
          "name": "status is 200",
          "path": "::status is 200",
          "id": "6210a8cd14cd70477eba5c5e4cb3fb5f",
          "passes": 23405
        }
      ]
  }
}