{
  "metrics": {
    "http_req_duration{expected_response:true}": {
      "type": "trend",
      "contains": "time",
      "values": {
        "p(99)": 11.49567498,
        "avg": 8.908101589777749,
        "min": 5.048095,
        "med": 8.920836999999999,
        "max": 13.568845,
        "p(50)": 8.920836999999999,
        "p(95)": 10.71975645
      }
    },
    "http_req_sending": {
      "type": "trend",
      "contains": "time",
      "values": {
        "min": 0.01081,
        "med": 0.02707,
        "max": 0.427459,
        "p(50)": 0.02707,
        "p(95)": 0.07013199999999976,
        "p(99)": 0.13034510999999938,
        "avg": 0.032700964000000075
      }
    },
    "http_req_connecting": {
      "type": "trend",
      "contains": "time",
      "values": {
        "max": 7.111516,
        "p(50)": 0,
        "p(95)": 0,
        "p(99)": 5.493892509999999,
        "avg": 0.11762463066666666,
        "min": 0,
        "med": 0
      }
    },
    "iteration_duration": {
      "type": "trend",
      "contains": "time",
      "values": {
        "med": 9.28502,
        "max": 18.129323,
        "p(50)": 9.28502,
        "p(95)": 11.34663705,
        "p(99)": 15.517111879999993,
        "avg": 9.384118708444431,
        "min": 5.493882
      }
    },
    "round_trip_count": {
      "type": "trend",
      "contains": "default",
      "values": {
        "avg": 1,
        "min": 1,
        "med": 1,
        "max": 1,
        "p(50)": 1,
        "p(95)": 1,
        "p(99)": 1
      }
    },
    "req_latency": {
      "type": "trend",
      "contains": "default",
      "values": {
        "max": 13.568845,
        "p(50)": 8.920836999999999,
        "p(95)": 10.71975645,
        "p(99)": 11.49567498,
        "avg": 8.908101589777749,
        "min": 5.048095,
        "med": 8.920836999999999
      }
    },
    "vus_max": {
      "type": "gauge",
      "contains": "default",
      "values": {
        "value": 50,
        "min": 50,
        "max": 50
      }
    },
    "http_req_blocked": {
      "type": "trend",
      "contains": "time",
      "values": {
        "med": 0.007455,
        "max": 7.224065,
        "p(50)": 0.007455,
        "p(95)": 0.018656499999999993,
        "p(99)": 5.584913809999996,
        "avg": 0.12853421288888855,
        "min": 0.00422
      }
    },
    "http_req_duration": {
      "type": "trend",
      "contains": "time",
      "values": {
        "p(95)": 10.71975645,
        "p(99)": 11.49567498,
        "avg": 8.908101589777749,
        "min": 5.048095,
        "med": 8.920836999999999,
        "max": 13.568845,
        "p(50)": 8.920836999999999
      }
    },
    "http_req_receiving": {
      "type": "trend",
      "contains": "time",
      "values": {
        "min": 0.0468,
        "med": 0.0992295,
        "max": 0.659277,
        "p(50)": 0.0992295,
        "p(95)": 0.1777804999999997,
        "p(99)": 0.23760560999999994,
        "avg": 0.10804224444444432
      }
    },
    "iterations": {
      "values": {
        "count": 2250,
        "rate": 24.999572103712822
      },
      "type": "counter",
      "contains": "default"
    },
    "http_reqs": {
      "type": "counter",
      "contains": "default",
      "values": {
        "count": 2250,
        "rate": 24.999572103712822
      }
    },
    "http_req_tls_handshaking": {
      "type": "trend",
      "contains": "time",
      "values": {
        "p(50)": 0,
        "p(95)": 0,
        "p(99)": 0,
        "avg": 0,
        "min": 0,
        "med": 0,
        "max": 0
      }
    },
    "checks": {
      "type": "rate",
      "contains": "default",
      "values": {
        "passes": 2250,
        "fails": 0,
        "rate": 1
      }
    },
    "data_sent": {
      "type": "counter",
      "contains": "data",
      "values": {
        "count": 268631,
        "rate": 2984.7378016855464
      }
    },
    "http_req_waiting": {
      "values": {
        "avg": 8.767358381333334,
        "min": 4.928986,
        "med": 8.777497499999999,
        "max": 13.482545,
        "p(50)": 8.777497499999999,
        "p(95)": 10.567810049999997,
        "p(99)": 11.359629319999998
      },
      "type": "trend",
      "contains": "time"
    },
    "payload_bytes": {
      "type": "trend",
      "contains": "default",
      "values": {
        "p(95)": 4463,
        "p(99)": 4747,
        "avg": 2956.2195555555554,
        "min": 2013,
        "med": 2709,
        "max": 10688,
        "p(50)": 2709
      }
    },
    "data_received": {
      "type": "counter",
      "contains": "data",
      "values": {
        "count": 7240997,
        "rate": 80454.14515745256
      }
    },
    "vus": {
      "type": "gauge",
      "contains": "default",
      "values": {
        "value": 0,
        "min": 0,
        "max": 0
      }
    },
    "http_req_failed": {
      "type": "rate",
      "contains": "default",
      "values": {
        "rate": 0,
        "passes": 0,
        "fails": 2250
      }
    }
  },
  "root_group": {
    "id": "d41d8cd98f00b204e9800998ecf8427e",
    "groups": [],
    "checks": [
        {
          "passes": 2250,
          "fails": 0,
          "name": "status is 200",
          "path": "::status is 200",
          "id": "6210a8cd14cd70477eba5c5e4cb3fb5f"
        }
      ],
    "name": "",
    "path": ""
  },
  "options": {
    "summaryTrendStats": [
      "avg",
      "min",
      "med",
      "max",
      "p(50)",
      "p(95)",
      "p(99)"
    ],
    "summaryTimeUnit": "",
    "noColor": false
  },
  "state": {
    "isStdOutTTY": false,
    "isStdErrTTY": false,
    "testRunDurationMs": 90001.540453
  }
}