{
  "metrics": {
    "http_reqs": {
      "type": "counter",
      "contains": "default",
      "values": {
        "count": 2251,
        "rate": 25.008668963457996
      }
    },
    "http_req_duration": {
      "type": "trend",
      "contains": "time",
      "values": {
        "avg": 7.688241525544197,
        "min": 4.677136,
        "med": 7.622777,
        "max": 27.790102,
        "p(50)": 7.622777,
        "p(95)": 9.355577,
        "p(99)": 10.114655500000001
      }
    },
    "http_req_failed": {
      "type": "rate",
      "contains": "default",
      "values": {
        "rate": 0,
        "passes": 0,
        "fails": 2251
      }
    },
    "data_received": {
      "type": "counter",
      "contains": "data",
      "values": {
        "count": 1699718,
        "rate": 18883.91150299018
      }
    },
    "iteration_duration": {
      "type": "trend",
      "contains": "time",
      "values": {
        "avg": 8.144112435362063,
        "min": 4.892136,
        "med": 7.96461,
        "max": 28.124253,
        "p(50)": 7.96461,
        "p(95)": 9.9484855,
        "p(99)": 14.79167
      }
    },
    "http_req_blocked": {
      "type": "trend",
      "contains": "time",
      "values": {
        "avg": 0.1313293269657926,
        "min": 0.00388,
        "med": 0.00731,
        "max": 7.930899,
        "p(50)": 0.00731,
        "p(95)": 0.022685,
        "p(99)": 5.719018500000001
      }
    },
    "http_req_receiving": {
      "type": "trend",
      "contains": "time",
      "values": {
        "med": 0.0915,
        "max": 7.970063,
        "p(50)": 0.0915,
        "p(95)": 0.1411555,
        "p(99)": 0.197305,
        "avg": 0.10830392536650371,
        "min": 0.0444
      }
    },
    "vus_max": {
      "type": "gauge",
      "contains": "default",
      "values": {
        "value": 50,
        "min": 50,
        "max": 50
      }
    },
    "vus": {
      "type": "gauge",
      "contains": "default",
      "values": {
        "value": 0,
        "min": 0,
        "max": 0
      }
    },
    "data_sent": {
      "type": "counter",
      "contains": "data",
      "values": {
        "count": 333144,
        "rate": 3701.238566487006
      }
    },
    "iterations": {
      "type": "counter",
      "contains": "default",
      "values": {
        "rate": 25.008668963457996,
        "count": 2251
      }
    },
    "payload_bytes": {
      "values": {
        "med": 428,
        "max": 29387,
        "p(50)": 428,
        "p(95)": 527,
        "p(99)": 530,
        "avg": 494.0910706352732,
        "min": 223
      },
      "type": "trend",
      "contains": "default"
    },
    "req_latency": {
      "type": "trend",
      "contains": "default",
      "values": {
        "p(99)": 10.114655500000001,
        "avg": 7.688241525544197,
        "min": 4.677136,
        "med": 7.622777,
        "max": 27.790102,
        "p(50)": 7.622777,
        "p(95)": 9.355577
      }
    },
    "http_req_duration{expected_response:true}": {
      "type": "trend",
      "contains": "time",
      "values": {
        "min": 4.677136,
        "med": 7.622777,
        "max": 27.790102,
        "p(50)": 7.622777,
        "p(95)": 9.355577,
        "p(99)": 10.114655500000001,
        "avg": 7.688241525544197
      }
    },
    "http_req_sending": {
      "type": "trend",
      "contains": "time",
      "values": {
        "avg": 0.03200537005775219,
        "min": 0.01129,
        "med": 0.02682,
        "max": 0.300381,
        "p(50)": 0.02682,
        "p(95)": 0.0662455,
        "p(99)": 0.127015
      }
    },
    "checks": {
      "contains": "default",
      "values": {
        "rate": 1,
        "passes": 2251,
        "fails": 0
      },
      "type": "rate"
    },
    "round_trip_count": {
      "type": "trend",
      "contains": "default",
      "values": {
        "avg": 1,
        "min": 1,
        "med": 1,
        "max": 1,
        "p(50)": 1,
        "p(95)": 1,
        "p(99)": 1
      }
    },
    "http_req_connecting": {
      "contains": "time",
      "values": {
        "max": 7.846729,
        "p(50)": 0,
        "p(95)": 0,
        "p(99)": 5.605388,
        "avg": 0.12019294757885382,
        "min": 0,
        "med": 0
      },
      "type": "trend"
    },
    "http_req_tls_handshaking": {
      "type": "trend",
      "contains": "time",
      "values": {
        "min": 0,
        "med": 0,
        "max": 0,
        "p(50)": 0,
        "p(95)": 0,
        "p(99)": 0,
        "avg": 0
      }
    },
    "http_req_waiting": {
      "contains": "time",
      "values": {
        "p(99)": 9.96849,
        "avg": 7.547932230119945,
        "min": 4.581849,
        "med": 7.490079,
        "max": 27.632352,
        "p(50)": 7.490079,
        "p(95)": 9.234760999999999
      },
      "type": "trend"
    }
  },
  "root_group": {
    "name": "",
    "path": "",
    "id": "d41d8cd98f00b204e9800998ecf8427e",
    "groups": [],
    "checks": [
        {
          "name": "status is 200",
          "path": "::status is 200",
          "id": "6210a8cd14cd70477eba5c5e4cb3fb5f",
          "passes": 2251,
          "fails": 0
        }
      ]
  },
  "options": {
    "summaryTrendStats": [
      "avg",
      "min",
      "med",
      "max",
      "p(50)",
      "p(95)",
      "p(99)"
    ],
    "summaryTimeUnit": "",
    "noColor": false
  },
  "state": {
    "isStdOutTTY": false,
    "isStdErrTTY": false,
    "testRunDurationMs": 90008.788684
  }
}