{
  "metrics": {
    "http_req_blocked": {
      "values": {
        "min": 0.00407,
        "med": 0.0075650000000000005,
        "max": 11.430279,
        "p(50)": 0.0075650000000000005,
        "p(95)": 0.014370999999999986,
        "p(99)": 5.523896389999995,
        "avg": 0.12889241336336255
      },
      "type": "trend",
      "contains": "time"
    },
    "vus_max": {
      "type": "gauge",
      "contains": "default",
      "values": {
        "value": 148,
        "min": 148,
        "max": 148
      }
    },
    "checks": {
      "type": "rate",
      "contains": "default",
      "values": {
        "rate": 1,
        "passes": 13320,
        "fails": 0
      }
    },
    "http_req_sending": {
      "type": "trend",
      "contains": "time",
      "values": {
        "p(50)": 0.0269,
        "p(95)": 0.054335499999999926,
        "p(99)": 0.11943349999999993,
        "avg": 0.0315090117117118,
        "min": 0.01065,
        "med": 0.0269,
        "max": 0.249951
      }
    },
    "round_trip_count": {
      "type": "trend",
      "contains": "default",
      "values": {
        "p(95)": 1,
        "p(99)": 1,
        "avg": 1,
        "min": 1,
        "med": 1,
        "max": 1,
        "p(50)": 1
      }
    },
    "http_reqs": {
      "type": "counter",
      "contains": "default",
      "values": {
        "count": 6660,
        "rate": 73.99832319799633
      }
    },
    "iteration_duration": {
      "type": "trend",
      "contains": "time",
      "values": {
        "p(99)": 72.86297292999997,
        "avg": 16.448165453003003,
        "min": 10.323767,
        "med": 14.133745999999999,
        "max": 105.8254,
        "p(50)": 14.133745999999999,
        "p(95)": 24.308249099999966
      }
    },
    "vus": {
      "type": "gauge",
      "contains": "default",
      "values": {
        "value": 1,
        "min": 1,
        "max": 5
      }
    },
    "http_req_duration{expected_response:true}": {
      "type": "trend",
      "contains": "time",
      "values": {
        "p(95)": 23.64197754999998,
        "p(99)": 72.47551061999997,
        "avg": 15.791846426726691,
        "min": 9.797097,
        "med": 13.5676065,
        "max": 105.448252,
        "p(50)": 13.5676065
      }
    },
    "http_req_waiting": {
      "type": "trend",
      "contains": "time",
      "values": {
        "max": 103.233237,
        "p(50)": 13.422549499999999,
        "p(95)": 23.189102049999875,
        "p(99)": 70.75876342000001,
        "avg": 15.592873426576539,
        "min": 9.590528,
        "med": 13.422549499999999
      }
    },
    "http_req_failed": {
      "type": "rate",
      "contains": "default",
      "values": {
        "rate": 0,
        "passes": 0,
        "fails": 6660
      }
    },
    "data_received": {
      "values": {
        "count": 4027840,
        "rate": 44752.763680152784
      },
      "type": "counter",
      "contains": "data"
    },
    "req_latency": {
      "contains": "default",
      "values": {
        "med": 13.5676065,
        "max": 105.448252,
        "p(50)": 13.5676065,
        "p(95)": 23.64197754999998,
        "p(99)": 72.47551061999997,
        "avg": 15.791846426726691,
        "min": 9.797097
      },
      "type": "trend"
    },
    "payload_bytes": {
      "type": "trend",
      "contains": "default",
      "values": {
        "max": 547,
        "p(50)": 348,
        "p(95)": 447,
        "p(99)": 450,
        "avg": 343.7807807807808,
        "min": 147,
        "med": 348
      }
    },
    "http_req_tls_handshaking": {
      "type": "trend",
      "contains": "time",
      "values": {
        "avg": 0,
        "min": 0,
        "med": 0,
        "max": 0,
        "p(50)": 0,
        "p(95)": 0,
        "p(99)": 0
      }
    },
    "http_req_receiving": {
      "type": "trend",
      "contains": "time",
      "values": {
        "avg": 0.16746398843843838,
        "min": 0.03879,
        "med": 0.09050949999999999,
        "max": 14.534458,
        "p(50)": 0.09050949999999999,
        "p(95)": 0.30151749999999927,
        "p(99)": 1.2271128999999996
      }
    },
    "iterations": {
      "contains": "default",
      "values": {
        "count": 6660,
        "rate": 73.99832319799633
      },
      "type": "counter"
    },
    "http_req_connecting": {
      "type": "trend",
      "contains": "time",
      "values": {
        "p(95)": 0,
        "p(99)": 5.429234909999997,
        "avg": 0.11832207357357356,
        "min": 0,
        "med": 0,
        "max": 11.332159,
        "p(50)": 0
      }
    },
    "http_req_duration": {
      "type": "trend",
      "contains": "time",
      "values": {
        "avg": 15.791846426726691,
        "min": 9.797097,
        "med": 13.5676065,
        "max": 105.448252,
        "p(50)": 13.5676065,
        "p(95)": 23.64197754999998,
        "p(99)": 72.47551061999997
      }
    },
    "data_sent": {
      "values": {
        "count": 1771533,
        "rate": 19683.253977464872
      },
      "type": "counter",
      "contains": "data"
    }
  },
  "root_group": {
    "checks": [
      {
        "fails": 0,
        "name": "status is 200",
        "path": "::status is 200",
        "id": "6210a8cd14cd70477eba5c5e4cb3fb5f",
        "passes": 6660
      },
      {
        "name": "no graphql errors",
        "path": "::no graphql errors",
        "id": "7c29382b2a87caa2e50f0d89170b649f",
        "passes": 6660,
        "fails": 0
      }
    ],
    "name": "",
    "path": "",
    "id": "d41d8cd98f00b204e9800998ecf8427e",
    "groups": []
  },
  "options": {
    "noColor": false,
    "summaryTrendStats": [
      "avg",
      "min",
      "med",
      "max",
      "p(50)",
      "p(95)",
      "p(99)"
    ],
    "summaryTimeUnit": ""
  },
  "state": {
    "isStdOutTTY": false,
    "isStdErrTTY": false,
    "testRunDurationMs": 90002.0394
  }
}