{
  "metrics": {
    "payload_bytes": {
      "type": "trend",
      "contains": "default",
      "values": {
        "min": 72,
        "med": 72,
        "max": 307,
        "p(50)": 72,
        "p(95)": 97,
        "p(99)": 122,
        "avg": 84.62461128387383
      }
    },
    "http_reqs": {
      "type": "counter",
      "contains": "default",
      "values": {
        "count": 2251,
        "rate": 25.007893795836356
      }
    },
    "round_trip_count": {
      "values": {
        "p(50)": 1,
        "p(95)": 1,
        "p(99)": 1,
        "avg": 1,
        "min": 1,
        "med": 1,
        "max": 1
      },
      "type": "trend",
      "contains": "default"
    },
    "http_req_blocked": {
      "type": "trend",
      "contains": "time",
      "values": {
        "p(99)": 5.5691315,
        "avg": 0.13167687427809913,
        "min": 0.00381,
        "med": 0.0057,
        "max": 7.65783,
        "p(50)": 0.0057,
        "p(95)": 0.0115
      }
    },
    "data_sent": {
      "values": {
        "rate": 6652.077530328814,
        "count": 598764
      },
      "type": "counter",
      "contains": "data"
    },
    "http_req_connecting": {
      "type": "trend",
      "contains": "time",
      "values": {
        "max": 7.592091,
        "p(50)": 0,
        "p(95)": 0,
        "p(99)": 5.4635275,
        "avg": 0.12317913194135935,
        "min": 0,
        "med": 0
      }
    },
    "http_req_waiting": {
      "type": "trend",
      "contains": "time",
      "values": {
        "p(50)": 10.618247,
        "p(95)": 13.343803000000001,
        "p(99)": 14.809655,
        "avg": 10.90658122167924,
        "min": 7.304183,
        "med": 10.618247,
        "max": 52.513558
      }
    },
    "http_req_duration": {
      "type": "trend",
      "contains": "time",
      "values": {
        "min": 7.422842,
        "med": 10.731947,
        "max": 52.778846,
        "p(50)": 10.731947,
        "p(95)": 13.452393,
        "p(99)": 14.932644,
        "avg": 11.024700372723235
      }
    },
    "http_req_failed": {
      "type": "rate",
      "contains": "default",
      "values": {
        "rate": 0,
        "passes": 0,
        "fails": 2251
      }
    },
    "http_req_duration{expected_response:true}": {
      "type": "trend",
      "contains": "time",
      "values": {
        "med": 10.731947,
        "max": 52.778846,
        "p(50)": 10.731947,
        "p(95)": 13.452393,
        "p(99)": 14.932644,
        "avg": 11.024700372723235,
        "min": 7.422842
      }
    },
    "http_req_receiving": {
      "type": "trend",
      "contains": "time",
      "values": {
        "min": 0.042799,
        "med": 0.083569,
        "max": 0.338988,
        "p(50)": 0.083569,
        "p(95)": 0.130394,
        "p(99)": 0.180678,
        "avg": 0.0901089480231009
      }
    },
    "checks": {
      "type": "rate",
      "contains": "default",
      "values": {
        "passes": 4502,
        "fails": 0,
        "rate": 1
      }
    },
    "vus_max": {
      "type": "gauge",
      "contains": "default",
      "values": {
        "min": 50,
        "max": 50,
        "value": 50
      }
    },
    "iterations": {
      "type": "counter",
      "contains": "default",
      "values": {
        "count": 2251,
        "rate": 25.007893795836356
      }
    },
    "http_req_tls_handshaking": {
      "type": "trend",
      "contains": "time",
      "values": {
        "p(99)": 0,
        "avg": 0,
        "min": 0,
        "med": 0,
        "max": 0,
        "p(50)": 0,
        "p(95)": 0
      }
    },
    "iteration_duration": {
      "type": "trend",
      "contains": "time",
      "values": {
        "avg": 11.610712018214139,
        "min": 7.974059,
        "med": 11.218024,
        "max": 54.586801,
        "p(50)": 11.218024,
        "p(95)": 14.503395,
        "p(99)": 18.714724
      }
    },
    "http_req_sending": {
      "type": "trend",
      "contains": "time",
      "values": {
        "p(50)": 0.023809,
        "p(95)": 0.05088,
        "p(99)": 0.111264,
        "avg": 0.02801020302087964,
        "min": 0.01126,
        "med": 0.023809,
        "max": 0.238579
      }
    },
    "data_received": {
      "type": "counter",
      "contains": "data",
      "values": {
        "count": 775851,
        "rate": 8619.457756283178
      }
    },
    "vus": {
      "type": "gauge",
      "contains": "default",
      "values": {
        "value": 0,
        "min": 0,
        "max": 1
      }
    },
    "req_latency": {
      "type": "trend",
      "contains": "default",
      "values": {
        "max": 52.778846,
        "p(50)": 10.731947,
        "p(95)": 13.452393,
        "p(99)": 14.932644,
        "avg": 11.024700372723235,
        "min": 7.422842,
        "med": 10.731947
      }
    }
  },
  "root_group": {
    "name": "",
    "path": "",
    "id": "d41d8cd98f00b204e9800998ecf8427e",
    "groups": [],
    "checks": [
        {
          "name": "status is 200",
          "path": "::status is 200",
          "id": "6210a8cd14cd70477eba5c5e4cb3fb5f",
          "passes": 2251,
          "fails": 0
        },
        {
          "passes": 2251,
          "fails": 0,
          "name": "no graphql errors",
          "path": "::no graphql errors",
          "id": "7c29382b2a87caa2e50f0d89170b649f"
        }
      ]
  },
  "options": {
    "summaryTimeUnit": "",
    "noColor": false,
    "summaryTrendStats": [
      "avg",
      "min",
      "med",
      "max",
      "p(50)",
      "p(95)",
      "p(99)"
    ]
  },
  "state": {
    "isStdOutTTY": false,
    "isStdErrTTY": false,
    "testRunDurationMs": 90011.578679
  }
}