{
  "state": {
    "testRunDurationMs": 90011.485307,
    "isStdOutTTY": false,
    "isStdErrTTY": false
  },
  "metrics": {
    "round_trip_count": {
      "type": "trend",
      "contains": "default",
      "values": {
        "max": 1,
        "p(50)": 1,
        "p(95)": 1,
        "p(99)": 1,
        "avg": 1,
        "min": 1,
        "med": 1
      }
    },
    "vus": {
      "type": "gauge",
      "contains": "default",
      "values": {
        "value": 1,
        "min": 0,
        "max": 1
      }
    },
    "http_req_duration{expected_response:true}": {
      "type": "trend",
      "contains": "time",
      "values": {
        "med": 9.005745,
        "max": 35.123631,
        "p(50)": 9.005745,
        "p(95)": 10.896347500000001,
        "p(99)": 11.8869705,
        "avg": 9.03612018924922,
        "min": 4.000686
      }
    },
    "data_sent": {
      "type": "counter",
      "contains": "data",
      "values": {
        "count": 268773,
        "rate": 2985.9856115394878
      }
    },
    "http_req_waiting": {
      "type": "trend",
      "contains": "time",
      "values": {
        "p(50)": 8.858265,
        "p(95)": 10.7651995,
        "p(99)": 11.743177,
        "avg": 8.887291370057753,
        "min": 3.820197,
        "med": 8.858265,
        "max": 34.982432
      }
    },
    "http_req_blocked": {
      "type": "trend",
      "contains": "time",
      "values": {
        "avg": 0.13359988094180317,
        "min": 0.00461,
        "med": 0.00765,
        "max": 8.450868,
        "p(50)": 0.00765,
        "p(95)": 0.022725500000000003,
        "p(99)": 5.7626349999999995
      }
    },
    "iteration_duration": {
      "type": "trend",
      "contains": "time",
      "values": {
        "med": 9.378589,
        "max": 35.580887,
        "p(50)": 9.378589,
        "p(95)": 11.624427,
        "p(99)": 16.071447,
        "avg": 9.515816953798305,
        "min": 4.348683
      }
    },
    "vus_max": {
      "type": "gauge",
      "contains": "default",
      "values": {
        "value": 50,
        "min": 50,
        "max": 50
      }
    },
    "http_req_receiving": {
      "type": "trend",
      "contains": "time",
      "values": {
        "p(50)": 0.103899,
        "p(95)": 0.2001485,
        "p(99)": 0.26568749999999997,
        "avg": 0.11695630342070194,
        "min": 0.048059,
        "med": 0.103899,
        "max": 3.007115
      }
    },
    "checks": {
      "contains": "default",
      "values": {
        "rate": 1,
        "passes": 2251,
        "fails": 0
      },
      "type": "rate"
    },
    "http_reqs": {
      "type": "counter",
      "contains": "default",
      "values": {
        "count": 2251,
        "rate": 25.007919737382053
      }
    },
    "req_latency": {
      "contains": "default",
      "values": {
        "min": 4.000686,
        "med": 9.005745,
        "max": 35.123631,
        "p(50)": 9.005745,
        "p(95)": 10.896347500000001,
        "p(99)": 11.8869705,
        "avg": 9.03612018924922
      },
      "type": "trend"
    },
    "payload_bytes": {
      "type": "trend",
      "contains": "default",
      "values": {
        "avg": 2936.92003553976,
        "min": 2012,
        "med": 2709,
        "max": 4819,
        "p(50)": 2709,
        "p(95)": 4431.5,
        "p(99)": 4680
      }
    },
    "http_req_connecting": {
      "type": "trend",
      "contains": "time",
      "values": {
        "med": 0,
        "max": 8.274629,
        "p(50)": 0,
        "p(95)": 0,
        "p(99)": 5.6426765,
        "avg": 0.12222066192803202,
        "min": 0
      }
    },
    "http_req_duration": {
      "type": "trend",
      "contains": "time",
      "values": {
        "p(95)": 10.896347500000001,
        "p(99)": 11.8869705,
        "avg": 9.03612018924922,
        "min": 4.000686,
        "med": 9.005745,
        "max": 35.123631,
        "p(50)": 9.005745
      }
    },
    "data_received": {
      "type": "counter",
      "contains": "data",
      "values": {
        "count": 7200769,
        "rate": 79998.33549508167
      }
    },
    "iterations": {
      "type": "counter",
      "contains": "default",
      "values": {
        "count": 2251,
        "rate": 25.007919737382053
      }
    },
    "http_req_tls_handshaking": {
      "type": "trend",
      "contains": "time",
      "values": {
        "p(50)": 0,
        "p(95)": 0,
        "p(99)": 0,
        "avg": 0,
        "min": 0,
        "med": 0,
        "max": 0
      }
    },
    "http_req_sending": {
      "type": "trend",
      "contains": "time",
      "values": {
        "avg": 0.03187251577076843,
        "min": 0.011529,
        "med": 0.02706,
        "max": 0.225778,
        "p(50)": 0.02706,
        "p(95)": 0.0609195,
        "p(99)": 0.1269235
      }
    },
    "http_req_failed": {
      "type": "rate",
      "contains": "default",
      "values": {
        "passes": 0,
        "fails": 2251,
        "rate": 0
      }
    }
  },
  "root_group": {
    "groups": [],
    "checks": [
        {
          "name": "status is 200",
          "path": "::status is 200",
          "id": "6210a8cd14cd70477eba5c5e4cb3fb5f",
          "passes": 2251,
          "fails": 0
        }
      ],
    "name": "",
    "path": "",
    "id": "d41d8cd98f00b204e9800998ecf8427e"
  },
  "options": {
    "summaryTimeUnit": "",
    "noColor": false,
    "summaryTrendStats": [
      "avg",
      "min",
      "med",
      "max",
      "p(50)",
      "p(95)",
      "p(99)"
    ]
  }
}