{
  "state": {
    "isStdOutTTY": false,
    "isStdErrTTY": false,
    "testRunDurationMs": 90017.282862
  },
  "metrics": {
    "http_req_connecting": {
      "contains": "time",
      "values": {
        "p(50)": 0,
        "p(95)": 0,
        "p(99)": 5.340058999999999,
        "avg": 0.11774728704398735,
        "min": 0,
        "med": 0,
        "max": 15.456985
      },
      "type": "trend"
    },
    "round_trip_count": {
      "type": "trend",
      "contains": "default",
      "values": {
        "max": 1,
        "p(50)": 1,
        "p(95)": 1,
        "p(99)": 1,
        "avg": 1,
        "min": 1,
        "med": 1
      }
    },
    "payload_bytes": {
      "contains": "default",
      "values": {
        "avg": 1922.9473052094281,
        "min": 147,
        "med": 2198,
        "max": 2405,
        "p(50)": 2198,
        "p(95)": 2356,
        "p(99)": 2374
      },
      "type": "trend"
    },
    "vus_max": {
      "type": "gauge",
      "contains": "default",
      "values": {
        "value": 148,
        "min": 148,
        "max": 148
      }
    },
    "page_latency": {
      "values": {
        "min": 11.147068,
        "med": 16.448732,
        "max": 144.931528,
        "p(50)": 16.448732,
        "p(95)": 70.6465,
        "p(99)": 101.17184279999996,
        "avg": 22.29422309638194
      },
      "type": "trend",
      "contains": "default"
    },
    "http_req_blocked": {
      "contains": "time",
      "values": {
        "p(50)": 0.00753,
        "p(95)": 0.01448,
        "p(99)": 5.422305,
        "avg": 0.1280728962618223,
        "min": 0.00482,
        "med": 0.00753,
        "max": 15.540015
      },
      "type": "trend"
    },
    "http_req_duration{expected_response:true}": {
      "values": {
        "avg": 22.29422309638194,
        "min": 11.147068,
        "med": 16.448732,
        "max": 144.931528,
        "p(50)": 16.448732,
        "p(95)": 70.6465,
        "p(99)": 101.17184279999996
      },
      "type": "trend",
      "contains": "time"
    },
    "http_req_failed": {
      "type": "rate",
      "contains": "default",
      "values": {
        "rate": 0,
        "passes": 0,
        "fails": 6661
      }
    },
    "http_req_duration": {
      "type": "trend",
      "contains": "time",
      "values": {
        "med": 16.448732,
        "max": 144.931528,
        "p(50)": 16.448732,
        "p(95)": 70.6465,
        "p(99)": 101.17184279999996,
        "avg": 22.29422309638194,
        "min": 11.147068
      }
    },
    "data_received": {
      "type": "counter",
      "contains": "data",
      "values": {
        "count": 14553291,
        "rate": 161672.1871322284
      }
    },
    "http_req_tls_handshaking": {
      "type": "trend",
      "contains": "time",
      "values": {
        "min": 0,
        "med": 0,
        "max": 0,
        "p(50)": 0,
        "p(95)": 0,
        "p(99)": 0,
        "avg": 0
      }
    },
    "http_req_sending": {
      "type": "trend",
      "contains": "time",
      "values": {
        "max": 0.476692,
        "p(50)": 0.0289,
        "p(95)": 0.0556,
        "p(99)": 0.10887279999999992,
        "avg": 0.033271721213031076,
        "min": 0.01322,
        "med": 0.0289
      }
    },
    "checks": {
      "type": "rate",
      "contains": "default",
      "values": {
        "passes": 13322,
        "fails": 0,
        "rate": 1
      }
    },
    "vus": {
      "type": "gauge",
      "contains": "default",
      "values": {
        "max": 8,
        "value": 1,
        "min": 1
      }
    },
    "http_reqs": {
      "type": "counter",
      "contains": "default",
      "values": {
        "count": 6661,
        "rate": 73.99690135294988
      }
    },
    "data_sent": {
      "type": "counter",
      "contains": "data",
      "values": {
        "rate": 21862.512813423025,
        "count": 1968004
      }
    },
    "iteration_duration": {
      "type": "trend",
      "contains": "time",
      "values": {
        "avg": 23.50606635475149,
        "min": 11.807871,
        "med": 17.66544,
        "max": 145.982763,
        "p(50)": 17.66544,
        "p(95)": 72.014107,
        "p(99)": 102.32714999999999
      }
    },
    "req_latency": {
      "type": "trend",
      "contains": "default",
      "values": {
        "med": 16.448732,
        "max": 144.931528,
        "p(50)": 16.448732,
        "p(95)": 70.6465,
        "p(99)": 101.17184279999996,
        "avg": 22.29422309638194,
        "min": 11.147068
      }
    },
    "http_req_waiting": {
      "type": "trend",
      "contains": "time",
      "values": {
        "p(99)": 98.0736142,
        "avg": 21.745993984686994,
        "min": 11.061228,
        "med": 16.316339,
        "max": 142.713655,
        "p(50)": 16.316339,
        "p(95)": 66.266844
      }
    },
    "http_req_receiving": {
      "type": "trend",
      "contains": "time",
      "values": {
        "med": 0.09524,
        "max": 29.350981,
        "p(50)": 0.09524,
        "p(95)": 1.203508,
        "p(99)": 11.48234999999998,
        "avg": 0.5149573904819095,
        "min": 0.04406
      }
    },
    "iterations": {
      "type": "counter",
      "contains": "default",
      "values": {
        "count": 6661,
        "rate": 73.99690135294988
      }
    }
  },
  "root_group": {
    "name": "",
    "path": "",
    "id": "d41d8cd98f00b204e9800998ecf8427e",
    "groups": [],
    "checks": [
        {
          "name": "status is 200",
          "path": "::status is 200",
          "id": "6210a8cd14cd70477eba5c5e4cb3fb5f",
          "passes": 6661,
          "fails": 0
        },
        {
          "id": "7c29382b2a87caa2e50f0d89170b649f",
          "passes": 6661,
          "fails": 0,
          "name": "no graphql errors",
          "path": "::no graphql errors"
        }
      ]
  },
  "options": {
    "summaryTrendStats": [
      "avg",
      "min",
      "med",
      "max",
      "p(50)",
      "p(95)",
      "p(99)"
    ],
    "summaryTimeUnit": "",
    "noColor": false
  }
}