{
  "state": {
    "isStdOutTTY": false,
    "isStdErrTTY": false,
    "testRunDurationMs": 90001.424117
  },
  "metrics": {
    "checks": {
      "type": "rate",
      "contains": "default",
      "values": {
        "rate": 1,
        "passes": 2250,
        "fails": 0
      }
    },
    "vus_max": {
      "type": "gauge",
      "contains": "default",
      "values": {
        "value": 50,
        "min": 50,
        "max": 50
      }
    },
    "payload_bytes": {
      "contains": "default",
      "values": {
        "avg": 324.11333333333334,
        "min": 128,
        "med": 329,
        "max": 528,
        "p(50)": 329,
        "p(95)": 428,
        "p(99)": 431
      },
      "type": "trend"
    },
    "data_received": {
      "type": "counter",
      "contains": "data",
      "values": {
        "count": 1316505,
        "rate": 14627.601873150035
      }
    },
    "iterations": {
      "type": "counter",
      "contains": "default",
      "values": {
        "count": 2250,
        "rate": 24.99960441820394
      }
    },
    "http_req_duration": {
      "type": "trend",
      "contains": "time",
      "values": {
        "p(95)": 9.43236805,
        "p(99)": 10.220342979999998,
        "avg": 7.7298167613333435,
        "min": 3.993897,
        "med": 7.7008715,
        "max": 36.837485,
        "p(50)": 7.7008715
      }
    },
    "http_req_tls_handshaking": {
      "type": "trend",
      "contains": "time",
      "values": {
        "avg": 0,
        "min": 0,
        "med": 0,
        "max": 0,
        "p(50)": 0,
        "p(95)": 0,
        "p(99)": 0
      }
    },
    "http_req_receiving": {
      "type": "trend",
      "contains": "time",
      "values": {
        "min": 0.04528,
        "med": 0.08615,
        "max": 0.429096,
        "p(50)": 0.08615,
        "p(95)": 0.12868854999999996,
        "p(99)": 0.1647449999999996,
        "avg": 0.09197005333333323
      }
    },
    "req_latency": {
      "contains": "default",
      "values": {
        "avg": 7.7298167613333435,
        "min": 3.993897,
        "med": 7.7008715,
        "max": 36.837485,
        "p(50)": 7.7008715,
        "p(95)": 9.43236805,
        "p(99)": 10.220342979999998
      },
      "type": "trend"
    },
    "iteration_duration": {
      "type": "trend",
      "contains": "time",
      "values": {
        "min": 4.433932,
        "med": 8.028627499999999,
        "max": 37.245753,
        "p(50)": 8.028627499999999,
        "p(95)": 9.9963988,
        "p(99)": 14.409065009999997,
        "avg": 8.179431785777773
      }
    },
    "http_reqs": {
      "values": {
        "count": 2250,
        "rate": 24.99960441820394
      },
      "type": "counter",
      "contains": "default"
    },
    "http_req_waiting": {
      "type": "trend",
      "contains": "time",
      "values": {
        "p(50)": 7.5737925,
        "p(95)": 9.297948299999998,
        "p(99)": 10.094185309999999,
        "avg": 7.608781696888887,
        "min": 3.870767,
        "med": 7.5737925,
        "max": 36.686747
      }
    },
    "http_req_sending": {
      "type": "trend",
      "contains": "time",
      "values": {
        "avg": 0.029065011111111132,
        "min": 0.01134,
        "med": 0.024565,
        "max": 0.210518,
        "p(50)": 0.024565,
        "p(95)": 0.04973049999999985,
        "p(99)": 0.12443919999999975
      }
    },
    "vus": {
      "contains": "default",
      "values": {
        "value": 0,
        "min": 0,
        "max": 0
      },
      "type": "gauge"
    },
    "round_trip_count": {
      "type": "trend",
      "contains": "default",
      "values": {
        "min": 1,
        "med": 1,
        "max": 1,
        "p(50)": 1,
        "p(95)": 1,
        "p(99)": 1,
        "avg": 1
      }
    },
    "http_req_connecting": {
      "type": "trend",
      "contains": "time",
      "values": {
        "p(99)": 5.397869809999999,
        "avg": 0.11878631422222219,
        "min": 0,
        "med": 0,
        "max": 8.404706,
        "p(50)": 0,
        "p(95)": 0
      }
    },
    "data_sent": {
      "type": "counter",
      "contains": "data",
      "values": {
        "count": 400493,
        "rate": 4449.851809893223
      }
    },
    "http_req_duration{expected_response:true}": {
      "type": "trend",
      "contains": "time",
      "values": {
        "p(95)": 9.43236805,
        "p(99)": 10.220342979999998,
        "avg": 7.7298167613333435,
        "min": 3.993897,
        "med": 7.7008715,
        "max": 36.837485,
        "p(50)": 7.7008715
      }
    },
    "http_req_failed": {
      "type": "rate",
      "contains": "default",
      "values": {
        "rate": 0,
        "passes": 0,
        "fails": 2250
      }
    },
    "http_req_blocked": {
      "type": "trend",
      "contains": "time",
      "values": {
        "max": 8.530245,
        "p(50)": 0.00658,
        "p(95)": 0.01907049999999997,
        "p(99)": 5.534981079999996,
        "avg": 0.12892327777777815,
        "min": 0.00399,
        "med": 0.00658
      }
    }
  },
  "root_group": {
    "id": "d41d8cd98f00b204e9800998ecf8427e",
    "groups": [],
    "checks": [
        {
          "id": "6210a8cd14cd70477eba5c5e4cb3fb5f",
          "passes": 2250,
          "fails": 0,
          "name": "status is 200",
          "path": "::status is 200"
        }
      ],
    "name": "",
    "path": ""
  },
  "options": {
    "summaryTimeUnit": "",
    "noColor": false,
    "summaryTrendStats": [
      "avg",
      "min",
      "med",
      "max",
      "p(50)",
      "p(95)",
      "p(99)"
    ]
  }
}