{
  "metrics": {
    "checks": {
      "values": {
        "rate": 1,
        "passes": 9000,
        "fails": 0
      },
      "type": "rate",
      "contains": "default"
    },
    "req_latency": {
      "values": {
        "med": 16.0806375,
        "max": 65.480858,
        "p(50)": 16.0806375,
        "p(95)": 19.51968155,
        "p(99)": 54.06701270000002,
        "avg": 16.790971819333347,
        "min": 11.238091
      },
      "type": "trend",
      "contains": "default"
    },
    "http_req_duration{expected_response:true}": {
      "type": "trend",
      "contains": "time",
      "values": {
        "avg": 16.790971819333347,
        "min": 11.238091,
        "med": 16.0806375,
        "max": 65.480858,
        "p(50)": 16.0806375,
        "p(95)": 19.51968155,
        "p(99)": 54.06701270000002
      }
    },
    "iteration_duration": {
      "type": "trend",
      "contains": "time",
      "values": {
        "max": 66.689128,
        "p(50)": 17.329954999999998,
        "p(95)": 21.511529000000007,
        "p(99)": 54.664989980000094,
        "avg": 18.07886780599999,
        "min": 12.053509,
        "med": 17.329954999999998
      }
    },
    "http_req_sending": {
      "type": "trend",
      "contains": "time",
      "values": {
        "avg": 0.03182191533333336,
        "min": 0.01313,
        "med": 0.02749,
        "max": 0.306569,
        "p(50)": 0.02749,
        "p(95)": 0.05910250000000001,
        "p(99)": 0.11098200000000004
      }
    },
    "http_req_receiving": {
      "type": "trend",
      "contains": "time",
      "values": {
        "p(95)": 0.14694295,
        "p(99)": 0.4285536000000001,
        "avg": 0.10561358155555574,
        "min": 0.03351,
        "med": 0.09206500000000001,
        "max": 10.216022,
        "p(50)": 0.09206500000000001
      }
    },
    "http_req_duration": {
      "type": "trend",
      "contains": "time",
      "values": {
        "p(50)": 16.0806375,
        "p(95)": 19.51968155,
        "p(99)": 54.06701270000002,
        "avg": 16.790971819333347,
        "min": 11.238091,
        "med": 16.0806375,
        "max": 65.480858
      }
    },
    "round_trip_count": {
      "type": "trend",
      "contains": "default",
      "values": {
        "med": 1,
        "max": 1,
        "p(50)": 1,
        "p(95)": 1,
        "p(99)": 1,
        "avg": 1,
        "min": 1
      }
    },
    "data_sent": {
      "type": "counter",
      "contains": "data",
      "values": {
        "count": 1329608,
        "rate": 14770.644191793928
      }
    },
    "vus": {
      "type": "gauge",
      "contains": "default",
      "values": {
        "max": 2,
        "value": 1,
        "min": 1
      }
    },
    "http_req_failed": {
      "type": "rate",
      "contains": "default",
      "values": {
        "passes": 0,
        "fails": 4500,
        "rate": 0
      }
    },
    "http_req_connecting": {
      "values": {
        "med": 0,
        "max": 14.332376,
        "p(50)": 0,
        "p(95)": 0,
        "p(99)": 5.405336090000003,
        "avg": 0.11938665066666668,
        "min": 0
      },
      "type": "trend",
      "contains": "time"
    },
    "data_received": {
      "values": {
        "count": 9886465,
        "rate": 109828.95472171043
      },
      "type": "counter",
      "contains": "data"
    },
    "iterations": {
      "values": {
        "count": 4500,
        "rate": 49.99059787777501
      },
      "type": "counter",
      "contains": "default"
    },
    "http_req_tls_handshaking": {
      "type": "trend",
      "contains": "time",
      "values": {
        "min": 0,
        "med": 0,
        "max": 0,
        "p(50)": 0,
        "p(95)": 0,
        "p(99)": 0,
        "avg": 0
      }
    },
    "http_req_waiting": {
      "type": "trend",
      "contains": "time",
      "values": {
        "max": 64.83823,
        "p(50)": 15.9535525,
        "p(95)": 19.37832855,
        "p(99)": 53.62386610000003,
        "avg": 16.653536322444406,
        "min": 11.109771,
        "med": 15.9535525
      }
    },
    "payload_bytes": {
      "type": "trend",
      "contains": "default",
      "values": {
        "p(50)": 2206,
        "p(95)": 2355,
        "p(99)": 2374,
        "avg": 1935.0848888888888,
        "min": 147,
        "med": 2206,
        "max": 2405
      }
    },
    "page_latency": {
      "type": "trend",
      "contains": "default",
      "values": {
        "p(50)": 16.0806375,
        "p(95)": 19.51968155,
        "p(99)": 54.06701270000002,
        "avg": 16.790971819333347,
        "min": 11.238091,
        "med": 16.0806375,
        "max": 65.480858
      }
    },
    "http_reqs": {
      "type": "counter",
      "contains": "default",
      "values": {
        "count": 4500,
        "rate": 49.99059787777501
      }
    },
    "http_req_blocked": {
      "values": {
        "p(95)": 0.012550500000000003,
        "p(99)": 5.506598100000004,
        "avg": 0.1293612842222208,
        "min": 0.0042,
        "med": 0.00696,
        "max": 14.476646,
        "p(50)": 0.00696
      },
      "type": "trend",
      "contains": "time"
    },
    "vus_max": {
      "type": "gauge",
      "contains": "default",
      "values": {
        "value": 100,
        "min": 100,
        "max": 100
      }
    }
  },
  "root_group": {
    "name": "",
    "path": "",
    "id": "d41d8cd98f00b204e9800998ecf8427e",
    "groups": [],
    "checks": [
        {
          "name": "status is 200",
          "path": "::status is 200",
          "id": "6210a8cd14cd70477eba5c5e4cb3fb5f",
          "passes": 4500,
          "fails": 0
        },
        {
          "name": "no graphql errors",
          "path": "::no graphql errors",
          "id": "7c29382b2a87caa2e50f0d89170b649f",
          "passes": 4500,
          "fails": 0
        }
      ]
  },
  "options": {
    "noColor": false,
    "summaryTrendStats": [
      "avg",
      "min",
      "med",
      "max",
      "p(50)",
      "p(95)",
      "p(99)"
    ],
    "summaryTimeUnit": ""
  },
  "state": {
    "isStdOutTTY": false,
    "isStdErrTTY": false,
    "testRunDurationMs": 90016.927003
  }
}