{
  "state": {
    "isStdErrTTY": false,
    "testRunDurationMs": 90016.184504,
    "isStdOutTTY": false
  },
  "metrics": {
    "http_req_receiving": {
      "type": "trend",
      "contains": "time",
      "values": {
        "p(50)": 0.089369,
        "p(95)": 0.141669,
        "p(99)": 0.432286,
        "avg": 0.10117346367473894,
        "min": 0.04184,
        "med": 0.089369,
        "max": 0.711914
      }
    },
    "http_req_failed": {
      "type": "rate",
      "contains": "default",
      "values": {
        "rate": 0,
        "passes": 0,
        "fails": 4501
      }
    },
    "http_req_duration{expected_response:true}": {
      "type": "trend",
      "contains": "time",
      "values": {
        "avg": 14.374012452566092,
        "min": 8.873114,
        "med": 13.725177,
        "max": 63.313805,
        "p(50)": 13.725177,
        "p(95)": 17.25442,
        "p(99)": 47.500291
      }
    },
    "http_req_connecting": {
      "contains": "time",
      "values": {
        "max": 11.378703,
        "p(50)": 0,
        "p(95)": 0,
        "p(99)": 5.673367,
        "avg": 0.12426450633192626,
        "min": 0,
        "med": 0
      },
      "type": "trend"
    },
    "req_latency": {
      "type": "trend",
      "contains": "default",
      "values": {
        "max": 63.313805,
        "p(50)": 13.725177,
        "p(95)": 17.25442,
        "p(99)": 47.500291,
        "avg": 14.374012452566092,
        "min": 8.873114,
        "med": 13.725177
      }
    },
    "vus": {
      "type": "gauge",
      "contains": "default",
      "values": {
        "value": 0,
        "min": 0,
        "max": 2
      }
    },
    "vus_max": {
      "type": "gauge",
      "contains": "default",
      "values": {
        "value": 100,
        "min": 100,
        "max": 100
      }
    },
    "http_req_blocked": {
      "type": "trend",
      "contains": "time",
      "values": {
        "avg": 0.13379493379248966,
        "min": 0.00432,
        "med": 0.00655,
        "max": 11.492732,
        "p(50)": 0.00655,
        "p(95)": 0.01197,
        "p(99)": 5.777745
      }
    },
    "http_req_waiting": {
      "type": "trend",
      "contains": "time",
      "values": {
        "min": 8.734195,
        "med": 13.601388,
        "max": 62.838689,
        "p(50)": 13.601388,
        "p(95)": 17.123731,
        "p(99)": 46.979748,
        "avg": 14.242701241279748
      }
    },
    "checks": {
      "type": "rate",
      "contains": "default",
      "values": {
        "rate": 1,
        "passes": 9002,
        "fails": 0
      }
    },
    "payload_bytes": {
      "type": "trend",
      "contains": "default",
      "values": {
        "max": 2590,
        "p(50)": 452,
        "p(95)": 1816,
        "p(99)": 2464,
        "avg": 705.1946234170184,
        "min": 147,
        "med": 452
      }
    },
    "data_received": {
      "values": {
        "count": 4350328,
        "rate": 48328.28700717355
      },
      "type": "counter",
      "contains": "data"
    },
    "http_reqs": {
      "contains": "default",
      "values": {
        "count": 4501,
        "rate": 50.00211933888391
      },
      "type": "counter"
    },
    "data_sent": {
      "type": "counter",
      "contains": "data",
      "values": {
        "count": 1195325,
        "rate": 13279.000955065854
      }
    },
    "http_req_duration": {
      "type": "trend",
      "contains": "time",
      "values": {
        "min": 8.873114,
        "med": 13.725177,
        "max": 63.313805,
        "p(50)": 13.725177,
        "p(95)": 17.25442,
        "p(99)": 47.500291,
        "avg": 14.374012452566092
      }
    },
    "http_req_tls_handshaking": {
      "type": "trend",
      "contains": "time",
      "values": {
        "med": 0,
        "max": 0,
        "p(50)": 0,
        "p(95)": 0,
        "p(99)": 0,
        "avg": 0,
        "min": 0
      }
    },
    "http_req_sending": {
      "type": "trend",
      "contains": "time",
      "values": {
        "max": 0.207089,
        "p(50)": 0.02562,
        "p(95)": 0.04794,
        "p(99)": 0.123228,
        "avg": 0.030137747611641827,
        "min": 0.012609,
        "med": 0.02562
      }
    },
    "iteration_duration": {
      "values": {
        "p(50)": 14.477492,
        "p(95)": 18.951846,
        "p(99)": 47.938541,
        "avg": 15.211847411686302,
        "min": 9.429079,
        "med": 14.477492,
        "max": 64.141989
      },
      "type": "trend",
      "contains": "time"
    },
    "round_trip_count": {
      "type": "trend",
      "contains": "default",
      "values": {
        "med": 1,
        "max": 1,
        "p(50)": 1,
        "p(95)": 1,
        "p(99)": 1,
        "avg": 1,
        "min": 1
      }
    },
    "iterations": {
      "type": "counter",
      "contains": "default",
      "values": {
        "rate": 50.00211933888391,
        "count": 4501
      }
    }
  },
  "root_group": {
    "name": "",
    "path": "",
    "id": "d41d8cd98f00b204e9800998ecf8427e",
    "groups": [],
    "checks": [
        {
          "path": "::status is 200",
          "id": "6210a8cd14cd70477eba5c5e4cb3fb5f",
          "passes": 4501,
          "fails": 0,
          "name": "status is 200"
        },
        {
          "name": "no graphql errors",
          "path": "::no graphql errors",
          "id": "7c29382b2a87caa2e50f0d89170b649f",
          "passes": 4501,
          "fails": 0
        }
      ]
  },
  "options": {
    "summaryTrendStats": [
      "avg",
      "min",
      "med",
      "max",
      "p(50)",
      "p(95)",
      "p(99)"
    ],
    "summaryTimeUnit": "",
    "noColor": false
  }
}