{
  "state": {
    "isStdOutTTY": false,
    "isStdErrTTY": false,
    "testRunDurationMs": 95855.729252
  },
  "metrics": {
    "http_req_failed": {
      "type": "rate",
      "contains": "default",
      "values": {
        "rate": 0,
        "passes": 0,
        "fails": 5857
      }
    },
    "req_latency": {
      "type": "trend",
      "contains": "default",
      "values": {
        "avg": 6838.610152606627,
        "min": 21.322526,
        "med": 7004.527437,
        "max": 17595.742617,
        "p(50)": 7004.527437,
        "p(95)": 11638.037921199999,
        "p(99)": 14591.675434679988
      }
    },
    "round_trip_count": {
      "type": "trend",
      "contains": "default",
      "values": {
        "med": 1,
        "max": 1,
        "p(50)": 1,
        "p(95)": 1,
        "p(99)": 1,
        "avg": 1,
        "min": 1
      }
    },
    "data_received": {
      "type": "counter",
      "contains": "data",
      "values": {
        "count": 48178217,
        "rate": 502611.7622384556
      }
    },
    "vus": {
      "type": "gauge",
      "contains": "default",
      "values": {
        "value": 336,
        "min": 16,
        "max": 740
      }
    },
    "iteration_duration": {
      "type": "trend",
      "contains": "time",
      "values": {
        "max": 17612.835798,
        "p(50)": 7008.603731,
        "p(95)": 11641.0096496,
        "p(99)": 14600.177166479989,
        "avg": 6842.687878802974,
        "min": 27.907099,
        "med": 7008.603731
      }
    },
    "checks": {
      "values": {
        "passes": 11714,
        "fails": 0,
        "rate": 1
      },
      "type": "rate",
      "contains": "default"
    },
    "iterations": {
      "type": "counter",
      "contains": "default",
      "values": {
        "count": 5857,
        "rate": 61.10224235634612
      }
    },
    "http_req_blocked": {
      "contains": "time",
      "values": {
        "max": 116.379782,
        "p(50)": 0.00758,
        "p(95)": 5.708233199999999,
        "p(99)": 7.02016132,
        "avg": 0.7279277187980251,
        "min": 0.00361,
        "med": 0.00758
      },
      "type": "trend"
    },
    "http_req_connecting": {
      "type": "trend",
      "contains": "time",
      "values": {
        "p(95)": 5.6166008000000005,
        "p(99)": 6.921092479999999,
        "avg": 0.691467269250469,
        "min": 0,
        "med": 0,
        "max": 22.602653,
        "p(50)": 0
      }
    },
    "data_sent": {
      "type": "counter",
      "contains": "data",
      "values": {
        "count": 1554377,
        "rate": 16215.796511376166
      }
    },
    "vus_max": {
      "type": "gauge",
      "contains": "default",
      "values": {
        "min": 148,
        "max": 740,
        "value": 740
      }
    },
    "http_req_duration": {
      "type": "trend",
      "contains": "time",
      "values": {
        "med": 7004.527437,
        "max": 17595.742617,
        "p(50)": 7004.527437,
        "p(95)": 11638.037921199999,
        "p(99)": 14591.675434679988,
        "avg": 6838.610152606628,
        "min": 21.322526
      }
    },
    "http_req_waiting": {
      "type": "trend",
      "contains": "time",
      "values": {
        "p(99)": 12756.524764319995,
        "avg": 5753.251886378518,
        "min": 20.919644,
        "med": 5834.387147,
        "max": 16170.085508,
        "p(50)": 5834.387147,
        "p(95)": 9920.692689199997
      }
    },
    "http_reqs": {
      "values": {
        "count": 5857,
        "rate": 61.10224235634612
      },
      "type": "counter",
      "contains": "default"
    },
    "http_req_tls_handshaking": {
      "type": "trend",
      "contains": "time",
      "values": {
        "max": 0,
        "p(50)": 0,
        "p(95)": 0,
        "p(99)": 0,
        "avg": 0,
        "min": 0,
        "med": 0
      }
    },
    "http_req_sending": {
      "type": "trend",
      "contains": "time",
      "values": {
        "med": 0.02832,
        "max": 93.795189,
        "p(50)": 0.02832,
        "p(95)": 0.124011,
        "p(99)": 0.18021399999999985,
        "avg": 0.07373058118490668,
        "min": 0.01156
      }
    },
    "dropped_iterations": {
      "type": "counter",
      "contains": "default",
      "values": {
        "count": 803,
        "rate": 8.377172718481463
      }
    },
    "http_req_duration{expected_response:true}": {
      "values": {
        "avg": 6838.610152606628,
        "min": 21.322526,
        "med": 7004.527437,
        "max": 17595.742617,
        "p(50)": 7004.527437,
        "p(95)": 11638.037921199999,
        "p(99)": 14591.675434679988
      },
      "type": "trend",
      "contains": "time"
    },
    "payload_bytes": {
      "values": {
        "med": 7258,
        "max": 29310,
        "p(50)": 7258,
        "p(95)": 12152,
        "p(99)": 13016,
        "avg": 7963.528939730238,
        "min": 5349
      },
      "type": "trend",
      "contains": "default"
    },
    "http_req_receiving": {
      "type": "trend",
      "contains": "time",
      "values": {
        "p(99)": 2703.36514684,
        "avg": 1085.2845356469168,
        "min": 0.18639,
        "med": 1036.433994,
        "max": 2731.174891,
        "p(50)": 1036.433994,
        "p(95)": 2494.8729563999996
      }
    }
  },
  "root_group": {
    "id": "d41d8cd98f00b204e9800998ecf8427e",
    "groups": [],
    "checks": [
        {
          "name": "status is 200",
          "path": "::status is 200",
          "id": "6210a8cd14cd70477eba5c5e4cb3fb5f",
          "passes": 5857,
          "fails": 0
        },
        {
          "name": "no graphql errors",
          "path": "::no graphql errors",
          "id": "7c29382b2a87caa2e50f0d89170b649f",
          "passes": 5857,
          "fails": 0
        }
      ],
    "name": "",
    "path": ""
  },
  "options": {
    "noColor": false,
    "summaryTrendStats": [
      "avg",
      "min",
      "med",
      "max",
      "p(50)",
      "p(95)",
      "p(99)"
    ],
    "summaryTimeUnit": ""
  }
}