{
  "metrics": {
    "data_sent": {
      "values": {
        "count": 597103,
        "rate": 6634.423814553923
      },
      "type": "counter",
      "contains": "data"
    },
    "http_req_tls_handshaking": {
      "type": "trend",
      "contains": "time",
      "values": {
        "avg": 0,
        "min": 0,
        "med": 0,
        "max": 0,
        "p(50)": 0,
        "p(95)": 0,
        "p(99)": 0
      }
    },
    "req_latency": {
      "type": "trend",
      "contains": "default",
      "values": {
        "min": 14.7412,
        "med": 20.1894815,
        "max": 94.697754,
        "p(50)": 20.1894815,
        "p(95)": 26.0786727,
        "p(99)": 48.445459669999885,
        "avg": 21.28835577466666
      }
    },
    "http_req_blocked": {
      "type": "trend",
      "contains": "time",
      "values": {
        "avg": 0.12906180711111218,
        "min": 0.00423,
        "med": 0.005655,
        "max": 8.990836,
        "p(50)": 0.005655,
        "p(95)": 0.010345499999999997,
        "p(99)": 5.522046809999997
      }
    },
    "http_req_sending": {
      "type": "trend",
      "contains": "time",
      "values": {
        "max": 0.215459,
        "p(50)": 0.0240895,
        "p(95)": 0.05007949999999997,
        "p(99)": 0.1189961999999996,
        "avg": 0.02943127822222223,
        "min": 0.01196,
        "med": 0.0240895
      }
    },
    "http_req_receiving": {
      "type": "trend",
      "contains": "time",
      "values": {
        "avg": 0.16841765955555515,
        "min": 0.046589,
        "med": 0.0967495,
        "max": 15.755423,
        "p(50)": 0.0967495,
        "p(95)": 0.17696444999999997,
        "p(99)": 3.744804799999965
      }
    },
    "http_req_duration": {
      "values": {
        "p(95)": 26.0786727,
        "p(99)": 48.445459669999885,
        "avg": 21.28835577466666,
        "min": 14.7412,
        "med": 20.1894815,
        "max": 94.697754,
        "p(50)": 20.1894815
      },
      "type": "trend",
      "contains": "time"
    },
    "payload_bytes": {
      "type": "trend",
      "contains": "default",
      "values": {
        "p(50)": 7263,
        "p(95)": 12053,
        "p(99)": 13040,
        "avg": 7975.877333333333,
        "min": 5349,
        "med": 7263,
        "max": 29310
      }
    },
    "iteration_duration": {
      "type": "trend",
      "contains": "time",
      "values": {
        "min": 16.918309,
        "med": 22.903126999999998,
        "max": 98.500094,
        "p(50)": 22.903126999999998,
        "p(95)": 29.910146649999998,
        "p(99)": 55.33945067999997,
        "avg": 24.130239412444478
      }
    },
    "http_req_connecting": {
      "type": "trend",
      "contains": "time",
      "values": {
        "p(95)": 0,
        "p(99)": 5.399919789999986,
        "avg": 0.12023601911111115,
        "min": 0,
        "med": 0,
        "max": 8.885268,
        "p(50)": 0
      }
    },
    "http_req_failed": {
      "type": "rate",
      "contains": "default",
      "values": {
        "rate": 0,
        "passes": 0,
        "fails": 2250
      }
    },
    "iterations": {
      "values": {
        "count": 2250,
        "rate": 24.999796656098408
      },
      "type": "counter",
      "contains": "default"
    },
    "http_reqs": {
      "type": "counter",
      "contains": "default",
      "values": {
        "count": 2250,
        "rate": 24.999796656098408
      }
    },
    "checks": {
      "type": "rate",
      "contains": "default",
      "values": {
        "passes": 4500,
        "fails": 0,
        "rate": 1
      }
    },
    "round_trip_count": {
      "type": "trend",
      "contains": "default",
      "values": {
        "p(50)": 1,
        "p(95)": 1,
        "p(99)": 1,
        "avg": 1,
        "min": 1,
        "med": 1,
        "max": 1
      }
    },
    "vus": {
      "type": "gauge",
      "contains": "default",
      "values": {
        "value": 1,
        "min": 0,
        "max": 2
      }
    },
    "vus_max": {
      "type": "gauge",
      "contains": "default",
      "values": {
        "value": 50,
        "min": 50,
        "max": 50
      }
    },
    "http_req_waiting": {
      "type": "trend",
      "contains": "time",
      "values": {
        "min": 14.58831,
        "med": 20.051308,
        "max": 89.3255,
        "p(50)": 20.051308,
        "p(95)": 25.815031649999998,
        "p(99)": 45.11178551999968,
        "avg": 21.090506836888938
      }
    },
    "data_received": {
      "type": "counter",
      "contains": "data",
      "values": {
        "count": 18535727,
        "rate": 205950.84705464577
      }
    },
    "http_req_duration{expected_response:true}": {
      "type": "trend",
      "contains": "time",
      "values": {
        "max": 94.697754,
        "p(50)": 20.1894815,
        "p(95)": 26.0786727,
        "p(99)": 48.445459669999885,
        "avg": 21.28835577466666,
        "min": 14.7412,
        "med": 20.1894815
      }
    }
  },
  "root_group": {
    "name": "",
    "path": "",
    "id": "d41d8cd98f00b204e9800998ecf8427e",
    "groups": [],
    "checks": [
        {
          "id": "6210a8cd14cd70477eba5c5e4cb3fb5f",
          "passes": 2250,
          "fails": 0,
          "name": "status is 200",
          "path": "::status is 200"
        },
        {
          "passes": 2250,
          "fails": 0,
          "name": "no graphql errors",
          "path": "::no graphql errors",
          "id": "7c29382b2a87caa2e50f0d89170b649f"
        }
      ]
  },
  "options": {
    "summaryTrendStats": [
      "avg",
      "min",
      "med",
      "max",
      "p(50)",
      "p(95)",
      "p(99)"
    ],
    "summaryTimeUnit": "",
    "noColor": false
  },
  "state": {
    "isStdErrTTY": false,
    "testRunDurationMs": 90000.732044,
    "isStdOutTTY": false
  }
}