{
  "metrics": {
    "checks": {
      "contains": "default",
      "values": {
        "rate": 1,
        "passes": 9002,
        "fails": 0
      },
      "type": "rate"
    },
    "http_req_duration{expected_response:true}": {
      "type": "trend",
      "contains": "time",
      "values": {
        "max": 83.128968,
        "p(50)": 10.861824,
        "p(95)": 14.385582,
        "p(99)": 49.914463,
        "avg": 11.739393767829368,
        "min": 7.08557,
        "med": 10.861824
      }
    },
    "http_req_blocked": {
      "type": "trend",
      "contains": "time",
      "values": {
        "p(95)": 0.014241,
        "p(99)": 5.349585,
        "avg": 0.1265513912463881,
        "min": 0.0043,
        "med": 0.00696,
        "max": 8.869502,
        "p(50)": 0.00696
      }
    },
    "round_trip_count": {
      "type": "trend",
      "contains": "default",
      "values": {
        "p(95)": 1,
        "p(99)": 1,
        "avg": 1,
        "min": 1,
        "med": 1,
        "max": 1,
        "p(50)": 1
      }
    },
    "data_sent": {
      "type": "counter",
      "contains": "data",
      "values": {
        "count": 1197252,
        "rate": 13301.015951873907
      }
    },
    "http_req_duration": {
      "contains": "time",
      "values": {
        "max": 83.128968,
        "p(50)": 10.861824,
        "p(95)": 14.385582,
        "p(99)": 49.914463,
        "avg": 11.739393767829368,
        "min": 7.08557,
        "med": 10.861824
      },
      "type": "trend"
    },
    "http_req_waiting": {
      "type": "trend",
      "contains": "time",
      "values": {
        "p(50)": 10.731126,
        "p(95)": 14.256616,
        "p(99)": 49.334286,
        "avg": 11.597817919573446,
        "min": 6.972208,
        "med": 10.731126,
        "max": 82.429378
      }
    },
    "payload_bytes": {
      "type": "trend",
      "contains": "default",
      "values": {
        "p(99)": 122,
        "avg": 84.9562319484559,
        "min": 72,
        "med": 72,
        "max": 307,
        "p(50)": 72,
        "p(95)": 97
      }
    },
    "iteration_duration": {
      "values": {
        "avg": 12.354538095312167,
        "min": 7.483685,
        "med": 11.369692,
        "max": 83.668736,
        "p(50)": 11.369692,
        "p(95)": 15.812063,
        "p(99)": 50.42096
      },
      "type": "trend",
      "contains": "time"
    },
    "http_req_failed": {
      "type": "rate",
      "contains": "default",
      "values": {
        "rate": 0,
        "passes": 0,
        "fails": 4501
      }
    },
    "data_received": {
      "contains": "data",
      "values": {
        "count": 1552858,
        "rate": 17251.663834343155
      },
      "type": "counter"
    },
    "iterations": {
      "type": "counter",
      "contains": "default",
      "values": {
        "count": 4501,
        "rate": 50.00440408484133
      }
    },
    "http_req_sending": {
      "type": "trend",
      "contains": "time",
      "values": {
        "avg": 0.03483209220173303,
        "min": 0.01233,
        "med": 0.027741,
        "max": 3.75711,
        "p(50)": 0.027741,
        "p(95)": 0.055461,
        "p(99)": 0.132382
      }
    },
    "req_latency": {
      "type": "trend",
      "contains": "default",
      "values": {
        "max": 83.128968,
        "p(50)": 10.861824,
        "p(95)": 14.385582,
        "p(99)": 49.914463,
        "avg": 11.739393767829368,
        "min": 7.08557,
        "med": 10.861824
      }
    },
    "http_reqs": {
      "type": "counter",
      "contains": "default",
      "values": {
        "count": 4501,
        "rate": 50.00440408484133
      }
    },
    "vus_max": {
      "type": "gauge",
      "contains": "default",
      "values": {
        "value": 100,
        "min": 100,
        "max": 100
      }
    },
    "http_req_connecting": {
      "type": "trend",
      "contains": "time",
      "values": {
        "avg": 0.11473966518551434,
        "min": 0,
        "med": 0,
        "max": 8.781181,
        "p(50)": 0,
        "p(95)": 0,
        "p(99)": 5.248124
      }
    },
    "http_req_tls_handshaking": {
      "type": "trend",
      "contains": "time",
      "values": {
        "max": 0,
        "p(50)": 0,
        "p(95)": 0,
        "p(99)": 0,
        "avg": 0,
        "min": 0,
        "med": 0
      }
    },
    "http_req_receiving": {
      "values": {
        "avg": 0.10674375605421016,
        "min": 0.0413,
        "med": 0.090741,
        "max": 4.970651,
        "p(50)": 0.090741,
        "p(95)": 0.145312,
        "p(99)": 0.524877
      },
      "type": "trend",
      "contains": "time"
    },
    "vus": {
      "values": {
        "value": 0,
        "min": 0,
        "max": 3
      },
      "type": "gauge",
      "contains": "default"
    }
  },
  "root_group": {
    "name": "",
    "path": "",
    "id": "d41d8cd98f00b204e9800998ecf8427e",
    "groups": [],
    "checks": [
        {
          "name": "status is 200",
          "path": "::status is 200",
          "id": "6210a8cd14cd70477eba5c5e4cb3fb5f",
          "passes": 4501,
          "fails": 0
        },
        {
          "passes": 4501,
          "fails": 0,
          "name": "no graphql errors",
          "path": "::no graphql errors",
          "id": "7c29382b2a87caa2e50f0d89170b649f"
        }
      ]
  },
  "options": {
    "summaryTrendStats": [
      "avg",
      "min",
      "med",
      "max",
      "p(50)",
      "p(95)",
      "p(99)"
    ],
    "summaryTimeUnit": "",
    "noColor": false
  },
  "state": {
    "isStdOutTTY": false,
    "isStdErrTTY": false,
    "testRunDurationMs": 90012.071584
  }
}