{
  "state": {
    "isStdOutTTY": false,
    "isStdErrTTY": false,
    "testRunDurationMs": 97260.271842
  },
  "metrics": {
    "round_trip_count": {
      "type": "trend",
      "contains": "default",
      "values": {
        "max": 1,
        "p(50)": 1,
        "p(95)": 1,
        "p(99)": 1,
        "avg": 1,
        "min": 1,
        "med": 1
      }
    },
    "data_received": {
      "type": "counter",
      "contains": "data",
      "values": {
        "count": 49381656,
        "rate": 507726.89675616834
      }
    },
    "dropped_iterations": {
      "type": "counter",
      "contains": "default",
      "values": {
        "rate": 7.042957900763298,
        "count": 685
      }
    },
    "http_req_tls_handshaking": {
      "type": "trend",
      "contains": "time",
      "values": {
        "avg": 0,
        "min": 0,
        "med": 0,
        "max": 0,
        "p(50)": 0,
        "p(95)": 0,
        "p(99)": 0
      }
    },
    "vus": {
      "values": {
        "value": 298,
        "min": 12,
        "max": 740
      },
      "type": "gauge",
      "contains": "default"
    },
    "http_req_duration{expected_response:true}": {
      "type": "trend",
      "contains": "time",
      "values": {
        "avg": 6478.128544679738,
        "min": 22.590105,
        "med": 6651.751663,
        "max": 16158.931291,
        "p(50)": 6651.751663,
        "p(95)": 11317.38958625,
        "p(99)": 14215.9675155
      }
    },
    "http_req_waiting": {
      "type": "trend",
      "contains": "time",
      "values": {
        "max": 15826.093973,
        "p(50)": 5674.7537295,
        "p(95)": 10428.52293225,
        "p(99)": 13119.83771275,
        "avg": 5702.088451311432,
        "min": 22.196138,
        "med": 5674.7537295
      }
    },
    "vus_max": {
      "type": "gauge",
      "contains": "default",
      "values": {
        "min": 148,
        "max": 740,
        "value": 740
      }
    },
    "http_req_receiving": {
      "contains": "time",
      "values": {
        "avg": 775.9881964569945,
        "min": 0.179579,
        "med": 693.3524110000001,
        "max": 4880.158936,
        "p(50)": 693.3524110000001,
        "p(95)": 2113.20193525,
        "p(99)": 3516.84704775
      },
      "type": "trend"
    },
    "payload_bytes": {
      "contains": "default",
      "values": {
        "avg": 8001.10391566265,
        "min": 5349,
        "med": 7383,
        "max": 29310,
        "p(50)": 7383,
        "p(95)": 12153,
        "p(99)": 13022
      },
      "type": "trend"
    },
    "http_req_duration": {
      "type": "trend",
      "contains": "time",
      "values": {
        "p(99)": 14215.9675155,
        "avg": 6478.128544679738,
        "min": 22.590105,
        "med": 6651.751663,
        "max": 16158.931291,
        "p(50)": 6651.751663,
        "p(95)": 11317.38958625
      }
    },
    "iteration_duration": {
      "type": "trend",
      "contains": "time",
      "values": {
        "p(99)": 14223.990057,
        "avg": 6482.823089252168,
        "min": 30.548144,
        "med": 6654.403221500001,
        "max": 16166.210405,
        "p(50)": 6654.403221500001,
        "p(95)": 11320.2262625
      }
    },
    "http_req_connecting": {
      "values": {
        "min": 0,
        "med": 0,
        "max": 90.494821,
        "p(50)": 0,
        "p(95)": 5.58084075,
        "p(99)": 6.82581175,
        "avg": 0.6870365594042838
      },
      "type": "trend",
      "contains": "time"
    },
    "data_sent": {
      "type": "counter",
      "contains": "data",
      "values": {
        "count": 1586017,
        "rate": 16306.935709335627
      }
    },
    "http_reqs": {
      "contains": "default",
      "values": {
        "rate": 61.44338162768098,
        "count": 5976
      },
      "type": "counter"
    },
    "http_req_blocked": {
      "type": "trend",
      "contains": "time",
      "values": {
        "avg": 0.7094860210843419,
        "min": 0.00349,
        "med": 0.00777,
        "max": 90.566451,
        "p(50)": 0.00777,
        "p(95)": 5.6854565,
        "p(99)": 6.954041
      }
    },
    "req_latency": {
      "contains": "default",
      "values": {
        "med": 6651.751663,
        "max": 16158.931291,
        "p(50)": 6651.751663,
        "p(95)": 11317.38958625,
        "p(99)": 14215.9675155,
        "avg": 6478.128544679738,
        "min": 22.590105
      },
      "type": "trend"
    },
    "http_req_failed": {
      "values": {
        "fails": 5976,
        "rate": 0,
        "passes": 0
      },
      "type": "rate",
      "contains": "default"
    },
    "checks": {
      "type": "rate",
      "contains": "default",
      "values": {
        "rate": 1,
        "passes": 11952,
        "fails": 0
      }
    },
    "http_req_sending": {
      "type": "trend",
      "contains": "time",
      "values": {
        "avg": 0.05189691131191436,
        "min": 0.0116,
        "med": 0.028939,
        "max": 28.2045,
        "p(50)": 0.028939,
        "p(95)": 0.12108150000000001,
        "p(99)": 0.18639899999999998
      }
    },
    "iterations": {
      "type": "counter",
      "contains": "default",
      "values": {
        "count": 5976,
        "rate": 61.44338162768098
      }
    }
  },
  "root_group": {
    "name": "",
    "path": "",
    "id": "d41d8cd98f00b204e9800998ecf8427e",
    "groups": [],
    "checks": [
        {
          "path": "::status is 200",
          "id": "6210a8cd14cd70477eba5c5e4cb3fb5f",
          "passes": 5976,
          "fails": 0,
          "name": "status is 200"
        },
        {
          "id": "7c29382b2a87caa2e50f0d89170b649f",
          "passes": 5976,
          "fails": 0,
          "name": "no graphql errors",
          "path": "::no graphql errors"
        }
      ]
  },
  "options": {
    "summaryTrendStats": [
      "avg",
      "min",
      "med",
      "max",
      "p(50)",
      "p(95)",
      "p(99)"
    ],
    "summaryTimeUnit": "",
    "noColor": false
  }
}