{
  "metrics": {
    "http_req_receiving": {
      "type": "trend",
      "contains": "time",
      "values": {
        "max": 5.868277,
        "p(50)": 0.089489,
        "p(95)": 0.139419,
        "p(99)": 0.1725159999999993,
        "avg": 0.09373495541210004,
        "min": 0.043109,
        "med": 0.089489
      }
    },
    "round_trip_count": {
      "type": "trend",
      "contains": "default",
      "values": {
        "max": 1,
        "p(50)": 1,
        "p(95)": 1,
        "p(99)": 1,
        "avg": 1,
        "min": 1,
        "med": 1
      }
    },
    "http_req_tls_handshaking": {
      "type": "trend",
      "contains": "time",
      "values": {
        "med": 0,
        "max": 0,
        "p(50)": 0,
        "p(95)": 0,
        "p(99)": 0,
        "avg": 0,
        "min": 0
      }
    },
    "http_reqs": {
      "values": {
        "count": 6661,
        "rate": 74.00103342755361
      },
      "type": "counter",
      "contains": "default"
    },
    "http_req_failed": {
      "type": "rate",
      "contains": "default",
      "values": {
        "rate": 0,
        "passes": 0,
        "fails": 6661
      }
    },
    "vus": {
      "type": "gauge",
      "contains": "default",
      "values": {
        "value": 1,
        "min": 0,
        "max": 1
      }
    },
    "http_req_blocked": {
      "type": "trend",
      "contains": "time",
      "values": {
        "avg": 0.136094505479657,
        "min": 0.00443,
        "med": 0.00721,
        "max": 15.629145,
        "p(50)": 0.00721,
        "p(95)": 0.01918,
        "p(99)": 5.729188999999992
      }
    },
    "http_req_duration": {
      "type": "trend",
      "contains": "time",
      "values": {
        "p(99)": 9.649496,
        "avg": 7.056900545863979,
        "min": 2.795695,
        "med": 7.064257,
        "max": 14.952642,
        "p(50)": 7.064257,
        "p(95)": 8.804992
      }
    },
    "req_latency": {
      "type": "trend",
      "contains": "default",
      "values": {
        "avg": 7.056900545863979,
        "min": 2.795695,
        "med": 7.064257,
        "max": 14.952642,
        "p(50)": 7.064257,
        "p(95)": 8.804992,
        "p(99)": 9.649496
      }
    },
    "iteration_duration": {
      "type": "trend",
      "contains": "time",
      "values": {
        "avg": 7.510613635039773,
        "min": 3.056252,
        "med": 7.390144,
        "max": 25.727043,
        "p(50)": 7.390144,
        "p(95)": 9.495366,
        "p(99)": 13.897744599999996
      }
    },
    "iterations": {
      "type": "counter",
      "contains": "default",
      "values": {
        "count": 6661,
        "rate": 74.00103342755361
      }
    },
    "data_received": {
      "type": "counter",
      "contains": "data",
      "values": {
        "count": 3492628,
        "rate": 38801.69364630082
      }
    },
    "data_sent": {
      "type": "counter",
      "contains": "data",
      "values": {
        "count": 799290,
        "rate": 8879.790723361257
      }
    },
    "http_req_duration{expected_response:true}": {
      "type": "trend",
      "contains": "time",
      "values": {
        "p(50)": 7.064257,
        "p(95)": 8.804992,
        "p(99)": 9.649496,
        "avg": 7.056900545863979,
        "min": 2.795695,
        "med": 7.064257,
        "max": 14.952642
      }
    },
    "payload_bytes": {
      "type": "trend",
      "contains": "default",
      "values": {
        "med": 234,
        "max": 10613,
        "p(50)": 234,
        "p(95)": 269,
        "p(99)": 269,
        "avg": 263.33568533253265,
        "min": 162
      }
    },
    "http_req_connecting": {
      "type": "trend",
      "contains": "time",
      "values": {
        "max": 15.566637,
        "p(50)": 0,
        "p(95)": 0,
        "p(99)": 5.621945999999991,
        "avg": 0.1253420600510434,
        "min": 0,
        "med": 0
      }
    },
    "http_req_sending": {
      "type": "trend",
      "contains": "time",
      "values": {
        "min": 0.01073,
        "med": 0.0265,
        "max": 1.926712,
        "p(50)": 0.0265,
        "p(95)": 0.05422,
        "p(99)": 0.12067399999999988,
        "avg": 0.03118723089626187
      }
    },
    "checks": {
      "type": "rate",
      "contains": "default",
      "values": {
        "rate": 1,
        "passes": 6661,
        "fails": 0
      }
    },
    "vus_max": {
      "type": "gauge",
      "contains": "default",
      "values": {
        "value": 148,
        "min": 148,
        "max": 148
      }
    },
    "http_req_waiting": {
      "type": "trend",
      "contains": "time",
      "values": {
        "med": 6.942197,
        "max": 14.549696,
        "p(50)": 6.942197,
        "p(95)": 8.68041,
        "p(99)": 9.511372399999992,
        "avg": 6.93197835955563,
        "min": 2.671885
      }
    }
  },
  "root_group": {
    "name": "",
    "path": "",
    "id": "d41d8cd98f00b204e9800998ecf8427e",
    "groups": [],
    "checks": [
        {
          "passes": 6661,
          "fails": 0,
          "name": "status is 200",
          "path": "::status is 200",
          "id": "6210a8cd14cd70477eba5c5e4cb3fb5f"
        }
      ]
  },
  "options": {
    "summaryTrendStats": [
      "avg",
      "min",
      "med",
      "max",
      "p(50)",
      "p(95)",
      "p(99)"
    ],
    "summaryTimeUnit": "",
    "noColor": false
  },
  "state": {
    "isStdOutTTY": false,
    "isStdErrTTY": false,
    "testRunDurationMs": 90012.256471
  }
}