{
  "options": {
    "summaryTimeUnit": "",
    "noColor": false,
    "summaryTrendStats": [
      "avg",
      "min",
      "med",
      "max",
      "p(50)",
      "p(95)",
      "p(99)"
    ]
  },
  "state": {
    "isStdOutTTY": false,
    "isStdErrTTY": false,
    "testRunDurationMs": 90001.049545
  },
  "metrics": {
    "http_req_failed": {
      "contains": "default",
      "values": {
        "passes": 0,
        "fails": 4500,
        "rate": 0
      },
      "type": "rate"
    },
    "vus": {
      "type": "gauge",
      "contains": "default",
      "values": {
        "max": 1,
        "value": 0,
        "min": 0
      }
    },
    "http_req_tls_handshaking": {
      "type": "trend",
      "contains": "time",
      "values": {
        "p(95)": 0,
        "p(99)": 0,
        "avg": 0,
        "min": 0,
        "med": 0,
        "max": 0,
        "p(50)": 0
      }
    },
    "http_req_receiving": {
      "values": {
        "p(95)": 0.13642950000000004,
        "p(99)": 0.17822450000000054,
        "avg": 0.09957755355555575,
        "min": 0.0409,
        "med": 0.092635,
        "max": 4.213975,
        "p(50)": 0.092635
      },
      "type": "trend",
      "contains": "time"
    },
    "iteration_duration": {
      "type": "trend",
      "contains": "time",
      "values": {
        "med": 8.541755,
        "max": 31.635375,
        "p(50)": 8.541755,
        "p(95)": 10.633923000000001,
        "p(99)": 14.549483600000002,
        "avg": 8.64854540800001,
        "min": 3.906927
      }
    },
    "http_req_duration": {
      "type": "trend",
      "contains": "time",
      "values": {
        "med": 8.198827,
        "max": 31.327665,
        "p(50)": 8.198827,
        "p(95)": 10.0268787,
        "p(99)": 10.827347390000002,
        "avg": 8.201791977999994,
        "min": 3.618706
      }
    },
    "data_sent": {
      "type": "counter",
      "contains": "data",
      "values": {
        "rate": 5969.563718602744,
        "count": 537267
      }
    },
    "http_req_waiting": {
      "type": "trend",
      "contains": "time",
      "values": {
        "p(99)": 10.595093710000002,
        "avg": 8.072346223777766,
        "min": 3.472407,
        "med": 8.072538,
        "max": 31.192935,
        "p(50)": 8.072538,
        "p(95)": 9.87718055
      }
    },
    "vus_max": {
      "type": "gauge",
      "contains": "default",
      "values": {
        "value": 100,
        "min": 100,
        "max": 100
      }
    },
    "http_req_duration{expected_response:true}": {
      "type": "trend",
      "contains": "time",
      "values": {
        "min": 3.618706,
        "med": 8.198827,
        "max": 31.327665,
        "p(50)": 8.198827,
        "p(95)": 10.0268787,
        "p(99)": 10.827347390000002,
        "avg": 8.201791977999994
      }
    },
    "req_latency": {
      "type": "trend",
      "contains": "default",
      "values": {
        "max": 31.327665,
        "p(50)": 8.198827,
        "p(95)": 10.0268787,
        "p(99)": 10.827347390000002,
        "avg": 8.201791977999994,
        "min": 3.618706,
        "med": 8.198827
      }
    },
    "http_req_connecting": {
      "type": "trend",
      "contains": "time",
      "values": {
        "min": 0,
        "med": 0,
        "max": 11.828749,
        "p(50)": 0,
        "p(95)": 0,
        "p(99)": 5.2006074900000225,
        "avg": 0.1198246268888889
      }
    },
    "payload_bytes": {
      "type": "trend",
      "contains": "default",
      "values": {
        "p(95)": 4430,
        "p(99)": 4740,
        "avg": 2954.2324444444444,
        "min": 2012,
        "med": 2684.5,
        "max": 10688,
        "p(50)": 2684.5
      }
    },
    "http_reqs": {
      "type": "counter",
      "contains": "default",
      "values": {
        "count": 4500,
        "rate": 49.999416926244024
      }
    },
    "http_req_sending": {
      "type": "trend",
      "contains": "time",
      "values": {
        "p(99)": 0.11797079000000002,
        "avg": 0.029868200666666605,
        "min": 0.01126,
        "med": 0.02495,
        "max": 4.053227,
        "p(50)": 0.02495,
        "p(95)": 0.05061750000000003
      }
    },
    "http_req_blocked": {
      "type": "trend",
      "contains": "time",
      "values": {
        "max": 11.92005,
        "p(50)": 0.00673,
        "p(95)": 0.02032300000000001,
        "p(99)": 5.287195110000024,
        "avg": 0.13045013577777595,
        "min": 0.00404,
        "med": 0.00673
      }
    },
    "round_trip_count": {
      "type": "trend",
      "contains": "default",
      "values": {
        "min": 1,
        "med": 1,
        "max": 1,
        "p(50)": 1,
        "p(95)": 1,
        "p(99)": 1,
        "avg": 1
      }
    },
    "data_received": {
      "type": "counter",
      "contains": "data",
      "values": {
        "count": 14473053,
        "rate": 160809.8246983615
      }
    },
    "iterations": {
      "type": "counter",
      "contains": "default",
      "values": {
        "count": 4500,
        "rate": 49.999416926244024
      }
    },
    "checks": {
      "type": "rate",
      "contains": "default",
      "values": {
        "rate": 1,
        "passes": 4500,
        "fails": 0
      }
    }
  },
  "root_group": {
    "name": "",
    "path": "",
    "id": "d41d8cd98f00b204e9800998ecf8427e",
    "groups": [],
    "checks": [
        {
          "name": "status is 200",
          "path": "::status is 200",
          "id": "6210a8cd14cd70477eba5c5e4cb3fb5f",
          "passes": 4500,
          "fails": 0
        }
      ]
  }
}