{
  "root_group": {
    "path": "",
    "id": "d41d8cd98f00b204e9800998ecf8427e",
    "groups": [],
    "checks": [
        {
          "id": "6210a8cd14cd70477eba5c5e4cb3fb5f",
          "passes": 30610,
          "fails": 0,
          "name": "status is 200",
          "path": "::status is 200"
        }
      ],
    "name": ""
  },
  "options": {
    "noColor": false,
    "summaryTrendStats": [
      "avg",
      "min",
      "med",
      "max",
      "p(50)",
      "p(95)",
      "p(99)"
    ],
    "summaryTimeUnit": ""
  },
  "state": {
    "isStdOutTTY": false,
    "isStdErrTTY": false,
    "testRunDurationMs": 90079.214964
  },
  "metrics": {
    "http_req_waiting": {
      "values": {
        "min": 3.675371,
        "med": 7.789487,
        "max": 37.362029,
        "p(50)": 7.789487,
        "p(95)": 10.362708099999999,
        "p(99)": 11.66886248,
        "avg": 7.961932929957558
      },
      "type": "trend",
      "contains": "time"
    },
    "req_latency": {
      "type": "trend",
      "contains": "default",
      "values": {
        "avg": 8.119150938974194,
        "min": 3.745561,
        "med": 7.9419985,
        "max": 37.558638,
        "p(50)": 7.9419985,
        "p(95)": 10.589314,
        "p(99)": 11.90033428
      }
    },
    "http_req_duration": {
      "type": "trend",
      "contains": "time",
      "values": {
        "p(50)": 7.9419985,
        "p(95)": 10.589314,
        "p(99)": 11.90033428,
        "avg": 8.119150938974194,
        "min": 3.745561,
        "med": 7.9419985,
        "max": 37.558638
      }
    },
    "page_latency": {
      "type": "trend",
      "contains": "default",
      "values": {
        "min": 66.31706,
        "med": 80.164511,
        "max": 127.021151,
        "p(50)": 80.164511,
        "p(95)": 92.45269400000001,
        "p(99)": 100.09312100000001,
        "avg": 81.19150938974212
      }
    },
    "iteration_duration": {
      "type": "trend",
      "contains": "time",
      "values": {
        "med": 81.981916,
        "max": 128.513799,
        "p(50)": 81.981916,
        "p(95)": 94.314078,
        "p(99)": 101.69805720000001,
        "avg": 83.00024583665476,
        "min": 68.035742
      }
    },
    "http_req_duration{expected_response:true}": {
      "type": "trend",
      "contains": "time",
      "values": {
        "avg": 8.119150938974194,
        "min": 3.745561,
        "med": 7.9419985,
        "max": 37.558638,
        "p(50)": 7.9419985,
        "p(95)": 10.589314,
        "p(99)": 11.90033428
      }
    },
    "iterations": {
      "type": "counter",
      "contains": "default",
      "values": {
        "count": 3061,
        "rate": 33.98120200340693
      }
    },
    "vus_max": {
      "values": {
        "value": 68,
        "min": 68,
        "max": 68
      },
      "type": "gauge",
      "contains": "default"
    },
    "http_req_tls_handshaking": {
      "type": "trend",
      "contains": "time",
      "values": {
        "min": 0,
        "med": 0,
        "max": 0,
        "p(50)": 0,
        "p(95)": 0,
        "p(99)": 0,
        "avg": 0
      }
    },
    "http_req_blocked": {
      "type": "trend",
      "contains": "time",
      "values": {
        "avg": 0.017463003397582604,
        "min": 0.002479,
        "med": 0.00396,
        "max": 12.422814,
        "p(50)": 0.00396,
        "p(95)": 0.007835499999999994,
        "p(99)": 0.024021899999999985
      }
    },
    "http_req_sending": {
      "type": "trend",
      "contains": "time",
      "values": {
        "p(50)": 0.01154,
        "p(95)": 0.03275549999999999,
        "p(99)": 0.0494391,
        "avg": 0.015515825024501708,
        "min": 0.00689,
        "med": 0.01154,
        "max": 3.056704
      }
    },
    "checks": {
      "type": "rate",
      "contains": "default",
      "values": {
        "passes": 30610,
        "fails": 0,
        "rate": 1
      }
    },
    "payload_bytes": {
      "type": "trend",
      "contains": "default",
      "values": {
        "avg": 489.7153871283894,
        "min": 251,
        "med": 517,
        "max": 536,
        "p(50)": 517,
        "p(95)": 526,
        "p(99)": 529
      }
    },
    "http_reqs": {
      "contains": "default",
      "values": {
        "count": 30610,
        "rate": 339.81202003406923
      },
      "type": "counter"
    },
    "http_req_receiving": {
      "type": "trend",
      "contains": "time",
      "values": {
        "avg": 0.14170218399215861,
        "min": 0.02993,
        "med": 0.09968,
        "max": 1.360117,
        "p(50)": 0.09968,
        "p(95)": 0.37998395,
        "p(99)": 0.5702634799999999
      }
    },
    "round_trip_count": {
      "type": "trend",
      "contains": "default",
      "values": {
        "max": 10,
        "p(50)": 10,
        "p(95)": 10,
        "p(99)": 10,
        "avg": 10,
        "min": 10,
        "med": 10
      }
    },
    "data_sent": {
      "type": "counter",
      "contains": "data",
      "values": {
        "count": 3116660,
        "rate": 34599.10259259661
      }
    },
    "http_req_failed": {
      "type": "rate",
      "contains": "default",
      "values": {
        "rate": 0,
        "passes": 0,
        "fails": 30610
      }
    },
    "http_req_connecting": {
      "values": {
        "p(95)": 0,
        "p(99)": 0,
        "avg": 0.012239958706305133,
        "min": 0,
        "med": 0,
        "max": 12.349105,
        "p(50)": 0
      },
      "type": "trend",
      "contains": "time"
    },
    "data_received": {
      "type": "counter",
      "contains": "data",
      "values": {
        "count": 22979398,
        "rate": 255102.11217075633
      }
    },
    "vus": {
      "type": "gauge",
      "contains": "default",
      "values": {
        "value": 2,
        "min": 2,
        "max": 4
      }
    }
  }
}