{
  "metrics": {
    "http_req_waiting": {
      "type": "trend",
      "contains": "time",
      "values": {
        "avg": 13.855646947111103,
        "min": 8.631323,
        "med": 13.217739,
        "max": 60.033263,
        "p(50)": 13.217739,
        "p(95)": 16.61196555,
        "p(99)": 45.39125881000004
      }
    },
    "http_req_failed": {
      "type": "rate",
      "contains": "default",
      "values": {
        "fails": 4500,
        "rate": 0,
        "passes": 0
      }
    },
    "vus": {
      "values": {
        "value": 0,
        "min": 0,
        "max": 1
      },
      "type": "gauge",
      "contains": "default"
    },
    "http_req_duration": {
      "type": "trend",
      "contains": "time",
      "values": {
        "avg": 13.993020083777767,
        "min": 8.781583,
        "med": 13.345447,
        "max": 60.48277,
        "p(50)": 13.345447,
        "p(95)": 16.736656550000003,
        "p(99)": 45.925248730000014
      }
    },
    "iteration_duration": {
      "type": "trend",
      "contains": "time",
      "values": {
        "p(99)": 46.38618161000005,
        "avg": 14.719173605555559,
        "min": 9.436099,
        "med": 13.9643495,
        "max": 60.873638,
        "p(50)": 13.9643495,
        "p(95)": 18.154329950000005
      }
    },
    "vus_max": {
      "type": "gauge",
      "contains": "default",
      "values": {
        "value": 100,
        "min": 100,
        "max": 100
      }
    },
    "http_req_blocked": {
      "type": "trend",
      "contains": "time",
      "values": {
        "max": 15.768544,
        "p(50)": 0.00725,
        "p(95)": 0.01412250000000001,
        "p(99)": 5.4119743900000055,
        "avg": 0.13050361866666604,
        "min": 0.00434,
        "med": 0.00725
      }
    },
    "data_received": {
      "type": "counter",
      "contains": "data",
      "values": {
        "count": 2717769,
        "rate": 30196.909673624228
      }
    },
    "http_req_connecting": {
      "type": "trend",
      "contains": "time",
      "values": {
        "p(95)": 0,
        "p(99)": 5.3179809000000065,
        "avg": 0.11993543066666666,
        "min": 0,
        "med": 0,
        "max": 15.657676,
        "p(50)": 0
      }
    },
    "http_req_sending": {
      "type": "trend",
      "contains": "time",
      "values": {
        "med": 0.02819,
        "max": 1.80062,
        "p(50)": 0.02819,
        "p(95)": 0.05469805000000003,
        "p(99)": 0.13161551000000016,
        "avg": 0.03366126555555551,
        "min": 0.01292
      }
    },
    "data_sent": {
      "type": "counter",
      "contains": "data",
      "values": {
        "count": 1196987,
        "rate": 13299.624920110004
      }
    },
    "req_latency": {
      "type": "trend",
      "contains": "default",
      "values": {
        "avg": 13.993020083777767,
        "min": 8.781583,
        "med": 13.345447,
        "max": 60.48277,
        "p(50)": 13.345447,
        "p(95)": 16.736656550000003,
        "p(99)": 45.925248730000014
      }
    },
    "checks": {
      "type": "rate",
      "contains": "default",
      "values": {
        "fails": 0,
        "rate": 1,
        "passes": 9000
      }
    },
    "round_trip_count": {
      "contains": "default",
      "values": {
        "min": 1,
        "med": 1,
        "max": 1,
        "p(50)": 1,
        "p(95)": 1,
        "p(99)": 1,
        "avg": 1
      },
      "type": "trend"
    },
    "iterations": {
      "type": "counter",
      "contains": "default",
      "values": {
        "count": 4500,
        "rate": 49.99913294003612
      }
    },
    "http_req_tls_handshaking": {
      "contains": "time",
      "values": {
        "med": 0,
        "max": 0,
        "p(50)": 0,
        "p(95)": 0,
        "p(99)": 0,
        "avg": 0,
        "min": 0
      },
      "type": "trend"
    },
    "payload_bytes": {
      "type": "trend",
      "contains": "default",
      "values": {
        "avg": 342.94866666666667,
        "min": 147,
        "med": 347,
        "max": 547,
        "p(50)": 347,
        "p(95)": 447,
        "p(99)": 450
      }
    },
    "http_reqs": {
      "type": "counter",
      "contains": "default",
      "values": {
        "count": 4500,
        "rate": 49.99913294003612
      }
    },
    "http_req_duration{expected_response:true}": {
      "type": "trend",
      "contains": "time",
      "values": {
        "med": 13.345447,
        "max": 60.48277,
        "p(50)": 13.345447,
        "p(95)": 16.736656550000003,
        "p(99)": 45.925248730000014,
        "avg": 13.993020083777767,
        "min": 8.781583
      }
    },
    "http_req_receiving": {
      "type": "trend",
      "contains": "time",
      "values": {
        "med": 0.09197949999999999,
        "max": 5.308501,
        "p(50)": 0.09197949999999999,
        "p(95)": 0.14434,
        "p(99)": 0.4211541900000004,
        "avg": 0.10371187111111121,
        "min": 0.041079
      }
    }
  },
  "root_group": {
    "name": "",
    "path": "",
    "id": "d41d8cd98f00b204e9800998ecf8427e",
    "groups": [],
    "checks": [
        {
          "fails": 0,
          "name": "status is 200",
          "path": "::status is 200",
          "id": "6210a8cd14cd70477eba5c5e4cb3fb5f",
          "passes": 4500
        },
        {
          "name": "no graphql errors",
          "path": "::no graphql errors",
          "id": "7c29382b2a87caa2e50f0d89170b649f",
          "passes": 4500,
          "fails": 0
        }
      ]
  },
  "options": {
    "summaryTimeUnit": "",
    "noColor": false,
    "summaryTrendStats": [
      "avg",
      "min",
      "med",
      "max",
      "p(50)",
      "p(95)",
      "p(99)"
    ]
  },
  "state": {
    "isStdOutTTY": false,
    "isStdErrTTY": false,
    "testRunDurationMs": 90001.560735
  }
}