{
  "state": {
    "testRunDurationMs": 90015.068521,
    "isStdOutTTY": false,
    "isStdErrTTY": false
  },
  "metrics": {
    "http_req_tls_handshaking": {
      "type": "trend",
      "contains": "time",
      "values": {
        "min": 0,
        "med": 0,
        "max": 0,
        "p(50)": 0,
        "p(95)": 0,
        "p(99)": 0,
        "avg": 0
      }
    },
    "http_req_sending": {
      "contains": "time",
      "values": {
        "med": 0.022754999999999997,
        "max": 0.292088,
        "p(50)": 0.022754999999999997,
        "p(95)": 0.045386999999999934,
        "p(99)": 0.07908500999999998,
        "avg": 0.024814825851974195,
        "min": 0.00845
      },
      "type": "trend"
    },
    "data_received": {
      "type": "counter",
      "contains": "data",
      "values": {
        "count": 8421978,
        "rate": 93561.86845578194
      }
    },
    "http_req_blocked": {
      "type": "trend",
      "contains": "time",
      "values": {
        "max": 19.564166,
        "p(50)": 0.00702,
        "p(95)": 0.01194949999999999,
        "p(99)": 4.293638799999943,
        "avg": 0.07191482262422971,
        "min": 0.00308,
        "med": 0.00702
      }
    },
    "page_latency": {
      "contains": "default",
      "values": {
        "med": 14.505742,
        "max": 67.680995,
        "p(50)": 14.505742,
        "p(95)": 16.804575,
        "p(99)": 18.032866199999994,
        "avg": 14.5466020632037,
        "min": 9.342137999999998
      },
      "type": "trend"
    },
    "http_req_duration{expected_response:true}": {
      "type": "trend",
      "contains": "time",
      "values": {
        "p(95)": 8.8828245,
        "p(99)": 9.703868599999998,
        "avg": 7.273301031601885,
        "min": 2.733221,
        "med": 7.2702405,
        "max": 56.407964,
        "p(50)": 7.2702405
      }
    },
    "http_req_waiting": {
      "type": "trend",
      "contains": "time",
      "values": {
        "max": 55.467477,
        "p(50)": 7.1505165,
        "p(95)": 8.76541745,
        "p(99)": 9.585902999999997,
        "avg": 7.153608468623365,
        "min": 2.603162,
        "med": 7.1505165
      }
    },
    "checks": {
      "type": "rate",
      "contains": "default",
      "values": {
        "rate": 1,
        "passes": 13322,
        "fails": 0
      }
    },
    "round_trip_count": {
      "type": "trend",
      "contains": "default",
      "values": {
        "avg": 2,
        "min": 2,
        "med": 2,
        "max": 2,
        "p(50)": 2,
        "p(95)": 2,
        "p(99)": 2
      }
    },
    "vus": {
      "type": "gauge",
      "contains": "default",
      "values": {
        "value": 1,
        "min": 1,
        "max": 1
      }
    },
    "vus_max": {
      "type": "gauge",
      "contains": "default",
      "values": {
        "min": 148,
        "max": 148,
        "value": 148
      }
    },
    "http_req_failed": {
      "type": "rate",
      "contains": "default",
      "values": {
        "rate": 0,
        "passes": 0,
        "fails": 13322
      }
    },
    "req_latency": {
      "type": "trend",
      "contains": "default",
      "values": {
        "med": 7.2702405,
        "max": 56.407964,
        "p(50)": 7.2702405,
        "p(95)": 8.8828245,
        "p(99)": 9.703868599999998,
        "avg": 7.273301031601885,
        "min": 2.733221
      }
    },
    "data_sent": {
      "type": "counter",
      "contains": "data",
      "values": {
        "count": 1333917,
        "rate": 14818.818914622108
      }
    },
    "iterations": {
      "type": "counter",
      "contains": "default",
      "values": {
        "count": 6661,
        "rate": 73.9987216523201
      }
    },
    "http_reqs": {
      "type": "counter",
      "contains": "default",
      "values": {
        "count": 13322,
        "rate": 147.9974433046402
      }
    },
    "payload_bytes": {
      "type": "trend",
      "contains": "default",
      "values": {
        "max": 796,
        "p(50)": 129,
        "p(95)": 782,
        "p(99)": 787,
        "avg": 371.1857078516739,
        "min": 111,
        "med": 129
      }
    },
    "http_req_receiving": {
      "type": "trend",
      "contains": "time",
      "values": {
        "avg": 0.09487773712655728,
        "min": 0.04156,
        "med": 0.08915,
        "max": 1.598075,
        "p(50)": 0.08915,
        "p(95)": 0.14669944999999998,
        "p(99)": 0.24071779999999932
      }
    },
    "http_req_connecting": {
      "type": "trend",
      "contains": "time",
      "values": {
        "p(99)": 4.221338209999924,
        "avg": 0.0633014500075064,
        "min": 0,
        "med": 0,
        "max": 19.482206,
        "p(50)": 0,
        "p(95)": 0
      }
    },
    "iteration_duration": {
      "type": "trend",
      "contains": "time",
      "values": {
        "avg": 15.232012864134493,
        "min": 9.893437,
        "med": 15.058102,
        "max": 68.062836,
        "p(50)": 15.058102,
        "p(95)": 17.812821,
        "p(99)": 22.112375
      }
    },
    "http_req_duration": {
      "contains": "time",
      "values": {
        "avg": 7.273301031601885,
        "min": 2.733221,
        "med": 7.2702405,
        "max": 56.407964,
        "p(50)": 7.2702405,
        "p(95)": 8.8828245,
        "p(99)": 9.703868599999998
      },
      "type": "trend"
    }
  },
  "root_group": {
    "name": "",
    "path": "",
    "id": "d41d8cd98f00b204e9800998ecf8427e",
    "groups": [],
    "checks": [
        {
          "fails": 0,
          "name": "status is 200",
          "path": "::status is 200",
          "id": "6210a8cd14cd70477eba5c5e4cb3fb5f",
          "passes": 13322
        }
      ]
  },
  "options": {
    "summaryTimeUnit": "",
    "noColor": false,
    "summaryTrendStats": [
      "avg",
      "min",
      "med",
      "max",
      "p(50)",
      "p(95)",
      "p(99)"
    ]
  }
}