{
  "state": {
    "testRunDurationMs": 90008.373115,
    "isStdOutTTY": false,
    "isStdErrTTY": false
  },
  "metrics": {
    "iterations": {
      "type": "counter",
      "contains": "default",
      "values": {
        "count": 6661,
        "rate": 74.00422615671005
      }
    },
    "http_reqs": {
      "type": "counter",
      "contains": "default",
      "values": {
        "count": 6661,
        "rate": 74.00422615671005
      }
    },
    "http_req_waiting": {
      "type": "trend",
      "contains": "time",
      "values": {
        "avg": 7.096149535955577,
        "min": 3.074614,
        "med": 7.094807,
        "max": 34.370314,
        "p(50)": 7.094807,
        "p(95)": 8.855104,
        "p(99)": 9.583537399999996
      }
    },
    "http_req_duration{expected_response:true}": {
      "type": "trend",
      "contains": "time",
      "values": {
        "min": 3.181764,
        "med": 7.215856,
        "max": 34.522764,
        "p(50)": 7.215856,
        "p(95)": 8.981273,
        "p(99)": 9.7047476,
        "avg": 7.214463587749585
      }
    },
    "http_req_receiving": {
      "type": "trend",
      "contains": "time",
      "values": {
        "max": 2.428185,
        "p(50)": 0.087539,
        "p(95)": 0.130199,
        "p(99)": 0.16149799999999992,
        "avg": 0.08946660006005112,
        "min": 0.0432,
        "med": 0.087539
      }
    },
    "payload_bytes": {
      "type": "trend",
      "contains": "default",
      "values": {
        "p(99)": 237,
        "avg": 141.13931842065756,
        "min": 59,
        "med": 135,
        "max": 290,
        "p(50)": 135,
        "p(95)": 212
      }
    },
    "iteration_duration": {
      "values": {
        "p(99)": 14.23967739999997,
        "avg": 7.654399044437805,
        "min": 3.422163,
        "med": 7.529256,
        "max": 34.870803,
        "p(50)": 7.529256,
        "p(95)": 9.577691
      },
      "type": "trend",
      "contains": "time"
    },
    "req_latency": {
      "type": "trend",
      "contains": "default",
      "values": {
        "p(50)": 7.215856,
        "p(95)": 8.981273,
        "p(99)": 9.7047476,
        "avg": 7.214463587749585,
        "min": 3.181764,
        "med": 7.215856,
        "max": 34.522764
      }
    },
    "round_trip_count": {
      "type": "trend",
      "contains": "default",
      "values": {
        "med": 1,
        "max": 1,
        "p(50)": 1,
        "p(95)": 1,
        "p(99)": 1,
        "avg": 1,
        "min": 1
      }
    },
    "http_req_duration": {
      "type": "trend",
      "contains": "time",
      "values": {
        "avg": 7.214463587749585,
        "min": 3.181764,
        "med": 7.215856,
        "max": 34.522764,
        "p(50)": 7.215856,
        "p(95)": 8.981273,
        "p(99)": 9.7047476
      }
    },
    "data_sent": {
      "type": "counter",
      "contains": "data",
      "values": {
        "count": 629975,
        "rate": 6999.071066367424
      }
    },
    "vus_max": {
      "contains": "default",
      "values": {
        "value": 148,
        "min": 148,
        "max": 148
      },
      "type": "gauge"
    },
    "http_req_tls_handshaking": {
      "type": "trend",
      "contains": "time",
      "values": {
        "max": 0,
        "p(50)": 0,
        "p(95)": 0,
        "p(99)": 0,
        "avg": 0,
        "min": 0,
        "med": 0
      }
    },
    "http_req_sending": {
      "type": "trend",
      "contains": "time",
      "values": {
        "p(50)": 0.02522,
        "p(95)": 0.04847,
        "p(99)": 0.10970799999999935,
        "avg": 0.028847451733973826,
        "min": 0.01127,
        "med": 0.02522,
        "max": 0.222119
      }
    },
    "http_req_failed": {
      "contains": "default",
      "values": {
        "rate": 0,
        "passes": 0,
        "fails": 6661
      },
      "type": "rate"
    },
    "data_received": {
      "type": "counter",
      "contains": "data",
      "values": {
        "count": 2677116,
        "rate": 29742.966208038877
      }
    },
    "vus": {
      "type": "gauge",
      "contains": "default",
      "values": {
        "value": 0,
        "min": 0,
        "max": 1
      }
    },
    "http_req_blocked": {
      "type": "trend",
      "contains": "time",
      "values": {
        "avg": 0.13781389626182133,
        "min": 0.00422,
        "med": 0.0072,
        "max": 17.474177,
        "p(50)": 0.0072,
        "p(95)": 0.01819,
        "p(99)": 5.970422999999994
      }
    },
    "http_req_connecting": {
      "type": "trend",
      "contains": "time",
      "values": {
        "p(50)": 0,
        "p(95)": 0,
        "p(99)": 5.868498999999993,
        "avg": 0.12744753640594503,
        "min": 0,
        "med": 0,
        "max": 17.382947
      }
    },
    "checks": {
      "type": "rate",
      "contains": "default",
      "values": {
        "rate": 1,
        "passes": 6661,
        "fails": 0
      }
    }
  },
  "root_group": {
    "name": "",
    "path": "",
    "id": "d41d8cd98f00b204e9800998ecf8427e",
    "groups": [],
    "checks": [
        {
          "fails": 0,
          "name": "status is 200",
          "path": "::status is 200",
          "id": "6210a8cd14cd70477eba5c5e4cb3fb5f",
          "passes": 6661
        }
      ]
  },
  "options": {
    "summaryTrendStats": [
      "avg",
      "min",
      "med",
      "max",
      "p(50)",
      "p(95)",
      "p(99)"
    ],
    "summaryTimeUnit": "",
    "noColor": false
  }
}