{
  "state": {
    "isStdErrTTY": false,
    "testRunDurationMs": 90015.555802,
    "isStdOutTTY": false
  },
  "metrics": {
    "vus_max": {
      "type": "gauge",
      "contains": "default",
      "values": {
        "value": 50,
        "min": 50,
        "max": 50
      }
    },
    "data_sent": {
      "values": {
        "count": 450787,
        "rate": 5007.878871420403
      },
      "type": "counter",
      "contains": "data"
    },
    "http_reqs": {
      "type": "counter",
      "contains": "default",
      "values": {
        "rate": 50.01357776318894,
        "count": 4502
      }
    },
    "req_latency": {
      "values": {
        "p(95)": 9.464011000000001,
        "p(99)": 10.17052651,
        "avg": 7.714580512661055,
        "min": 3.79551,
        "med": 7.751954,
        "max": 11.975327,
        "p(50)": 7.751954
      },
      "type": "trend",
      "contains": "default"
    },
    "data_received": {
      "type": "counter",
      "contains": "data",
      "values": {
        "count": 5721655,
        "rate": 63562.95808010636
      }
    },
    "vus": {
      "type": "gauge",
      "contains": "default",
      "values": {
        "value": 0,
        "min": 0,
        "max": 0
      }
    },
    "payload_bytes": {
      "type": "trend",
      "contains": "default",
      "values": {
        "p(50)": 129,
        "p(95)": 2328,
        "p(99)": 2350,
        "avg": 1009.4640159928921,
        "min": 110,
        "med": 129,
        "max": 2386
      }
    },
    "page_latency": {
      "type": "trend",
      "contains": "default",
      "values": {
        "p(99)": 19.029053500000003,
        "avg": 15.429161025322113,
        "min": 10.664294,
        "med": 15.468989,
        "max": 20.548482,
        "p(50)": 15.468989,
        "p(95)": 17.770325999999997
      }
    },
    "http_req_waiting": {
      "contains": "time",
      "values": {
        "p(50)": 7.624784,
        "p(95)": 9.346827,
        "p(99)": 10.042803209999999,
        "avg": 7.587029548867196,
        "min": 3.698671,
        "med": 7.624784,
        "max": 11.869487
      },
      "type": "trend"
    },
    "http_req_receiving": {
      "type": "trend",
      "contains": "time",
      "values": {
        "p(99)": 0.18603259999999988,
        "avg": 0.10081727076854707,
        "min": 0.04764,
        "med": 0.09269,
        "max": 0.602187,
        "p(50)": 0.09269,
        "p(95)": 0.15240949999999998
      }
    },
    "http_req_duration": {
      "type": "trend",
      "contains": "time",
      "values": {
        "p(95)": 9.464011000000001,
        "p(99)": 10.17052651,
        "avg": 7.714580512661055,
        "min": 3.79551,
        "med": 7.751954,
        "max": 11.975327,
        "p(50)": 7.751954
      }
    },
    "http_req_tls_handshaking": {
      "type": "trend",
      "contains": "time",
      "values": {
        "avg": 0,
        "min": 0,
        "med": 0,
        "max": 0,
        "p(50)": 0,
        "p(95)": 0,
        "p(99)": 0
      }
    },
    "http_req_failed": {
      "type": "rate",
      "contains": "default",
      "values": {
        "rate": 0,
        "passes": 0,
        "fails": 4502
      }
    },
    "round_trip_count": {
      "type": "trend",
      "contains": "default",
      "values": {
        "min": 2,
        "med": 2,
        "max": 2,
        "p(50)": 2,
        "p(95)": 2,
        "p(99)": 2,
        "avg": 2
      }
    },
    "iterations": {
      "type": "counter",
      "contains": "default",
      "values": {
        "count": 2251,
        "rate": 25.00678888159447
      }
    },
    "http_req_duration{expected_response:true}": {
      "type": "trend",
      "contains": "time",
      "values": {
        "p(99)": 10.17052651,
        "avg": 7.714580512661055,
        "min": 3.79551,
        "med": 7.751954,
        "max": 11.975327,
        "p(50)": 7.751954,
        "p(95)": 9.464011000000001
      }
    },
    "http_req_blocked": {
      "contains": "time",
      "values": {
        "min": 0.00345,
        "med": 0.0071,
        "max": 8.873673,
        "p(50)": 0.0071,
        "p(95)": 0.011958499999999995,
        "p(99)": 3.8622272099999724,
        "avg": 0.07025826543758272
      },
      "type": "trend"
    },
    "checks": {
      "contains": "default",
      "values": {
        "rate": 1,
        "passes": 4502,
        "fails": 0
      },
      "type": "rate"
    },
    "http_req_connecting": {
      "type": "trend",
      "contains": "time",
      "values": {
        "avg": 0.061007958240781875,
        "min": 0,
        "med": 0,
        "max": 8.729765,
        "p(50)": 0,
        "p(95)": 0,
        "p(99)": 3.7619492999999617
      }
    },
    "http_req_sending": {
      "values": {
        "p(95)": 0.043869,
        "p(99)": 0.10771758999999974,
        "avg": 0.026733693025322015,
        "min": 0.0097,
        "med": 0.02376,
        "max": 0.303168,
        "p(50)": 0.02376
      },
      "type": "trend",
      "contains": "time"
    },
    "iteration_duration": {
      "type": "trend",
      "contains": "time",
      "values": {
        "p(99)": 22.216164,
        "avg": 16.21705168191913,
        "min": 11.110671,
        "med": 16.145043,
        "max": 27.708433,
        "p(50)": 16.145043,
        "p(95)": 18.863081
      }
    }
  },
  "root_group": {
    "path": "",
    "id": "d41d8cd98f00b204e9800998ecf8427e",
    "groups": [],
    "checks": [
        {
          "name": "status is 200",
          "path": "::status is 200",
          "id": "6210a8cd14cd70477eba5c5e4cb3fb5f",
          "passes": 4502,
          "fails": 0
        }
      ],
    "name": ""
  },
  "options": {
    "summaryTrendStats": [
      "avg",
      "min",
      "med",
      "max",
      "p(50)",
      "p(95)",
      "p(99)"
    ],
    "summaryTimeUnit": "",
    "noColor": false
  }
}