{
  "state": {
    "isStdOutTTY": false,
    "isStdErrTTY": false,
    "testRunDurationMs": 90000.74627
  },
  "metrics": {
    "iterations": {
      "type": "counter",
      "contains": "default",
      "values": {
        "count": 2250,
        "rate": 24.999792704496652
      }
    },
    "checks": {
      "type": "rate",
      "contains": "default",
      "values": {
        "rate": 1,
        "passes": 2250,
        "fails": 0
      }
    },
    "req_latency": {
      "type": "trend",
      "contains": "default",
      "values": {
        "avg": 8.443792019555545,
        "min": 4.655062,
        "med": 8.35989,
        "max": 35.818915,
        "p(50)": 8.35989,
        "p(95)": 10.259573,
        "p(99)": 11.20839731999999
      }
    },
    "vus_max": {
      "values": {
        "value": 50,
        "min": 50,
        "max": 50
      },
      "type": "gauge",
      "contains": "default"
    },
    "http_req_tls_handshaking": {
      "contains": "time",
      "values": {
        "p(95)": 0,
        "p(99)": 0,
        "avg": 0,
        "min": 0,
        "med": 0,
        "max": 0,
        "p(50)": 0
      },
      "type": "trend"
    },
    "data_received": {
      "type": "counter",
      "contains": "data",
      "values": {
        "count": 1058647,
        "rate": 11762.64690988323
      }
    },
    "iteration_duration": {
      "type": "trend",
      "contains": "time",
      "values": {
        "max": 42.704376,
        "p(50)": 8.7594985,
        "p(95)": 10.9216825,
        "p(99)": 15.663749099999986,
        "avg": 8.949386580888902,
        "min": 4.874651,
        "med": 8.7594985
      }
    },
    "http_req_blocked": {
      "type": "trend",
      "contains": "time",
      "values": {
        "p(99)": 5.69475929999999,
        "avg": 0.1321597524444437,
        "min": 0.00484,
        "med": 0.0079345,
        "max": 7.989439,
        "p(50)": 0.0079345,
        "p(95)": 0.017557499999999986
      }
    },
    "payload_bytes": {
      "values": {
        "p(50)": 211,
        "p(95)": 238,
        "p(99)": 263,
        "avg": 209.50977777777777,
        "min": 111,
        "med": 211,
        "max": 292
      },
      "type": "trend",
      "contains": "default"
    },
    "http_req_receiving": {
      "type": "trend",
      "contains": "time",
      "values": {
        "max": 2.222772,
        "p(50)": 0.09601950000000001,
        "p(95)": 0.17316954999999995,
        "p(99)": 0.2536177999999998,
        "avg": 0.10743669688888897,
        "min": 0.04441,
        "med": 0.09601950000000001
      }
    },
    "http_req_connecting": {
      "type": "trend",
      "contains": "time",
      "values": {
        "avg": 0.12045994177777782,
        "min": 0,
        "med": 0,
        "max": 7.883059,
        "p(50)": 0,
        "p(95)": 0,
        "p(99)": 5.569952499999996
      }
    },
    "http_reqs": {
      "type": "counter",
      "contains": "default",
      "values": {
        "count": 2250,
        "rate": 24.999792704496652
      }
    },
    "http_req_duration{expected_response:true}": {
      "type": "trend",
      "contains": "time",
      "values": {
        "avg": 8.443792019555545,
        "min": 4.655062,
        "med": 8.35989,
        "max": 35.818915,
        "p(50)": 8.35989,
        "p(95)": 10.259573,
        "p(99)": 11.20839731999999
      }
    },
    "http_req_waiting": {
      "type": "trend",
      "contains": "time",
      "values": {
        "avg": 8.304327706222214,
        "min": 4.569691,
        "med": 8.224621500000001,
        "max": 33.407224,
        "p(50)": 8.224621500000001,
        "p(95)": 10.08396295,
        "p(99)": 11.094538619999975
      }
    },
    "vus": {
      "contains": "default",
      "values": {
        "value": 0,
        "min": 0,
        "max": 0
      },
      "type": "gauge"
    },
    "http_req_sending": {
      "type": "trend",
      "contains": "time",
      "values": {
        "min": 0.01214,
        "med": 0.02693,
        "max": 0.247959,
        "p(50)": 0.02693,
        "p(95)": 0.057894949999999994,
        "p(99)": 0.13108838999999992,
        "avg": 0.03202761644444438
      }
    },
    "data_sent": {
      "type": "counter",
      "contains": "data",
      "values": {
        "rate": 2359.5915456401917,
        "count": 212365
      }
    },
    "http_req_failed": {
      "type": "rate",
      "contains": "default",
      "values": {
        "rate": 0,
        "passes": 0,
        "fails": 2250
      }
    },
    "round_trip_count": {
      "type": "trend",
      "contains": "default",
      "values": {
        "max": 1,
        "p(50)": 1,
        "p(95)": 1,
        "p(99)": 1,
        "avg": 1,
        "min": 1,
        "med": 1
      }
    },
    "http_req_duration": {
      "type": "trend",
      "contains": "time",
      "values": {
        "max": 35.818915,
        "p(50)": 8.35989,
        "p(95)": 10.259573,
        "p(99)": 11.20839731999999,
        "avg": 8.443792019555545,
        "min": 4.655062,
        "med": 8.35989
      }
    }
  },
  "root_group": {
    "groups": [],
    "checks": [
        {
          "name": "status is 200",
          "path": "::status is 200",
          "id": "6210a8cd14cd70477eba5c5e4cb3fb5f",
          "passes": 2250,
          "fails": 0
        }
      ],
    "name": "",
    "path": "",
    "id": "d41d8cd98f00b204e9800998ecf8427e"
  },
  "options": {
    "summaryTrendStats": [
      "avg",
      "min",
      "med",
      "max",
      "p(50)",
      "p(95)",
      "p(99)"
    ],
    "summaryTimeUnit": "",
    "noColor": false
  }
}