{
  "metrics": {
    "checks": {
      "contains": "default",
      "values": {
        "rate": 1,
        "passes": 2251,
        "fails": 0
      },
      "type": "rate"
    },
    "payload_bytes": {
      "type": "trend",
      "contains": "default",
      "values": {
        "med": 2180,
        "max": 3455,
        "p(50)": 2180,
        "p(95)": 3066,
        "p(99)": 3343,
        "avg": 1970.7067969791203,
        "min": 130
      }
    },
    "http_req_blocked": {
      "values": {
        "med": 0.006709,
        "max": 7.625446,
        "p(50)": 0.006709,
        "p(95)": 0.01818,
        "p(99)": 5.5047875,
        "avg": 0.1280234833407379,
        "min": 0.00413
      },
      "type": "trend",
      "contains": "time"
    },
    "iteration_duration": {
      "type": "trend",
      "contains": "time",
      "values": {
        "min": 4.245176,
        "med": 8.300003,
        "max": 17.823034,
        "p(50)": 8.300003,
        "p(95)": 10.296221,
        "p(99)": 14.508234999999999,
        "avg": 8.398358636161696
      }
    },
    "vus_max": {
      "type": "gauge",
      "contains": "default",
      "values": {
        "value": 50,
        "min": 50,
        "max": 50
      }
    },
    "http_req_waiting": {
      "contains": "time",
      "values": {
        "max": 11.176483,
        "p(50)": 7.826555,
        "p(95)": 9.529864,
        "p(99)": 10.2705675,
        "avg": 7.824028724566865,
        "min": 3.688208,
        "med": 7.826555
      },
      "type": "trend"
    },
    "http_req_failed": {
      "type": "rate",
      "contains": "default",
      "values": {
        "rate": 0,
        "passes": 0,
        "fails": 2251
      }
    },
    "round_trip_count": {
      "type": "trend",
      "contains": "default",
      "values": {
        "med": 1,
        "max": 1,
        "p(50)": 1,
        "p(95)": 1,
        "p(99)": 1,
        "avg": 1,
        "min": 1
      }
    },
    "data_sent": {
      "values": {
        "count": 399285,
        "rate": 4436.078182838517
      },
      "type": "counter",
      "contains": "data"
    },
    "req_latency": {
      "type": "trend",
      "contains": "default",
      "values": {
        "med": 7.955033,
        "max": 11.331522,
        "p(50)": 7.955033,
        "p(95)": 9.679609500000002,
        "p(99)": 10.400966,
        "avg": 7.9468745553087485,
        "min": 3.827818
      }
    },
    "vus": {
      "values": {
        "value": 0,
        "min": 0,
        "max": 0
      },
      "type": "gauge",
      "contains": "default"
    },
    "http_req_sending": {
      "type": "trend",
      "contains": "time",
      "values": {
        "avg": 0.0286743731674811,
        "min": 0.01095,
        "med": 0.02487,
        "max": 0.414568,
        "p(50)": 0.02487,
        "p(95)": 0.048,
        "p(99)": 0.12118000000000001
      }
    },
    "http_req_duration{expected_response:true}": {
      "type": "trend",
      "contains": "time",
      "values": {
        "p(50)": 7.955033,
        "p(95)": 9.679609500000002,
        "p(99)": 10.400966,
        "avg": 7.9468745553087485,
        "min": 3.827818,
        "med": 7.955033,
        "max": 11.331522
      }
    },
    "data_received": {
      "type": "counter",
      "contains": "data",
      "values": {
        "rate": 55835.090760954794,
        "count": 5025636
      }
    },
    "http_req_receiving": {
      "values": {
        "max": 0.366148,
        "p(50)": 0.08931,
        "p(95)": 0.136289,
        "p(99)": 0.183989,
        "avg": 0.09417145757441144,
        "min": 0.04403,
        "med": 0.08931
      },
      "type": "trend",
      "contains": "time"
    },
    "http_req_duration": {
      "type": "trend",
      "contains": "time",
      "values": {
        "p(99)": 10.400966,
        "avg": 7.9468745553087485,
        "min": 3.827818,
        "med": 7.955033,
        "max": 11.331522,
        "p(50)": 7.955033,
        "p(95)": 9.679609500000002
      }
    },
    "http_req_connecting": {
      "type": "trend",
      "contains": "time",
      "values": {
        "med": 0,
        "max": 7.544617,
        "p(50)": 0,
        "p(95)": 0,
        "p(99)": 5.405818,
        "avg": 0.11801497023545095,
        "min": 0
      }
    },
    "http_reqs": {
      "type": "counter",
      "contains": "default",
      "values": {
        "count": 2251,
        "rate": 25.008733084311963
      }
    },
    "iterations": {
      "type": "counter",
      "contains": "default",
      "values": {
        "count": 2251,
        "rate": 25.008733084311963
      }
    },
    "http_req_tls_handshaking": {
      "type": "trend",
      "contains": "time",
      "values": {
        "avg": 0,
        "min": 0,
        "med": 0,
        "max": 0,
        "p(50)": 0,
        "p(95)": 0,
        "p(99)": 0
      }
    }
  },
  "root_group": {
    "name": "",
    "path": "",
    "id": "d41d8cd98f00b204e9800998ecf8427e",
    "groups": [],
    "checks": [
        {
          "name": "status is 200",
          "path": "::status is 200",
          "id": "6210a8cd14cd70477eba5c5e4cb3fb5f",
          "passes": 2251,
          "fails": 0
        }
      ]
  },
  "options": {
    "summaryTrendStats": [
      "avg",
      "min",
      "med",
      "max",
      "p(50)",
      "p(95)",
      "p(99)"
    ],
    "summaryTimeUnit": "",
    "noColor": false
  },
  "state": {
    "isStdErrTTY": false,
    "testRunDurationMs": 90008.557907,
    "isStdOutTTY": false
  }
}