{
  "metrics": {
    "payload_bytes": {
      "type": "trend",
      "contains": "default",
      "values": {
        "max": 29374,
        "p(50)": 3520,
        "p(95)": 5137,
        "p(99)": 5320,
        "avg": 2967.6901366161237,
        "min": 634,
        "med": 3520
      }
    },
    "http_req_tls_handshaking": {
      "type": "trend",
      "contains": "time",
      "values": {
        "p(50)": 0,
        "p(95)": 0,
        "p(99)": 0,
        "avg": 0,
        "min": 0,
        "med": 0,
        "max": 0
      }
    },
    "checks": {
      "type": "rate",
      "contains": "default",
      "values": {
        "rate": 1,
        "passes": 13322,
        "fails": 0
      }
    },
    "iterations": {
      "type": "counter",
      "contains": "default",
      "values": {
        "count": 6661,
        "rate": 73.99776173236678
      }
    },
    "http_req_connecting": {
      "contains": "time",
      "values": {
        "p(50)": 0,
        "p(95)": 0,
        "p(99)": 5.462590999999999,
        "avg": 0.11978217850172647,
        "min": 0,
        "med": 0,
        "max": 16.869849
      },
      "type": "trend"
    },
    "http_req_duration{expected_response:true}": {
      "type": "trend",
      "contains": "time",
      "values": {
        "p(99)": 70.76782679999964,
        "avg": 18.059807838913155,
        "min": 9.804726,
        "med": 15.967206,
        "max": 120.454706,
        "p(50)": 15.967206,
        "p(95)": 39.678062
      }
    },
    "data_received": {
      "values": {
        "count": 21511037,
        "rate": 238968.4117312905
      },
      "type": "counter",
      "contains": "data"
    },
    "http_req_blocked": {
      "type": "trend",
      "contains": "time",
      "values": {
        "med": 0.007,
        "max": 16.956759,
        "p(50)": 0.007,
        "p(95)": 0.01329,
        "p(99)": 5.548823999999999,
        "avg": 0.12957473682630183,
        "min": 0.00423
      }
    },
    "http_req_sending": {
      "type": "trend",
      "contains": "time",
      "values": {
        "min": 0.01122,
        "med": 0.02644,
        "max": 0.261548,
        "p(50)": 0.02644,
        "p(95)": 0.05096,
        "p(99)": 0.10185159999999996,
        "avg": 0.030451527548416128
      }
    },
    "req_latency": {
      "type": "trend",
      "contains": "default",
      "values": {
        "avg": 18.05980783891316,
        "min": 9.804726,
        "med": 15.967206,
        "max": 120.454706,
        "p(50)": 15.967206,
        "p(95)": 39.678062,
        "p(99)": 70.76782679999964
      }
    },
    "round_trip_count": {
      "type": "trend",
      "contains": "default",
      "values": {
        "p(95)": 1,
        "p(99)": 1,
        "avg": 1,
        "min": 1,
        "med": 1,
        "max": 1,
        "p(50)": 1
      }
    },
    "http_req_failed": {
      "values": {
        "rate": 0,
        "passes": 0,
        "fails": 6661
      },
      "type": "rate",
      "contains": "default"
    },
    "vus_max": {
      "type": "gauge",
      "contains": "default",
      "values": {
        "min": 148,
        "max": 148,
        "value": 148
      }
    },
    "http_req_duration": {
      "type": "trend",
      "contains": "time",
      "values": {
        "p(99)": 70.76782679999964,
        "avg": 18.059807838913155,
        "min": 9.804726,
        "med": 15.967206,
        "max": 120.454706,
        "p(50)": 15.967206,
        "p(95)": 39.678062
      }
    },
    "iteration_duration": {
      "type": "trend",
      "contains": "time",
      "values": {
        "p(95)": 41.597239,
        "p(99)": 72.3940673999998,
        "avg": 19.461226840114108,
        "min": 10.337093,
        "med": 17.527906,
        "max": 121.003612,
        "p(50)": 17.527906
      }
    },
    "http_req_receiving": {
      "type": "trend",
      "contains": "time",
      "values": {
        "avg": 0.23097962603212754,
        "min": 0.041729,
        "med": 0.09762,
        "max": 20.946354,
        "p(50)": 0.09762,
        "p(95)": 0.536736,
        "p(99)": 1.5414119999999798
      }
    },
    "data_sent": {
      "type": "counter",
      "contains": "data",
      "values": {
        "count": 1768929,
        "rate": 19651.221537828227
      }
    },
    "vus": {
      "contains": "default",
      "values": {
        "min": 1,
        "max": 4,
        "value": 1
      },
      "type": "gauge"
    },
    "http_reqs": {
      "type": "counter",
      "contains": "default",
      "values": {
        "count": 6661,
        "rate": 73.99776173236678
      }
    },
    "http_req_waiting": {
      "type": "trend",
      "contains": "time",
      "values": {
        "med": 15.837977,
        "max": 118.576519,
        "p(50)": 15.837977,
        "p(95)": 35.727298,
        "p(99)": 69.28307099999998,
        "avg": 17.79837668533257,
        "min": 9.717247
      }
    }
  },
  "root_group": {
    "checks": [
      {
        "name": "status is 200",
        "path": "::status is 200",
        "id": "6210a8cd14cd70477eba5c5e4cb3fb5f",
        "passes": 6661,
        "fails": 0
      },
      {
        "name": "no graphql errors",
        "path": "::no graphql errors",
        "id": "7c29382b2a87caa2e50f0d89170b649f",
        "passes": 6661,
        "fails": 0
      }
    ],
    "name": "",
    "path": "",
    "id": "d41d8cd98f00b204e9800998ecf8427e",
    "groups": []
  },
  "options": {
    "summaryTrendStats": [
      "avg",
      "min",
      "med",
      "max",
      "p(50)",
      "p(95)",
      "p(99)"
    ],
    "summaryTimeUnit": "",
    "noColor": false
  },
  "state": {
    "isStdOutTTY": false,
    "isStdErrTTY": false,
    "testRunDurationMs": 90016.236222
  }
}