{
  "metrics": {
    "round_trip_count": {
      "type": "trend",
      "contains": "default",
      "values": {
        "med": 1,
        "max": 1,
        "p(50)": 1,
        "p(95)": 1,
        "p(99)": 1,
        "avg": 1,
        "min": 1
      }
    },
    "data_sent": {
      "type": "counter",
      "contains": "data",
      "values": {
        "count": 801161,
        "rate": 8900.991335538049
      }
    },
    "http_req_duration{expected_response:true}": {
      "type": "trend",
      "contains": "time",
      "values": {
        "p(50)": 7.113943,
        "p(95)": 8.839941,
        "p(99)": 9.501597,
        "avg": 7.117340412797142,
        "min": 3.344809,
        "med": 7.113943,
        "max": 10.723169
      }
    },
    "req_latency": {
      "type": "trend",
      "contains": "default",
      "values": {
        "avg": 7.117340412797142,
        "min": 3.344809,
        "med": 7.113943,
        "max": 10.723169,
        "p(50)": 7.113943,
        "p(95)": 8.839941,
        "p(99)": 9.501597
      }
    },
    "payload_bytes": {
      "values": {
        "p(50)": 328,
        "p(95)": 428,
        "p(99)": 431,
        "avg": 325.22417240613197,
        "min": 128,
        "med": 328,
        "max": 528
      },
      "type": "trend",
      "contains": "default"
    },
    "http_req_receiving": {
      "type": "trend",
      "contains": "time",
      "values": {
        "avg": 0.08992408287047371,
        "min": 0.041809,
        "med": 0.086279,
        "max": 0.779075,
        "p(50)": 0.086279,
        "p(95)": 0.143259,
        "p(99)": 0.1769
      }
    },
    "data_received": {
      "type": "counter",
      "contains": "data",
      "values": {
        "count": 2638595,
        "rate": 29315.095508885253
      }
    },
    "iteration_duration": {
      "type": "trend",
      "contains": "time",
      "values": {
        "p(50)": 7.447762,
        "p(95)": 9.361358,
        "p(99)": 13.754318,
        "avg": 7.5509779657853935,
        "min": 3.577828,
        "med": 7.447762,
        "max": 17.615152
      }
    },
    "http_reqs": {
      "type": "counter",
      "contains": "default",
      "values": {
        "count": 4501,
        "rate": 50.00663037923309
      }
    },
    "http_req_failed": {
      "type": "rate",
      "contains": "default",
      "values": {
        "rate": 0,
        "passes": 0,
        "fails": 4501
      }
    },
    "iterations": {
      "type": "counter",
      "contains": "default",
      "values": {
        "count": 4501,
        "rate": 50.00663037923309
      }
    },
    "http_req_waiting": {
      "contains": "time",
      "values": {
        "p(99)": 9.389329,
        "avg": 6.997814035325495,
        "min": 3.251799,
        "med": 6.997004,
        "max": 10.5663,
        "p(50)": 6.997004,
        "p(95)": 8.719541
      },
      "type": "trend"
    },
    "http_req_sending": {
      "type": "trend",
      "contains": "time",
      "values": {
        "med": 0.02524,
        "max": 0.497246,
        "p(50)": 0.02524,
        "p(95)": 0.053049,
        "p(99)": 0.123599,
        "avg": 0.029602294601199706,
        "min": 0.01083
      }
    },
    "http_req_duration": {
      "type": "trend",
      "contains": "time",
      "values": {
        "p(95)": 8.839941,
        "p(99)": 9.501597,
        "avg": 7.117340412797142,
        "min": 3.344809,
        "med": 7.113943,
        "max": 10.723169,
        "p(50)": 7.113943
      }
    },
    "checks": {
      "type": "rate",
      "contains": "default",
      "values": {
        "rate": 1,
        "passes": 4501,
        "fails": 0
      }
    },
    "http_req_connecting": {
      "type": "trend",
      "contains": "time",
      "values": {
        "avg": 0.12203949966674076,
        "min": 0,
        "med": 0,
        "max": 11.034245,
        "p(50)": 0,
        "p(95)": 0,
        "p(99)": 5.640732
      }
    },
    "http_req_tls_handshaking": {
      "values": {
        "med": 0,
        "max": 0,
        "p(50)": 0,
        "p(95)": 0,
        "p(99)": 0,
        "avg": 0,
        "min": 0
      },
      "type": "trend",
      "contains": "time"
    },
    "vus": {
      "contains": "default",
      "values": {
        "min": 0,
        "max": 1,
        "value": 1
      },
      "type": "gauge"
    },
    "vus_max": {
      "type": "gauge",
      "contains": "default",
      "values": {
        "min": 100,
        "max": 100,
        "value": 100
      }
    },
    "http_req_blocked": {
      "type": "trend",
      "contains": "time",
      "values": {
        "med": 0.00678,
        "max": 11.114255,
        "p(50)": 0.00678,
        "p(95)": 0.02154,
        "p(99)": 5.752992,
        "avg": 0.1324231824039095,
        "min": 0.00396
      }
    }
  },
  "root_group": {
    "id": "d41d8cd98f00b204e9800998ecf8427e",
    "groups": [],
    "checks": [
        {
          "id": "6210a8cd14cd70477eba5c5e4cb3fb5f",
          "passes": 4501,
          "fails": 0,
          "name": "status is 200",
          "path": "::status is 200"
        }
      ],
    "name": "",
    "path": ""
  },
  "options": {
    "summaryTrendStats": [
      "avg",
      "min",
      "med",
      "max",
      "p(50)",
      "p(95)",
      "p(99)"
    ],
    "summaryTimeUnit": "",
    "noColor": false
  },
  "state": {
    "isStdOutTTY": false,
    "isStdErrTTY": false,
    "testRunDurationMs": 90008.064248
  }
}