{
  "options": {
    "noColor": false,
    "summaryTrendStats": [
      "avg",
      "min",
      "med",
      "max",
      "p(50)",
      "p(95)",
      "p(99)"
    ],
    "summaryTimeUnit": ""
  },
  "state": {
    "isStdOutTTY": false,
    "isStdErrTTY": false,
    "testRunDurationMs": 90036.43339
  },
  "metrics": {
    "iteration_duration": {
      "type": "trend",
      "contains": "time",
      "values": {
        "min": 30.205246,
        "med": 38.895381,
        "max": 62.181464,
        "p(50)": 38.895381,
        "p(95)": 43.32245,
        "p(99)": 46.95426340000001,
        "avg": 39.01697928846775
      }
    },
    "data_received": {
      "contains": "data",
      "values": {
        "count": 11490903,
        "rate": 127625.03541456642
      },
      "type": "counter"
    },
    "page_latency": {
      "contains": "default",
      "values": {
        "min": 28.791650000000004,
        "med": 37.625185,
        "max": 61.238416,
        "p(50)": 37.625185,
        "p(95)": 41.246693,
        "p(99)": 44.6023638,
        "avg": 37.64458807579219
      },
      "type": "trend"
    },
    "data_sent": {
      "contains": "data",
      "values": {
        "count": 1558506,
        "rate": 17309.726088873456
      },
      "type": "counter"
    },
    "payload_bytes": {
      "type": "trend",
      "contains": "default",
      "values": {
        "avg": 489.79405423064355,
        "min": 251,
        "med": 517,
        "max": 536,
        "p(50)": 517,
        "p(95)": 526,
        "p(99)": 529
      }
    },
    "http_req_blocked": {
      "values": {
        "min": 0.00283,
        "med": 0.00665,
        "max": 14.119936,
        "p(50)": 0.00665,
        "p(95)": 0.010567999999999992,
        "p(99)": 0.040439199999999766,
        "avg": 0.03169355236850656
      },
      "type": "trend",
      "contains": "time"
    },
    "vus": {
      "type": "gauge",
      "contains": "default",
      "values": {
        "value": 1,
        "min": 1,
        "max": 1
      }
    },
    "http_req_duration": {
      "type": "trend",
      "contains": "time",
      "values": {
        "p(50)": 7.450541,
        "p(95)": 9.363873799999999,
        "p(99)": 10.31477376,
        "avg": 7.528917615158465,
        "min": 3.81824,
        "med": 7.450541,
        "max": 31.218474
      }
    },
    "http_req_tls_handshaking": {
      "type": "trend",
      "contains": "time",
      "values": {
        "avg": 0,
        "min": 0,
        "med": 0,
        "max": 0,
        "p(50)": 0,
        "p(95)": 0,
        "p(99)": 0
      }
    },
    "checks": {
      "type": "rate",
      "contains": "default",
      "values": {
        "rate": 1,
        "passes": 15305,
        "fails": 0
      }
    },
    "http_req_receiving": {
      "type": "trend",
      "contains": "time",
      "values": {
        "p(99)": 0.34005219999999986,
        "avg": 0.09627049173472807,
        "min": 0.03967,
        "med": 0.086429,
        "max": 7.68057,
        "p(50)": 0.086429,
        "p(95)": 0.18291799999999958
      }
    },
    "vus_max": {
      "type": "gauge",
      "contains": "default",
      "values": {
        "value": 68,
        "min": 68,
        "max": 68
      }
    },
    "http_req_connecting": {
      "type": "trend",
      "contains": "time",
      "values": {
        "p(99)": 0,
        "avg": 0.024403889970597857,
        "min": 0,
        "med": 0,
        "max": 13.989907,
        "p(50)": 0,
        "p(95)": 0
      }
    },
    "http_req_failed": {
      "values": {
        "rate": 0,
        "passes": 0,
        "fails": 15305
      },
      "type": "rate",
      "contains": "default"
    },
    "req_latency": {
      "values": {
        "p(50)": 7.450541,
        "p(95)": 9.363873799999999,
        "p(99)": 10.31477376,
        "avg": 7.528917615158465,
        "min": 3.81824,
        "med": 7.450541,
        "max": 31.218474
      },
      "type": "trend",
      "contains": "default"
    },
    "round_trip_count": {
      "type": "trend",
      "contains": "default",
      "values": {
        "avg": 5,
        "min": 5,
        "med": 5,
        "max": 5,
        "p(50)": 5,
        "p(95)": 5,
        "p(99)": 5
      }
    },
    "http_req_duration{expected_response:true}": {
      "type": "trend",
      "contains": "time",
      "values": {
        "p(50)": 7.450541,
        "p(95)": 9.363873799999999,
        "p(99)": 10.31477376,
        "avg": 7.528917615158465,
        "min": 3.81824,
        "med": 7.450541,
        "max": 31.218474
      }
    },
    "http_req_waiting": {
      "type": "trend",
      "contains": "time",
      "values": {
        "p(50)": 7.336501,
        "p(95)": 9.231125,
        "p(99)": 10.199389239999999,
        "avg": 7.410725364978759,
        "min": 3.72919,
        "med": 7.336501,
        "max": 31.126314
      }
    },
    "iterations": {
      "type": "counter",
      "contains": "default",
      "values": {
        "count": 3061,
        "rate": 33.99734845938459
      }
    },
    "http_req_sending": {
      "type": "trend",
      "contains": "time",
      "values": {
        "avg": 0.02192175844495263,
        "min": 0.00801,
        "med": 0.01959,
        "max": 1.833086,
        "p(50)": 0.01959,
        "p(95)": 0.04097,
        "p(99)": 0.07041943999999979
      }
    },
    "http_reqs": {
      "type": "counter",
      "contains": "default",
      "values": {
        "count": 15305,
        "rate": 169.98674229692296
      }
    }
  },
  "root_group": {
    "checks": [
      {
        "path": "::status is 200",
        "id": "6210a8cd14cd70477eba5c5e4cb3fb5f",
        "passes": 15305,
        "fails": 0,
        "name": "status is 200"
      }
    ],
    "name": "",
    "path": "",
    "id": "d41d8cd98f00b204e9800998ecf8427e",
    "groups": []
  }
}