{
  "metrics": {
    "http_req_tls_handshaking": {
      "type": "trend",
      "contains": "time",
      "values": {
        "avg": 0,
        "min": 0,
        "med": 0,
        "max": 0,
        "p(50)": 0,
        "p(95)": 0,
        "p(99)": 0
      }
    },
    "http_req_receiving": {
      "contains": "time",
      "values": {
        "min": 0.042801,
        "med": 0.087071,
        "max": 0.402414,
        "p(50)": 0.087071,
        "p(95)": 0.12935154999999998,
        "p(99)": 0.16353129999999988,
        "avg": 0.09015446231231211
      },
      "type": "trend"
    },
    "iterations": {
      "type": "counter",
      "contains": "default",
      "values": {
        "count": 6660,
        "rate": 73.99926880335838
      }
    },
    "vus_max": {
      "type": "gauge",
      "contains": "default",
      "values": {
        "value": 148,
        "min": 148,
        "max": 148
      }
    },
    "http_req_blocked": {
      "type": "trend",
      "contains": "time",
      "values": {
        "min": 0.00414,
        "med": 0.00668,
        "max": 17.360426,
        "p(50)": 0.00668,
        "p(95)": 0.019011449999999992,
        "p(99)": 5.734023289999999,
        "avg": 0.13441685060059944
      }
    },
    "vus": {
      "type": "gauge",
      "contains": "default",
      "values": {
        "value": 1,
        "min": 1,
        "max": 1
      }
    },
    "http_reqs": {
      "type": "counter",
      "contains": "default",
      "values": {
        "count": 6660,
        "rate": 73.99926880335838
      }
    },
    "http_req_waiting": {
      "type": "trend",
      "contains": "time",
      "values": {
        "med": 7.280879499999999,
        "max": 13.385169,
        "p(50)": 7.280879499999999,
        "p(95)": 9.04843445,
        "p(99)": 9.873588399999997,
        "avg": 7.284513701501472,
        "min": 3.214539
      }
    },
    "checks": {
      "type": "rate",
      "contains": "default",
      "values": {
        "rate": 1,
        "passes": 6660,
        "fails": 0
      }
    },
    "data_sent": {
      "type": "counter",
      "contains": "data",
      "values": {
        "count": 796286,
        "rate": 8847.534798551205
      }
    },
    "http_req_sending": {
      "type": "trend",
      "contains": "time",
      "values": {
        "avg": 0.02805033618618619,
        "min": 0.011291,
        "med": 0.024491,
        "max": 0.215572,
        "p(50)": 0.024491,
        "p(95)": 0.04796444999999995,
        "p(99)": 0.10860389
      }
    },
    "payload_bytes": {
      "type": "trend",
      "contains": "default",
      "values": {
        "p(50)": 1318,
        "p(95)": 1922,
        "p(99)": 1993,
        "avg": 1138.4357357357358,
        "min": 303,
        "med": 1318,
        "max": 10638
      }
    },
    "round_trip_count": {
      "contains": "default",
      "values": {
        "p(50)": 1,
        "p(95)": 1,
        "p(99)": 1,
        "avg": 1,
        "min": 1,
        "med": 1,
        "max": 1
      },
      "type": "trend"
    },
    "http_req_duration{expected_response:true}": {
      "type": "trend",
      "contains": "time",
      "values": {
        "min": 3.33222,
        "med": 7.4026654999999995,
        "max": 13.559042,
        "p(50)": 7.4026654999999995,
        "p(95)": 9.17527,
        "p(99)": 10.000787509999999,
        "avg": 7.402718500000012
      }
    },
    "iteration_duration": {
      "values": {
        "avg": 7.83567195555554,
        "min": 3.631463,
        "med": 7.7237735,
        "max": 26.629266,
        "p(50)": 7.7237735,
        "p(95)": 9.781423849999996,
        "p(99)": 14.35928102
      },
      "type": "trend",
      "contains": "time"
    },
    "req_latency": {
      "type": "trend",
      "contains": "default",
      "values": {
        "med": 7.4026654999999995,
        "max": 13.559042,
        "p(50)": 7.4026654999999995,
        "p(95)": 9.17527,
        "p(99)": 10.000787509999999,
        "avg": 7.402718500000012,
        "min": 3.33222
      }
    },
    "http_req_duration": {
      "contains": "time",
      "values": {
        "avg": 7.402718500000012,
        "min": 3.33222,
        "med": 7.4026654999999995,
        "max": 13.559042,
        "p(50)": 7.4026654999999995,
        "p(95)": 9.17527,
        "p(99)": 10.000787509999999
      },
      "type": "trend"
    },
    "http_req_failed": {
      "contains": "default",
      "values": {
        "rate": 0,
        "passes": 0,
        "fails": 6660
      },
      "type": "rate"
    },
    "data_received": {
      "type": "counter",
      "contains": "data",
      "values": {
        "count": 9324355,
        "rate": 103602.92073017098
      }
    },
    "http_req_connecting": {
      "type": "trend",
      "contains": "time",
      "values": {
        "p(95)": 0,
        "p(99)": 5.624662799999995,
        "avg": 0.12446346471471469,
        "min": 0,
        "med": 0,
        "max": 17.279855,
        "p(50)": 0
      }
    }
  },
  "root_group": {
    "name": "",
    "path": "",
    "id": "d41d8cd98f00b204e9800998ecf8427e",
    "groups": [],
    "checks": [
        {
          "name": "status is 200",
          "path": "::status is 200",
          "id": "6210a8cd14cd70477eba5c5e4cb3fb5f",
          "passes": 6660,
          "fails": 0
        }
      ]
  },
  "options": {
    "noColor": false,
    "summaryTrendStats": [
      "avg",
      "min",
      "med",
      "max",
      "p(50)",
      "p(95)",
      "p(99)"
    ],
    "summaryTimeUnit": ""
  },
  "state": {
    "isStdErrTTY": false,
    "testRunDurationMs": 90000.889302,
    "isStdOutTTY": false
  }
}