{
  "state": {
    "isStdOutTTY": false,
    "isStdErrTTY": false,
    "testRunDurationMs": 90014.506191
  },
  "metrics": {
    "req_latency": {
      "type": "trend",
      "contains": "default",
      "values": {
        "avg": 16.503399367362316,
        "min": 10.006874,
        "med": 13.627001,
        "max": 130.851576,
        "p(50)": 13.627001,
        "p(95)": 34.767833,
        "p(99)": 83.67122239999996
      }
    },
    "http_req_connecting": {
      "type": "trend",
      "contains": "time",
      "values": {
        "p(99)": 5.542197999999998,
        "avg": 0.12172613331331633,
        "min": 0,
        "med": 0,
        "max": 14.31991,
        "p(50)": 0,
        "p(95)": 0
      }
    },
    "http_req_receiving": {
      "type": "trend",
      "contains": "time",
      "values": {
        "p(95)": 0.482658,
        "p(99)": 1.632482999999993,
        "avg": 0.20690564059450503,
        "min": 0.03305,
        "med": 0.09175,
        "max": 14.875446,
        "p(50)": 0.09175
      }
    },
    "data_received": {
      "type": "counter",
      "contains": "data",
      "values": {
        "count": 4023843,
        "rate": 44702.161576733946
      }
    },
    "iteration_duration": {
      "type": "trend",
      "contains": "time",
      "values": {
        "p(50)": 14.190671,
        "p(95)": 35.606189,
        "p(99)": 84.39732879999984,
        "avg": 17.180201272932067,
        "min": 10.603942,
        "med": 14.190671,
        "max": 131.264285
      }
    },
    "iterations": {
      "values": {
        "count": 6661,
        "rate": 73.99918393004519
      },
      "type": "counter",
      "contains": "default"
    },
    "vus_max": {
      "type": "gauge",
      "contains": "default",
      "values": {
        "value": 148,
        "min": 148,
        "max": 148
      }
    },
    "http_req_waiting": {
      "type": "trend",
      "contains": "time",
      "values": {
        "min": 9.878435,
        "med": 13.486932,
        "max": 128.708483,
        "p(50)": 13.486932,
        "p(95)": 32.97978,
        "p(99)": 81.3029031999997,
        "avg": 16.2640709461042
      }
    },
    "round_trip_count": {
      "type": "trend",
      "contains": "default",
      "values": {
        "avg": 1,
        "min": 1,
        "med": 1,
        "max": 1,
        "p(50)": 1,
        "p(95)": 1,
        "p(99)": 1
      }
    },
    "data_sent": {
      "values": {
        "count": 1771799,
        "rate": 19683.4829737382
      },
      "type": "counter",
      "contains": "data"
    },
    "http_req_duration": {
      "type": "trend",
      "contains": "time",
      "values": {
        "med": 13.627001,
        "max": 130.851576,
        "p(50)": 13.627001,
        "p(95)": 34.767833,
        "p(99)": 83.67122239999996,
        "avg": 16.503399367362313,
        "min": 10.006874
      }
    },
    "checks": {
      "contains": "default",
      "values": {
        "rate": 1,
        "passes": 13322,
        "fails": 0
      },
      "type": "rate"
    },
    "http_req_failed": {
      "values": {
        "rate": 0,
        "passes": 0,
        "fails": 6661
      },
      "type": "rate",
      "contains": "default"
    },
    "http_req_blocked": {
      "values": {
        "p(95)": 0.01467,
        "p(99)": 5.65807459999999,
        "avg": 0.1324756824801085,
        "min": 0.0041,
        "med": 0.00793,
        "max": 14.393189,
        "p(50)": 0.00793
      },
      "type": "trend",
      "contains": "time"
    },
    "http_req_tls_handshaking": {
      "type": "trend",
      "contains": "time",
      "values": {
        "avg": 0,
        "min": 0,
        "med": 0,
        "max": 0,
        "p(50)": 0,
        "p(95)": 0,
        "p(99)": 0
      }
    },
    "vus": {
      "type": "gauge",
      "contains": "default",
      "values": {
        "value": 2,
        "min": 1,
        "max": 6
      }
    },
    "http_reqs": {
      "type": "counter",
      "contains": "default",
      "values": {
        "count": 6661,
        "rate": 73.99918393004519
      }
    },
    "http_req_sending": {
      "type": "trend",
      "contains": "time",
      "values": {
        "avg": 0.03242278066356409,
        "min": 0.01155,
        "med": 0.02758,
        "max": 0.492028,
        "p(50)": 0.02758,
        "p(95)": 0.06158,
        "p(99)": 0.1126219999999997
      }
    },
    "http_req_duration{expected_response:true}": {
      "type": "trend",
      "contains": "time",
      "values": {
        "min": 10.006874,
        "med": 13.627001,
        "max": 130.851576,
        "p(50)": 13.627001,
        "p(95)": 34.767833,
        "p(99)": 83.67122239999996,
        "avg": 16.503399367362313
      }
    },
    "payload_bytes": {
      "type": "trend",
      "contains": "default",
      "values": {
        "min": 147,
        "med": 347,
        "max": 547,
        "p(50)": 347,
        "p(95)": 447,
        "p(99)": 450,
        "avg": 343.08992643747183
      }
    }
  },
  "root_group": {
    "name": "",
    "path": "",
    "id": "d41d8cd98f00b204e9800998ecf8427e",
    "groups": [],
    "checks": [
        {
          "path": "::status is 200",
          "id": "6210a8cd14cd70477eba5c5e4cb3fb5f",
          "passes": 6661,
          "fails": 0,
          "name": "status is 200"
        },
        {
          "name": "no graphql errors",
          "path": "::no graphql errors",
          "id": "7c29382b2a87caa2e50f0d89170b649f",
          "passes": 6661,
          "fails": 0
        }
      ]
  },
  "options": {
    "summaryTrendStats": [
      "avg",
      "min",
      "med",
      "max",
      "p(50)",
      "p(95)",
      "p(99)"
    ],
    "summaryTimeUnit": "",
    "noColor": false
  }
}