{
  "metrics": {
    "data_received": {
      "values": {
        "count": 1147907,
        "rate": 12753.619208732664
      },
      "type": "counter",
      "contains": "data"
    },
    "http_req_waiting": {
      "type": "trend",
      "contains": "time",
      "values": {
        "p(95)": 9.3567705,
        "p(99)": 10.0040541,
        "avg": 7.587561231874588,
        "min": 4.072349,
        "med": 7.59118,
        "max": 11.097332,
        "p(50)": 7.59118
      }
    },
    "http_req_failed": {
      "contains": "default",
      "values": {
        "rate": 0,
        "passes": 0,
        "fails": 1531
      },
      "type": "rate"
    },
    "checks": {
      "contains": "default",
      "values": {
        "rate": 1,
        "passes": 1531,
        "fails": 0
      },
      "type": "rate"
    },
    "req_latency": {
      "type": "trend",
      "contains": "default",
      "values": {
        "avg": 7.7135080555192586,
        "min": 4.186639,
        "med": 7.71989,
        "max": 11.293141,
        "p(50)": 7.71989,
        "p(95)": 9.490066,
        "p(99)": 10.1140674
      }
    },
    "page_latency": {
      "type": "trend",
      "contains": "default",
      "values": {
        "p(95)": 9.490066,
        "p(99)": 10.1140674,
        "avg": 7.7135080555192586,
        "min": 4.186639,
        "med": 7.71989,
        "max": 11.293141,
        "p(50)": 7.71989
      }
    },
    "vus_max": {
      "type": "gauge",
      "contains": "default",
      "values": {
        "value": 34,
        "min": 34,
        "max": 34
      }
    },
    "http_req_blocked": {
      "type": "trend",
      "contains": "time",
      "values": {
        "min": 0.00395,
        "med": 0.00718,
        "max": 7.356362,
        "p(50)": 0.00718,
        "p(95)": 0.015575,
        "p(99)": 5.954562400000001,
        "avg": 0.1314023481384717
      }
    },
    "data_sent": {
      "type": "counter",
      "contains": "data",
      "values": {
        "count": 155890,
        "rate": 1731.9884785521258
      }
    },
    "http_reqs": {
      "type": "counter",
      "contains": "default",
      "values": {
        "count": 1531,
        "rate": 17.009906733358807
      }
    },
    "http_req_duration": {
      "type": "trend",
      "contains": "time",
      "values": {
        "avg": 7.7135080555192586,
        "min": 4.186639,
        "med": 7.71989,
        "max": 11.293141,
        "p(50)": 7.71989,
        "p(95)": 9.490066,
        "p(99)": 10.1140674
      }
    },
    "iterations": {
      "type": "counter",
      "contains": "default",
      "values": {
        "count": 1531,
        "rate": 17.009906733358807
      }
    },
    "http_req_sending": {
      "values": {
        "avg": 0.03197343500979752,
        "min": 0.01097,
        "med": 0.02703,
        "max": 0.403869,
        "p(50)": 0.02703,
        "p(95)": 0.0537045,
        "p(99)": 0.12007040000000005
      },
      "type": "trend",
      "contains": "time"
    },
    "round_trip_count": {
      "type": "trend",
      "contains": "default",
      "values": {
        "p(99)": 1,
        "avg": 1,
        "min": 1,
        "med": 1,
        "max": 1,
        "p(50)": 1,
        "p(95)": 1
      }
    },
    "iteration_duration": {
      "type": "trend",
      "contains": "time",
      "values": {
        "avg": 8.240973457217509,
        "min": 4.573567,
        "med": 8.137487,
        "max": 16.173087,
        "p(50)": 8.137487,
        "p(95)": 10.205977,
        "p(99)": 14.59259200000001
      }
    },
    "vus": {
      "contains": "default",
      "values": {
        "value": 0,
        "min": 0,
        "max": 0
      },
      "type": "gauge"
    },
    "payload_bytes": {
      "values": {
        "avg": 488.7759634225996,
        "min": 252,
        "med": 517,
        "max": 536,
        "p(50)": 517,
        "p(95)": 526,
        "p(99)": 530
      },
      "type": "trend",
      "contains": "default"
    },
    "http_req_receiving": {
      "type": "trend",
      "contains": "time",
      "values": {
        "p(99)": 0.17489400000000002,
        "avg": 0.09397338863487908,
        "min": 0.04656,
        "med": 0.09044,
        "max": 0.417798,
        "p(50)": 0.09044,
        "p(95)": 0.1348445
      }
    },
    "http_req_duration{expected_response:true}": {
      "type": "trend",
      "contains": "time",
      "values": {
        "max": 11.293141,
        "p(50)": 7.71989,
        "p(95)": 9.490066,
        "p(99)": 10.1140674,
        "avg": 7.7135080555192586,
        "min": 4.186639,
        "med": 7.71989
      }
    },
    "http_req_tls_handshaking": {
      "type": "trend",
      "contains": "time",
      "values": {
        "p(99)": 0,
        "avg": 0,
        "min": 0,
        "med": 0,
        "max": 0,
        "p(50)": 0,
        "p(95)": 0
      }
    },
    "http_req_connecting": {
      "type": "trend",
      "contains": "time",
      "values": {
        "p(95)": 0,
        "p(99)": 5.826797600000001,
        "avg": 0.12078161201828869,
        "min": 0,
        "med": 0,
        "max": 7.237552,
        "p(50)": 0
      }
    }
  },
  "root_group": {
    "path": "",
    "id": "d41d8cd98f00b204e9800998ecf8427e",
    "groups": [],
    "checks": [
        {
          "name": "status is 200",
          "path": "::status is 200",
          "id": "6210a8cd14cd70477eba5c5e4cb3fb5f",
          "passes": 1531,
          "fails": 0
        }
      ],
    "name": ""
  },
  "options": {
    "summaryTimeUnit": "",
    "noColor": false,
    "summaryTrendStats": [
      "avg",
      "min",
      "med",
      "max",
      "p(50)",
      "p(95)",
      "p(99)"
    ]
  },
  "state": {
    "isStdOutTTY": false,
    "isStdErrTTY": false,
    "testRunDurationMs": 90006.372404
  }
}