{
  "root_group": {
    "name": "",
    "path": "",
    "id": "d41d8cd98f00b204e9800998ecf8427e",
    "groups": [],
    "checks": [
        {
          "name": "status is 200",
          "path": "::status is 200",
          "id": "6210a8cd14cd70477eba5c5e4cb3fb5f",
          "passes": 6661,
          "fails": 0
        }
      ]
  },
  "options": {
    "summaryTimeUnit": "",
    "noColor": false,
    "summaryTrendStats": [
      "avg",
      "min",
      "med",
      "max",
      "p(50)",
      "p(95)",
      "p(99)"
    ]
  },
  "state": {
    "isStdErrTTY": false,
    "testRunDurationMs": 90011.318108,
    "isStdOutTTY": false
  },
  "metrics": {
    "http_req_waiting": {
      "values": {
        "p(99)": 9.208287399999996,
        "avg": 6.745039753490462,
        "min": 3.1435,
        "med": 6.736413,
        "max": 32.219212,
        "p(50)": 6.736413,
        "p(95)": 8.438273
      },
      "type": "trend",
      "contains": "time"
    },
    "iteration_duration": {
      "type": "trend",
      "contains": "time",
      "values": {
        "max": 32.514379,
        "p(50)": 7.165832,
        "p(95)": 9.237237,
        "p(99)": 13.748791999999975,
        "avg": 7.31028408031827,
        "min": 3.760965,
        "med": 7.165832
      }
    },
    "vus_max": {
      "type": "gauge",
      "contains": "default",
      "values": {
        "value": 148,
        "min": 148,
        "max": 148
      }
    },
    "http_req_duration": {
      "type": "trend",
      "contains": "time",
      "values": {
        "avg": 6.864326770304783,
        "min": 3.263899,
        "med": 6.854862,
        "max": 32.309091,
        "p(50)": 6.854862,
        "p(95)": 8.567481,
        "p(99)": 9.368614599999995
      }
    },
    "http_req_tls_handshaking": {
      "values": {
        "p(50)": 0,
        "p(95)": 0,
        "p(99)": 0,
        "avg": 0,
        "min": 0,
        "med": 0,
        "max": 0
      },
      "type": "trend",
      "contains": "time"
    },
    "payload_bytes": {
      "type": "trend",
      "contains": "default",
      "values": {
        "avg": 71.86503527998799,
        "min": 59,
        "med": 59,
        "max": 294,
        "p(50)": 59,
        "p(95)": 84,
        "p(99)": 109
      }
    },
    "http_req_blocked": {
      "type": "trend",
      "contains": "time",
      "values": {
        "p(95)": 0.01949,
        "p(99)": 5.807961999999996,
        "avg": 0.13832144167542237,
        "min": 0.00433,
        "med": 0.00689,
        "max": 17.745898,
        "p(50)": 0.00689
      }
    },
    "http_req_sending": {
      "type": "trend",
      "contains": "time",
      "values": {
        "avg": 0.030064646449482046,
        "min": 0.01052,
        "med": 0.02444,
        "max": 1.880657,
        "p(50)": 0.02444,
        "p(95)": 0.050619,
        "p(99)": 0.11341299999999996
      }
    },
    "http_req_duration{expected_response:true}": {
      "type": "trend",
      "contains": "time",
      "values": {
        "p(99)": 9.368614599999995,
        "avg": 6.864326770304783,
        "min": 3.263899,
        "med": 6.854862,
        "max": 32.309091,
        "p(50)": 6.854862,
        "p(95)": 8.567481
      }
    },
    "req_latency": {
      "contains": "default",
      "values": {
        "avg": 6.864326770304783,
        "min": 3.263899,
        "med": 6.854862,
        "max": 32.309091,
        "p(50)": 6.854862,
        "p(95)": 8.567481,
        "p(99)": 9.368614599999995
      },
      "type": "trend"
    },
    "vus": {
      "contains": "default",
      "values": {
        "value": 1,
        "min": 0,
        "max": 1
      },
      "type": "gauge"
    },
    "data_sent": {
      "type": "counter",
      "contains": "data",
      "values": {
        "count": 632774,
        "rate": 7029.938160007464
      }
    },
    "http_req_failed": {
      "type": "rate",
      "contains": "default",
      "values": {
        "rate": 0,
        "passes": 0,
        "fails": 6661
      }
    },
    "checks": {
      "type": "rate",
      "contains": "default",
      "values": {
        "rate": 1,
        "passes": 6661,
        "fails": 0
      }
    },
    "http_reqs": {
      "type": "counter",
      "contains": "default",
      "values": {
        "rate": 74.00180488422362,
        "count": 6661
      }
    },
    "data_received": {
      "type": "counter",
      "contains": "data",
      "values": {
        "count": 2210854,
        "rate": 24561.955612596506
      }
    },
    "http_req_connecting": {
      "contains": "time",
      "values": {
        "min": 0,
        "med": 0,
        "max": 17.603559,
        "p(50)": 0,
        "p(95)": 0,
        "p(99)": 5.700855199999999,
        "avg": 0.12689853235249962
      },
      "type": "trend"
    },
    "http_req_receiving": {
      "type": "trend",
      "contains": "time",
      "values": {
        "p(95)": 0.127999,
        "p(99)": 0.16405299999999937,
        "avg": 0.08922237036481005,
        "min": 0.042289,
        "med": 0.08654,
        "max": 2.622822,
        "p(50)": 0.08654
      }
    },
    "round_trip_count": {
      "type": "trend",
      "contains": "default",
      "values": {
        "min": 1,
        "med": 1,
        "max": 1,
        "p(50)": 1,
        "p(95)": 1,
        "p(99)": 1,
        "avg": 1
      }
    },
    "iterations": {
      "contains": "default",
      "values": {
        "count": 6661,
        "rate": 74.00180488422362
      },
      "type": "counter"
    }
  }
}