{
  "root_group": {
    "path": "",
    "id": "d41d8cd98f00b204e9800998ecf8427e",
    "groups": [],
    "checks": [
        {
          "name": "status is 200",
          "path": "::status is 200",
          "id": "6210a8cd14cd70477eba5c5e4cb3fb5f",
          "passes": 4502,
          "fails": 0
        }
      ],
    "name": ""
  },
  "options": {
    "summaryTrendStats": [
      "avg",
      "min",
      "med",
      "max",
      "p(50)",
      "p(95)",
      "p(99)"
    ],
    "summaryTimeUnit": "",
    "noColor": false
  },
  "state": {
    "isStdOutTTY": false,
    "isStdErrTTY": false,
    "testRunDurationMs": 90016.372526
  },
  "metrics": {
    "http_req_failed": {
      "values": {
        "rate": 0,
        "passes": 0,
        "fails": 4502
      },
      "type": "rate",
      "contains": "default"
    },
    "http_req_sending": {
      "type": "trend",
      "contains": "time",
      "values": {
        "p(50)": 0.02301,
        "p(95)": 0.049542949999999975,
        "p(99)": 0.10645789999999995,
        "avg": 0.02702867636605951,
        "min": 0.00932,
        "med": 0.02301,
        "max": 2.419926
      }
    },
    "iterations": {
      "type": "counter",
      "contains": "default",
      "values": {
        "count": 2251,
        "rate": 25.006561993484347
      }
    },
    "http_req_waiting": {
      "type": "trend",
      "contains": "time",
      "values": {
        "p(99)": 10.695291,
        "avg": 7.800616316748122,
        "min": 3.90145,
        "med": 7.862232499999999,
        "max": 16.467531,
        "p(50)": 7.862232499999999,
        "p(95)": 9.80110545
      }
    },
    "http_req_receiving": {
      "type": "trend",
      "contains": "time",
      "values": {
        "avg": 0.10357366859173689,
        "min": 0.04209,
        "med": 0.0958995,
        "max": 2.378597,
        "p(50)": 0.0958995,
        "p(95)": 0.16164449999999997,
        "p(99)": 0.2137682199999998
      }
    },
    "page_latency": {
      "type": "trend",
      "contains": "default",
      "values": {
        "min": 11.059642,
        "med": 15.829894,
        "max": 23.379343,
        "p(50)": 15.829894,
        "p(95)": 18.200707,
        "p(99)": 19.3649765,
        "avg": 15.862437323411816
      }
    },
    "payload_bytes": {
      "type": "trend",
      "contains": "default",
      "values": {
        "p(99)": 6254,
        "avg": 2820.5444247001333,
        "min": 110,
        "med": 907,
        "max": 6366,
        "p(50)": 907,
        "p(95)": 6202
      }
    },
    "http_req_tls_handshaking": {
      "type": "trend",
      "contains": "time",
      "values": {
        "med": 0,
        "max": 0,
        "p(50)": 0,
        "p(95)": 0,
        "p(99)": 0,
        "avg": 0,
        "min": 0
      }
    },
    "vus": {
      "type": "gauge",
      "contains": "default",
      "values": {
        "value": 0,
        "min": 0,
        "max": 0
      }
    },
    "http_req_duration": {
      "type": "trend",
      "contains": "time",
      "values": {
        "avg": 7.9312186617058975,
        "min": 3.988279,
        "med": 7.997787000000001,
        "max": 16.67074,
        "p(50)": 7.997787000000001,
        "p(95)": 9.936408349999999,
        "p(99)": 10.831026409999996
      }
    },
    "http_req_duration{expected_response:true}": {
      "contains": "time",
      "values": {
        "min": 3.988279,
        "med": 7.997787000000001,
        "max": 16.67074,
        "p(50)": 7.997787000000001,
        "p(95)": 9.936408349999999,
        "p(99)": 10.831026409999996,
        "avg": 7.9312186617058975
      },
      "type": "trend"
    },
    "iteration_duration": {
      "type": "trend",
      "contains": "time",
      "values": {
        "p(95)": 19.267971000000003,
        "p(99)": 23.312298,
        "avg": 16.642266688138577,
        "min": 11.654069,
        "med": 16.521171,
        "max": 26.248227,
        "p(50)": 16.521171
      }
    },
    "http_req_connecting": {
      "type": "trend",
      "contains": "time",
      "values": {
        "avg": 0.05909912194580186,
        "min": 0,
        "med": 0,
        "max": 7.916498,
        "p(50)": 0,
        "p(95)": 0,
        "p(99)": 3.8638882099999328
      }
    },
    "http_reqs": {
      "type": "counter",
      "contains": "default",
      "values": {
        "count": 4502,
        "rate": 50.013123986968694
      }
    },
    "checks": {
      "type": "rate",
      "contains": "default",
      "values": {
        "passes": 4502,
        "fails": 0,
        "rate": 1
      }
    },
    "data_sent": {
      "values": {
        "count": 452579,
        "rate": 5027.740924233297
      },
      "type": "counter",
      "contains": "data"
    },
    "round_trip_count": {
      "contains": "default",
      "values": {
        "max": 2,
        "p(50)": 2,
        "p(95)": 2,
        "p(99)": 2,
        "avg": 2,
        "min": 2,
        "med": 2
      },
      "type": "trend"
    },
    "req_latency": {
      "values": {
        "min": 3.988279,
        "med": 7.997787000000001,
        "max": 16.67074,
        "p(50)": 7.997787000000001,
        "p(95)": 9.936408349999999,
        "p(99)": 10.831026409999996,
        "avg": 7.9312186617058975
      },
      "type": "trend",
      "contains": "default"
    },
    "data_received": {
      "type": "counter",
      "contains": "data",
      "values": {
        "count": 13875364,
        "rate": 154142.66994587335
      }
    },
    "vus_max": {
      "type": "gauge",
      "contains": "default",
      "values": {
        "value": 50,
        "min": 50,
        "max": 50
      }
    },
    "http_req_blocked": {
      "type": "trend",
      "contains": "time",
      "values": {
        "min": 0.003319,
        "med": 0.00698,
        "max": 8.009587,
        "p(50)": 0.00698,
        "p(95)": 0.013029499999999998,
        "p(99)": 3.956604499999933,
        "avg": 0.06809840093291833
      }
    }
  }
}