{
  "state": {
    "isStdOutTTY": false,
    "isStdErrTTY": false,
    "testRunDurationMs": 90004.188699
  },
  "metrics": {
    "page_latency": {
      "type": "trend",
      "contains": "default",
      "values": {
        "p(50)": 16.310018999999997,
        "p(95)": 49.050871149999985,
        "p(99)": 81.91168736999992,
        "avg": 19.785153703002976,
        "min": 10.879864,
        "med": 16.310018999999997,
        "max": 148.76449
      }
    },
    "vus": {
      "contains": "default",
      "values": {
        "value": 2,
        "min": 1,
        "max": 7
      },
      "type": "gauge"
    },
    "round_trip_count": {
      "contains": "default",
      "values": {
        "p(50)": 1,
        "p(95)": 1,
        "p(99)": 1,
        "avg": 1,
        "min": 1,
        "med": 1,
        "max": 1
      },
      "type": "trend"
    },
    "http_req_failed": {
      "contains": "default",
      "values": {
        "rate": 0,
        "passes": 0,
        "fails": 6660
      },
      "type": "rate"
    },
    "payload_bytes": {
      "type": "trend",
      "contains": "default",
      "values": {
        "min": 147,
        "med": 2200,
        "max": 2405,
        "p(50)": 2200,
        "p(95)": 2355,
        "p(99)": 2373,
        "avg": 1934.8297297297297
      }
    },
    "http_req_blocked": {
      "contains": "time",
      "values": {
        "max": 16.198021,
        "p(50)": 0.00762,
        "p(95)": 0.014083999999999942,
        "p(99)": 5.581954789999999,
        "avg": 0.1313379851351347,
        "min": 0.0046,
        "med": 0.00762
      },
      "type": "trend"
    },
    "http_req_duration{expected_response:true}": {
      "type": "trend",
      "contains": "time",
      "values": {
        "min": 10.879864,
        "med": 16.310018999999997,
        "max": 148.76449,
        "p(50)": 16.310018999999997,
        "p(95)": 49.050871149999985,
        "p(99)": 81.91168736999992,
        "avg": 19.785153703002976
      }
    },
    "http_req_tls_handshaking": {
      "values": {
        "p(99)": 0,
        "avg": 0,
        "min": 0,
        "med": 0,
        "max": 0,
        "p(50)": 0,
        "p(95)": 0
      },
      "type": "trend",
      "contains": "time"
    },
    "http_req_waiting": {
      "values": {
        "p(99)": 77.61250886999993,
        "avg": 19.42838249519516,
        "min": 10.747045,
        "med": 16.178818,
        "max": 146.429249,
        "p(50)": 16.178818,
        "p(95)": 46.60036839999997
      },
      "type": "trend",
      "contains": "time"
    },
    "http_req_receiving": {
      "values": {
        "p(50)": 0.09455,
        "p(95)": 0.7089390499999998,
        "p(99)": 10.4601215,
        "avg": 0.3235141399399391,
        "min": 0.04257,
        "med": 0.09455,
        "max": 32.631452
      },
      "type": "trend",
      "contains": "time"
    },
    "iteration_duration": {
      "type": "trend",
      "contains": "time",
      "values": {
        "p(50)": 17.525413999999998,
        "p(95)": 50.330584399999985,
        "p(99)": 82.93170609999994,
        "avg": 21.004274756906852,
        "min": 11.264935,
        "med": 17.525413999999998,
        "max": 149.881658
      }
    },
    "http_req_duration": {
      "type": "trend",
      "contains": "time",
      "values": {
        "avg": 19.785153703002976,
        "min": 10.879864,
        "med": 16.310018999999997,
        "max": 148.76449,
        "p(50)": 16.310018999999997,
        "p(95)": 49.050871149999985,
        "p(99)": 81.91168736999992
      }
    },
    "vus_max": {
      "contains": "default",
      "values": {
        "value": 148,
        "min": 148,
        "max": 148
      },
      "type": "gauge"
    },
    "iterations": {
      "values": {
        "rate": 73.99655611888201,
        "count": 6660
      },
      "type": "counter",
      "contains": "default"
    },
    "http_reqs": {
      "type": "counter",
      "contains": "default",
      "values": {
        "count": 6660,
        "rate": 73.99655611888201
      }
    },
    "http_req_connecting": {
      "contains": "time",
      "values": {
        "p(99)": 5.475907609999998,
        "avg": 0.1208078929429429,
        "min": 0,
        "med": 0,
        "max": 16.058451,
        "p(50)": 0,
        "p(95)": 0
      },
      "type": "trend"
    },
    "req_latency": {
      "type": "trend",
      "contains": "default",
      "values": {
        "avg": 19.785153703002976,
        "min": 10.879864,
        "med": 16.310018999999997,
        "max": 148.76449,
        "p(50)": 16.310018999999997,
        "p(95)": 49.050871149999985,
        "p(99)": 81.91168736999992
      }
    },
    "data_sent": {
      "contains": "data",
      "values": {
        "count": 1967771,
        "rate": 21863.104689280568
      },
      "type": "counter"
    },
    "checks": {
      "type": "rate",
      "contains": "default",
      "values": {
        "passes": 13320,
        "fails": 0,
        "rate": 1
      }
    },
    "data_received": {
      "type": "counter",
      "contains": "data",
      "values": {
        "count": 14630275,
        "rate": 162551.04580663313
      }
    },
    "http_req_sending": {
      "values": {
        "med": 0.02869,
        "max": 0.243,
        "p(50)": 0.02869,
        "p(95)": 0.05332144999999998,
        "p(99)": 0.12031919999999997,
        "avg": 0.03325706786786774,
        "min": 0.01352
      },
      "type": "trend",
      "contains": "time"
    }
  },
  "root_group": {
    "name": "",
    "path": "",
    "id": "d41d8cd98f00b204e9800998ecf8427e",
    "groups": [],
    "checks": [
        {
          "name": "status is 200",
          "path": "::status is 200",
          "id": "6210a8cd14cd70477eba5c5e4cb3fb5f",
          "passes": 6660,
          "fails": 0
        },
        {
          "passes": 6660,
          "fails": 0,
          "name": "no graphql errors",
          "path": "::no graphql errors",
          "id": "7c29382b2a87caa2e50f0d89170b649f"
        }
      ]
  },
  "options": {
    "summaryTrendStats": [
      "avg",
      "min",
      "med",
      "max",
      "p(50)",
      "p(95)",
      "p(99)"
    ],
    "summaryTimeUnit": "",
    "noColor": false
  }
}