{
  "metrics": {
    "data_sent": {
      "type": "counter",
      "contains": "data",
      "values": {
        "count": 212454,
        "rate": 2360.3621546718464
      }
    },
    "payload_bytes": {
      "type": "trend",
      "contains": "default",
      "values": {
        "avg": 209.46423811639272,
        "min": 111,
        "med": 211,
        "max": 292,
        "p(50)": 211,
        "p(95)": 238,
        "p(99)": 263
      }
    },
    "round_trip_count": {
      "type": "trend",
      "contains": "default",
      "values": {
        "p(99)": 1,
        "avg": 1,
        "min": 1,
        "med": 1,
        "max": 1,
        "p(50)": 1,
        "p(95)": 1
      }
    },
    "vus": {
      "type": "gauge",
      "contains": "default",
      "values": {
        "value": 0,
        "min": 0,
        "max": 0
      }
    },
    "iteration_duration": {
      "contains": "time",
      "values": {
        "med": 8.812779,
        "max": 19.328592,
        "p(50)": 8.812779,
        "p(95)": 11.0099595,
        "p(99)": 14.7963015,
        "avg": 8.926758267880924,
        "min": 5.301135
      },
      "type": "trend"
    },
    "http_req_duration": {
      "type": "trend",
      "contains": "time",
      "values": {
        "p(95)": 10.3719365,
        "p(99)": 11.119668,
        "avg": 8.458917082185687,
        "min": 4.891117,
        "med": 8.435891,
        "max": 12.496883,
        "p(50)": 8.435891
      }
    },
    "http_req_duration{expected_response:true}": {
      "type": "trend",
      "contains": "time",
      "values": {
        "avg": 8.458917082185687,
        "min": 4.891117,
        "med": 8.435891,
        "max": 12.496883,
        "p(50)": 8.435891,
        "p(95)": 10.3719365,
        "p(99)": 11.119668
      }
    },
    "checks": {
      "type": "rate",
      "contains": "default",
      "values": {
        "rate": 1,
        "passes": 2251,
        "fails": 0
      }
    },
    "http_req_connecting": {
      "type": "trend",
      "contains": "time",
      "values": {
        "p(50)": 0,
        "p(95)": 0,
        "p(99)": 5.28565,
        "avg": 0.12120586939138163,
        "min": 0,
        "med": 0,
        "max": 8.086474
      }
    },
    "http_req_receiving": {
      "values": {
        "min": 0.040069,
        "med": 0.09517,
        "max": 0.401398,
        "p(50)": 0.09517,
        "p(95)": 0.17545899999999998,
        "p(99)": 0.234429,
        "avg": 0.10542094846734776
      },
      "type": "trend",
      "contains": "time"
    },
    "http_req_tls_handshaking": {
      "type": "trend",
      "contains": "time",
      "values": {
        "med": 0,
        "max": 0,
        "p(50)": 0,
        "p(95)": 0,
        "p(99)": 0,
        "avg": 0,
        "min": 0
      }
    },
    "http_req_waiting": {
      "type": "trend",
      "contains": "time",
      "values": {
        "med": 8.300401,
        "max": 12.367813,
        "p(50)": 8.300401,
        "p(95)": 10.2194275,
        "p(99)": 10.967248999999999,
        "avg": 8.322974649044879,
        "min": 4.712877
      }
    },
    "http_reqs": {
      "type": "counter",
      "contains": "default",
      "values": {
        "rate": 25.008591084029135,
        "count": 2251
      }
    },
    "vus_max": {
      "values": {
        "min": 50,
        "max": 50,
        "value": 50
      },
      "type": "gauge",
      "contains": "default"
    },
    "http_req_sending": {
      "type": "trend",
      "contains": "time",
      "values": {
        "p(50)": 0.02538,
        "p(95)": 0.0560045,
        "p(99)": 0.13861400000000001,
        "avg": 0.03052148467347844,
        "min": 0.01035,
        "med": 0.02538,
        "max": 0.24019
      }
    },
    "iterations": {
      "type": "counter",
      "contains": "default",
      "values": {
        "count": 2251,
        "rate": 25.008591084029135
      }
    },
    "http_req_blocked": {
      "type": "trend",
      "contains": "time",
      "values": {
        "med": 0.00704,
        "max": 8.181563,
        "p(50)": 0.00704,
        "p(95)": 0.018314999999999998,
        "p(99)": 5.4280345,
        "avg": 0.13247093602843138,
        "min": 0.00402
      }
    },
    "req_latency": {
      "type": "trend",
      "contains": "default",
      "values": {
        "med": 8.435891,
        "max": 12.496883,
        "p(50)": 8.435891,
        "p(95)": 10.3719365,
        "p(99)": 11.119668,
        "avg": 8.458917082185687,
        "min": 4.891117
      }
    },
    "data_received": {
      "values": {
        "rate": 11765.64775071218,
        "count": 1059015
      },
      "type": "counter",
      "contains": "data"
    },
    "http_req_failed": {
      "values": {
        "rate": 0,
        "passes": 0,
        "fails": 2251
      },
      "type": "rate",
      "contains": "default"
    }
  },
  "root_group": {
    "name": "",
    "path": "",
    "id": "d41d8cd98f00b204e9800998ecf8427e",
    "groups": [],
    "checks": [
        {
          "name": "status is 200",
          "path": "::status is 200",
          "id": "6210a8cd14cd70477eba5c5e4cb3fb5f",
          "passes": 2251,
          "fails": 0
        }
      ]
  },
  "options": {
    "summaryTrendStats": [
      "avg",
      "min",
      "med",
      "max",
      "p(50)",
      "p(95)",
      "p(99)"
    ],
    "summaryTimeUnit": "",
    "noColor": false
  },
  "state": {
    "isStdOutTTY": false,
    "isStdErrTTY": false,
    "testRunDurationMs": 90009.068981
  }
}