{
  "state": {
    "isStdErrTTY": false,
    "testRunDurationMs": 90008.915763,
    "isStdOutTTY": false
  },
  "metrics": {
    "http_req_failed": {
      "type": "rate",
      "contains": "default",
      "values": {
        "rate": 0,
        "passes": 0,
        "fails": 2251
      }
    },
    "req_latency": {
      "type": "trend",
      "contains": "default",
      "values": {
        "max": 23.364495,
        "p(50)": 7.720065,
        "p(95)": 9.340839500000001,
        "p(99)": 10.124602,
        "avg": 7.7456080577521345,
        "min": 4.337917,
        "med": 7.720065
      }
    },
    "http_req_waiting": {
      "type": "trend",
      "contains": "time",
      "values": {
        "min": 4.229477,
        "med": 7.587189,
        "max": 16.90037,
        "p(50)": 7.587189,
        "p(95)": 9.2195465,
        "p(99)": 9.9913465,
        "avg": 7.612091879609056
      }
    },
    "iterations": {
      "type": "counter",
      "contains": "default",
      "values": {
        "count": 2251,
        "rate": 25.00863365499309
      }
    },
    "iteration_duration": {
      "values": {
        "p(50)": 8.075635,
        "p(95)": 9.9587945,
        "p(99)": 14.0712405,
        "avg": 8.193142792980892,
        "min": 4.688057,
        "med": 8.075635,
        "max": 23.678454
      },
      "type": "trend",
      "contains": "time"
    },
    "http_reqs": {
      "contains": "default",
      "values": {
        "count": 2251,
        "rate": 25.00863365499309
      },
      "type": "counter"
    },
    "http_req_blocked": {
      "type": "trend",
      "contains": "time",
      "values": {
        "p(99)": 5.2428645,
        "avg": 0.1246082949800089,
        "min": 0.00464,
        "med": 0.0071,
        "max": 7.61661,
        "p(50)": 0.0071,
        "p(95)": 0.0203495
      }
    },
    "http_req_connecting": {
      "type": "trend",
      "contains": "time",
      "values": {
        "med": 0,
        "max": 7.53124,
        "p(50)": 0,
        "p(95)": 0,
        "p(99)": 5.155144,
        "avg": 0.11428351488227456,
        "min": 0
      }
    },
    "http_req_duration{expected_response:true}": {
      "type": "trend",
      "contains": "time",
      "values": {
        "med": 7.720065,
        "max": 23.364495,
        "p(50)": 7.720065,
        "p(95)": 9.340839500000001,
        "p(99)": 10.124602,
        "avg": 7.7456080577521345,
        "min": 4.337917
      }
    },
    "http_req_receiving": {
      "type": "trend",
      "contains": "time",
      "values": {
        "avg": 0.10322782007996457,
        "min": 0.04569,
        "med": 0.08856,
        "max": 6.669057,
        "p(50)": 0.08856,
        "p(95)": 0.12795499999999999,
        "p(99)": 0.16219450000000002
      }
    },
    "data_received": {
      "type": "counter",
      "contains": "data",
      "values": {
        "count": 1708040,
        "rate": 18976.342349211194
      }
    },
    "vus": {
      "type": "gauge",
      "contains": "default",
      "values": {
        "value": 0,
        "min": 0,
        "max": 0
      }
    },
    "vus_max": {
      "type": "gauge",
      "contains": "default",
      "values": {
        "value": 50,
        "min": 50,
        "max": 50
      }
    },
    "round_trip_count": {
      "type": "trend",
      "contains": "default",
      "values": {
        "med": 1,
        "max": 1,
        "p(50)": 1,
        "p(95)": 1,
        "p(99)": 1,
        "avg": 1,
        "min": 1
      }
    },
    "data_sent": {
      "type": "counter",
      "contains": "data",
      "values": {
        "count": 333141,
        "rate": 3701.200010865417
      }
    },
    "http_req_duration": {
      "type": "trend",
      "contains": "time",
      "values": {
        "p(95)": 9.340839500000001,
        "p(99)": 10.124602,
        "avg": 7.7456080577521345,
        "min": 4.337917,
        "med": 7.720065,
        "max": 23.364495,
        "p(50)": 7.720065
      }
    },
    "payload_bytes": {
      "type": "trend",
      "contains": "default",
      "values": {
        "p(95)": 528,
        "p(99)": 529,
        "avg": 497.7880941803643,
        "min": 223,
        "med": 428,
        "max": 29387,
        "p(50)": 428
      }
    },
    "http_req_tls_handshaking": {
      "values": {
        "avg": 0,
        "min": 0,
        "med": 0,
        "max": 0,
        "p(50)": 0,
        "p(95)": 0,
        "p(99)": 0
      },
      "type": "trend",
      "contains": "time"
    },
    "http_req_sending": {
      "type": "trend",
      "contains": "time",
      "values": {
        "p(95)": 0.052895,
        "p(99)": 0.11984,
        "avg": 0.03028835806308311,
        "min": 0.01159,
        "med": 0.02572,
        "max": 0.180731,
        "p(50)": 0.02572
      }
    },
    "checks": {
      "type": "rate",
      "contains": "default",
      "values": {
        "rate": 1,
        "passes": 2251,
        "fails": 0
      }
    }
  },
  "root_group": {
    "name": "",
    "path": "",
    "id": "d41d8cd98f00b204e9800998ecf8427e",
    "groups": [],
    "checks": [
        {
          "fails": 0,
          "name": "status is 200",
          "path": "::status is 200",
          "id": "6210a8cd14cd70477eba5c5e4cb3fb5f",
          "passes": 2251
        }
      ]
  },
  "options": {
    "summaryTrendStats": [
      "avg",
      "min",
      "med",
      "max",
      "p(50)",
      "p(95)",
      "p(99)"
    ],
    "summaryTimeUnit": "",
    "noColor": false
  }
}