{
  "root_group": {
    "path": "",
    "id": "d41d8cd98f00b204e9800998ecf8427e",
    "groups": [],
    "checks": [
        {
          "name": "status is 200",
          "path": "::status is 200",
          "id": "6210a8cd14cd70477eba5c5e4cb3fb5f",
          "passes": 9002,
          "fails": 0
        }
      ],
    "name": ""
  },
  "options": {
    "noColor": false,
    "summaryTrendStats": [
      "avg",
      "min",
      "med",
      "max",
      "p(50)",
      "p(95)",
      "p(99)"
    ],
    "summaryTimeUnit": ""
  },
  "state": {
    "isStdOutTTY": false,
    "isStdErrTTY": false,
    "testRunDurationMs": 90015.619733
  },
  "metrics": {
    "data_sent": {
      "contains": "data",
      "values": {
        "count": 904803,
        "rate": 10051.622181614515
      },
      "type": "counter"
    },
    "data_received": {
      "contains": "data",
      "values": {
        "count": 27818305,
        "rate": 309038.6433211627
      },
      "type": "counter"
    },
    "payload_bytes": {
      "type": "trend",
      "contains": "default",
      "values": {
        "min": 110,
        "med": 907,
        "max": 6366,
        "p(50)": 907,
        "p(95)": 6205,
        "p(99)": 6249.949999999999,
        "avg": 2828.7360586536324
      }
    },
    "http_req_blocked": {
      "values": {
        "p(50)": 0.00622,
        "p(95)": 0.01039,
        "p(99)": 4.370970389999979,
        "avg": 0.06840657187291554,
        "min": 0.00302,
        "med": 0.00622,
        "max": 11.327906
      },
      "type": "trend",
      "contains": "time"
    },
    "page_latency": {
      "values": {
        "p(95)": 17.260913,
        "p(99)": 18.332031999999998,
        "avg": 15.0261327736058,
        "min": 9.298076,
        "med": 14.974843,
        "max": 45.448412,
        "p(50)": 14.974843
      },
      "type": "trend",
      "contains": "default"
    },
    "http_req_connecting": {
      "values": {
        "p(99)": 4.284784899999986,
        "avg": 0.06065909431237502,
        "min": 0,
        "med": 0,
        "max": 11.237526,
        "p(50)": 0,
        "p(95)": 0
      },
      "type": "trend",
      "contains": "time"
    },
    "http_req_failed": {
      "contains": "default",
      "values": {
        "passes": 0,
        "fails": 9002,
        "rate": 0
      },
      "type": "rate"
    },
    "round_trip_count": {
      "values": {
        "p(99)": 2,
        "avg": 2,
        "min": 2,
        "med": 2,
        "max": 2,
        "p(50)": 2,
        "p(95)": 2
      },
      "type": "trend",
      "contains": "default"
    },
    "http_req_waiting": {
      "contains": "time",
      "values": {
        "p(95)": 9.328434499999998,
        "p(99)": 10.14863409,
        "avg": 7.39892050788715,
        "min": 2.488399,
        "med": 7.437196,
        "max": 37.515685,
        "p(50)": 7.437196
      },
      "type": "trend"
    },
    "http_req_receiving": {
      "type": "trend",
      "contains": "time",
      "values": {
        "max": 1.24231,
        "p(50)": 0.0868405,
        "p(95)": 0.13545849999999995,
        "p(99)": 0.17655388999999985,
        "avg": 0.09126968940235515,
        "min": 0.04204,
        "med": 0.0868405
      }
    },
    "http_req_duration": {
      "type": "trend",
      "contains": "time",
      "values": {
        "med": 7.5535274999999995,
        "max": 37.761385,
        "p(50)": 7.5535274999999995,
        "p(95)": 9.447837549999997,
        "p(99)": 10.271110999999998,
        "avg": 7.51306638680292,
        "min": 2.592249
      }
    },
    "req_latency": {
      "type": "trend",
      "contains": "default",
      "values": {
        "p(95)": 9.447837549999997,
        "p(99)": 10.271110999999998,
        "avg": 7.51306638680292,
        "min": 2.592249,
        "med": 7.5535274999999995,
        "max": 37.761385,
        "p(50)": 7.5535274999999995
      }
    },
    "iteration_duration": {
      "type": "trend",
      "contains": "time",
      "values": {
        "max": 46.070642,
        "p(50)": 15.533803,
        "p(95)": 18.166532,
        "p(99)": 21.972632,
        "avg": 15.69590326549658,
        "min": 9.900376,
        "med": 15.533803
      }
    },
    "http_reqs": {
      "type": "counter",
      "contains": "default",
      "values": {
        "count": 9002,
        "rate": 100.00486611880582
      }
    },
    "iterations": {
      "type": "counter",
      "contains": "default",
      "values": {
        "count": 4501,
        "rate": 50.00243305940291
      }
    },
    "vus_max": {
      "type": "gauge",
      "contains": "default",
      "values": {
        "value": 100,
        "min": 100,
        "max": 100
      }
    },
    "http_req_sending": {
      "type": "trend",
      "contains": "time",
      "values": {
        "avg": 0.02287618951344143,
        "min": 0.00861,
        "med": 0.02051,
        "max": 0.205101,
        "p(50)": 0.02051,
        "p(95)": 0.03862949999999999,
        "p(99)": 0.07633879999999998
      }
    },
    "checks": {
      "type": "rate",
      "contains": "default",
      "values": {
        "rate": 1,
        "passes": 9002,
        "fails": 0
      }
    },
    "vus": {
      "values": {
        "max": 1,
        "value": 1,
        "min": 0
      },
      "type": "gauge",
      "contains": "default"
    },
    "http_req_duration{expected_response:true}": {
      "values": {
        "min": 2.592249,
        "med": 7.5535274999999995,
        "max": 37.761385,
        "p(50)": 7.5535274999999995,
        "p(95)": 9.447837549999997,
        "p(99)": 10.271110999999998,
        "avg": 7.51306638680292
      },
      "type": "trend",
      "contains": "time"
    },
    "http_req_tls_handshaking": {
      "values": {
        "min": 0,
        "med": 0,
        "max": 0,
        "p(50)": 0,
        "p(95)": 0,
        "p(99)": 0,
        "avg": 0
      },
      "type": "trend",
      "contains": "time"
    }
  }
}