{
  "metrics": {
    "http_reqs": {
      "type": "counter",
      "contains": "default",
      "values": {
        "count": 4500,
        "rate": 49.99942322609788
      }
    },
    "http_req_receiving": {
      "values": {
        "avg": 0.09958943955555548,
        "min": 0.03855,
        "med": 0.08507500000000001,
        "max": 7.218942,
        "p(50)": 0.08507500000000001,
        "p(95)": 0.13471550000000002,
        "p(99)": 0.1863838100000001
      },
      "type": "trend",
      "contains": "time"
    },
    "vus_max": {
      "contains": "default",
      "values": {
        "value": 100,
        "min": 100,
        "max": 100
      },
      "type": "gauge"
    },
    "data_received": {
      "type": "counter",
      "contains": "data",
      "values": {
        "count": 3358454,
        "rate": 37315.72509586252
      }
    },
    "checks": {
      "values": {
        "fails": 0,
        "rate": 1,
        "passes": 4500
      },
      "type": "rate",
      "contains": "default"
    },
    "iterations": {
      "values": {
        "count": 4500,
        "rate": 49.99942322609788
      },
      "type": "counter",
      "contains": "default"
    },
    "http_req_duration{expected_response:true}": {
      "values": {
        "min": 2.8485,
        "med": 7.241334999999999,
        "max": 21.51121,
        "p(50)": 7.241334999999999,
        "p(95)": 8.974124999999999,
        "p(99)": 9.835574090000001,
        "avg": 7.256804391333333
      },
      "type": "trend",
      "contains": "time"
    },
    "vus": {
      "type": "gauge",
      "contains": "default",
      "values": {
        "value": 0,
        "min": 0,
        "max": 1
      }
    },
    "http_req_duration": {
      "type": "trend",
      "contains": "time",
      "values": {
        "min": 2.8485,
        "med": 7.241334999999999,
        "max": 21.51121,
        "p(50)": 7.241334999999999,
        "p(95)": 8.974124999999999,
        "p(99)": 9.835574090000001,
        "avg": 7.256804391333333
      }
    },
    "http_req_sending": {
      "type": "trend",
      "contains": "time",
      "values": {
        "min": 0.01105,
        "med": 0.0228,
        "max": 0.277141,
        "p(50)": 0.0228,
        "p(95)": 0.0632955000000001,
        "p(99)": 0.1127245000000001,
        "avg": 0.02763120088888893
      }
    },
    "http_req_blocked": {
      "type": "trend",
      "contains": "time",
      "values": {
        "med": 0.00597,
        "max": 11.080382,
        "p(50)": 0.00597,
        "p(95)": 0.023215000000000128,
        "p(99)": 5.510307600000007,
        "avg": 0.13047676644444278,
        "min": 0.00411
      }
    },
    "req_latency": {
      "type": "trend",
      "contains": "default",
      "values": {
        "med": 7.241334999999999,
        "max": 21.51121,
        "p(50)": 7.241334999999999,
        "p(95)": 8.974124999999999,
        "p(99)": 9.835574090000001,
        "avg": 7.256804391333333,
        "min": 2.8485
      }
    },
    "data_sent": {
      "contains": "data",
      "values": {
        "count": 665984,
        "rate": 7399.7368617354605
      },
      "type": "counter"
    },
    "http_req_failed": {
      "values": {
        "fails": 4500,
        "rate": 0,
        "passes": 0
      },
      "type": "rate",
      "contains": "default"
    },
    "http_req_waiting": {
      "type": "trend",
      "contains": "time",
      "values": {
        "avg": 7.129583750888888,
        "min": 2.6679,
        "med": 7.123334,
        "max": 14.699799,
        "p(50)": 7.123334,
        "p(95)": 8.84790805,
        "p(99)": 9.69119431
      }
    },
    "round_trip_count": {
      "type": "trend",
      "contains": "default",
      "values": {
        "max": 1,
        "p(50)": 1,
        "p(95)": 1,
        "p(99)": 1,
        "avg": 1,
        "min": 1,
        "med": 1
      }
    },
    "http_req_tls_handshaking": {
      "type": "trend",
      "contains": "time",
      "values": {
        "p(50)": 0,
        "p(95)": 0,
        "p(99)": 0,
        "avg": 0,
        "min": 0,
        "med": 0,
        "max": 0
      }
    },
    "payload_bytes": {
      "type": "trend",
      "contains": "default",
      "values": {
        "p(95)": 527,
        "p(99)": 530,
        "avg": 485.32044444444443,
        "min": 223,
        "med": 428,
        "max": 29387,
        "p(50)": 428
      }
    },
    "iteration_duration": {
      "type": "trend",
      "contains": "time",
      "values": {
        "min": 3.21586,
        "med": 7.563375000000001,
        "max": 21.814959,
        "p(50)": 7.563375000000001,
        "p(95)": 9.5357695,
        "p(99)": 13.798924800000005,
        "avg": 7.6810399253333435
      }
    },
    "http_req_connecting": {
      "type": "trend",
      "contains": "time",
      "values": {
        "p(95)": 0,
        "p(99)": 5.417594510000008,
        "avg": 0.12059351200000001,
        "min": 0,
        "med": 0,
        "max": 10.928072,
        "p(50)": 0
      }
    }
  },
  "root_group": {
    "id": "d41d8cd98f00b204e9800998ecf8427e",
    "groups": [],
    "checks": [
        {
          "name": "status is 200",
          "path": "::status is 200",
          "id": "6210a8cd14cd70477eba5c5e4cb3fb5f",
          "passes": 4500,
          "fails": 0
        }
      ],
    "name": "",
    "path": ""
  },
  "options": {
    "summaryTrendStats": [
      "avg",
      "min",
      "med",
      "max",
      "p(50)",
      "p(95)",
      "p(99)"
    ],
    "summaryTimeUnit": "",
    "noColor": false
  },
  "state": {
    "isStdOutTTY": false,
    "isStdErrTTY": false,
    "testRunDurationMs": 90001.038205
  }
}