{
  "options": {
    "summaryTimeUnit": "",
    "noColor": false,
    "summaryTrendStats": [
      "avg",
      "min",
      "med",
      "max",
      "p(50)",
      "p(95)",
      "p(99)"
    ]
  },
  "state": {
    "isStdOutTTY": false,
    "isStdErrTTY": false,
    "testRunDurationMs": 95104.701875
  },
  "metrics": {
    "payload_bytes": {
      "type": "trend",
      "contains": "default",
      "values": {
        "avg": 5527.881818181818,
        "min": 1704,
        "med": 5980,
        "max": 6385,
        "p(50)": 5980,
        "p(95)": 6240,
        "p(99)": 6283
      }
    },
    "http_req_duration{expected_response:true}": {
      "type": "trend",
      "contains": "time",
      "values": {
        "min": 22.161592,
        "med": 5114.5445795,
        "max": 13470.722547,
        "p(50)": 5114.5445795,
        "p(95)": 8727.675882349999,
        "p(99)": 10598.932145129998,
        "avg": 5075.426919670938
      }
    },
    "data_received": {
      "type": "counter",
      "contains": "data",
      "values": {
        "count": 35665672,
        "rate": 375014.81311488524
      }
    },
    "dropped_iterations": {
      "type": "counter",
      "contains": "default",
      "values": {
        "rate": 5.267878350099712,
        "count": 501
      }
    },
    "http_req_tls_handshaking": {
      "type": "trend",
      "contains": "time",
      "values": {
        "avg": 0,
        "min": 0,
        "med": 0,
        "max": 0,
        "p(50)": 0,
        "p(95)": 0,
        "p(99)": 0
      }
    },
    "data_sent": {
      "type": "counter",
      "contains": "data",
      "values": {
        "count": 1825267,
        "rate": 19192.18465559172
      }
    },
    "http_req_sending": {
      "type": "trend",
      "contains": "time",
      "values": {
        "med": 0.02883,
        "max": 8.616627,
        "p(50)": 0.02883,
        "p(95)": 0.12580444999999993,
        "p(99)": 0.18948118999999972,
        "avg": 0.04668641038961037,
        "min": 0.01327
      }
    },
    "round_trip_count": {
      "type": "trend",
      "contains": "default",
      "values": {
        "avg": 1,
        "min": 1,
        "med": 1,
        "max": 1,
        "p(50)": 1,
        "p(95)": 1,
        "p(99)": 1
      }
    },
    "http_req_waiting": {
      "type": "trend",
      "contains": "time",
      "values": {
        "p(99)": 9240.972672289998,
        "avg": 4233.683683921102,
        "min": 21.674154,
        "med": 4191.8859455,
        "max": 11706.107295,
        "p(50)": 4191.8859455,
        "p(95)": 7417.573423449997
      }
    },
    "http_req_connecting": {
      "type": "trend",
      "contains": "time",
      "values": {
        "p(50)": 0,
        "p(95)": 5.490511449999996,
        "p(99)": 6.8976144,
        "avg": 0.5913377905844156,
        "min": 0,
        "med": 0,
        "max": 38.768321
      }
    },
    "req_latency": {
      "type": "trend",
      "contains": "default",
      "values": {
        "avg": 5075.426919670938,
        "min": 22.161592,
        "med": 5114.5445795,
        "max": 13470.722547,
        "p(50)": 5114.5445795,
        "p(95)": 8727.675882349999,
        "p(99)": 10598.932145129998
      }
    },
    "page_latency": {
      "type": "trend",
      "contains": "default",
      "values": {
        "avg": 5075.426919670938,
        "min": 22.161592,
        "med": 5114.5445795,
        "max": 13470.722547,
        "p(50)": 5114.5445795,
        "p(95)": 8727.675882349999,
        "p(99)": 10598.932145129998
      }
    },
    "http_req_receiving": {
      "type": "trend",
      "contains": "time",
      "values": {
        "max": 2144.717566,
        "p(50)": 761.8715305000001,
        "p(95)": 1765.3776402999997,
        "p(99)": 2100.80782208,
        "avg": 841.6965493394509,
        "min": 0.356019,
        "med": 761.8715305000001
      }
    },
    "checks": {
      "type": "rate",
      "contains": "default",
      "values": {
        "rate": 1,
        "passes": 12320,
        "fails": 0
      }
    },
    "http_req_failed": {
      "contains": "default",
      "values": {
        "passes": 0,
        "fails": 6160,
        "rate": 0
      },
      "type": "rate"
    },
    "vus_max": {
      "type": "gauge",
      "contains": "default",
      "values": {
        "value": 649,
        "min": 148,
        "max": 649
      }
    },
    "http_reqs": {
      "type": "counter",
      "contains": "default",
      "values": {
        "count": 6160,
        "rate": 64.77071983356133
      }
    },
    "iteration_duration": {
      "type": "trend",
      "contains": "time",
      "values": {
        "p(99)": 10609.36563612,
        "avg": 5078.751915625991,
        "min": 30.712159,
        "med": 5117.8201745,
        "max": 13479.231435,
        "p(50)": 5117.8201745,
        "p(95)": 8732.856957349999
      }
    },
    "iterations": {
      "type": "counter",
      "contains": "default",
      "values": {
        "count": 6160,
        "rate": 64.77071983356133
      }
    },
    "vus": {
      "contains": "default",
      "values": {
        "value": 96,
        "min": 12,
        "max": 616
      },
      "type": "gauge"
    },
    "http_req_duration": {
      "type": "trend",
      "contains": "time",
      "values": {
        "min": 22.161592,
        "med": 5114.5445795,
        "max": 13470.722547,
        "p(50)": 5114.5445795,
        "p(95)": 8727.675882349999,
        "p(99)": 10598.932145129998,
        "avg": 5075.426919670938
      }
    },
    "http_req_blocked": {
      "type": "trend",
      "contains": "time",
      "values": {
        "p(99)": 7.014834299999998,
        "avg": 0.6093854433441618,
        "min": 0.003679,
        "med": 0.00769,
        "max": 38.97292,
        "p(50)": 0.00769,
        "p(95)": 5.588655449999999
      }
    }
  },
  "root_group": {
    "name": "",
    "path": "",
    "id": "d41d8cd98f00b204e9800998ecf8427e",
    "groups": [],
    "checks": [
        {
          "fails": 0,
          "name": "status is 200",
          "path": "::status is 200",
          "id": "6210a8cd14cd70477eba5c5e4cb3fb5f",
          "passes": 6160
        },
        {
          "name": "no graphql errors",
          "path": "::no graphql errors",
          "id": "7c29382b2a87caa2e50f0d89170b649f",
          "passes": 6160,
          "fails": 0
        }
      ]
  }
}