{
  "state": {
    "isStdErrTTY": false,
    "testRunDurationMs": 90003.371528,
    "isStdOutTTY": false
  },
  "metrics": {
    "vus_max": {
      "type": "gauge",
      "contains": "default",
      "values": {
        "value": 148,
        "min": 148,
        "max": 148
      }
    },
    "data_received": {
      "type": "counter",
      "contains": "data",
      "values": {
        "count": 3221687,
        "rate": 35795.181283822625
      }
    },
    "http_req_duration": {
      "type": "trend",
      "contains": "time",
      "values": {
        "avg": 12.885151555555582,
        "min": 7.945275,
        "med": 11.825839,
        "max": 89.795691,
        "p(50)": 11.825839,
        "p(95)": 15.659272099999997,
        "p(99)": 52.20155210999991
      }
    },
    "iteration_duration": {
      "type": "trend",
      "contains": "time",
      "values": {
        "min": 8.395554,
        "med": 12.356643,
        "max": 90.378089,
        "p(50)": 12.356643,
        "p(95)": 17.21332874999998,
        "p(99)": 53.03536841,
        "avg": 13.50167858873876
      }
    },
    "http_req_duration{expected_response:true}": {
      "type": "trend",
      "contains": "time",
      "values": {
        "p(50)": 11.825839,
        "p(95)": 15.659272099999997,
        "p(99)": 52.20155210999991,
        "avg": 12.885151555555582,
        "min": 7.945275,
        "med": 11.825839,
        "max": 89.795691
      }
    },
    "checks": {
      "type": "rate",
      "contains": "default",
      "values": {
        "rate": 1,
        "passes": 13320,
        "fails": 0
      }
    },
    "http_req_tls_handshaking": {
      "type": "trend",
      "contains": "time",
      "values": {
        "max": 0,
        "p(50)": 0,
        "p(95)": 0,
        "p(99)": 0,
        "avg": 0,
        "min": 0,
        "med": 0
      }
    },
    "data_sent": {
      "type": "counter",
      "contains": "data",
      "values": {
        "count": 1767460,
        "rate": 19637.708787944062
      }
    },
    "http_reqs": {
      "type": "counter",
      "contains": "default",
      "values": {
        "count": 6660,
        "rate": 73.99722795860016
      }
    },
    "http_req_blocked": {
      "contains": "time",
      "values": {
        "med": 0.00596,
        "max": 11.848244,
        "p(50)": 0.00596,
        "p(95)": 0.012431949999999971,
        "p(99)": 5.526173509999998,
        "avg": 0.12721795165164937,
        "min": 0.00404
      },
      "type": "trend"
    },
    "http_req_sending": {
      "type": "trend",
      "contains": "time",
      "values": {
        "max": 0.28362,
        "p(50)": 0.02352,
        "p(95)": 0.04653149999999998,
        "p(99)": 0.09829309999999987,
        "avg": 0.02785404624624632,
        "min": 0.01101,
        "med": 0.02352
      }
    },
    "iterations": {
      "type": "counter",
      "contains": "default",
      "values": {
        "count": 6660,
        "rate": 73.99722795860016
      }
    },
    "payload_bytes": {
      "type": "trend",
      "contains": "default",
      "values": {
        "p(99)": 276,
        "avg": 222.73678678678678,
        "min": 124,
        "med": 224,
        "max": 305,
        "p(50)": 224,
        "p(95)": 251
      }
    },
    "vus": {
      "type": "gauge",
      "contains": "default",
      "values": {
        "value": 1,
        "min": 1,
        "max": 5
      }
    },
    "http_req_connecting": {
      "type": "trend",
      "contains": "time",
      "values": {
        "avg": 0.11832820210210214,
        "min": 0,
        "med": 0,
        "max": 11.766684,
        "p(50)": 0,
        "p(95)": 0,
        "p(99)": 5.4495144999999985
      }
    },
    "http_req_waiting": {
      "type": "trend",
      "contains": "time",
      "values": {
        "min": 7.846845,
        "med": 11.7076215,
        "max": 83.089503,
        "p(50)": 11.7076215,
        "p(95)": 15.545192199999994,
        "p(99)": 51.49186271999995,
        "avg": 12.739511177777805
      }
    },
    "http_req_failed": {
      "contains": "default",
      "values": {
        "rate": 0,
        "passes": 0,
        "fails": 6660
      },
      "type": "rate"
    },
    "http_req_receiving": {
      "values": {
        "p(95)": 0.16217145,
        "p(99)": 0.7372559899999998,
        "avg": 0.11778633153153159,
        "min": 0.04205,
        "med": 0.0849095,
        "max": 6.935887,
        "p(50)": 0.0849095
      },
      "type": "trend",
      "contains": "time"
    },
    "round_trip_count": {
      "type": "trend",
      "contains": "default",
      "values": {
        "p(99)": 1,
        "avg": 1,
        "min": 1,
        "med": 1,
        "max": 1,
        "p(50)": 1,
        "p(95)": 1
      }
    },
    "req_latency": {
      "type": "trend",
      "contains": "default",
      "values": {
        "med": 11.825839,
        "max": 89.795691,
        "p(50)": 11.825839,
        "p(95)": 15.659272099999997,
        "p(99)": 52.20155210999991,
        "avg": 12.885151555555582,
        "min": 7.945275
      }
    }
  },
  "root_group": {
    "name": "",
    "path": "",
    "id": "d41d8cd98f00b204e9800998ecf8427e",
    "groups": [],
    "checks": [
        {
          "passes": 6660,
          "fails": 0,
          "name": "status is 200",
          "path": "::status is 200",
          "id": "6210a8cd14cd70477eba5c5e4cb3fb5f"
        },
        {
          "fails": 0,
          "name": "no graphql errors",
          "path": "::no graphql errors",
          "id": "7c29382b2a87caa2e50f0d89170b649f",
          "passes": 6660
        }
      ]
  },
  "options": {
    "summaryTrendStats": [
      "avg",
      "min",
      "med",
      "max",
      "p(50)",
      "p(95)",
      "p(99)"
    ],
    "summaryTimeUnit": "",
    "noColor": false
  }
}