{
  "metrics": {
    "http_req_waiting": {
      "type": "trend",
      "contains": "time",
      "values": {
        "avg": 7.552981776535056,
        "min": 3.014035,
        "med": 7.5537600000000005,
        "max": 45.374455,
        "p(50)": 7.5537600000000005,
        "p(95)": 9.61861645,
        "p(99)": 10.807493779999993
      }
    },
    "http_req_receiving": {
      "type": "trend",
      "contains": "time",
      "values": {
        "p(50)": 0.0895005,
        "p(95)": 0.16525899999999996,
        "p(99)": 0.23438299999999934,
        "avg": 0.10018185587749602,
        "min": 0.03248,
        "med": 0.0895005,
        "max": 11.505192
      }
    },
    "req_latency": {
      "type": "trend",
      "contains": "default",
      "values": {
        "p(95)": 9.751092899999994,
        "p(99)": 11.004792629999999,
        "avg": 7.676183595255963,
        "min": 3.122335,
        "med": 7.6762665000000005,
        "max": 45.857028,
        "p(50)": 7.6762665000000005
      }
    },
    "http_reqs": {
      "type": "counter",
      "contains": "default",
      "values": {
        "rate": 147.99502231573416,
        "count": 13322
      }
    },
    "http_req_connecting": {
      "type": "trend",
      "contains": "time",
      "values": {
        "med": 0,
        "max": 17.94812,
        "p(50)": 0,
        "p(95)": 0,
        "p(99)": 4.2995914899998855,
        "avg": 0.06194712287944751,
        "min": 0
      }
    },
    "http_req_duration": {
      "contains": "time",
      "values": {
        "p(99)": 11.004792629999999,
        "avg": 7.676183595255963,
        "min": 3.122335,
        "med": 7.6762665000000005,
        "max": 45.857028,
        "p(50)": 7.6762665000000005,
        "p(95)": 9.751092899999994
      },
      "type": "trend"
    },
    "http_req_sending": {
      "contains": "time",
      "values": {
        "avg": 0.023019962843416848,
        "min": 0.00826,
        "med": 0.02063,
        "max": 2.840022,
        "p(50)": 0.02063,
        "p(95)": 0.04236,
        "p(99)": 0.08411959999999968
      },
      "type": "trend"
    },
    "vus": {
      "values": {
        "value": 2,
        "min": 1,
        "max": 2
      },
      "type": "gauge",
      "contains": "default"
    },
    "http_req_tls_handshaking": {
      "type": "trend",
      "contains": "time",
      "values": {
        "p(95)": 0,
        "p(99)": 0,
        "avg": 0,
        "min": 0,
        "med": 0,
        "max": 0,
        "p(50)": 0
      }
    },
    "data_sent": {
      "type": "counter",
      "contains": "data",
      "values": {
        "count": 1338982,
        "rate": 14874.843940126584
      }
    },
    "http_req_blocked": {
      "type": "trend",
      "contains": "time",
      "values": {
        "p(50)": 0.00602,
        "p(95)": 0.01117,
        "p(99)": 4.405019289999966,
        "avg": 0.06988318240504374,
        "min": 0.003,
        "med": 0.00602,
        "max": 18.02465
      }
    },
    "iterations": {
      "type": "counter",
      "contains": "default",
      "values": {
        "count": 6661,
        "rate": 73.99751115786708
      }
    },
    "http_req_failed": {
      "type": "rate",
      "contains": "default",
      "values": {
        "rate": 0,
        "passes": 0,
        "fails": 13322
      }
    },
    "payload_bytes": {
      "type": "trend",
      "contains": "default",
      "values": {
        "avg": 2833.1890857228645,
        "min": 110,
        "med": 907,
        "max": 6366,
        "p(50)": 907,
        "p(95)": 6203,
        "p(99)": 6254
      }
    },
    "checks": {
      "type": "rate",
      "contains": "default",
      "values": {
        "rate": 1,
        "passes": 13322,
        "fails": 0
      }
    },
    "round_trip_count": {
      "type": "trend",
      "contains": "default",
      "values": {
        "avg": 2,
        "min": 2,
        "med": 2,
        "max": 2,
        "p(50)": 2,
        "p(95)": 2,
        "p(99)": 2
      }
    },
    "page_latency": {
      "type": "trend",
      "contains": "default",
      "values": {
        "max": 55.793758,
        "p(50)": 15.25296,
        "p(95)": 17.732149,
        "p(99)": 19.89625319999999,
        "avg": 15.352367190511869,
        "min": 9.648816,
        "med": 15.25296
      }
    },
    "iteration_duration": {
      "contains": "time",
      "values": {
        "p(95)": 18.871864,
        "p(99)": 23.05843999999998,
        "avg": 15.986601387929701,
        "min": 10.275427,
        "med": 15.764239,
        "max": 56.212389,
        "p(50)": 15.764239
      },
      "type": "trend"
    },
    "http_req_duration{expected_response:true}": {
      "type": "trend",
      "contains": "time",
      "values": {
        "med": 7.6762665000000005,
        "max": 45.857028,
        "p(50)": 7.6762665000000005,
        "p(95)": 9.751092899999994,
        "p(99)": 11.004792629999999,
        "avg": 7.676183595255963,
        "min": 3.122335
      }
    },
    "data_received": {
      "type": "counter",
      "contains": "data",
      "values": {
        "count": 41227448,
        "rate": 457998.58030181425
      }
    },
    "vus_max": {
      "type": "gauge",
      "contains": "default",
      "values": {
        "value": 148,
        "min": 148,
        "max": 148
      }
    }
  },
  "root_group": {
    "name": "",
    "path": "",
    "id": "d41d8cd98f00b204e9800998ecf8427e",
    "groups": [],
    "checks": [
        {
          "path": "::status is 200",
          "id": "6210a8cd14cd70477eba5c5e4cb3fb5f",
          "passes": 13322,
          "fails": 0,
          "name": "status is 200"
        }
      ]
  },
  "options": {
    "noColor": false,
    "summaryTrendStats": [
      "avg",
      "min",
      "med",
      "max",
      "p(50)",
      "p(95)",
      "p(99)"
    ],
    "summaryTimeUnit": ""
  },
  "state": {
    "isStdOutTTY": false,
    "isStdErrTTY": false,
    "testRunDurationMs": 90016.54104
  }
}