{
  "options": {
    "summaryTrendStats": [
      "avg",
      "min",
      "med",
      "max",
      "p(50)",
      "p(95)",
      "p(99)"
    ],
    "summaryTimeUnit": "",
    "noColor": false
  },
  "state": {
    "isStdOutTTY": false,
    "isStdErrTTY": false,
    "testRunDurationMs": 90008.049216
  },
  "metrics": {
    "http_req_sending": {
      "values": {
        "avg": 0.02978676485956891,
        "min": 0.011471,
        "med": 0.02471,
        "max": 0.219831,
        "p(50)": 0.02471,
        "p(95)": 0.051085500000000006,
        "p(99)": 0.14093630000000013
      },
      "type": "trend",
      "contains": "time"
    },
    "http_req_tls_handshaking": {
      "contains": "time",
      "values": {
        "avg": 0,
        "min": 0,
        "med": 0,
        "max": 0,
        "p(50)": 0,
        "p(95)": 0,
        "p(99)": 0
      },
      "type": "trend"
    },
    "page_latency": {
      "type": "trend",
      "contains": "default",
      "values": {
        "p(95)": 9.430612499999999,
        "p(99)": 10.1584164,
        "avg": 7.732347947093399,
        "min": 4.352064,
        "med": 7.750287,
        "max": 11.345557,
        "p(50)": 7.750287
      }
    },
    "vus_max": {
      "type": "gauge",
      "contains": "default",
      "values": {
        "value": 34,
        "min": 34,
        "max": 34
      }
    },
    "http_req_waiting": {
      "type": "trend",
      "contains": "time",
      "values": {
        "p(95)": 9.3044575,
        "p(99)": 10.0089514,
        "avg": 7.6099374892227285,
        "min": 4.216912,
        "med": 7.616142,
        "max": 11.247026,
        "p(50)": 7.616142
      }
    },
    "http_req_duration{expected_response:true}": {
      "type": "trend",
      "contains": "time",
      "values": {
        "p(99)": 10.1584164,
        "avg": 7.732347947093399,
        "min": 4.352064,
        "med": 7.750287,
        "max": 11.345557,
        "p(50)": 7.750287,
        "p(95)": 9.430612499999999
      }
    },
    "data_sent": {
      "type": "counter",
      "contains": "data",
      "values": {
        "count": 155870,
        "rate": 1731.7340099877672
      }
    },
    "http_req_connecting": {
      "type": "trend",
      "contains": "time",
      "values": {
        "min": 0,
        "med": 0,
        "max": 7.16351,
        "p(50)": 0,
        "p(95)": 0,
        "p(99)": 5.8228267,
        "avg": 0.12205448726322667
      }
    },
    "checks": {
      "type": "rate",
      "contains": "default",
      "values": {
        "rate": 1,
        "passes": 1531,
        "fails": 0
      }
    },
    "http_req_receiving": {
      "contains": "time",
      "values": {
        "med": 0.08753,
        "max": 0.428852,
        "p(50)": 0.08753,
        "p(95)": 0.138326,
        "p(99)": 0.19122800000000006,
        "avg": 0.09262369301110399,
        "min": 0.04392
      },
      "type": "trend"
    },
    "round_trip_count": {
      "values": {
        "avg": 1,
        "min": 1,
        "med": 1,
        "max": 1,
        "p(50)": 1,
        "p(95)": 1,
        "p(99)": 1
      },
      "type": "trend",
      "contains": "default"
    },
    "req_latency": {
      "type": "trend",
      "contains": "default",
      "values": {
        "avg": 7.732347947093399,
        "min": 4.352064,
        "med": 7.750287,
        "max": 11.345557,
        "p(50)": 7.750287,
        "p(95)": 9.430612499999999,
        "p(99)": 10.1584164
      }
    },
    "data_received": {
      "type": "counter",
      "contains": "data",
      "values": {
        "count": 1150193,
        "rate": 12778.779342720602
      }
    },
    "iteration_duration": {
      "type": "trend",
      "contains": "time",
      "values": {
        "med": 8.147701,
        "max": 16.828163,
        "p(50)": 8.147701,
        "p(95)": 10.127051999999999,
        "p(99)": 14.19949800000001,
        "avg": 8.241180589810572,
        "min": 4.845176
      }
    },
    "http_req_blocked": {
      "type": "trend",
      "contains": "time",
      "values": {
        "p(95)": 0.01337,
        "p(99)": 5.929151000000001,
        "avg": 0.13241091247550613,
        "min": 0.00418,
        "med": 0.00672,
        "max": 7.332741,
        "p(50)": 0.00672
      }
    },
    "http_req_failed": {
      "type": "rate",
      "contains": "default",
      "values": {
        "fails": 1531,
        "rate": 0,
        "passes": 0
      }
    },
    "vus": {
      "type": "gauge",
      "contains": "default",
      "values": {
        "value": 0,
        "min": 0,
        "max": 1
      }
    },
    "http_reqs": {
      "type": "counter",
      "contains": "default",
      "values": {
        "count": 1531,
        "rate": 17.009589845969536
      }
    },
    "payload_bytes": {
      "type": "trend",
      "contains": "default",
      "values": {
        "min": 253,
        "med": 517,
        "max": 536,
        "p(50)": 517,
        "p(95)": 526,
        "p(99)": 529,
        "avg": 490.26910516002613
      }
    },
    "iterations": {
      "type": "counter",
      "contains": "default",
      "values": {
        "count": 1531,
        "rate": 17.009589845969536
      }
    },
    "http_req_duration": {
      "type": "trend",
      "contains": "time",
      "values": {
        "avg": 7.732347947093399,
        "min": 4.352064,
        "med": 7.750287,
        "max": 11.345557,
        "p(50)": 7.750287,
        "p(95)": 9.430612499999999,
        "p(99)": 10.1584164
      }
    }
  },
  "root_group": {
    "name": "",
    "path": "",
    "id": "d41d8cd98f00b204e9800998ecf8427e",
    "groups": [],
    "checks": [
        {
          "fails": 0,
          "name": "status is 200",
          "path": "::status is 200",
          "id": "6210a8cd14cd70477eba5c5e4cb3fb5f",
          "passes": 1531
        }
      ]
  }
}