{
  "options": {
    "summaryTimeUnit": "",
    "noColor": false,
    "summaryTrendStats": [
      "avg",
      "min",
      "med",
      "max",
      "p(50)",
      "p(95)",
      "p(99)"
    ]
  },
  "state": {
    "isStdErrTTY": false,
    "testRunDurationMs": 90037.822296,
    "isStdOutTTY": false
  },
  "metrics": {
    "data_received": {
      "contains": "data",
      "values": {
        "count": 17569423,
        "rate": 195133.80657120285
      },
      "type": "counter"
    },
    "http_req_connecting": {
      "type": "trend",
      "contains": "time",
      "values": {
        "avg": 0.024384131980346092,
        "min": 0,
        "med": 0,
        "max": 14.548083,
        "p(50)": 0,
        "p(95)": 0,
        "p(99)": 0
      }
    },
    "http_req_failed": {
      "type": "rate",
      "contains": "default",
      "values": {
        "rate": 0,
        "passes": 0,
        "fails": 23405
      }
    },
    "http_reqs": {
      "type": "counter",
      "contains": "default",
      "values": {
        "count": 23405,
        "rate": 259.9463137064321
      }
    },
    "http_req_sending": {
      "contains": "time",
      "values": {
        "p(99)": 0.06264959999999999,
        "avg": 0.019492288741721746,
        "min": 0.00726,
        "med": 0.01599,
        "max": 0.237958,
        "p(50)": 0.01599,
        "p(95)": 0.037659
      },
      "type": "trend"
    },
    "http_req_receiving": {
      "type": "trend",
      "contains": "time",
      "values": {
        "avg": 0.11017404793847493,
        "min": 0.03814,
        "med": 0.085239,
        "max": 1.423438,
        "p(50)": 0.085239,
        "p(95)": 0.32277199999999967,
        "p(99)": 0.4537648399999991
      }
    },
    "iteration_duration": {
      "type": "trend",
      "contains": "time",
      "values": {
        "avg": 39.793351998291115,
        "min": 30.061436,
        "med": 38.65271,
        "max": 82.748756,
        "p(50)": 38.65271,
        "p(95)": 47.487391,
        "p(99)": 50.0849854
      }
    },
    "http_req_duration{expected_response:true}": {
      "type": "trend",
      "contains": "time",
      "values": {
        "avg": 7.723767922580688,
        "min": 3.711429,
        "med": 7.557044,
        "max": 46.758526,
        "p(50)": 7.557044,
        "p(95)": 9.949883400000001,
        "p(99)": 11.129876959999995
      }
    },
    "round_trip_count": {
      "contains": "default",
      "values": {
        "p(50)": 5,
        "p(95)": 5,
        "p(99)": 5,
        "avg": 5,
        "min": 5,
        "med": 5,
        "max": 5
      },
      "type": "trend"
    },
    "vus": {
      "type": "gauge",
      "contains": "default",
      "values": {
        "value": 2,
        "min": 2,
        "max": 3
      }
    },
    "payload_bytes": {
      "type": "trend",
      "contains": "default",
      "values": {
        "max": 536,
        "p(50)": 517,
        "p(95)": 526,
        "p(99)": 529,
        "avg": 489.66964323862425,
        "min": 251,
        "med": 517
      }
    },
    "iterations": {
      "values": {
        "count": 4681,
        "rate": 51.98926274128641
      },
      "type": "counter",
      "contains": "default"
    },
    "data_sent": {
      "type": "counter",
      "contains": "data",
      "values": {
        "count": 2382972,
        "rate": 26466.34424548788
      }
    },
    "vus_max": {
      "contains": "default",
      "values": {
        "value": 104,
        "min": 104,
        "max": 104
      },
      "type": "gauge"
    },
    "http_req_duration": {
      "type": "trend",
      "contains": "time",
      "values": {
        "avg": 7.723767922580688,
        "min": 3.711429,
        "med": 7.557044,
        "max": 46.758526,
        "p(50)": 7.557044,
        "p(95)": 9.949883400000001,
        "p(99)": 11.129876959999995
      }
    },
    "http_req_waiting": {
      "contains": "time",
      "values": {
        "p(50)": 7.438067,
        "p(95)": 9.747947199999999,
        "p(99)": 10.939511679999997,
        "avg": 7.59410158590044,
        "min": 3.58983,
        "med": 7.438067,
        "max": 46.051213
      },
      "type": "trend"
    },
    "checks": {
      "type": "rate",
      "contains": "default",
      "values": {
        "rate": 1,
        "passes": 23405,
        "fails": 0
      }
    },
    "req_latency": {
      "type": "trend",
      "contains": "default",
      "values": {
        "max": 46.758526,
        "p(50)": 7.557044,
        "p(95)": 9.949883400000001,
        "p(99)": 11.129876959999995,
        "avg": 7.723767922580688,
        "min": 3.711429,
        "med": 7.557044
      }
    },
    "page_latency": {
      "type": "trend",
      "contains": "default",
      "values": {
        "min": 28.981505,
        "med": 37.507419,
        "max": 81.451097,
        "p(50)": 37.507419,
        "p(95)": 46.289063999999996,
        "p(99)": 49.016765,
        "avg": 38.6188396129032
      }
    },
    "http_req_blocked": {
      "type": "trend",
      "contains": "time",
      "values": {
        "med": 0.0053,
        "max": 14.612422,
        "p(50)": 0.0053,
        "p(95)": 0.00964,
        "p(99)": 0.032639159999999987,
        "avg": 0.030762641145053768,
        "min": 0.002499
      }
    },
    "http_req_tls_handshaking": {
      "values": {
        "avg": 0,
        "min": 0,
        "med": 0,
        "max": 0,
        "p(50)": 0,
        "p(95)": 0,
        "p(99)": 0
      },
      "type": "trend",
      "contains": "time"
    }
  },
  "root_group": {
    "checks": [
      {
        "name": "status is 200",
        "path": "::status is 200",
        "id": "6210a8cd14cd70477eba5c5e4cb3fb5f",
        "passes": 23405,
        "fails": 0
      }
    ],
    "name": "",
    "path": "",
    "id": "d41d8cd98f00b204e9800998ecf8427e",
    "groups": []
  }
}