{
  "state": {
    "isStdOutTTY": false,
    "isStdErrTTY": false,
    "testRunDurationMs": 90025.025667
  },
  "metrics": {
    "http_req_duration": {
      "type": "trend",
      "contains": "time",
      "values": {
        "avg": 20.33521878144393,
        "min": 16.005282,
        "med": 19.760886,
        "max": 64.749281,
        "p(50)": 19.760886,
        "p(95)": 23.383944,
        "p(99)": 41.036480800000014
      }
    },
    "http_req_tls_handshaking": {
      "type": "trend",
      "contains": "time",
      "values": {
        "max": 0,
        "p(50)": 0,
        "p(95)": 0,
        "p(99)": 0,
        "avg": 0,
        "min": 0,
        "med": 0
      }
    },
    "checks": {
      "type": "rate",
      "contains": "default",
      "values": {
        "rate": 1,
        "passes": 6122,
        "fails": 0
      }
    },
    "data_received": {
      "type": "counter",
      "contains": "data",
      "values": {
        "count": 15904007,
        "rate": 176662.06571079988
      }
    },
    "http_req_connecting": {
      "values": {
        "p(50)": 0,
        "p(95)": 0,
        "p(99)": 5.462359600000014,
        "avg": 0.11646879549166937,
        "min": 0,
        "med": 0,
        "max": 10.861358
      },
      "type": "trend",
      "contains": "time"
    },
    "iterations": {
      "type": "counter",
      "contains": "default",
      "values": {
        "count": 3061,
        "rate": 34.001656509630465
      }
    },
    "req_latency": {
      "contains": "default",
      "values": {
        "med": 19.760886,
        "max": 64.749281,
        "p(50)": 19.760886,
        "p(95)": 23.383944,
        "p(99)": 41.036480800000014,
        "avg": 20.33521878144393,
        "min": 16.005282
      },
      "type": "trend"
    },
    "http_req_waiting": {
      "type": "trend",
      "contains": "time",
      "values": {
        "avg": 20.179442035935978,
        "min": 15.791284,
        "med": 19.622885,
        "max": 64.404883,
        "p(50)": 19.622885,
        "p(95)": 23.231085,
        "p(99)": 40.73722480000002
      }
    },
    "payload_bytes": {
      "type": "trend",
      "contains": "default",
      "values": {
        "p(95)": 5245,
        "p(99)": 5264,
        "avg": 4933.689970597844,
        "min": 4050,
        "med": 4975,
        "max": 5288,
        "p(50)": 4975
      }
    },
    "http_reqs": {
      "values": {
        "count": 3061,
        "rate": 34.001656509630465
      },
      "type": "counter",
      "contains": "default"
    },
    "http_req_duration{expected_response:true}": {
      "type": "trend",
      "contains": "time",
      "values": {
        "avg": 20.33521878144393,
        "min": 16.005282,
        "med": 19.760886,
        "max": 64.749281,
        "p(50)": 19.760886,
        "p(95)": 23.383944,
        "p(99)": 41.036480800000014
      }
    },
    "round_trip_count": {
      "type": "trend",
      "contains": "default",
      "values": {
        "p(99)": 1,
        "avg": 1,
        "min": 1,
        "med": 1,
        "max": 1,
        "p(50)": 1,
        "p(95)": 1
      }
    },
    "http_req_blocked": {
      "values": {
        "avg": 0.12683334237177396,
        "min": 0.00475,
        "med": 0.00719,
        "max": 10.987349,
        "p(50)": 0.00719,
        "p(95)": 0.01256,
        "p(99)": 5.569203000000014
      },
      "type": "trend",
      "contains": "time"
    },
    "data_sent": {
      "contains": "data",
      "values": {
        "rate": 11367.916781112803,
        "count": 1023397
      },
      "type": "counter"
    },
    "iteration_duration": {
      "type": "trend",
      "contains": "time",
      "values": {
        "p(50)": 21.813975,
        "p(95)": 26.064035,
        "p(99)": 43.0230206,
        "avg": 22.476659815746544,
        "min": 17.963193,
        "med": 21.813975,
        "max": 66.76063
      }
    },
    "page_latency": {
      "type": "trend",
      "contains": "default",
      "values": {
        "med": 19.760886,
        "max": 64.749281,
        "p(50)": 19.760886,
        "p(95)": 23.383944,
        "p(99)": 41.036480800000014,
        "avg": 20.33521878144393,
        "min": 16.005282
      }
    },
    "http_req_receiving": {
      "contains": "time",
      "values": {
        "avg": 0.12201797745834685,
        "min": 0.04784,
        "med": 0.10373,
        "max": 15.351726,
        "p(50)": 0.10373,
        "p(95)": 0.179429,
        "p(99)": 0.26219860000000006
      },
      "type": "trend"
    },
    "http_req_failed": {
      "type": "rate",
      "contains": "default",
      "values": {
        "rate": 0,
        "passes": 0,
        "fails": 3061
      }
    },
    "vus": {
      "type": "gauge",
      "contains": "default",
      "values": {
        "value": 0,
        "min": 0,
        "max": 2
      }
    },
    "vus_max": {
      "type": "gauge",
      "contains": "default",
      "values": {
        "value": 68,
        "min": 68,
        "max": 68
      }
    },
    "http_req_sending": {
      "type": "trend",
      "contains": "time",
      "values": {
        "avg": 0.033758768049657044,
        "min": 0.01475,
        "med": 0.02852,
        "max": 0.607056,
        "p(50)": 0.02852,
        "p(95)": 0.05288,
        "p(99)": 0.129452
      }
    }
  },
  "root_group": {
    "name": "",
    "path": "",
    "id": "d41d8cd98f00b204e9800998ecf8427e",
    "groups": [],
    "checks": [
        {
          "name": "status is 200",
          "path": "::status is 200",
          "id": "6210a8cd14cd70477eba5c5e4cb3fb5f",
          "passes": 3061,
          "fails": 0
        },
        {
          "name": "no graphql errors",
          "path": "::no graphql errors",
          "id": "7c29382b2a87caa2e50f0d89170b649f",
          "passes": 3061,
          "fails": 0
        }
      ]
  },
  "options": {
    "summaryTrendStats": [
      "avg",
      "min",
      "med",
      "max",
      "p(50)",
      "p(95)",
      "p(99)"
    ],
    "summaryTimeUnit": "",
    "noColor": false
  }
}