{
  "root_group": {
    "path": "",
    "id": "d41d8cd98f00b204e9800998ecf8427e",
    "groups": [],
    "checks": [
        {
          "name": "status is 200",
          "path": "::status is 200",
          "id": "6210a8cd14cd70477eba5c5e4cb3fb5f",
          "passes": 6661,
          "fails": 0
        }
      ],
    "name": ""
  },
  "options": {
    "summaryTrendStats": [
      "avg",
      "min",
      "med",
      "max",
      "p(50)",
      "p(95)",
      "p(99)"
    ],
    "summaryTimeUnit": "",
    "noColor": false
  },
  "state": {
    "isStdOutTTY": false,
    "isStdErrTTY": false,
    "testRunDurationMs": 90009.222271
  },
  "metrics": {
    "http_req_tls_handshaking": {
      "type": "trend",
      "contains": "time",
      "values": {
        "avg": 0,
        "min": 0,
        "med": 0,
        "max": 0,
        "p(50)": 0,
        "p(95)": 0,
        "p(99)": 0
      }
    },
    "http_req_sending": {
      "contains": "time",
      "values": {
        "p(99)": 0.12891099999999994,
        "avg": 0.030039467046989933,
        "min": 0.01116,
        "med": 0.02604,
        "max": 0.358807,
        "p(50)": 0.02604,
        "p(95)": 0.050509
      },
      "type": "trend"
    },
    "http_req_blocked": {
      "type": "trend",
      "contains": "time",
      "values": {
        "p(95)": 0.0192,
        "p(99)": 5.750103999999985,
        "avg": 0.13671311830055527,
        "min": 0.00426,
        "med": 0.00712,
        "max": 15.513918,
        "p(50)": 0.00712
      }
    },
    "iterations": {
      "type": "counter",
      "contains": "default",
      "values": {
        "rate": 74.0035279934432,
        "count": 6661
      }
    },
    "http_req_duration": {
      "contains": "time",
      "values": {
        "p(99)": 9.636375399999999,
        "avg": 7.200798020867726,
        "min": 3.691749,
        "med": 7.172469,
        "max": 44.972366,
        "p(50)": 7.172469,
        "p(95)": 8.881738
      },
      "type": "trend"
    },
    "http_req_waiting": {
      "type": "trend",
      "contains": "time",
      "values": {
        "min": 3.594349,
        "med": 7.051599,
        "max": 44.822397,
        "p(50)": 7.051599,
        "p(95)": 8.755019,
        "p(99)": 9.511150599999999,
        "avg": 7.072192184957199
      }
    },
    "http_req_failed": {
      "type": "rate",
      "contains": "default",
      "values": {
        "rate": 0,
        "passes": 0,
        "fails": 6661
      }
    },
    "payload_bytes": {
      "values": {
        "min": 223,
        "med": 428,
        "max": 29387,
        "p(50)": 428,
        "p(95)": 528,
        "p(99)": 529,
        "avg": 473.73292298453686
      },
      "type": "trend",
      "contains": "default"
    },
    "round_trip_count": {
      "type": "trend",
      "contains": "default",
      "values": {
        "med": 1,
        "max": 1,
        "p(50)": 1,
        "p(95)": 1,
        "p(99)": 1,
        "avg": 1,
        "min": 1
      }
    },
    "vus_max": {
      "type": "gauge",
      "contains": "default",
      "values": {
        "value": 148,
        "min": 148,
        "max": 148
      }
    },
    "iteration_duration": {
      "type": "trend",
      "contains": "time",
      "values": {
        "avg": 7.636240009758329,
        "min": 3.948577,
        "med": 7.492916,
        "max": 45.348344,
        "p(50)": 7.492916,
        "p(95)": 9.522583,
        "p(99)": 14.076783999999984
      }
    },
    "vus": {
      "values": {
        "max": 1,
        "value": 0,
        "min": 0
      },
      "type": "gauge",
      "contains": "default"
    },
    "http_req_receiving": {
      "type": "trend",
      "contains": "time",
      "values": {
        "max": 7.408037,
        "p(50)": 0.088829,
        "p(95)": 0.149919,
        "p(99)": 0.1911916,
        "avg": 0.09856636886353413,
        "min": 0.0367,
        "med": 0.088829
      }
    },
    "http_reqs": {
      "type": "counter",
      "contains": "default",
      "values": {
        "count": 6661,
        "rate": 74.0035279934432
      }
    },
    "data_received": {
      "type": "counter",
      "contains": "data",
      "values": {
        "count": 4894068,
        "rate": 54372.96175346263
      }
    },
    "http_req_duration{expected_response:true}": {
      "type": "trend",
      "contains": "time",
      "values": {
        "avg": 7.200798020867726,
        "min": 3.691749,
        "med": 7.172469,
        "max": 44.972366,
        "p(50)": 7.172469,
        "p(95)": 8.881738,
        "p(99)": 9.636375399999999
      }
    },
    "data_sent": {
      "type": "counter",
      "contains": "data",
      "values": {
        "count": 985805,
        "rate": 10952.266613658052
      }
    },
    "checks": {
      "type": "rate",
      "contains": "default",
      "values": {
        "rate": 1,
        "passes": 6661,
        "fails": 0
      }
    },
    "req_latency": {
      "type": "trend",
      "contains": "default",
      "values": {
        "avg": 7.200798020867726,
        "min": 3.691749,
        "med": 7.172469,
        "max": 44.972366,
        "p(50)": 7.172469,
        "p(95)": 8.881738,
        "p(99)": 9.636375399999999
      }
    },
    "http_req_connecting": {
      "type": "trend",
      "contains": "time",
      "values": {
        "max": 15.397599,
        "p(50)": 0,
        "p(95)": 0,
        "p(99)": 5.619902599999986,
        "avg": 0.12609092463594054,
        "min": 0,
        "med": 0
      }
    }
  }
}