{
  "metrics": {
    "data_sent": {
      "values": {
        "count": 1771538,
        "rate": 19683.05932244459
      },
      "type": "counter",
      "contains": "data"
    },
    "payload_bytes": {
      "type": "trend",
      "contains": "default",
      "values": {
        "med": 348,
        "max": 547,
        "p(50)": 348,
        "p(95)": 447,
        "p(99)": 450,
        "avg": 345.1339339339339,
        "min": 147
      }
    },
    "req_latency": {
      "type": "trend",
      "contains": "default",
      "values": {
        "med": 13.586870000000001,
        "max": 121.261203,
        "p(50)": 13.586870000000001,
        "p(95)": 18.97760999999991,
        "p(99)": 64.94495207,
        "avg": 15.439163985435428,
        "min": 9.924594
      }
    },
    "round_trip_count": {
      "type": "trend",
      "contains": "default",
      "values": {
        "avg": 1,
        "min": 1,
        "med": 1,
        "max": 1,
        "p(50)": 1,
        "p(95)": 1,
        "p(99)": 1
      }
    },
    "iterations": {
      "type": "counter",
      "contains": "default",
      "values": {
        "count": 6660,
        "rate": 73.99738254978497
      }
    },
    "http_req_sending": {
      "type": "trend",
      "contains": "time",
      "values": {
        "p(95)": 0.05726144999999998,
        "p(99)": 0.12864190999999994,
        "avg": 0.03202241981981986,
        "min": 0.01194,
        "med": 0.02694,
        "max": 0.572908,
        "p(50)": 0.02694
      }
    },
    "iteration_duration": {
      "type": "trend",
      "contains": "time",
      "values": {
        "p(50)": 14.141427,
        "p(95)": 21.84293549999994,
        "p(99)": 65.48403890999998,
        "avg": 16.10879961066066,
        "min": 10.498324,
        "med": 14.141427,
        "max": 121.626262
      }
    },
    "http_req_failed": {
      "type": "rate",
      "contains": "default",
      "values": {
        "rate": 0,
        "passes": 0,
        "fails": 6660
      }
    },
    "checks": {
      "type": "rate",
      "contains": "default",
      "values": {
        "rate": 1,
        "passes": 13320,
        "fails": 0
      }
    },
    "http_req_duration": {
      "type": "trend",
      "contains": "time",
      "values": {
        "min": 9.924594,
        "med": 13.586870000000001,
        "max": 121.261203,
        "p(50)": 13.586870000000001,
        "p(95)": 18.97760999999991,
        "p(99)": 64.94495207,
        "avg": 15.439163985435428
      }
    },
    "http_req_duration{expected_response:true}": {
      "type": "trend",
      "contains": "time",
      "values": {
        "med": 13.586870000000001,
        "max": 121.261203,
        "p(50)": 13.586870000000001,
        "p(95)": 18.97760999999991,
        "p(99)": 64.94495207,
        "avg": 15.439163985435428,
        "min": 9.924594
      }
    },
    "vus": {
      "contains": "default",
      "values": {
        "max": 6,
        "value": 4,
        "min": 0
      },
      "type": "gauge"
    },
    "http_reqs": {
      "values": {
        "count": 6660,
        "rate": 73.99738254978497
      },
      "type": "counter",
      "contains": "default"
    },
    "vus_max": {
      "type": "gauge",
      "contains": "default",
      "values": {
        "value": 148,
        "min": 148,
        "max": 148
      }
    },
    "http_req_blocked": {
      "values": {
        "p(95)": 0.014300499999999994,
        "p(99)": 5.658853089999998,
        "avg": 0.13402549759759774,
        "min": 0.00437,
        "med": 0.00778,
        "max": 23.327124,
        "p(50)": 0.00778
      },
      "type": "trend",
      "contains": "time"
    },
    "http_req_receiving": {
      "type": "trend",
      "contains": "time",
      "values": {
        "med": 0.0901845,
        "max": 10.635801,
        "p(50)": 0.0901845,
        "p(95)": 0.2612699999999991,
        "p(99)": 1.014621989999996,
        "avg": 0.13881879444444453,
        "min": 0.03358
      }
    },
    "http_req_connecting": {
      "type": "trend",
      "contains": "time",
      "values": {
        "min": 0,
        "med": 0,
        "max": 23.213196,
        "p(50)": 0,
        "p(95)": 0,
        "p(99)": 5.546488099999999,
        "avg": 0.12298406786786784
      }
    },
    "http_req_tls_handshaking": {
      "type": "trend",
      "contains": "time",
      "values": {
        "avg": 0,
        "min": 0,
        "med": 0,
        "max": 0,
        "p(50)": 0,
        "p(95)": 0,
        "p(99)": 0
      }
    },
    "data_received": {
      "values": {
        "count": 4036852,
        "rate": 44852.3245857154
      },
      "type": "counter",
      "contains": "data"
    },
    "http_req_waiting": {
      "values": {
        "p(50)": 13.4445495,
        "p(95)": 18.73267749999986,
        "p(99)": 63.99730966999999,
        "avg": 15.268322771171125,
        "min": 9.822394,
        "med": 13.4445495,
        "max": 119.383408
      },
      "type": "trend",
      "contains": "time"
    }
  },
  "root_group": {
    "path": "",
    "id": "d41d8cd98f00b204e9800998ecf8427e",
    "groups": [],
    "checks": [
        {
          "name": "status is 200",
          "path": "::status is 200",
          "id": "6210a8cd14cd70477eba5c5e4cb3fb5f",
          "passes": 6660,
          "fails": 0
        },
        {
          "passes": 6660,
          "fails": 0,
          "name": "no graphql errors",
          "path": "::no graphql errors",
          "id": "7c29382b2a87caa2e50f0d89170b649f"
        }
      ],
    "name": ""
  },
  "options": {
    "summaryTrendStats": [
      "avg",
      "min",
      "med",
      "max",
      "p(50)",
      "p(95)",
      "p(99)"
    ],
    "summaryTimeUnit": "",
    "noColor": false
  },
  "state": {
    "isStdOutTTY": false,
    "isStdErrTTY": false,
    "testRunDurationMs": 90003.183498
  }
}