{
  "state": {
    "isStdOutTTY": false,
    "isStdErrTTY": false,
    "testRunDurationMs": 90000.767814
  },
  "metrics": {
    "http_req_duration": {
      "type": "trend",
      "contains": "time",
      "values": {
        "p(50)": 14.778091,
        "p(95)": 17.964336949999993,
        "p(99)": 20.262667909999976,
        "avg": 15.116441425333361,
        "min": 11.185478,
        "med": 14.778091,
        "max": 56.157397
      }
    },
    "http_req_duration{expected_response:true}": {
      "type": "trend",
      "contains": "time",
      "values": {
        "avg": 15.116441425333361,
        "min": 11.185478,
        "med": 14.778091,
        "max": 56.157397,
        "p(50)": 14.778091,
        "p(95)": 17.964336949999993,
        "p(99)": 20.262667909999976
      }
    },
    "payload_bytes": {
      "type": "trend",
      "contains": "default",
      "values": {
        "max": 815,
        "p(50)": 786,
        "p(95)": 804,
        "p(99)": 809,
        "avg": 636.052,
        "min": 147,
        "med": 786
      }
    },
    "round_trip_count": {
      "contains": "default",
      "values": {
        "p(99)": 1,
        "avg": 1,
        "min": 1,
        "med": 1,
        "max": 1,
        "p(50)": 1,
        "p(95)": 1
      },
      "type": "trend"
    },
    "iterations": {
      "values": {
        "rate": 24.99978672015288,
        "count": 2250
      },
      "type": "counter",
      "contains": "default"
    },
    "http_req_waiting": {
      "type": "trend",
      "contains": "time",
      "values": {
        "med": 14.646441,
        "max": 55.779818,
        "p(50)": 14.646441,
        "p(95)": 17.830586,
        "p(99)": 20.138155609999966,
        "avg": 14.983949522222227,
        "min": 11.062388
      }
    },
    "data_sent": {
      "type": "counter",
      "contains": "data",
      "values": {
        "count": 664728,
        "rate": 7385.803656406126
      }
    },
    "iteration_duration": {
      "type": "trend",
      "contains": "time",
      "values": {
        "med": 15.609118500000001,
        "max": 59.702954,
        "p(50)": 15.609118500000001,
        "p(95)": 19.311606599999998,
        "p(99)": 23.434912199999953,
        "avg": 16.026991840000015,
        "min": 11.755097
      }
    },
    "http_req_tls_handshaking": {
      "contains": "time",
      "values": {
        "min": 0,
        "med": 0,
        "max": 0,
        "p(50)": 0,
        "p(95)": 0,
        "p(99)": 0,
        "avg": 0
      },
      "type": "trend"
    },
    "data_received": {
      "type": "counter",
      "contains": "data",
      "values": {
        "count": 2018367,
        "rate": 22426.108676886583
      }
    },
    "http_req_blocked": {
      "type": "trend",
      "contains": "time",
      "values": {
        "avg": 0.12323873733333295,
        "min": 0.00397,
        "med": 0.00734,
        "max": 7.176866,
        "p(50)": 0.00734,
        "p(95)": 0.013155499999999997,
        "p(99)": 5.330069999999989
      }
    },
    "http_req_receiving": {
      "contains": "time",
      "values": {
        "med": 0.09272,
        "max": 0.39336,
        "p(50)": 0.09272,
        "p(95)": 0.14074254999999994,
        "p(99)": 0.19827550999999988,
        "avg": 0.0992073577777777,
        "min": 0.04749
      },
      "type": "trend"
    },
    "http_req_failed": {
      "type": "rate",
      "contains": "default",
      "values": {
        "rate": 0,
        "passes": 0,
        "fails": 2250
      }
    },
    "checks": {
      "type": "rate",
      "contains": "default",
      "values": {
        "rate": 1,
        "passes": 4500,
        "fails": 0
      }
    },
    "vus_max": {
      "type": "gauge",
      "contains": "default",
      "values": {
        "value": 50,
        "min": 50,
        "max": 50
      }
    },
    "page_latency": {
      "contains": "default",
      "values": {
        "p(99)": 20.262667909999976,
        "avg": 15.116441425333361,
        "min": 11.185478,
        "med": 14.778091,
        "max": 56.157397,
        "p(50)": 14.778091,
        "p(95)": 17.964336949999993
      },
      "type": "trend"
    },
    "vus": {
      "type": "gauge",
      "contains": "default",
      "values": {
        "min": 1,
        "max": 2,
        "value": 1
      }
    },
    "http_req_sending": {
      "type": "trend",
      "contains": "time",
      "values": {
        "max": 0.369829,
        "p(50)": 0.02858,
        "p(95)": 0.0568788999999999,
        "p(99)": 0.12690659999999984,
        "avg": 0.03328454533333336,
        "min": 0.0131,
        "med": 0.02858
      }
    },
    "http_reqs": {
      "type": "counter",
      "contains": "default",
      "values": {
        "count": 2250,
        "rate": 24.99978672015288
      }
    },
    "req_latency": {
      "type": "trend",
      "contains": "default",
      "values": {
        "avg": 15.116441425333361,
        "min": 11.185478,
        "med": 14.778091,
        "max": 56.157397,
        "p(50)": 14.778091,
        "p(95)": 17.964336949999993,
        "p(99)": 20.262667909999976
      }
    },
    "http_req_connecting": {
      "type": "trend",
      "contains": "time",
      "values": {
        "p(95)": 0,
        "p(99)": 5.231583599999991,
        "avg": 0.11298287466666668,
        "min": 0,
        "med": 0,
        "max": 7.050306,
        "p(50)": 0
      }
    }
  },
  "root_group": {
    "groups": [],
    "checks": [
        {
          "name": "status is 200",
          "path": "::status is 200",
          "id": "6210a8cd14cd70477eba5c5e4cb3fb5f",
          "passes": 2250,
          "fails": 0
        },
        {
          "passes": 2250,
          "fails": 0,
          "name": "no graphql errors",
          "path": "::no graphql errors",
          "id": "7c29382b2a87caa2e50f0d89170b649f"
        }
      ],
    "name": "",
    "path": "",
    "id": "d41d8cd98f00b204e9800998ecf8427e"
  },
  "options": {
    "summaryTrendStats": [
      "avg",
      "min",
      "med",
      "max",
      "p(50)",
      "p(95)",
      "p(99)"
    ],
    "summaryTimeUnit": "",
    "noColor": false
  }
}