{
  "state": {
    "isStdOutTTY": false,
    "isStdErrTTY": false,
    "testRunDurationMs": 90010.526537
  },
  "metrics": {
    "checks": {
      "values": {
        "rate": 1,
        "passes": 4501,
        "fails": 0
      },
      "type": "rate",
      "contains": "default"
    },
    "http_req_waiting": {
      "type": "trend",
      "contains": "time",
      "values": {
        "p(99)": 10.616317,
        "avg": 7.611519376805153,
        "min": 2.628242,
        "med": 7.584937,
        "max": 15.538001,
        "p(50)": 7.584937,
        "p(95)": 9.538033
      }
    },
    "http_req_receiving": {
      "values": {
        "min": 0.04537,
        "med": 0.087509,
        "max": 0.544007,
        "p(50)": 0.087509,
        "p(95)": 0.167079,
        "p(99)": 0.237809,
        "avg": 0.09662358164852262
      },
      "type": "trend",
      "contains": "time"
    },
    "http_reqs": {
      "type": "counter",
      "contains": "default",
      "values": {
        "count": 4501,
        "rate": 50.0052624194994
      }
    },
    "http_req_duration{expected_response:true}": {
      "type": "trend",
      "contains": "time",
      "values": {
        "avg": 7.741585441679633,
        "min": 2.748541,
        "med": 7.710526,
        "max": 15.69099,
        "p(50)": 7.710526,
        "p(95)": 9.669472,
        "p(99)": 10.778466
      }
    },
    "req_latency": {
      "type": "trend",
      "contains": "default",
      "values": {
        "avg": 7.741585441679633,
        "min": 2.748541,
        "med": 7.710526,
        "max": 15.69099,
        "p(50)": 7.710526,
        "p(95)": 9.669472,
        "p(99)": 10.778466
      }
    },
    "iteration_duration": {
      "contains": "time",
      "values": {
        "avg": 8.198745656076424,
        "min": 3.013029,
        "med": 8.059994,
        "max": 22.156375,
        "p(50)": 8.059994,
        "p(95)": 10.361388,
        "p(99)": 14.877935
      },
      "type": "trend"
    },
    "http_req_sending": {
      "type": "trend",
      "contains": "time",
      "values": {
        "p(99)": 0.118049,
        "avg": 0.03344248322594975,
        "min": 0.01092,
        "med": 0.030379,
        "max": 0.430688,
        "p(50)": 0.030379,
        "p(95)": 0.057679
      }
    },
    "http_req_failed": {
      "values": {
        "rate": 0,
        "passes": 0,
        "fails": 4501
      },
      "type": "rate",
      "contains": "default"
    },
    "data_sent": {
      "type": "counter",
      "contains": "data",
      "values": {
        "count": 538200,
        "rate": 5979.30065189393
      }
    },
    "vus_max": {
      "contains": "default",
      "values": {
        "value": 100,
        "min": 100,
        "max": 100
      },
      "type": "gauge"
    },
    "http_req_blocked": {
      "type": "trend",
      "contains": "time",
      "values": {
        "p(95)": 0.018,
        "p(99)": 5.528641,
        "avg": 0.13049726838480372,
        "min": 0.00389,
        "med": 0.00857,
        "max": 10.658786,
        "p(50)": 0.00857
      }
    },
    "vus": {
      "values": {
        "value": 1,
        "min": 1,
        "max": 1
      },
      "type": "gauge",
      "contains": "default"
    },
    "iterations": {
      "type": "counter",
      "contains": "default",
      "values": {
        "count": 4501,
        "rate": 50.0052624194994
      }
    },
    "http_req_tls_handshaking": {
      "type": "trend",
      "contains": "time",
      "values": {
        "med": 0,
        "max": 0,
        "p(50)": 0,
        "p(95)": 0,
        "p(99)": 0,
        "avg": 0,
        "min": 0
      }
    },
    "round_trip_count": {
      "type": "trend",
      "contains": "default",
      "values": {
        "avg": 1,
        "min": 1,
        "med": 1,
        "max": 1,
        "p(50)": 1,
        "p(95)": 1,
        "p(99)": 1
      }
    },
    "data_received": {
      "type": "counter",
      "contains": "data",
      "values": {
        "count": 6300970,
        "rate": 70002.59016827219
      }
    },
    "http_req_duration": {
      "type": "trend",
      "contains": "time",
      "values": {
        "avg": 7.741585441679633,
        "min": 2.748541,
        "med": 7.710526,
        "max": 15.69099,
        "p(50)": 7.710526,
        "p(95)": 9.669472,
        "p(99)": 10.778466
      }
    },
    "http_req_connecting": {
      "type": "trend",
      "contains": "time",
      "values": {
        "avg": 0.11891431126416353,
        "min": 0,
        "med": 0,
        "max": 10.508046,
        "p(50)": 0,
        "p(95)": 0,
        "p(99)": 5.443492
      }
    },
    "payload_bytes": {
      "type": "trend",
      "contains": "default",
      "values": {
        "max": 10638,
        "p(50)": 1317,
        "p(95)": 1922,
        "p(99)": 1993,
        "avg": 1138.293490335481,
        "min": 303,
        "med": 1317
      }
    }
  },
  "root_group": {
    "path": "",
    "id": "d41d8cd98f00b204e9800998ecf8427e",
    "groups": [],
    "checks": [
        {
          "path": "::status is 200",
          "id": "6210a8cd14cd70477eba5c5e4cb3fb5f",
          "passes": 4501,
          "fails": 0,
          "name": "status is 200"
        }
      ],
    "name": ""
  },
  "options": {
    "summaryTimeUnit": "",
    "noColor": false,
    "summaryTrendStats": [
      "avg",
      "min",
      "med",
      "max",
      "p(50)",
      "p(95)",
      "p(99)"
    ]
  }
}