{
  "options": {
    "summaryTrendStats": [
      "avg",
      "min",
      "med",
      "max",
      "p(50)",
      "p(95)",
      "p(99)"
    ],
    "summaryTimeUnit": "",
    "noColor": false
  },
  "state": {
    "isStdOutTTY": false,
    "isStdErrTTY": false,
    "testRunDurationMs": 90001.543522
  },
  "metrics": {
    "checks": {
      "contains": "default",
      "values": {
        "rate": 1,
        "passes": 4500,
        "fails": 0
      },
      "type": "rate"
    },
    "http_req_tls_handshaking": {
      "type": "trend",
      "contains": "time",
      "values": {
        "p(99)": 0,
        "avg": 0,
        "min": 0,
        "med": 0,
        "max": 0,
        "p(50)": 0,
        "p(95)": 0
      }
    },
    "http_req_duration": {
      "values": {
        "max": 13.212918,
        "p(50)": 7.287337,
        "p(95)": 8.967036049999999,
        "p(99)": 9.8226142,
        "avg": 7.2785092906666575,
        "min": 3.144912,
        "med": 7.287337
      },
      "type": "trend",
      "contains": "time"
    },
    "http_req_connecting": {
      "type": "trend",
      "contains": "time",
      "values": {
        "p(99)": 5.535402280000003,
        "avg": 0.11966708844444444,
        "min": 0,
        "med": 0,
        "max": 8.752438,
        "p(50)": 0,
        "p(95)": 0
      }
    },
    "http_req_receiving": {
      "type": "trend",
      "contains": "time",
      "values": {
        "min": 0.0438,
        "med": 0.09191550000000001,
        "max": 0.470858,
        "p(50)": 0.09191550000000001,
        "p(95)": 0.13971045,
        "p(99)": 0.17879089000000004,
        "avg": 0.09559049266666671
      }
    },
    "req_latency": {
      "type": "trend",
      "contains": "default",
      "values": {
        "avg": 7.2785092906666575,
        "min": 3.144912,
        "med": 7.287337,
        "max": 13.212918,
        "p(50)": 7.287337,
        "p(95)": 8.967036049999999,
        "p(99)": 9.8226142
      }
    },
    "payload_bytes": {
      "values": {
        "min": 162,
        "med": 234,
        "max": 10613,
        "p(50)": 234,
        "p(95)": 269,
        "p(99)": 269,
        "avg": 256.22622222222225
      },
      "type": "trend",
      "contains": "default"
    },
    "data_sent": {
      "type": "counter",
      "contains": "data",
      "values": {
        "count": 539982,
        "rate": 5999.697103728078
      }
    },
    "data_received": {
      "type": "counter",
      "contains": "data",
      "values": {
        "count": 2327532,
        "rate": 25861.023143798164
      }
    },
    "iterations": {
      "type": "counter",
      "contains": "default",
      "values": {
        "count": 4500,
        "rate": 49.99914250248407
      }
    },
    "vus_max": {
      "type": "gauge",
      "contains": "default",
      "values": {
        "value": 100,
        "min": 100,
        "max": 100
      }
    },
    "http_reqs": {
      "type": "counter",
      "contains": "default",
      "values": {
        "count": 4500,
        "rate": 49.99914250248407
      }
    },
    "http_req_blocked": {
      "values": {
        "p(95)": 0.021067500000000027,
        "p(99)": 5.64335941,
        "avg": 0.1307166511111105,
        "min": 0.00416,
        "med": 0.00736,
        "max": 8.846398,
        "p(50)": 0.00736
      },
      "type": "trend",
      "contains": "time"
    },
    "round_trip_count": {
      "type": "trend",
      "contains": "default",
      "values": {
        "p(50)": 1,
        "p(95)": 1,
        "p(99)": 1,
        "avg": 1,
        "min": 1,
        "med": 1,
        "max": 1
      }
    },
    "http_req_duration{expected_response:true}": {
      "contains": "time",
      "values": {
        "max": 13.212918,
        "p(50)": 7.287337,
        "p(95)": 8.967036049999999,
        "p(99)": 9.8226142,
        "avg": 7.2785092906666575,
        "min": 3.144912,
        "med": 7.287337
      },
      "type": "trend"
    },
    "vus": {
      "type": "gauge",
      "contains": "default",
      "values": {
        "max": 1,
        "value": 0,
        "min": 0
      }
    },
    "http_req_sending": {
      "contains": "time",
      "values": {
        "avg": 0.03158039377777784,
        "min": 0.01234,
        "med": 0.02715,
        "max": 0.345469,
        "p(50)": 0.02715,
        "p(95)": 0.05261,
        "p(99)": 0.12505400000000053
      },
      "type": "trend"
    },
    "http_req_failed": {
      "contains": "default",
      "values": {
        "rate": 0,
        "passes": 0,
        "fails": 4500
      },
      "type": "rate"
    },
    "iteration_duration": {
      "type": "trend",
      "contains": "time",
      "values": {
        "min": 3.431031,
        "med": 7.6409959999999995,
        "max": 17.362637,
        "p(50)": 7.6409959999999995,
        "p(95)": 9.571633000000002,
        "p(99)": 13.69554591000001,
        "avg": 7.7312542882222
      }
    },
    "http_req_waiting": {
      "type": "trend",
      "contains": "time",
      "values": {
        "avg": 7.151338404222214,
        "min": 3.026962,
        "med": 7.157878,
        "max": 13.028149,
        "p(50)": 7.157878,
        "p(95)": 8.839776,
        "p(99)": 9.688761780000002
      }
    }
  },
  "root_group": {
    "name": "",
    "path": "",
    "id": "d41d8cd98f00b204e9800998ecf8427e",
    "groups": [],
    "checks": [
        {
          "fails": 0,
          "name": "status is 200",
          "path": "::status is 200",
          "id": "6210a8cd14cd70477eba5c5e4cb3fb5f",
          "passes": 4500
        }
      ]
  }
}