{
  "state": {
    "isStdOutTTY": false,
    "isStdErrTTY": false,
    "testRunDurationMs": 90001.57955
  },
  "metrics": {
    "round_trip_count": {
      "type": "trend",
      "contains": "default",
      "values": {
        "p(99)": 1,
        "avg": 1,
        "min": 1,
        "med": 1,
        "max": 1,
        "p(50)": 1,
        "p(95)": 1
      }
    },
    "http_req_duration": {
      "type": "trend",
      "contains": "time",
      "values": {
        "p(95)": 17.429855450000005,
        "p(99)": 45.89294260000001,
        "avg": 14.368857935777761,
        "min": 9.539916,
        "med": 13.680747499999999,
        "max": 60.145562,
        "p(50)": 13.680747499999999
      }
    },
    "iterations": {
      "type": "counter",
      "contains": "default",
      "values": {
        "count": 4500,
        "rate": 49.99912248762305
      }
    },
    "http_reqs": {
      "type": "counter",
      "contains": "default",
      "values": {
        "count": 4500,
        "rate": 49.99912248762305
      }
    },
    "req_latency": {
      "type": "trend",
      "contains": "default",
      "values": {
        "p(95)": 17.429855450000005,
        "p(99)": 45.89294260000001,
        "avg": 14.368857935777761,
        "min": 9.539916,
        "med": 13.680747499999999,
        "max": 60.145562,
        "p(50)": 13.680747499999999
      }
    },
    "vus": {
      "type": "gauge",
      "contains": "default",
      "values": {
        "value": 1,
        "min": 0,
        "max": 1
      }
    },
    "vus_max": {
      "type": "gauge",
      "contains": "default",
      "values": {
        "max": 100,
        "value": 100,
        "min": 100
      }
    },
    "http_req_connecting": {
      "type": "trend",
      "contains": "time",
      "values": {
        "med": 0,
        "max": 10.195961,
        "p(50)": 0,
        "p(95)": 0,
        "p(99)": 5.512769690000011,
        "avg": 0.12153974111111113,
        "min": 0
      }
    },
    "http_req_receiving": {
      "contains": "time",
      "values": {
        "max": 1.050964,
        "p(50)": 0.0899,
        "p(95)": 0.14218650000000002,
        "p(99)": 0.39450770000000024,
        "avg": 0.10014278133333343,
        "min": 0.043599,
        "med": 0.0899
      },
      "type": "trend"
    },
    "http_req_failed": {
      "type": "rate",
      "contains": "default",
      "values": {
        "rate": 0,
        "passes": 0,
        "fails": 4500
      }
    },
    "http_req_tls_handshaking": {
      "type": "trend",
      "contains": "time",
      "values": {
        "p(50)": 0,
        "p(95)": 0,
        "p(99)": 0,
        "avg": 0,
        "min": 0,
        "med": 0,
        "max": 0
      }
    },
    "checks": {
      "type": "rate",
      "contains": "default",
      "values": {
        "rate": 1,
        "passes": 9000,
        "fails": 0
      }
    },
    "http_req_waiting": {
      "type": "trend",
      "contains": "time",
      "values": {
        "med": 13.550972,
        "max": 59.660314,
        "p(50)": 13.550972,
        "p(95)": 17.306214100000002,
        "p(99)": 45.21855290000003,
        "avg": 14.23844249688889,
        "min": 9.432817
      }
    },
    "data_sent": {
      "type": "counter",
      "contains": "data",
      "values": {
        "count": 1195135,
        "rate": 13279.044723165638
      }
    },
    "http_req_blocked": {
      "type": "trend",
      "contains": "time",
      "values": {
        "avg": 0.13085373955555424,
        "min": 0.00423,
        "med": 0.00675,
        "max": 10.30922,
        "p(50)": 0.00675,
        "p(95)": 0.011991000000000003,
        "p(99)": 5.626489790000003
      }
    },
    "http_req_duration{expected_response:true}": {
      "type": "trend",
      "contains": "time",
      "values": {
        "max": 60.145562,
        "p(50)": 13.680747499999999,
        "p(95)": 17.429855450000005,
        "p(99)": 45.89294260000001,
        "avg": 14.368857935777761,
        "min": 9.539916,
        "med": 13.680747499999999
      }
    },
    "payload_bytes": {
      "type": "trend",
      "contains": "default",
      "values": {
        "max": 2590,
        "p(50)": 450,
        "p(95)": 1790,
        "p(99)": 2466,
        "avg": 697.8882222222222,
        "min": 147,
        "med": 450
      }
    },
    "data_received": {
      "contains": "data",
      "values": {
        "count": 4316447,
        "rate": 47959.680503185125
      },
      "type": "counter"
    },
    "http_req_sending": {
      "type": "trend",
      "contains": "time",
      "values": {
        "med": 0.0262295,
        "max": 0.319978,
        "p(50)": 0.0262295,
        "p(95)": 0.04704550000000002,
        "p(99)": 0.10408281000000008,
        "avg": 0.0302726575555556,
        "min": 0.01188
      }
    },
    "iteration_duration": {
      "type": "trend",
      "contains": "time",
      "values": {
        "p(99)": 46.44397730000002,
        "avg": 15.187487894222217,
        "min": 10.028192,
        "med": 14.376808,
        "max": 60.589369,
        "p(50)": 14.376808,
        "p(95)": 19.0833759
      }
    }
  },
  "root_group": {
    "id": "d41d8cd98f00b204e9800998ecf8427e",
    "groups": [],
    "checks": [
        {
          "name": "status is 200",
          "path": "::status is 200",
          "id": "6210a8cd14cd70477eba5c5e4cb3fb5f",
          "passes": 4500,
          "fails": 0
        },
        {
          "name": "no graphql errors",
          "path": "::no graphql errors",
          "id": "7c29382b2a87caa2e50f0d89170b649f",
          "passes": 4500,
          "fails": 0
        }
      ],
    "name": "",
    "path": ""
  },
  "options": {
    "summaryTrendStats": [
      "avg",
      "min",
      "med",
      "max",
      "p(50)",
      "p(95)",
      "p(99)"
    ],
    "summaryTimeUnit": "",
    "noColor": false
  }
}