{
  "options": {
    "summaryTrendStats": [
      "avg",
      "min",
      "med",
      "max",
      "p(50)",
      "p(95)",
      "p(99)"
    ],
    "summaryTimeUnit": "",
    "noColor": false
  },
  "state": {
    "isStdOutTTY": false,
    "isStdErrTTY": false,
    "testRunDurationMs": 90005.551372
  },
  "metrics": {
    "http_req_duration": {
      "type": "trend",
      "contains": "time",
      "values": {
        "avg": 19.335290216816823,
        "min": 11.136582,
        "med": 16.353768000000002,
        "max": 122.427061,
        "p(50)": 16.353768000000002,
        "p(95)": 45.03016694999989,
        "p(99)": 74.05383961999996
      }
    },
    "http_reqs": {
      "type": "counter",
      "contains": "default",
      "values": {
        "count": 6660,
        "rate": 73.99543582010511
      }
    },
    "http_req_connecting": {
      "type": "trend",
      "contains": "time",
      "values": {
        "p(95)": 0,
        "p(99)": 5.542650299999999,
        "avg": 0.12256987282282286,
        "min": 0,
        "med": 0,
        "max": 11.307196,
        "p(50)": 0
      }
    },
    "http_req_blocked": {
      "type": "trend",
      "contains": "time",
      "values": {
        "avg": 0.13562492762762762,
        "min": 0.00472,
        "med": 0.00735,
        "max": 11.371286,
        "p(50)": 0.00735,
        "p(95)": 0.01402199999999997,
        "p(99)": 5.65833329
      }
    },
    "http_req_tls_handshaking": {
      "type": "trend",
      "contains": "time",
      "values": {
        "max": 0,
        "p(50)": 0,
        "p(95)": 0,
        "p(99)": 0,
        "avg": 0,
        "min": 0,
        "med": 0
      }
    },
    "vus_max": {
      "type": "gauge",
      "contains": "default",
      "values": {
        "value": 148,
        "min": 148,
        "max": 148
      }
    },
    "round_trip_count": {
      "contains": "default",
      "values": {
        "avg": 1,
        "min": 1,
        "med": 1,
        "max": 1,
        "p(50)": 1,
        "p(95)": 1,
        "p(99)": 1
      },
      "type": "trend"
    },
    "http_req_duration{expected_response:true}": {
      "values": {
        "p(50)": 16.353768000000002,
        "p(95)": 45.03016694999989,
        "p(99)": 74.05383961999996,
        "avg": 19.335290216816823,
        "min": 11.136582,
        "med": 16.353768000000002,
        "max": 122.427061
      },
      "type": "trend",
      "contains": "time"
    },
    "http_req_receiving": {
      "type": "trend",
      "contains": "time",
      "values": {
        "p(95)": 0.6361844499999966,
        "p(99)": 4.706086589999812,
        "avg": 0.2558597891891899,
        "min": 0.04448,
        "med": 0.09399,
        "max": 19.991703,
        "p(50)": 0.09399
      }
    },
    "checks": {
      "type": "rate",
      "contains": "default",
      "values": {
        "rate": 1,
        "passes": 13320,
        "fails": 0
      }
    },
    "req_latency": {
      "type": "trend",
      "contains": "default",
      "values": {
        "avg": 19.335290216816823,
        "min": 11.136582,
        "med": 16.353768000000002,
        "max": 122.427061,
        "p(50)": 16.353768000000002,
        "p(95)": 45.03016694999989,
        "p(99)": 74.05383961999996
      }
    },
    "data_sent": {
      "type": "counter",
      "contains": "data",
      "values": {
        "count": 1967728,
        "rate": 21862.29593624982
      }
    },
    "iterations": {
      "type": "counter",
      "contains": "default",
      "values": {
        "count": 6660,
        "rate": 73.99543582010511
      }
    },
    "page_latency": {
      "type": "trend",
      "contains": "default",
      "values": {
        "med": 16.353768000000002,
        "max": 122.427061,
        "p(50)": 16.353768000000002,
        "p(95)": 45.03016694999989,
        "p(99)": 74.05383961999996,
        "avg": 19.335290216816823,
        "min": 11.136582
      }
    },
    "data_received": {
      "type": "counter",
      "contains": "data",
      "values": {
        "count": 14584945,
        "rate": 162044.94920229175
      }
    },
    "payload_bytes": {
      "type": "trend",
      "contains": "default",
      "values": {
        "p(95)": 2356.0499999999993,
        "p(99)": 2374,
        "avg": 1928.028978978979,
        "min": 147,
        "med": 2200,
        "max": 2405,
        "p(50)": 2200
      }
    },
    "vus": {
      "type": "gauge",
      "contains": "default",
      "values": {
        "value": 1,
        "min": 1,
        "max": 7
      }
    },
    "http_req_sending": {
      "type": "trend",
      "contains": "time",
      "values": {
        "p(50)": 0.02823,
        "p(95)": 0.05213199999999998,
        "p(99)": 0.12476229999999999,
        "avg": 0.03613871276276281,
        "min": 0.01375,
        "med": 0.02823,
        "max": 2.128772
      }
    },
    "http_req_failed": {
      "type": "rate",
      "contains": "default",
      "values": {
        "rate": 0,
        "passes": 0,
        "fails": 6660
      }
    },
    "http_req_waiting": {
      "contains": "time",
      "values": {
        "avg": 19.04329171486481,
        "min": 11.020982,
        "med": 16.219133,
        "max": 120.168639,
        "p(50)": 16.219133,
        "p(95)": 43.769913699999975,
        "p(99)": 72.09603301999996
      },
      "type": "trend"
    },
    "iteration_duration": {
      "type": "trend",
      "contains": "time",
      "values": {
        "max": 125.42908,
        "p(50)": 17.5665645,
        "p(95)": 46.55742764999996,
        "p(99)": 75.49068448,
        "avg": 20.59774459804802,
        "min": 11.717303,
        "med": 17.5665645
      }
    }
  },
  "root_group": {
    "checks": [
      {
        "id": "6210a8cd14cd70477eba5c5e4cb3fb5f",
        "passes": 6660,
        "fails": 0,
        "name": "status is 200",
        "path": "::status is 200"
      },
      {
        "name": "no graphql errors",
        "path": "::no graphql errors",
        "id": "7c29382b2a87caa2e50f0d89170b649f",
        "passes": 6660,
        "fails": 0
      }
    ],
    "name": "",
    "path": "",
    "id": "d41d8cd98f00b204e9800998ecf8427e",
    "groups": []
  }
}