{
  "state": {
    "isStdOutTTY": false,
    "isStdErrTTY": false,
    "testRunDurationMs": 90026.082722
  },
  "metrics": {
    "http_req_connecting": {
      "values": {
        "p(95)": 0,
        "p(99)": 5.401998,
        "avg": 0.11866300755387688,
        "min": 0,
        "med": 0,
        "max": 7.692454,
        "p(50)": 0
      },
      "type": "trend",
      "contains": "time"
    },
    "http_req_tls_handshaking": {
      "type": "trend",
      "contains": "time",
      "values": {
        "min": 0,
        "med": 0,
        "max": 0,
        "p(50)": 0,
        "p(95)": 0,
        "p(99)": 0,
        "avg": 0
      }
    },
    "req_latency": {
      "type": "trend",
      "contains": "default",
      "values": {
        "avg": 23.024285946011958,
        "min": 14.690349,
        "med": 20.920288,
        "max": 113.208946,
        "p(50)": 20.920288,
        "p(95)": 33.844922,
        "p(99)": 68.694363
      }
    },
    "iterations": {
      "type": "counter",
      "contains": "default",
      "values": {
        "count": 4501,
        "rate": 49.99662168906161
      }
    },
    "http_req_waiting": {
      "contains": "time",
      "values": {
        "avg": 22.760673532548303,
        "min": 14.591799,
        "med": 20.79726,
        "max": 112.151343,
        "p(50)": 20.79726,
        "p(95)": 33.21535,
        "p(99)": 68.036988
      },
      "type": "trend"
    },
    "http_req_failed": {
      "type": "rate",
      "contains": "default",
      "values": {
        "passes": 0,
        "fails": 4501,
        "rate": 0
      }
    },
    "iteration_duration": {
      "type": "trend",
      "contains": "time",
      "values": {
        "p(50)": 23.523829,
        "p(95)": 37.339453,
        "p(99)": 71.129332,
        "avg": 25.818649005776475,
        "min": 16.503714,
        "med": 23.523829,
        "max": 116.426765
      }
    },
    "data_sent": {
      "type": "counter",
      "contains": "data",
      "values": {
        "count": 1194516,
        "rate": 13268.554666414379
      }
    },
    "http_req_sending": {
      "type": "trend",
      "contains": "time",
      "values": {
        "p(50)": 0.02661,
        "p(95)": 0.05184,
        "p(99)": 0.1126,
        "avg": 0.03150974850033334,
        "min": 0.01242,
        "med": 0.02661,
        "max": 0.275741
      }
    },
    "data_received": {
      "contains": "data",
      "values": {
        "count": 37228956,
        "rate": 413535.22084219515
      },
      "type": "counter"
    },
    "vus_max": {
      "type": "gauge",
      "contains": "default",
      "values": {
        "value": 100,
        "min": 100,
        "max": 100
      }
    },
    "http_req_duration{expected_response:true}": {
      "type": "trend",
      "contains": "time",
      "values": {
        "avg": 23.024285946011958,
        "min": 14.690349,
        "med": 20.920288,
        "max": 113.208946,
        "p(50)": 20.920288,
        "p(95)": 33.844922,
        "p(99)": 68.694363
      }
    },
    "http_reqs": {
      "values": {
        "count": 4501,
        "rate": 49.99662168906161
      },
      "type": "counter",
      "contains": "default"
    },
    "http_req_blocked": {
      "type": "trend",
      "contains": "time",
      "values": {
        "p(50)": 0.007,
        "p(95)": 0.01357,
        "p(99)": 5.490668,
        "avg": 0.12879126571872912,
        "min": 0.00447,
        "med": 0.007,
        "max": 7.781704
      }
    },
    "payload_bytes": {
      "contains": "default",
      "values": {
        "p(95)": 12144,
        "p(99)": 13048,
        "avg": 8009.035769828927,
        "min": 5349,
        "med": 7263,
        "max": 29310,
        "p(50)": 7263
      },
      "type": "trend"
    },
    "vus": {
      "type": "gauge",
      "contains": "default",
      "values": {
        "value": 1,
        "min": 1,
        "max": 4
      }
    },
    "round_trip_count": {
      "type": "trend",
      "contains": "default",
      "values": {
        "max": 1,
        "p(50)": 1,
        "p(95)": 1,
        "p(99)": 1,
        "avg": 1,
        "min": 1,
        "med": 1
      }
    },
    "http_req_duration": {
      "type": "trend",
      "contains": "time",
      "values": {
        "p(99)": 68.694363,
        "avg": 23.024285946011958,
        "min": 14.690349,
        "med": 20.920288,
        "max": 113.208946,
        "p(50)": 20.920288,
        "p(95)": 33.844922
      }
    },
    "http_req_receiving": {
      "contains": "time",
      "values": {
        "med": 0.105331,
        "max": 19.681344,
        "p(50)": 0.105331,
        "p(95)": 0.428141,
        "p(99)": 5.010563,
        "avg": 0.23210266496334125,
        "min": 0.04958
      },
      "type": "trend"
    },
    "checks": {
      "type": "rate",
      "contains": "default",
      "values": {
        "rate": 1,
        "passes": 9002,
        "fails": 0
      }
    }
  },
  "root_group": {
    "groups": [],
    "checks": [
        {
          "id": "6210a8cd14cd70477eba5c5e4cb3fb5f",
          "passes": 4501,
          "fails": 0,
          "name": "status is 200",
          "path": "::status is 200"
        },
        {
          "name": "no graphql errors",
          "path": "::no graphql errors",
          "id": "7c29382b2a87caa2e50f0d89170b649f",
          "passes": 4501,
          "fails": 0
        }
      ],
    "name": "",
    "path": "",
    "id": "d41d8cd98f00b204e9800998ecf8427e"
  },
  "options": {
    "summaryTimeUnit": "",
    "noColor": false,
    "summaryTrendStats": [
      "avg",
      "min",
      "med",
      "max",
      "p(50)",
      "p(95)",
      "p(99)"
    ]
  }
}