{
  "root_group": {
    "name": "",
    "path": "",
    "id": "d41d8cd98f00b204e9800998ecf8427e",
    "groups": [],
    "checks": [
        {
          "name": "status is 200",
          "path": "::status is 200",
          "id": "6210a8cd14cd70477eba5c5e4cb3fb5f",
          "passes": 4501,
          "fails": 0
        }
      ]
  },
  "options": {
    "noColor": false,
    "summaryTrendStats": [
      "avg",
      "min",
      "med",
      "max",
      "p(50)",
      "p(95)",
      "p(99)"
    ],
    "summaryTimeUnit": ""
  },
  "state": {
    "isStdErrTTY": false,
    "testRunDurationMs": 90008.965651,
    "isStdOutTTY": false
  },
  "metrics": {
    "payload_bytes": {
      "type": "trend",
      "contains": "default",
      "values": {
        "avg": 142.11797378360365,
        "min": 59,
        "med": 135,
        "max": 290,
        "p(50)": 135,
        "p(95)": 212,
        "p(99)": 237
      }
    },
    "round_trip_count": {
      "type": "trend",
      "contains": "default",
      "values": {
        "max": 1,
        "p(50)": 1,
        "p(95)": 1,
        "p(99)": 1,
        "avg": 1,
        "min": 1,
        "med": 1
      }
    },
    "http_req_duration": {
      "type": "trend",
      "contains": "time",
      "values": {
        "avg": 7.291427005332157,
        "min": 3.637323,
        "med": 7.279426,
        "max": 11.649514,
        "p(50)": 7.279426,
        "p(95)": 9.190233,
        "p(99)": 9.942886
      }
    },
    "vus_max": {
      "type": "gauge",
      "contains": "default",
      "values": {
        "value": 100,
        "min": 100,
        "max": 100
      }
    },
    "http_req_sending": {
      "type": "trend",
      "contains": "time",
      "values": {
        "max": 0.329027,
        "p(50)": 0.02362,
        "p(95)": 0.05115,
        "p(99)": 0.10682,
        "avg": 0.02736763963563657,
        "min": 0.01011,
        "med": 0.02362
      }
    },
    "iteration_duration": {
      "type": "trend",
      "contains": "time",
      "values": {
        "min": 3.940211,
        "med": 7.610953,
        "max": 18.578981,
        "p(50)": 7.610953,
        "p(95)": 9.794989,
        "p(99)": 13.544509,
        "avg": 7.717775391024225
      }
    },
    "http_req_blocked": {
      "contains": "time",
      "values": {
        "p(99)": 5.301281,
        "avg": 0.12526358209286775,
        "min": 0.00366,
        "med": 0.00676,
        "max": 10.352483,
        "p(50)": 0.00676,
        "p(95)": 0.01908
      },
      "type": "trend"
    },
    "http_req_receiving": {
      "type": "trend",
      "contains": "time",
      "values": {
        "p(99)": 0.190928,
        "avg": 0.08870015996445253,
        "min": 0.04148,
        "med": 0.08359,
        "max": 0.445546,
        "p(50)": 0.08359,
        "p(95)": 0.138769
      }
    },
    "http_req_connecting": {
      "type": "trend",
      "contains": "time",
      "values": {
        "med": 0,
        "max": 10.262954,
        "p(50)": 0,
        "p(95)": 0,
        "p(99)": 5.217382,
        "avg": 0.11532751832926016,
        "min": 0
      }
    },
    "req_latency": {
      "type": "trend",
      "contains": "default",
      "values": {
        "p(99)": 9.942886,
        "avg": 7.291427005332157,
        "min": 3.637323,
        "med": 7.279426,
        "max": 11.649514,
        "p(50)": 7.279426,
        "p(95)": 9.190233
      }
    },
    "http_req_duration{expected_response:true}": {
      "type": "trend",
      "contains": "time",
      "values": {
        "max": 11.649514,
        "p(50)": 7.279426,
        "p(95)": 9.190233,
        "p(99)": 9.942886,
        "avg": 7.291427005332157,
        "min": 3.637323,
        "med": 7.279426
      }
    },
    "http_req_waiting": {
      "values": {
        "p(95)": 9.076003,
        "p(99)": 9.831178,
        "avg": 7.175359205732079,
        "min": 3.537663,
        "med": 7.162348,
        "max": 11.537805,
        "p(50)": 7.162348
      },
      "type": "trend",
      "contains": "time"
    },
    "vus": {
      "type": "gauge",
      "contains": "default",
      "values": {
        "value": 1,
        "min": 1,
        "max": 1
      }
    },
    "http_reqs": {
      "type": "counter",
      "contains": "default",
      "values": {
        "rate": 50.00612958326995,
        "count": 4501
      }
    },
    "iterations": {
      "type": "counter",
      "contains": "default",
      "values": {
        "count": 4501,
        "rate": 50.00612958326995
      }
    },
    "http_req_failed": {
      "type": "rate",
      "contains": "default",
      "values": {
        "passes": 0,
        "fails": 4501,
        "rate": 0
      }
    },
    "data_sent": {
      "contains": "data",
      "values": {
        "count": 425639,
        "rate": 4728.851141900342
      },
      "type": "counter"
    },
    "data_received": {
      "contains": "data",
      "values": {
        "count": 1813447,
        "rate": 20147.404060073794
      },
      "type": "counter"
    },
    "http_req_tls_handshaking": {
      "contains": "time",
      "values": {
        "p(99)": 0,
        "avg": 0,
        "min": 0,
        "med": 0,
        "max": 0,
        "p(50)": 0,
        "p(95)": 0
      },
      "type": "trend"
    },
    "checks": {
      "type": "rate",
      "contains": "default",
      "values": {
        "rate": 1,
        "passes": 4501,
        "fails": 0
      }
    }
  }
}