{
  "options": {
    "summaryTimeUnit": "",
    "noColor": false,
    "summaryTrendStats": [
      "avg",
      "min",
      "med",
      "max",
      "p(50)",
      "p(95)",
      "p(99)"
    ]
  },
  "state": {
    "isStdOutTTY": false,
    "isStdErrTTY": false,
    "testRunDurationMs": 90001.003034
  },
  "metrics": {
    "req_latency": {
      "type": "trend",
      "contains": "default",
      "values": {
        "p(99)": 10.572480079999997,
        "avg": 8.051791216888892,
        "min": 4.334103,
        "med": 8.0329375,
        "max": 14.491894,
        "p(50)": 8.0329375,
        "p(95)": 9.835988149999997
      }
    },
    "http_req_duration": {
      "type": "trend",
      "contains": "time",
      "values": {
        "p(95)": 9.835988149999997,
        "p(99)": 10.572480079999997,
        "avg": 8.051791216888892,
        "min": 4.334103,
        "med": 8.0329375,
        "max": 14.491894,
        "p(50)": 8.0329375
      }
    },
    "checks": {
      "values": {
        "rate": 1,
        "passes": 2250,
        "fails": 0
      },
      "type": "rate",
      "contains": "default"
    },
    "iteration_duration": {
      "type": "trend",
      "contains": "time",
      "values": {
        "p(50)": 8.4088895,
        "p(95)": 10.473316049999998,
        "p(99)": 14.779508299999993,
        "avg": 8.526183760444436,
        "min": 4.626212,
        "med": 8.4088895,
        "max": 17.732305
      }
    },
    "http_reqs": {
      "type": "counter",
      "contains": "default",
      "values": {
        "count": 2250,
        "rate": 24.999721382549588
      }
    },
    "http_req_receiving": {
      "contains": "time",
      "values": {
        "p(99)": 0.21680689999999872,
        "avg": 0.098277904,
        "min": 0.045299,
        "med": 0.092034,
        "max": 0.605924,
        "p(50)": 0.092034,
        "p(95)": 0.15222794999999986
      },
      "type": "trend"
    },
    "round_trip_count": {
      "type": "trend",
      "contains": "default",
      "values": {
        "avg": 1,
        "min": 1,
        "med": 1,
        "max": 1,
        "p(50)": 1,
        "p(95)": 1,
        "p(99)": 1
      }
    },
    "vus": {
      "type": "gauge",
      "contains": "default",
      "values": {
        "min": 0,
        "max": 0,
        "value": 0
      }
    },
    "http_req_blocked": {
      "type": "trend",
      "contains": "time",
      "values": {
        "p(50)": 0.00723,
        "p(95)": 0.018636499999999938,
        "p(99)": 5.695228799999999,
        "avg": 0.13270965466666682,
        "min": 0.00426,
        "med": 0.00723,
        "max": 7.440165
      }
    },
    "http_req_sending": {
      "type": "trend",
      "contains": "time",
      "values": {
        "avg": 0.030558773777777756,
        "min": 0.01166,
        "med": 0.026125000000000002,
        "max": 0.244338,
        "p(50)": 0.026125000000000002,
        "p(95)": 0.05264544999999997,
        "p(99)": 0.12153419999999987
      }
    },
    "http_req_failed": {
      "type": "rate",
      "contains": "default",
      "values": {
        "rate": 0,
        "passes": 0,
        "fails": 2250
      }
    },
    "http_req_waiting": {
      "contains": "time",
      "values": {
        "min": 4.205354,
        "med": 7.901444,
        "max": 14.189397,
        "p(50)": 7.901444,
        "p(95)": 9.6992084,
        "p(99)": 10.443474909999999,
        "avg": 7.922954539111124
      },
      "type": "trend"
    },
    "vus_max": {
      "type": "gauge",
      "contains": "default",
      "values": {
        "max": 50,
        "value": 50,
        "min": 50
      }
    },
    "iterations": {
      "type": "counter",
      "contains": "default",
      "values": {
        "count": 2250,
        "rate": 24.999721382549588
      }
    },
    "data_sent": {
      "type": "counter",
      "contains": "data",
      "values": {
        "rate": 2989.244463179657,
        "count": 269035
      }
    },
    "http_req_connecting": {
      "type": "trend",
      "contains": "time",
      "values": {
        "max": 7.360295,
        "p(50)": 0,
        "p(95)": 0,
        "p(99)": 5.5858991999999965,
        "avg": 0.12217908977777779,
        "min": 0,
        "med": 0
      }
    },
    "data_received": {
      "type": "counter",
      "contains": "data",
      "values": {
        "count": 3185930,
        "rate": 35398.82770858054
      }
    },
    "http_req_tls_handshaking": {
      "type": "trend",
      "contains": "time",
      "values": {
        "med": 0,
        "max": 0,
        "p(50)": 0,
        "p(95)": 0,
        "p(99)": 0,
        "avg": 0,
        "min": 0
      }
    },
    "payload_bytes": {
      "type": "trend",
      "contains": "default",
      "values": {
        "max": 10638,
        "p(50)": 1353,
        "p(95)": 1923,
        "p(99)": 1994,
        "avg": 1154.3444444444444,
        "min": 303,
        "med": 1353
      }
    },
    "http_req_duration{expected_response:true}": {
      "values": {
        "med": 8.0329375,
        "max": 14.491894,
        "p(50)": 8.0329375,
        "p(95)": 9.835988149999997,
        "p(99)": 10.572480079999997,
        "avg": 8.051791216888892,
        "min": 4.334103
      },
      "type": "trend",
      "contains": "time"
    }
  },
  "root_group": {
    "checks": [
      {
        "fails": 0,
        "name": "status is 200",
        "path": "::status is 200",
        "id": "6210a8cd14cd70477eba5c5e4cb3fb5f",
        "passes": 2250
      }
    ],
    "name": "",
    "path": "",
    "id": "d41d8cd98f00b204e9800998ecf8427e",
    "groups": []
  }
}