{
  "state": {
    "isStdOutTTY": false,
    "isStdErrTTY": false,
    "testRunDurationMs": 97104.061639
  },
  "metrics": {
    "vus": {
      "type": "gauge",
      "contains": "default",
      "values": {
        "max": 740,
        "value": 203,
        "min": 16
      }
    },
    "req_latency": {
      "type": "trend",
      "contains": "default",
      "values": {
        "p(99)": 15199.149837359993,
        "avg": 6634.23935276058,
        "min": 22.527042,
        "med": 6594.905863,
        "max": 17743.272327,
        "p(50)": 6594.905863,
        "p(95)": 11550.5697879
      }
    },
    "http_req_sending": {
      "type": "trend",
      "contains": "time",
      "values": {
        "min": 0.01229,
        "med": 0.02915,
        "max": 37.705416,
        "p(50)": 0.02915,
        "p(95)": 0.12376599999999997,
        "p(99)": 0.1962066599999998,
        "avg": 0.05770618069849836
      }
    },
    "iteration_duration": {
      "type": "trend",
      "contains": "time",
      "values": {
        "avg": 6638.08281806715,
        "min": 29.838689,
        "med": 6600.325162,
        "max": 17755.027355,
        "p(50)": 6600.325162,
        "p(95)": 11553.8868439,
        "p(99)": 15207.174255319995
      }
    },
    "http_reqs": {
      "type": "counter",
      "contains": "default",
      "values": {
        "count": 5927,
        "rate": 61.037611609229884
      }
    },
    "http_req_blocked": {
      "type": "trend",
      "contains": "time",
      "values": {
        "p(99)": 7.178617519999995,
        "avg": 0.7263918938754889,
        "min": 0.00372,
        "med": 0.00783,
        "max": 62.348027,
        "p(50)": 0.00783,
        "p(95)": 5.755336499999999
      }
    },
    "http_req_tls_handshaking": {
      "contains": "time",
      "values": {
        "avg": 0,
        "min": 0,
        "med": 0,
        "max": 0,
        "p(50)": 0,
        "p(95)": 0,
        "p(99)": 0
      },
      "type": "trend"
    },
    "http_req_waiting": {
      "contains": "time",
      "values": {
        "med": 5475.763868,
        "max": 15783.364771,
        "p(50)": 5475.763868,
        "p(95)": 10497.5750586,
        "p(99)": 14057.334148919994,
        "avg": 5655.348033611609,
        "min": 22.166021
      },
      "type": "trend"
    },
    "http_req_connecting": {
      "type": "trend",
      "contains": "time",
      "values": {
        "min": 0,
        "med": 0,
        "max": 62.262437,
        "p(50)": 0,
        "p(95)": 5.6361389,
        "p(99)": 7.05175723999999,
        "avg": 0.7060927907879195
      }
    },
    "payload_bytes": {
      "type": "trend",
      "contains": "default",
      "values": {
        "p(95)": 12168,
        "p(99)": 13040,
        "avg": 8064.117428716046,
        "min": 5349,
        "med": 7479,
        "max": 29310,
        "p(50)": 7479
      }
    },
    "round_trip_count": {
      "contains": "default",
      "values": {
        "p(95)": 1,
        "p(99)": 1,
        "avg": 1,
        "min": 1,
        "med": 1,
        "max": 1,
        "p(50)": 1
      },
      "type": "trend"
    },
    "iterations": {
      "values": {
        "count": 5927,
        "rate": 61.037611609229884
      },
      "type": "counter",
      "contains": "default"
    },
    "vus_max": {
      "type": "gauge",
      "contains": "default",
      "values": {
        "value": 740,
        "min": 148,
        "max": 740
      }
    },
    "http_req_duration{expected_response:true}": {
      "type": "trend",
      "contains": "time",
      "values": {
        "p(95)": 11550.5697879,
        "p(99)": 15199.149837359993,
        "avg": 6634.239352760581,
        "min": 22.527042,
        "med": 6594.905863,
        "max": 17743.272327,
        "p(50)": 6594.905863
      }
    },
    "http_req_failed": {
      "type": "rate",
      "contains": "default",
      "values": {
        "rate": 0,
        "passes": 0,
        "fails": 5927
      }
    },
    "data_received": {
      "type": "counter",
      "contains": "data",
      "values": {
        "count": 49350255,
        "rate": 508220.29652546905
      }
    },
    "dropped_iterations": {
      "values": {
        "count": 733,
        "rate": 7.548602886715961
      },
      "type": "counter",
      "contains": "default"
    },
    "data_sent": {
      "values": {
        "count": 1572905,
        "rate": 16198.138094856711
      },
      "type": "counter",
      "contains": "data"
    },
    "checks": {
      "type": "rate",
      "contains": "default",
      "values": {
        "passes": 11854,
        "fails": 0,
        "rate": 1
      }
    },
    "http_req_duration": {
      "type": "trend",
      "contains": "time",
      "values": {
        "med": 6594.905863,
        "max": 17743.272327,
        "p(50)": 6594.905863,
        "p(95)": 11550.5697879,
        "p(99)": 15199.149837359993,
        "avg": 6634.239352760581,
        "min": 22.527042
      }
    },
    "http_req_receiving": {
      "values": {
        "min": 0.20284,
        "med": 819.859005,
        "max": 4244.168575,
        "p(50)": 819.859005,
        "p(95)": 2860.306756,
        "p(99)": 4195.49852976,
        "avg": 978.8336129682822
      },
      "type": "trend",
      "contains": "time"
    }
  },
  "root_group": {
    "name": "",
    "path": "",
    "id": "d41d8cd98f00b204e9800998ecf8427e",
    "groups": [],
    "checks": [
        {
          "passes": 5927,
          "fails": 0,
          "name": "status is 200",
          "path": "::status is 200",
          "id": "6210a8cd14cd70477eba5c5e4cb3fb5f"
        },
        {
          "name": "no graphql errors",
          "path": "::no graphql errors",
          "id": "7c29382b2a87caa2e50f0d89170b649f",
          "passes": 5927,
          "fails": 0
        }
      ]
  },
  "options": {
    "summaryTrendStats": [
      "avg",
      "min",
      "med",
      "max",
      "p(50)",
      "p(95)",
      "p(99)"
    ],
    "summaryTimeUnit": "",
    "noColor": false
  }
}