{
  "metrics": {
    "http_req_duration": {
      "contains": "time",
      "values": {
        "med": 11.861158,
        "max": 54.558621,
        "p(50)": 11.861158,
        "p(95)": 14.243587000000002,
        "p(99)": 16.1426865,
        "avg": 12.118130087516654,
        "min": 8.612581
      },
      "type": "trend"
    },
    "http_req_tls_handshaking": {
      "type": "trend",
      "contains": "time",
      "values": {
        "min": 0,
        "med": 0,
        "max": 0,
        "p(50)": 0,
        "p(95)": 0,
        "p(99)": 0,
        "avg": 0
      }
    },
    "http_req_waiting": {
      "contains": "time",
      "values": {
        "max": 54.272348,
        "p(50)": 11.740711,
        "p(95)": 14.090164999999999,
        "p(99)": 16.022033,
        "avg": 11.987914593958216,
        "min": 8.515332,
        "med": 11.740711
      },
      "type": "trend"
    },
    "iterations": {
      "values": {
        "count": 2251,
        "rate": 25.007015058738283
      },
      "type": "counter",
      "contains": "default"
    },
    "http_req_sending": {
      "type": "trend",
      "contains": "time",
      "values": {
        "med": 0.02809,
        "max": 2.009271,
        "p(50)": 0.02809,
        "p(95)": 0.054043999999999995,
        "p(99)": 0.137312,
        "avg": 0.03376303243003109,
        "min": 0.0131
      }
    },
    "http_req_connecting": {
      "type": "trend",
      "contains": "time",
      "values": {
        "min": 0,
        "med": 0,
        "max": 7.279208,
        "p(50)": 0,
        "p(95)": 0,
        "p(99)": 5.0833215,
        "avg": 0.11526706974677925
      }
    },
    "http_req_failed": {
      "type": "rate",
      "contains": "default",
      "values": {
        "rate": 0,
        "passes": 0,
        "fails": 2251
      }
    },
    "req_latency": {
      "values": {
        "med": 11.861158,
        "max": 54.558621,
        "p(50)": 11.861158,
        "p(95)": 14.243587000000002,
        "p(99)": 16.1426865,
        "avg": 12.118130087516654,
        "min": 8.612581
      },
      "type": "trend",
      "contains": "default"
    },
    "round_trip_count": {
      "type": "trend",
      "contains": "default",
      "values": {
        "avg": 1,
        "min": 1,
        "med": 1,
        "max": 1,
        "p(50)": 1,
        "p(95)": 1,
        "p(99)": 1
      }
    },
    "data_sent": {
      "values": {
        "count": 598756,
        "rate": 6651.754912709862
      },
      "type": "counter",
      "contains": "data"
    },
    "data_received": {
      "type": "counter",
      "contains": "data",
      "values": {
        "count": 1202603,
        "rate": 13360.067228202503
      }
    },
    "vus": {
      "type": "gauge",
      "contains": "default",
      "values": {
        "max": 1,
        "value": 0,
        "min": 0
      }
    },
    "http_req_duration{expected_response:true}": {
      "type": "trend",
      "contains": "time",
      "values": {
        "p(99)": 16.1426865,
        "avg": 12.118130087516654,
        "min": 8.612581,
        "med": 11.861158,
        "max": 54.558621,
        "p(50)": 11.861158,
        "p(95)": 14.243587000000002
      }
    },
    "http_req_blocked": {
      "type": "trend",
      "contains": "time",
      "values": {
        "med": 0.00709,
        "max": 7.380825,
        "p(50)": 0.00709,
        "p(95)": 0.01422,
        "p(99)": 5.1728950000000005,
        "avg": 0.12621815015548585,
        "min": 0.00399
      }
    },
    "http_req_receiving": {
      "type": "trend",
      "contains": "time",
      "values": {
        "min": 0.043639,
        "med": 0.090388,
        "max": 1.658805,
        "p(50)": 0.090388,
        "p(95)": 0.1457715,
        "p(99)": 0.2041855,
        "avg": 0.09645246112838736
      }
    },
    "vus_max": {
      "type": "gauge",
      "contains": "default",
      "values": {
        "value": 50,
        "min": 50,
        "max": 50
      }
    },
    "iteration_duration": {
      "type": "trend",
      "contains": "time",
      "values": {
        "p(99)": 19.7862115,
        "avg": 12.818143420257668,
        "min": 9.257274,
        "med": 12.414245,
        "max": 55.04722,
        "p(50)": 12.414245,
        "p(95)": 15.607429
      }
    },
    "http_reqs": {
      "type": "counter",
      "contains": "default",
      "values": {
        "count": 2251,
        "rate": 25.007015058738283
      }
    },
    "checks": {
      "type": "rate",
      "contains": "default",
      "values": {
        "rate": 1,
        "passes": 4502,
        "fails": 0
      }
    },
    "payload_bytes": {
      "type": "trend",
      "contains": "default",
      "values": {
        "p(99)": 288,
        "avg": 273.2501110617503,
        "min": 181,
        "med": 253,
        "max": 10632,
        "p(50)": 253,
        "p(95)": 288
      }
    }
  },
  "root_group": {
    "name": "",
    "path": "",
    "id": "d41d8cd98f00b204e9800998ecf8427e",
    "groups": [],
    "checks": [
        {
          "name": "status is 200",
          "path": "::status is 200",
          "id": "6210a8cd14cd70477eba5c5e4cb3fb5f",
          "passes": 2251,
          "fails": 0
        },
        {
          "name": "no graphql errors",
          "path": "::no graphql errors",
          "id": "7c29382b2a87caa2e50f0d89170b649f",
          "passes": 2251,
          "fails": 0
        }
      ]
  },
  "options": {
    "summaryTrendStats": [
      "avg",
      "min",
      "med",
      "max",
      "p(50)",
      "p(95)",
      "p(99)"
    ],
    "summaryTimeUnit": "",
    "noColor": false
  },
  "state": {
    "isStdOutTTY": false,
    "isStdErrTTY": false,
    "testRunDurationMs": 90014.741652
  }
}