{
  "state": {
    "isStdOutTTY": false,
    "isStdErrTTY": false,
    "testRunDurationMs": 90001.640898
  },
  "metrics": {
    "iterations": {
      "type": "counter",
      "contains": "default",
      "values": {
        "count": 6660,
        "rate": 73.99865084179812
      }
    },
    "http_req_duration": {
      "contains": "time",
      "values": {
        "avg": 12.678510095045029,
        "min": 8.465972,
        "med": 11.917879500000002,
        "max": 92.21046,
        "p(50)": 11.917879500000002,
        "p(95)": 14.825639499999994,
        "p(99)": 43.25345261
      },
      "type": "trend"
    },
    "http_req_tls_handshaking": {
      "type": "trend",
      "contains": "time",
      "values": {
        "p(99)": 0,
        "avg": 0,
        "min": 0,
        "med": 0,
        "max": 0,
        "p(50)": 0,
        "p(95)": 0
      }
    },
    "http_req_receiving": {
      "values": {
        "p(95)": 0.16814045,
        "p(99)": 0.6030209899999995,
        "avg": 0.10766381936936918,
        "min": 0.04222,
        "med": 0.0899395,
        "max": 6.449627,
        "p(50)": 0.0899395
      },
      "type": "trend",
      "contains": "time"
    },
    "req_latency": {
      "type": "trend",
      "contains": "default",
      "values": {
        "min": 8.465972,
        "med": 11.917879500000002,
        "max": 92.21046,
        "p(50)": 11.917879500000002,
        "p(95)": 14.825639499999994,
        "p(99)": 43.25345261,
        "avg": 12.678510095045029
      }
    },
    "http_reqs": {
      "values": {
        "count": 6660,
        "rate": 73.99865084179812
      },
      "type": "counter",
      "contains": "default"
    },
    "http_req_duration{expected_response:true}": {
      "type": "trend",
      "contains": "time",
      "values": {
        "p(95)": 14.825639499999994,
        "p(99)": 43.25345261,
        "avg": 12.678510095045029,
        "min": 8.465972,
        "med": 11.917879500000002,
        "max": 92.21046,
        "p(50)": 11.917879500000002
      }
    },
    "checks": {
      "type": "rate",
      "contains": "default",
      "values": {
        "rate": 1,
        "passes": 13320,
        "fails": 0
      }
    },
    "http_req_failed": {
      "contains": "default",
      "values": {
        "passes": 0,
        "fails": 6660,
        "rate": 0
      },
      "type": "rate"
    },
    "iteration_duration": {
      "type": "trend",
      "contains": "time",
      "values": {
        "min": 8.999019,
        "med": 12.467776,
        "max": 92.636436,
        "p(50)": 12.467776,
        "p(95)": 16.379115899999995,
        "p(99)": 43.6960086,
        "avg": 13.326541457507474
      }
    },
    "data_received": {
      "type": "counter",
      "contains": "data",
      "values": {
        "count": 3602799,
        "rate": 40030.3701582852
      }
    },
    "http_req_connecting": {
      "values": {
        "p(99)": 5.345191989999997,
        "avg": 0.12035705645645647,
        "min": 0,
        "med": 0,
        "max": 18.695742,
        "p(50)": 0,
        "p(95)": 0
      },
      "type": "trend",
      "contains": "time"
    },
    "http_req_sending": {
      "type": "trend",
      "contains": "time",
      "values": {
        "max": 0.804125,
        "p(50)": 0.0268455,
        "p(95)": 0.054263999999999944,
        "p(99)": 0.11335040999999985,
        "avg": 0.03159130255255253,
        "min": 0.01211,
        "med": 0.0268455
      }
    },
    "vus": {
      "type": "gauge",
      "contains": "default",
      "values": {
        "value": 0,
        "min": 0,
        "max": 4
      }
    },
    "vus_max": {
      "type": "gauge",
      "contains": "default",
      "values": {
        "value": 148,
        "min": 148,
        "max": 148
      }
    },
    "http_req_blocked": {
      "type": "trend",
      "contains": "time",
      "values": {
        "p(99)": 5.437376899999998,
        "avg": 0.13061038453453414,
        "min": 0.00436,
        "med": 0.00706,
        "max": 18.791802,
        "p(50)": 0.00706,
        "p(95)": 0.01432194999999997
      }
    },
    "http_req_waiting": {
      "values": {
        "med": 11.7928205,
        "max": 90.909148,
        "p(50)": 11.7928205,
        "p(95)": 14.702734449999998,
        "p(99)": 42.4942236,
        "avg": 12.539254973123112,
        "min": 8.345744
      },
      "type": "trend",
      "contains": "time"
    },
    "payload_bytes": {
      "type": "trend",
      "contains": "default",
      "values": {
        "min": 181,
        "med": 253,
        "max": 10632,
        "p(50)": 253,
        "p(95)": 288,
        "p(99)": 288,
        "avg": 279.9569069069069
      }
    },
    "round_trip_count": {
      "contains": "default",
      "values": {
        "p(99)": 1,
        "avg": 1,
        "min": 1,
        "med": 1,
        "max": 1,
        "p(50)": 1,
        "p(95)": 1
      },
      "type": "trend"
    },
    "data_sent": {
      "type": "counter",
      "contains": "data",
      "values": {
        "count": 1771535,
        "rate": 19683.36335120493
      }
    }
  },
  "root_group": {
    "path": "",
    "id": "d41d8cd98f00b204e9800998ecf8427e",
    "groups": [],
    "checks": [
        {
          "passes": 6660,
          "fails": 0,
          "name": "status is 200",
          "path": "::status is 200",
          "id": "6210a8cd14cd70477eba5c5e4cb3fb5f"
        },
        {
          "path": "::no graphql errors",
          "id": "7c29382b2a87caa2e50f0d89170b649f",
          "passes": 6660,
          "fails": 0,
          "name": "no graphql errors"
        }
      ],
    "name": ""
  },
  "options": {
    "noColor": false,
    "summaryTrendStats": [
      "avg",
      "min",
      "med",
      "max",
      "p(50)",
      "p(95)",
      "p(99)"
    ],
    "summaryTimeUnit": ""
  }
}