{
  "state": {
    "isStdOutTTY": false,
    "isStdErrTTY": false,
    "testRunDurationMs": 90017.31445
  },
  "metrics": {
    "req_latency": {
      "type": "trend",
      "contains": "default",
      "values": {
        "p(99)": 10.09979791,
        "avg": 7.616082699466928,
        "min": 3.778079,
        "med": 7.6350475,
        "max": 28.723592,
        "p(50)": 7.6350475,
        "p(95)": 9.348522
      }
    },
    "http_req_sending": {
      "type": "trend",
      "contains": "time",
      "values": {
        "med": 0.02324,
        "max": 0.260849,
        "p(50)": 0.02324,
        "p(95)": 0.04581704999999999,
        "p(99)": 0.10053799999999975,
        "avg": 0.02577118569524654,
        "min": 0.00888
      }
    },
    "checks": {
      "values": {
        "rate": 1,
        "passes": 4502,
        "fails": 0
      },
      "type": "rate",
      "contains": "default"
    },
    "http_reqs": {
      "contains": "default",
      "values": {
        "count": 4502,
        "rate": 50.01260065918352
      },
      "type": "counter"
    },
    "round_trip_count": {
      "type": "trend",
      "contains": "default",
      "values": {
        "avg": 2,
        "min": 2,
        "med": 2,
        "max": 2,
        "p(50)": 2,
        "p(95)": 2,
        "p(99)": 2
      }
    },
    "data_received": {
      "type": "counter",
      "contains": "data",
      "values": {
        "count": 5691274,
        "rate": 63224.21452776411
      }
    },
    "http_req_duration{expected_response:true}": {
      "type": "trend",
      "contains": "time",
      "values": {
        "med": 7.6350475,
        "max": 28.723592,
        "p(50)": 7.6350475,
        "p(95)": 9.348522,
        "p(99)": 10.09979791,
        "avg": 7.616082699466928,
        "min": 3.778079
      }
    },
    "http_req_connecting": {
      "values": {
        "avg": 0.06057599022656599,
        "min": 0,
        "med": 0,
        "max": 8.187297,
        "p(50)": 0,
        "p(95)": 0,
        "p(99)": 3.860495389999999
      },
      "type": "trend",
      "contains": "time"
    },
    "http_req_failed": {
      "type": "rate",
      "contains": "default",
      "values": {
        "rate": 0,
        "passes": 0,
        "fails": 4502
      }
    },
    "payload_bytes": {
      "type": "trend",
      "contains": "default",
      "values": {
        "p(95)": 2328,
        "p(99)": 2350.99,
        "avg": 1002.7179031541538,
        "min": 110,
        "med": 129,
        "max": 2386,
        "p(50)": 129
      }
    },
    "iteration_duration": {
      "type": "trend",
      "contains": "time",
      "values": {
        "avg": 16.005550485561997,
        "min": 10.245475,
        "med": 15.926852,
        "max": 39.272104,
        "p(50)": 15.926852,
        "p(95)": 18.712022,
        "p(99)": 22.0536355
      }
    },
    "http_req_blocked": {
      "type": "trend",
      "contains": "time",
      "values": {
        "p(99)": 3.9965045999999984,
        "avg": 0.06960126232785417,
        "min": 0.00335,
        "med": 0.00688,
        "max": 8.317855,
        "p(50)": 0.00688,
        "p(95)": 0.01350749999999999
      }
    },
    "vus": {
      "type": "gauge",
      "contains": "default",
      "values": {
        "value": 0,
        "min": 0,
        "max": 0
      }
    },
    "http_req_waiting": {
      "type": "trend",
      "contains": "time",
      "values": {
        "p(50)": 7.506678,
        "p(95)": 9.2158835,
        "p(99)": 9.9526349,
        "avg": 7.49168014127055,
        "min": 3.67164,
        "med": 7.506678,
        "max": 28.605743
      }
    },
    "page_latency": {
      "type": "trend",
      "contains": "default",
      "values": {
        "avg": 15.232165398933828,
        "min": 9.535688,
        "med": 15.262915,
        "max": 38.739517,
        "p(50)": 15.262915,
        "p(95)": 17.5995885,
        "p(99)": 18.540693500000003
      }
    },
    "vus_max": {
      "type": "gauge",
      "contains": "default",
      "values": {
        "min": 50,
        "max": 50,
        "value": 50
      }
    },
    "iterations": {
      "type": "counter",
      "contains": "default",
      "values": {
        "count": 2251,
        "rate": 25.00630032959176
      }
    },
    "data_sent": {
      "type": "counter",
      "contains": "data",
      "values": {
        "count": 450798,
        "rate": 5007.903232331988
      }
    },
    "http_req_tls_handshaking": {
      "type": "trend",
      "contains": "time",
      "values": {
        "p(99)": 0,
        "avg": 0,
        "min": 0,
        "med": 0,
        "max": 0,
        "p(50)": 0,
        "p(95)": 0
      }
    },
    "http_req_receiving": {
      "contains": "time",
      "values": {
        "med": 0.09249,
        "max": 0.475127,
        "p(50)": 0.09249,
        "p(95)": 0.14850999999999998,
        "p(99)": 0.19044149999999985,
        "avg": 0.09863137250111069,
        "min": 0.043019
      },
      "type": "trend"
    },
    "http_req_duration": {
      "type": "trend",
      "contains": "time",
      "values": {
        "max": 28.723592,
        "p(50)": 7.6350475,
        "p(95)": 9.348522,
        "p(99)": 10.09979791,
        "avg": 7.616082699466928,
        "min": 3.778079,
        "med": 7.6350475
      }
    }
  },
  "root_group": {
    "path": "",
    "id": "d41d8cd98f00b204e9800998ecf8427e",
    "groups": [],
    "checks": [
        {
          "path": "::status is 200",
          "id": "6210a8cd14cd70477eba5c5e4cb3fb5f",
          "passes": 4502,
          "fails": 0,
          "name": "status is 200"
        }
      ],
    "name": ""
  },
  "options": {
    "summaryTrendStats": [
      "avg",
      "min",
      "med",
      "max",
      "p(50)",
      "p(95)",
      "p(99)"
    ],
    "summaryTimeUnit": "",
    "noColor": false
  }
}