{
  "state": {
    "isStdOutTTY": false,
    "isStdErrTTY": false,
    "testRunDurationMs": 90001.300165
  },
  "metrics": {
    "http_reqs": {
      "contains": "default",
      "values": {
        "count": 2250,
        "rate": 24.999638848272852
      },
      "type": "counter"
    },
    "http_req_connecting": {
      "type": "trend",
      "contains": "time",
      "values": {
        "p(95)": 0,
        "p(99)": 5.482330769999978,
        "avg": 0.11715795377777782,
        "min": 0,
        "med": 0,
        "max": 7.826116,
        "p(50)": 0
      }
    },
    "vus_max": {
      "type": "gauge",
      "contains": "default",
      "values": {
        "max": 50,
        "value": 50,
        "min": 50
      }
    },
    "http_req_duration": {
      "type": "trend",
      "contains": "time",
      "values": {
        "max": 73.116003,
        "p(50)": 20.098078,
        "p(95)": 23.445298549999986,
        "p(99)": 30.681638349999826,
        "avg": 20.477635791555553,
        "min": 13.682257,
        "med": 20.098078
      }
    },
    "http_req_sending": {
      "type": "trend",
      "contains": "time",
      "values": {
        "max": 0.183609,
        "p(50)": 0.028625,
        "p(95)": 0.059839449999999836,
        "p(99)": 0.1113392,
        "avg": 0.033779693333333374,
        "min": 0.01355,
        "med": 0.028625
      }
    },
    "vus": {
      "type": "gauge",
      "contains": "default",
      "values": {
        "value": 0,
        "min": 0,
        "max": 0
      }
    },
    "data_sent": {
      "type": "counter",
      "contains": "data",
      "values": {
        "count": 666706,
        "rate": 7407.737430211822
      }
    },
    "iteration_duration": {
      "contains": "time",
      "values": {
        "avg": 22.759276775555595,
        "min": 15.003309,
        "med": 22.359233,
        "max": 74.938831,
        "p(50)": 22.359233,
        "p(95)": 26.32201999999999,
        "p(99)": 33.19219208999994
      },
      "type": "trend"
    },
    "http_req_tls_handshaking": {
      "values": {
        "max": 0,
        "p(50)": 0,
        "p(95)": 0,
        "p(99)": 0,
        "avg": 0,
        "min": 0,
        "med": 0
      },
      "type": "trend",
      "contains": "time"
    },
    "checks": {
      "type": "rate",
      "contains": "default",
      "values": {
        "passes": 4500,
        "fails": 0,
        "rate": 1
      }
    },
    "data_received": {
      "type": "counter",
      "contains": "data",
      "values": {
        "count": 13162886,
        "rate": 146252.1760893275
      }
    },
    "page_latency": {
      "contains": "default",
      "values": {
        "p(95)": 23.445298549999986,
        "p(99)": 30.681638349999826,
        "avg": 20.477635791555553,
        "min": 13.682257,
        "med": 20.098078,
        "max": 73.116003,
        "p(50)": 20.098078
      },
      "type": "trend"
    },
    "http_req_duration{expected_response:true}": {
      "type": "trend",
      "contains": "time",
      "values": {
        "avg": 20.477635791555553,
        "min": 13.682257,
        "med": 20.098078,
        "max": 73.116003,
        "p(50)": 20.098078,
        "p(95)": 23.445298549999986,
        "p(99)": 30.681638349999826
      }
    },
    "iterations": {
      "type": "counter",
      "contains": "default",
      "values": {
        "count": 2250,
        "rate": 24.999638848272852
      }
    },
    "http_req_waiting": {
      "type": "trend",
      "contains": "time",
      "values": {
        "max": 72.760735,
        "p(50)": 19.966799,
        "p(95)": 23.290841949999997,
        "p(99)": 30.48941695999984,
        "avg": 20.334827337777778,
        "min": 13.569188,
        "med": 19.966799
      }
    },
    "req_latency": {
      "type": "trend",
      "contains": "default",
      "values": {
        "med": 20.098078,
        "max": 73.116003,
        "p(50)": 20.098078,
        "p(95)": 23.445298549999986,
        "p(99)": 30.681638349999826,
        "avg": 20.477635791555553,
        "min": 13.682257
      }
    },
    "payload_bytes": {
      "type": "trend",
      "contains": "default",
      "values": {
        "med": 6008,
        "max": 6385,
        "p(50)": 6008,
        "p(95)": 6249,
        "p(99)": 6283,
        "avg": 5588.171555555556,
        "min": 1704
      }
    },
    "http_req_blocked": {
      "values": {
        "max": 7.933676,
        "p(50)": 0.007405,
        "p(95)": 0.015044449999999973,
        "p(99)": 5.56573427999998,
        "avg": 0.1273927471111106,
        "min": 0.00446,
        "med": 0.007405
      },
      "type": "trend",
      "contains": "time"
    },
    "http_req_failed": {
      "type": "rate",
      "contains": "default",
      "values": {
        "rate": 0,
        "passes": 0,
        "fails": 2250
      }
    },
    "http_req_receiving": {
      "type": "trend",
      "contains": "time",
      "values": {
        "p(50)": 0.1011545,
        "p(95)": 0.17069999999999955,
        "p(99)": 0.24234509999999923,
        "avg": 0.10902876044444441,
        "min": 0.052119,
        "med": 0.1011545,
        "max": 0.451507
      }
    },
    "round_trip_count": {
      "type": "trend",
      "contains": "default",
      "values": {
        "max": 1,
        "p(50)": 1,
        "p(95)": 1,
        "p(99)": 1,
        "avg": 1,
        "min": 1,
        "med": 1
      }
    }
  },
  "root_group": {
    "name": "",
    "path": "",
    "id": "d41d8cd98f00b204e9800998ecf8427e",
    "groups": [],
    "checks": [
        {
          "name": "status is 200",
          "path": "::status is 200",
          "id": "6210a8cd14cd70477eba5c5e4cb3fb5f",
          "passes": 2250,
          "fails": 0
        },
        {
          "path": "::no graphql errors",
          "id": "7c29382b2a87caa2e50f0d89170b649f",
          "passes": 2250,
          "fails": 0,
          "name": "no graphql errors"
        }
      ]
  },
  "options": {
    "summaryTrendStats": [
      "avg",
      "min",
      "med",
      "max",
      "p(50)",
      "p(95)",
      "p(99)"
    ],
    "summaryTimeUnit": "",
    "noColor": false
  }
}