{
  "root_group": {
    "name": "",
    "path": "",
    "id": "d41d8cd98f00b204e9800998ecf8427e",
    "groups": [],
    "checks": [
        {
          "name": "status is 200",
          "path": "::status is 200",
          "id": "6210a8cd14cd70477eba5c5e4cb3fb5f",
          "passes": 6661,
          "fails": 0
        }
      ]
  },
  "options": {
    "summaryTimeUnit": "",
    "noColor": false,
    "summaryTrendStats": [
      "avg",
      "min",
      "med",
      "max",
      "p(50)",
      "p(95)",
      "p(99)"
    ]
  },
  "state": {
    "isStdOutTTY": false,
    "isStdErrTTY": false,
    "testRunDurationMs": 90010.157702
  },
  "metrics": {
    "vus": {
      "type": "gauge",
      "contains": "default",
      "values": {
        "value": 0,
        "min": 0,
        "max": 1
      }
    },
    "http_req_waiting": {
      "contains": "time",
      "values": {
        "avg": 8.530161292148327,
        "min": 4.290632,
        "med": 8.502986,
        "max": 15.207548,
        "p(50)": 8.502986,
        "p(95)": 10.452546,
        "p(99)": 11.373687199999996
      },
      "type": "trend"
    },
    "data_sent": {
      "type": "counter",
      "contains": "data",
      "values": {
        "count": 981722,
        "rate": 10906.79124516395
      }
    },
    "iteration_duration": {
      "type": "trend",
      "contains": "time",
      "values": {
        "avg": 9.167963091878086,
        "min": 4.748387,
        "med": 8.995042,
        "max": 26.640707,
        "p(50)": 8.995042,
        "p(95)": 11.380005,
        "p(99)": 16.218078999999996
      }
    },
    "http_req_sending": {
      "type": "trend",
      "contains": "time",
      "values": {
        "min": 0.010649,
        "med": 0.02608,
        "max": 0.274527,
        "p(50)": 0.02608,
        "p(95)": 0.051309,
        "p(99)": 0.11717099999999955,
        "avg": 0.02979746869839367
      }
    },
    "req_latency": {
      "type": "trend",
      "contains": "default",
      "values": {
        "min": 4.48064,
        "med": 8.642246,
        "max": 22.737661,
        "p(50)": 8.642246,
        "p(95)": 10.666413,
        "p(99)": 12.069471199999988,
        "avg": 8.710804088875532
      }
    },
    "http_req_duration{expected_response:true}": {
      "contains": "time",
      "values": {
        "min": 4.48064,
        "med": 8.642246,
        "max": 22.737661,
        "p(50)": 8.642246,
        "p(95)": 10.666413,
        "p(99)": 12.069471199999988,
        "avg": 8.710804088875532
      },
      "type": "trend"
    },
    "http_req_connecting": {
      "contains": "time",
      "values": {
        "p(50)": 0,
        "p(95)": 0,
        "p(99)": 5.561088999999999,
        "avg": 0.121644765350548,
        "min": 0,
        "med": 0,
        "max": 14.9838
      },
      "type": "trend"
    },
    "http_reqs": {
      "type": "counter",
      "contains": "default",
      "values": {
        "rate": 74.00275891142,
        "count": 6661
      }
    },
    "payload_bytes": {
      "type": "trend",
      "contains": "default",
      "values": {
        "p(50)": 7458,
        "p(95)": 12125,
        "p(99)": 13025,
        "avg": 7993.2625731872095,
        "min": 5330,
        "med": 7458,
        "max": 29291
      }
    },
    "http_req_failed": {
      "type": "rate",
      "contains": "default",
      "values": {
        "fails": 6661,
        "rate": 0,
        "passes": 0
      }
    },
    "data_received": {
      "values": {
        "count": 54989745,
        "rate": 610928.215258289
      },
      "type": "counter",
      "contains": "data"
    },
    "vus_max": {
      "contains": "default",
      "values": {
        "value": 148,
        "min": 148,
        "max": 148
      },
      "type": "gauge"
    },
    "http_req_duration": {
      "type": "trend",
      "contains": "time",
      "values": {
        "avg": 8.710804088875532,
        "min": 4.48064,
        "med": 8.642246,
        "max": 22.737661,
        "p(50)": 8.642246,
        "p(95)": 10.666413,
        "p(99)": 12.069471199999988
      }
    },
    "http_req_tls_handshaking": {
      "type": "trend",
      "contains": "time",
      "values": {
        "med": 0,
        "max": 0,
        "p(50)": 0,
        "p(95)": 0,
        "p(99)": 0,
        "avg": 0,
        "min": 0
      }
    },
    "round_trip_count": {
      "type": "trend",
      "contains": "default",
      "values": {
        "p(95)": 1,
        "p(99)": 1,
        "avg": 1,
        "min": 1,
        "med": 1,
        "max": 1,
        "p(50)": 1
      }
    },
    "http_req_blocked": {
      "type": "trend",
      "contains": "time",
      "values": {
        "p(95)": 0.01625,
        "p(99)": 5.657395999999997,
        "avg": 0.1320390701095918,
        "min": 0.00396,
        "med": 0.00718,
        "max": 15.109729,
        "p(50)": 0.00718
      }
    },
    "http_req_receiving": {
      "type": "trend",
      "contains": "time",
      "values": {
        "avg": 0.15084532802882447,
        "min": 0.04501,
        "med": 0.10484,
        "max": 7.502744,
        "p(50)": 0.10484,
        "p(95)": 0.170518,
        "p(99)": 0.2644003999999983
      }
    },
    "checks": {
      "contains": "default",
      "values": {
        "fails": 0,
        "rate": 1,
        "passes": 6661
      },
      "type": "rate"
    },
    "iterations": {
      "values": {
        "count": 6661,
        "rate": 74.00275891142
      },
      "type": "counter",
      "contains": "default"
    }
  }
}