{
  "metrics": {
    "http_req_waiting": {
      "type": "trend",
      "contains": "time",
      "values": {
        "min": 13.139662,
        "med": 19.905534000000003,
        "max": 66.582802,
        "p(50)": 19.905534000000003,
        "p(95)": 22.979939349999995,
        "p(99)": 28.411988329999794,
        "avg": 20.15561704400001
      }
    },
    "req_latency": {
      "type": "trend",
      "contains": "default",
      "values": {
        "p(50)": 20.047563500000003,
        "p(95)": 23.109757899999998,
        "p(99)": 28.57522642999979,
        "avg": 20.290548925333376,
        "min": 13.2591,
        "med": 20.047563500000003,
        "max": 66.86776
      }
    },
    "data_received": {
      "contains": "data",
      "values": {
        "count": 13128923,
        "rate": 145875.7681260827
      },
      "type": "counter"
    },
    "http_reqs": {
      "type": "counter",
      "contains": "default",
      "values": {
        "rate": 24.999802214064783,
        "count": 2250
      }
    },
    "vus_max": {
      "type": "gauge",
      "contains": "default",
      "values": {
        "value": 50,
        "min": 50,
        "max": 50
      }
    },
    "http_req_duration{expected_response:true}": {
      "type": "trend",
      "contains": "time",
      "values": {
        "avg": 20.290548925333376,
        "min": 13.2591,
        "med": 20.047563500000003,
        "max": 66.86776,
        "p(50)": 20.047563500000003,
        "p(95)": 23.109757899999998,
        "p(99)": 28.57522642999979
      }
    },
    "http_req_sending": {
      "values": {
        "p(95)": 0.05138994999999997,
        "p(99)": 0.11205239999999993,
        "avg": 0.030429236888888885,
        "min": 0.012509,
        "med": 0.026165,
        "max": 0.1817,
        "p(50)": 0.026165
      },
      "type": "trend",
      "contains": "time"
    },
    "http_req_receiving": {
      "type": "trend",
      "contains": "time",
      "values": {
        "p(95)": 0.15501999999999994,
        "p(99)": 0.21671059999999923,
        "avg": 0.10450264444444439,
        "min": 0.04652,
        "med": 0.097149,
        "max": 0.393737,
        "p(50)": 0.097149
      }
    },
    "checks": {
      "type": "rate",
      "contains": "default",
      "values": {
        "rate": 1,
        "passes": 4500,
        "fails": 0
      }
    },
    "payload_bytes": {
      "values": {
        "max": 6385,
        "p(50)": 5996,
        "p(95)": 6248,
        "p(99)": 6297,
        "avg": 5573.076888888889,
        "min": 1704,
        "med": 5996
      },
      "type": "trend",
      "contains": "default"
    },
    "data_sent": {
      "type": "counter",
      "contains": "data",
      "values": {
        "count": 666727,
        "rate": 7408.0191692341195
      }
    },
    "round_trip_count": {
      "type": "trend",
      "contains": "default",
      "values": {
        "avg": 1,
        "min": 1,
        "med": 1,
        "max": 1,
        "p(50)": 1,
        "p(95)": 1,
        "p(99)": 1
      }
    },
    "http_req_duration": {
      "type": "trend",
      "contains": "time",
      "values": {
        "avg": 20.290548925333376,
        "min": 13.2591,
        "med": 20.047563500000003,
        "max": 66.86776,
        "p(50)": 20.047563500000003,
        "p(95)": 23.109757899999998,
        "p(99)": 28.57522642999979
      }
    },
    "page_latency": {
      "type": "trend",
      "contains": "default",
      "values": {
        "p(50)": 20.047563500000003,
        "p(95)": 23.109757899999998,
        "p(99)": 28.57522642999979,
        "avg": 20.290548925333376,
        "min": 13.2591,
        "med": 20.047563500000003,
        "max": 66.86776
      }
    },
    "vus": {
      "type": "gauge",
      "contains": "default",
      "values": {
        "value": 0,
        "min": 0,
        "max": 1
      }
    },
    "http_req_blocked": {
      "type": "trend",
      "contains": "time",
      "values": {
        "avg": 0.12857611644444472,
        "min": 0.00415,
        "med": 0.00636,
        "max": 7.235688,
        "p(50)": 0.00636,
        "p(95)": 0.011699499999999976,
        "p(99)": 5.472997399999998
      }
    },
    "http_req_tls_handshaking": {
      "type": "trend",
      "contains": "time",
      "values": {
        "p(50)": 0,
        "p(95)": 0,
        "p(99)": 0,
        "avg": 0,
        "min": 0,
        "med": 0,
        "max": 0
      }
    },
    "iteration_duration": {
      "type": "trend",
      "contains": "time",
      "values": {
        "p(50)": 22.293364,
        "p(95)": 26.004450149999993,
        "p(99)": 32.78028602999994,
        "avg": 22.549154066666663,
        "min": 14.441021,
        "med": 22.293364,
        "max": 68.805943
      }
    },
    "http_req_connecting": {
      "type": "trend",
      "contains": "time",
      "values": {
        "med": 0,
        "max": 7.164128,
        "p(50)": 0,
        "p(95)": 0,
        "p(99)": 5.405082999999997,
        "avg": 0.11964376933333334,
        "min": 0
      }
    },
    "iterations": {
      "type": "counter",
      "contains": "default",
      "values": {
        "rate": 24.999802214064783,
        "count": 2250
      }
    },
    "http_req_failed": {
      "type": "rate",
      "contains": "default",
      "values": {
        "rate": 0,
        "passes": 0,
        "fails": 2250
      }
    }
  },
  "root_group": {
    "name": "",
    "path": "",
    "id": "d41d8cd98f00b204e9800998ecf8427e",
    "groups": [],
    "checks": [
        {
          "name": "status is 200",
          "path": "::status is 200",
          "id": "6210a8cd14cd70477eba5c5e4cb3fb5f",
          "passes": 2250,
          "fails": 0
        },
        {
          "fails": 0,
          "name": "no graphql errors",
          "path": "::no graphql errors",
          "id": "7c29382b2a87caa2e50f0d89170b649f",
          "passes": 2250
        }
      ]
  },
  "options": {
    "noColor": false,
    "summaryTrendStats": [
      "avg",
      "min",
      "med",
      "max",
      "p(50)",
      "p(95)",
      "p(99)"
    ],
    "summaryTimeUnit": ""
  },
  "state": {
    "isStdErrTTY": false,
    "testRunDurationMs": 90000.712035,
    "isStdOutTTY": false
  }
}