{
  "metrics": {
    "http_reqs": {
      "type": "counter",
      "contains": "default",
      "values": {
        "count": 6661,
        "rate": 73.99372606976706
      }
    },
    "iteration_duration": {
      "type": "trend",
      "contains": "time",
      "values": {
        "p(50)": 17.532327,
        "p(95)": 44.80439,
        "p(99)": 72.74700879999995,
        "avg": 20.23566670454892,
        "min": 12.251104,
        "med": 17.532327,
        "max": 120.219341
      }
    },
    "iterations": {
      "values": {
        "count": 6661,
        "rate": 73.99372606976706
      },
      "type": "counter",
      "contains": "default"
    },
    "page_latency": {
      "values": {
        "med": 16.322923,
        "max": 119.585808,
        "p(50)": 16.322923,
        "p(95)": 43.468436,
        "p(99)": 71.37943959999988,
        "avg": 18.983640081969725,
        "min": 11.707436
      },
      "type": "trend",
      "contains": "default"
    },
    "vus": {
      "type": "gauge",
      "contains": "default",
      "values": {
        "value": 1,
        "min": 1,
        "max": 7
      }
    },
    "http_req_tls_handshaking": {
      "type": "trend",
      "contains": "time",
      "values": {
        "max": 0,
        "p(50)": 0,
        "p(95)": 0,
        "p(99)": 0,
        "avg": 0,
        "min": 0,
        "med": 0
      }
    },
    "http_req_failed": {
      "type": "rate",
      "contains": "default",
      "values": {
        "passes": 0,
        "fails": 6661,
        "rate": 0
      }
    },
    "checks": {
      "type": "rate",
      "contains": "default",
      "values": {
        "rate": 1,
        "passes": 13322,
        "fails": 0
      }
    },
    "http_req_duration{expected_response:true}": {
      "values": {
        "p(95)": 43.468436,
        "p(99)": 71.37943959999988,
        "avg": 18.983640081969725,
        "min": 11.707436,
        "med": 16.322923,
        "max": 119.585808,
        "p(50)": 16.322923
      },
      "type": "trend",
      "contains": "time"
    },
    "http_req_receiving": {
      "values": {
        "avg": 0.22606773487464307,
        "min": 0.04074,
        "med": 0.09328,
        "max": 22.613246,
        "p(50)": 0.09328,
        "p(95)": 0.600379,
        "p(99)": 1.4732105999999967
      },
      "type": "trend",
      "contains": "time"
    },
    "req_latency": {
      "values": {
        "avg": 18.983640081969725,
        "min": 11.707436,
        "med": 16.322923,
        "max": 119.585808,
        "p(50)": 16.322923,
        "p(95)": 43.468436,
        "p(99)": 71.37943959999988
      },
      "type": "trend",
      "contains": "default"
    },
    "data_received": {
      "type": "counter",
      "contains": "data",
      "values": {
        "count": 14603961,
        "rate": 162228.11736489437
      }
    },
    "payload_bytes": {
      "type": "trend",
      "contains": "default",
      "values": {
        "avg": 1930.5467647500375,
        "min": 147,
        "med": 2197,
        "max": 2405,
        "p(50)": 2197,
        "p(95)": 2356,
        "p(99)": 2374
      }
    },
    "round_trip_count": {
      "values": {
        "avg": 1,
        "min": 1,
        "med": 1,
        "max": 1,
        "p(50)": 1,
        "p(95)": 1,
        "p(99)": 1
      },
      "type": "trend",
      "contains": "default"
    },
    "vus_max": {
      "type": "gauge",
      "contains": "default",
      "values": {
        "value": 148,
        "min": 148,
        "max": 148
      }
    },
    "http_req_connecting": {
      "type": "trend",
      "contains": "time",
      "values": {
        "avg": 0.12077696712205384,
        "min": 0,
        "med": 0,
        "max": 11.107276,
        "p(50)": 0,
        "p(95)": 0,
        "p(99)": 5.530500399999997
      }
    },
    "data_sent": {
      "type": "counter",
      "contains": "data",
      "values": {
        "count": 1968080,
        "rate": 21862.418916587172
      }
    },
    "http_req_duration": {
      "type": "trend",
      "contains": "time",
      "values": {
        "p(99)": 71.37943959999988,
        "avg": 18.983640081969725,
        "min": 11.707436,
        "med": 16.322923,
        "max": 119.585808,
        "p(50)": 16.322923,
        "p(95)": 43.468436
      }
    },
    "http_req_blocked": {
      "type": "trend",
      "contains": "time",
      "values": {
        "p(95)": 0.01375,
        "p(99)": 5.6239886,
        "avg": 0.13257081414202065,
        "min": 0.00442,
        "med": 0.00743,
        "max": 11.186096,
        "p(50)": 0.00743
      }
    },
    "http_req_sending": {
      "contains": "time",
      "values": {
        "med": 0.0284,
        "max": 2.287654,
        "p(50)": 0.0284,
        "p(95)": 0.05309,
        "p(99)": 0.11430799999999999,
        "avg": 0.03514878351598859,
        "min": 0.01326
      },
      "type": "trend"
    },
    "http_req_waiting": {
      "type": "trend",
      "contains": "time",
      "values": {
        "p(99)": 70.07865959999994,
        "avg": 18.722423563579113,
        "min": 11.550666,
        "med": 16.18949,
        "max": 117.920396,
        "p(50)": 16.18949,
        "p(95)": 40.861514
      }
    }
  },
  "root_group": {
    "name": "",
    "path": "",
    "id": "d41d8cd98f00b204e9800998ecf8427e",
    "groups": [],
    "checks": [
        {
          "name": "status is 200",
          "path": "::status is 200",
          "id": "6210a8cd14cd70477eba5c5e4cb3fb5f",
          "passes": 6661,
          "fails": 0
        },
        {
          "name": "no graphql errors",
          "path": "::no graphql errors",
          "id": "7c29382b2a87caa2e50f0d89170b649f",
          "passes": 6661,
          "fails": 0
        }
      ]
  },
  "options": {
    "summaryTimeUnit": "",
    "noColor": false,
    "summaryTrendStats": [
      "avg",
      "min",
      "med",
      "max",
      "p(50)",
      "p(95)",
      "p(99)"
    ]
  },
  "state": {
    "testRunDurationMs": 90021.145762,
    "isStdOutTTY": false,
    "isStdErrTTY": false
  }
}