{
  "options": {
    "noColor": false,
    "summaryTrendStats": [
      "avg",
      "min",
      "med",
      "max",
      "p(50)",
      "p(95)",
      "p(99)"
    ],
    "summaryTimeUnit": ""
  },
  "state": {
    "isStdOutTTY": false,
    "isStdErrTTY": false,
    "testRunDurationMs": 90008.361958
  },
  "metrics": {
    "data_received": {
      "type": "counter",
      "contains": "data",
      "values": {
        "count": 3136831,
        "rate": 34850.4398009567
      }
    },
    "checks": {
      "type": "rate",
      "contains": "default",
      "values": {
        "rate": 1,
        "passes": 6661,
        "fails": 0
      }
    },
    "iteration_duration": {
      "type": "trend",
      "contains": "time",
      "values": {
        "avg": 7.920740099234383,
        "min": 4.284664,
        "med": 7.789862,
        "max": 21.967709,
        "p(50)": 7.789862,
        "p(95)": 9.986494,
        "p(99)": 14.259556399999997
      }
    },
    "vus_max": {
      "values": {
        "value": 148,
        "min": 148,
        "max": 148
      },
      "type": "gauge",
      "contains": "default"
    },
    "http_req_blocked": {
      "contains": "time",
      "values": {
        "avg": 0.13413271415703185,
        "min": 0.0037,
        "med": 0.00651,
        "max": 13.057146,
        "p(50)": 0.00651,
        "p(95)": 0.01818,
        "p(99)": 5.711477999999997
      },
      "type": "trend"
    },
    "http_req_sending": {
      "type": "trend",
      "contains": "time",
      "values": {
        "p(99)": 0.10701499999999965,
        "avg": 0.027035841315117964,
        "min": 0.00929,
        "med": 0.023289,
        "max": 0.311027,
        "p(50)": 0.023289,
        "p(95)": 0.050049
      }
    },
    "http_req_receiving": {
      "type": "trend",
      "contains": "time",
      "values": {
        "med": 0.082559,
        "max": 0.620095,
        "p(50)": 0.082559,
        "p(95)": 0.136378,
        "p(99)": 0.18232399999999996,
        "avg": 0.08658719636691165,
        "min": 0.04152
      }
    },
    "iterations": {
      "contains": "default",
      "values": {
        "rate": 74.00423532991499,
        "count": 6661
      },
      "type": "counter"
    },
    "http_req_waiting": {
      "contains": "time",
      "values": {
        "avg": 7.395782914877627,
        "min": 3.725688,
        "med": 7.377817,
        "max": 12.194677,
        "p(50)": 7.377817,
        "p(95)": 9.241741,
        "p(99)": 10.097794999999996
      },
      "type": "trend"
    },
    "payload_bytes": {
      "type": "trend",
      "contains": "default",
      "values": {
        "max": 292,
        "p(50)": 211,
        "p(95)": 238,
        "p(99)": 263,
        "avg": 209.9249361957664,
        "min": 111,
        "med": 211
      }
    },
    "data_sent": {
      "type": "counter",
      "contains": "data",
      "values": {
        "count": 628718,
        "rate": 6985.106564803107
      }
    },
    "round_trip_count": {
      "type": "trend",
      "contains": "default",
      "values": {
        "med": 1,
        "max": 1,
        "p(50)": 1,
        "p(95)": 1,
        "p(99)": 1,
        "avg": 1,
        "min": 1
      }
    },
    "http_req_tls_handshaking": {
      "contains": "time",
      "values": {
        "p(99)": 0,
        "avg": 0,
        "min": 0,
        "med": 0,
        "max": 0,
        "p(50)": 0,
        "p(95)": 0
      },
      "type": "trend"
    },
    "http_req_failed": {
      "type": "rate",
      "contains": "default",
      "values": {
        "rate": 0,
        "passes": 0,
        "fails": 6661
      }
    },
    "vus": {
      "type": "gauge",
      "contains": "default",
      "values": {
        "value": 1,
        "min": 1,
        "max": 1
      }
    },
    "http_reqs": {
      "contains": "default",
      "values": {
        "count": 6661,
        "rate": 74.00423532991499
      },
      "type": "counter"
    },
    "http_req_connecting": {
      "type": "trend",
      "contains": "time",
      "values": {
        "max": 12.845068,
        "p(50)": 0,
        "p(95)": 0,
        "p(99)": 5.613150999999999,
        "avg": 0.12443048551268575,
        "min": 0,
        "med": 0
      }
    },
    "http_req_duration": {
      "type": "trend",
      "contains": "time",
      "values": {
        "med": 7.494515,
        "max": 12.330746,
        "p(50)": 7.494515,
        "p(95)": 9.366601,
        "p(99)": 10.215590599999999,
        "avg": 7.509405952559675,
        "min": 3.844927
      }
    },
    "req_latency": {
      "type": "trend",
      "contains": "default",
      "values": {
        "p(50)": 7.494515,
        "p(95)": 9.366601,
        "p(99)": 10.215590599999999,
        "avg": 7.509405952559675,
        "min": 3.844927,
        "med": 7.494515,
        "max": 12.330746
      }
    },
    "http_req_duration{expected_response:true}": {
      "values": {
        "p(95)": 9.366601,
        "p(99)": 10.215590599999999,
        "avg": 7.509405952559675,
        "min": 3.844927,
        "med": 7.494515,
        "max": 12.330746,
        "p(50)": 7.494515
      },
      "type": "trend",
      "contains": "time"
    }
  },
  "root_group": {
    "name": "",
    "path": "",
    "id": "d41d8cd98f00b204e9800998ecf8427e",
    "groups": [],
    "checks": [
        {
          "id": "6210a8cd14cd70477eba5c5e4cb3fb5f",
          "passes": 6661,
          "fails": 0,
          "name": "status is 200",
          "path": "::status is 200"
        }
      ]
  }
}