{
  "root_group": {
    "name": "",
    "path": "",
    "id": "d41d8cd98f00b204e9800998ecf8427e",
    "groups": [],
    "checks": [
        {
          "name": "status is 200",
          "path": "::status is 200",
          "id": "6210a8cd14cd70477eba5c5e4cb3fb5f",
          "passes": 35100,
          "fails": 0
        }
      ]
  },
  "options": {
    "summaryTrendStats": [
      "avg",
      "min",
      "med",
      "max",
      "p(50)",
      "p(95)",
      "p(99)"
    ],
    "summaryTimeUnit": "",
    "noColor": false
  },
  "state": {
    "isStdOutTTY": false,
    "isStdErrTTY": false,
    "testRunDurationMs": 96953.457728
  },
  "metrics": {
    "http_req_receiving": {
      "values": {
        "max": 293.589058,
        "p(50)": 35.494575499999996,
        "p(95)": 67.08262644999998,
        "p(99)": 223.0983507,
        "avg": 39.745104628376254,
        "min": 0.05604,
        "med": 35.494575499999996
      },
      "type": "trend",
      "contains": "time"
    },
    "checks": {
      "contains": "default",
      "values": {
        "rate": 1,
        "passes": 35100,
        "fails": 0
      },
      "type": "rate"
    },
    "payload_bytes": {
      "type": "trend",
      "contains": "default",
      "values": {
        "avg": 490.1657264957265,
        "min": 251,
        "med": 517,
        "max": 536,
        "p(50)": 517,
        "p(95)": 526,
        "p(99)": 529
      }
    },
    "req_latency": {
      "type": "trend",
      "contains": "default",
      "values": {
        "min": 5.819227,
        "med": 1291.2134704999999,
        "max": 1629.544563,
        "p(50)": 1291.2134704999999,
        "p(95)": 1542.7532364499998,
        "p(99)": 1578.4459889000002,
        "avg": 1102.0989280479232
      }
    },
    "http_req_duration{expected_response:true}": {
      "type": "trend",
      "contains": "time",
      "values": {
        "med": 1291.2134704999999,
        "max": 1629.544563,
        "p(50)": 1291.2134704999999,
        "p(95)": 1542.7532364499998,
        "p(99)": 1578.4459889000002,
        "avg": 1102.0989280479232,
        "min": 5.819227
      }
    },
    "round_trip_count": {
      "contains": "default",
      "values": {
        "p(95)": 10,
        "p(99)": 10,
        "avg": 10,
        "min": 10,
        "med": 10,
        "max": 10,
        "p(50)": 10
      },
      "type": "trend"
    },
    "http_req_duration": {
      "type": "trend",
      "contains": "time",
      "values": {
        "min": 5.819227,
        "med": 1291.2134704999999,
        "max": 1629.544563,
        "p(50)": 1291.2134704999999,
        "p(95)": 1542.7532364499998,
        "p(99)": 1578.4459889000002,
        "avg": 1102.0989280479232
      }
    },
    "http_req_connecting": {
      "type": "trend",
      "contains": "time",
      "values": {
        "min": 0,
        "med": 0,
        "max": 16.220873,
        "p(50)": 0,
        "p(95)": 0,
        "p(99)": 5.083814400000003,
        "avg": 0.08296731267806272
      }
    },
    "data_received": {
      "type": "counter",
      "contains": "data",
      "values": {
        "count": 26365917,
        "rate": 271944.06076747447
      }
    },
    "http_req_tls_handshaking": {
      "type": "trend",
      "contains": "time",
      "values": {
        "med": 0,
        "max": 0,
        "p(50)": 0,
        "p(95)": 0,
        "p(99)": 0,
        "avg": 0,
        "min": 0
      }
    },
    "iterations": {
      "contains": "default",
      "values": {
        "rate": 36.20293780390173,
        "count": 3510
      },
      "type": "counter"
    },
    "vus_max": {
      "type": "gauge",
      "contains": "default",
      "values": {
        "value": 520,
        "min": 104,
        "max": 520
      }
    },
    "page_latency": {
      "type": "trend",
      "contains": "default",
      "values": {
        "avg": 11020.989280479216,
        "min": 96.64246899999999,
        "med": 12866.887159,
        "max": 15167.707367,
        "p(50)": 12866.887159,
        "p(95)": 14923.0148243,
        "p(99)": 15062.033115720002
      }
    },
    "http_req_waiting": {
      "type": "trend",
      "contains": "time",
      "values": {
        "min": 5.739717,
        "med": 1242.8996695,
        "max": 1608.64231,
        "p(50)": 1242.8996695,
        "p(95)": 1508.7397454000002,
        "p(99)": 1543.55283749,
        "avg": 1062.3344552047329
      }
    },
    "http_req_failed": {
      "type": "rate",
      "contains": "default",
      "values": {
        "rate": 0,
        "passes": 0,
        "fails": 35100
      }
    },
    "dropped_iterations": {
      "values": {
        "count": 1171,
        "rate": 12.07796016192847
      },
      "type": "counter",
      "contains": "default"
    },
    "data_sent": {
      "type": "counter",
      "contains": "data",
      "values": {
        "count": 3574066,
        "rate": 36863.72908975495
      }
    },
    "iteration_duration": {
      "type": "trend",
      "contains": "time",
      "values": {
        "med": 12868.6274785,
        "max": 15174.68436,
        "p(50)": 12868.6274785,
        "p(95)": 14926.077857549999,
        "p(99)": 15063.8683193,
        "avg": 11023.80449064703,
        "min": 105.613242
      }
    },
    "http_req_blocked": {
      "type": "trend",
      "contains": "time",
      "values": {
        "min": 0.00239,
        "med": 0.00422,
        "max": 16.303093,
        "p(50)": 0.00422,
        "p(95)": 0.01021,
        "p(99)": 5.174302810000001,
        "avg": 0.08957729977208637
      }
    },
    "vus": {
      "type": "gauge",
      "contains": "default",
      "values": {
        "value": 40,
        "min": 10,
        "max": 520
      }
    },
    "http_reqs": {
      "values": {
        "count": 35100,
        "rate": 362.02937803901733
      },
      "type": "counter",
      "contains": "default"
    },
    "http_req_sending": {
      "values": {
        "p(95)": 0.036540999999999914,
        "p(99)": 0.09510460000000094,
        "avg": 0.0193682148148147,
        "min": 0.00801,
        "med": 0.01376,
        "max": 5.760147,
        "p(50)": 0.01376
      },
      "type": "trend",
      "contains": "time"
    }
  }
}