{
  "state": {
    "isStdOutTTY": false,
    "isStdErrTTY": false,
    "testRunDurationMs": 90000.682973
  },
  "metrics": {
    "http_req_sending": {
      "contains": "time",
      "values": {
        "min": 0.01065,
        "med": 0.02633,
        "max": 0.241993,
        "p(50)": 0.02633,
        "p(95)": 0.05457849999999998,
        "p(99)": 0.09914909999999923,
        "avg": 0.03042952844444446
      },
      "type": "trend"
    },
    "data_sent": {
      "contains": "data",
      "values": {
        "count": 598493,
        "rate": 6649.871759079279
      },
      "type": "counter"
    },
    "req_latency": {
      "type": "trend",
      "contains": "default",
      "values": {
        "p(99)": 20.081313959999992,
        "avg": 13.375575463555561,
        "min": 9.041346,
        "med": 12.8554735,
        "max": 65.616122,
        "p(50)": 12.8554735,
        "p(95)": 16.5261607
      }
    },
    "iterations": {
      "type": "counter",
      "contains": "default",
      "values": {
        "count": 2250,
        "rate": 24.999810286717434
      }
    },
    "checks": {
      "type": "rate",
      "contains": "default",
      "values": {
        "fails": 0,
        "rate": 1,
        "passes": 4500
      }
    },
    "http_req_blocked": {
      "type": "trend",
      "contains": "time",
      "values": {
        "avg": 0.1260490484444448,
        "min": 0.00376,
        "med": 0.0065655,
        "max": 7.449175,
        "p(50)": 0.0065655,
        "p(95)": 0.013265449999999974,
        "p(99)": 5.324436389999995
      }
    },
    "payload_bytes": {
      "type": "trend",
      "contains": "default",
      "values": {
        "med": 447,
        "max": 29406,
        "p(50)": 447,
        "p(95)": 547,
        "p(99)": 549,
        "avg": 518.7742222222222,
        "min": 242
      }
    },
    "http_req_waiting": {
      "type": "trend",
      "contains": "time",
      "values": {
        "avg": 13.240515797333341,
        "min": 8.924644,
        "med": 12.735201,
        "max": 65.204298,
        "p(50)": 12.735201,
        "p(95)": 16.37891565,
        "p(99)": 19.873760239999978
      }
    },
    "vus_max": {
      "type": "gauge",
      "contains": "default",
      "values": {
        "max": 50,
        "value": 50,
        "min": 50
      }
    },
    "http_req_tls_handshaking": {
      "type": "trend",
      "contains": "time",
      "values": {
        "p(50)": 0,
        "p(95)": 0,
        "p(99)": 0,
        "avg": 0,
        "min": 0,
        "med": 0,
        "max": 0
      }
    },
    "data_received": {
      "type": "counter",
      "contains": "data",
      "values": {
        "rate": 19494.29651024255,
        "count": 1754500
      }
    },
    "http_req_duration": {
      "type": "trend",
      "contains": "time",
      "values": {
        "min": 9.041346,
        "med": 12.8554735,
        "max": 65.616122,
        "p(50)": 12.8554735,
        "p(95)": 16.5261607,
        "p(99)": 20.081313959999992,
        "avg": 13.375575463555561
      }
    },
    "vus": {
      "type": "gauge",
      "contains": "default",
      "values": {
        "value": 0,
        "min": 0,
        "max": 1
      }
    },
    "http_reqs": {
      "type": "counter",
      "contains": "default",
      "values": {
        "count": 2250,
        "rate": 24.999810286717434
      }
    },
    "http_req_connecting": {
      "type": "trend",
      "contains": "time",
      "values": {
        "p(95)": 0,
        "p(99)": 5.241671599999995,
        "avg": 0.11687335066666667,
        "min": 0,
        "med": 0,
        "max": 7.377094,
        "p(50)": 0
      }
    },
    "http_req_duration{expected_response:true}": {
      "contains": "time",
      "values": {
        "min": 9.041346,
        "med": 12.8554735,
        "max": 65.616122,
        "p(50)": 12.8554735,
        "p(95)": 16.5261607,
        "p(99)": 20.081313959999992,
        "avg": 13.375575463555561
      },
      "type": "trend"
    },
    "round_trip_count": {
      "type": "trend",
      "contains": "default",
      "values": {
        "min": 1,
        "med": 1,
        "max": 1,
        "p(50)": 1,
        "p(95)": 1,
        "p(99)": 1,
        "avg": 1
      }
    },
    "http_req_receiving": {
      "type": "trend",
      "contains": "time",
      "values": {
        "p(50)": 0.08624100000000001,
        "p(95)": 0.15238949999999982,
        "p(99)": 0.2343202899999998,
        "avg": 0.10463013777777767,
        "min": 0.044,
        "med": 0.08624100000000001,
        "max": 6.39305
      }
    },
    "http_req_failed": {
      "type": "rate",
      "contains": "default",
      "values": {
        "rate": 0,
        "passes": 0,
        "fails": 2250
      }
    },
    "iteration_duration": {
      "type": "trend",
      "contains": "time",
      "values": {
        "p(99)": 22.92344083999969,
        "avg": 14.119501950222222,
        "min": 9.719122,
        "med": 13.4756435,
        "max": 66.089825,
        "p(50)": 13.4756435,
        "p(95)": 17.783306349999993
      }
    }
  },
  "root_group": {
    "groups": [],
    "checks": [
        {
          "name": "status is 200",
          "path": "::status is 200",
          "id": "6210a8cd14cd70477eba5c5e4cb3fb5f",
          "passes": 2250,
          "fails": 0
        },
        {
          "name": "no graphql errors",
          "path": "::no graphql errors",
          "id": "7c29382b2a87caa2e50f0d89170b649f",
          "passes": 2250,
          "fails": 0
        }
      ],
    "name": "",
    "path": "",
    "id": "d41d8cd98f00b204e9800998ecf8427e"
  },
  "options": {
    "summaryTimeUnit": "",
    "noColor": false,
    "summaryTrendStats": [
      "avg",
      "min",
      "med",
      "max",
      "p(50)",
      "p(95)",
      "p(99)"
    ]
  }
}