{
  "options": {
    "summaryTrendStats": [
      "avg",
      "min",
      "med",
      "max",
      "p(50)",
      "p(95)",
      "p(99)"
    ],
    "summaryTimeUnit": "",
    "noColor": false
  },
  "state": {
    "isStdOutTTY": false,
    "isStdErrTTY": false,
    "testRunDurationMs": 96566.735725
  },
  "metrics": {
    "http_req_duration": {
      "type": "trend",
      "contains": "time",
      "values": {
        "p(99)": 14328.717506000003,
        "avg": 6771.113254898229,
        "min": 28.965432,
        "med": 6913.486677999999,
        "max": 17450.795326,
        "p(50)": 6913.486677999999,
        "p(95)": 11661.777541
      }
    },
    "req_latency": {
      "values": {
        "med": 6913.486677999999,
        "max": 17450.795326,
        "p(50)": 6913.486677999999,
        "p(95)": 11661.777541,
        "p(99)": 14328.717506000003,
        "avg": 6771.113254898229,
        "min": 28.965432
      },
      "type": "trend",
      "contains": "default"
    },
    "http_req_duration{expected_response:true}": {
      "type": "trend",
      "contains": "time",
      "values": {
        "p(99)": 14328.717506000003,
        "avg": 6771.113254898229,
        "min": 28.965432,
        "med": 6913.486677999999,
        "max": 17450.795326,
        "p(50)": 6913.486677999999,
        "p(95)": 11661.777541
      }
    },
    "data_received": {
      "type": "counter",
      "contains": "data",
      "values": {
        "count": 48724569,
        "rate": 504568.87285448314
      }
    },
    "checks": {
      "type": "rate",
      "contains": "default",
      "values": {
        "rate": 1,
        "passes": 11792,
        "fails": 0
      }
    },
    "round_trip_count": {
      "type": "trend",
      "contains": "default",
      "values": {
        "max": 1,
        "p(50)": 1,
        "p(95)": 1,
        "p(99)": 1,
        "avg": 1,
        "min": 1,
        "med": 1
      }
    },
    "iteration_duration": {
      "type": "trend",
      "contains": "time",
      "values": {
        "med": 6917.3556735,
        "max": 17460.44874,
        "p(50)": 6917.3556735,
        "p(95)": 11671.2555215,
        "p(99)": 14338.636531150003,
        "avg": 6775.299003291065,
        "min": 40.144535
      }
    },
    "data_sent": {
      "type": "counter",
      "contains": "data",
      "values": {
        "count": 1564730,
        "rate": 16203.612851282387
      }
    },
    "http_reqs": {
      "contains": "default",
      "values": {
        "count": 5896,
        "rate": 61.05622143830626
      },
      "type": "counter"
    },
    "iterations": {
      "type": "counter",
      "contains": "default",
      "values": {
        "count": 5896,
        "rate": 61.05622143830626
      }
    },
    "vus_max": {
      "contains": "default",
      "values": {
        "value": 740,
        "min": 148,
        "max": 740
      },
      "type": "gauge"
    },
    "http_req_blocked": {
      "type": "trend",
      "contains": "time",
      "values": {
        "avg": 0.7174620468114024,
        "min": 0.0033,
        "med": 0.0079,
        "max": 33.081168,
        "p(50)": 0.0079,
        "p(95)": 5.778011,
        "p(99)": 7.079172500000006
      }
    },
    "http_req_receiving": {
      "contains": "time",
      "values": {
        "p(50)": 634.1795374999999,
        "p(95)": 2235.1201355000003,
        "p(99)": 4412.624375400001,
        "avg": 886.7467081970786,
        "min": 0.372049,
        "med": 634.1795374999999,
        "max": 4480.231121
      },
      "type": "trend"
    },
    "http_req_waiting": {
      "type": "trend",
      "contains": "time",
      "values": {
        "avg": 5884.308784788503,
        "min": 28.339882,
        "med": 5799.600753,
        "max": 16288.832819,
        "p(50)": 5799.600753,
        "p(95)": 10786.244993,
        "p(99)": 13387.291092900005
      }
    },
    "http_req_connecting": {
      "type": "trend",
      "contains": "time",
      "values": {
        "p(50)": 0,
        "p(95)": 5.661804249999999,
        "p(99)": 6.956432000000001,
        "avg": 0.6931127644165532,
        "min": 0,
        "med": 0,
        "max": 32.996218
      }
    },
    "http_req_failed": {
      "contains": "default",
      "values": {
        "rate": 0,
        "passes": 0,
        "fails": 5896
      },
      "type": "rate"
    },
    "payload_bytes": {
      "type": "trend",
      "contains": "default",
      "values": {
        "p(99)": 13044,
        "avg": 8001.776289009498,
        "min": 5349,
        "med": 7359,
        "max": 29310,
        "p(50)": 7359,
        "p(95)": 12152
      }
    },
    "dropped_iterations": {
      "type": "counter",
      "contains": "default",
      "values": {
        "count": 765,
        "rate": 7.921982598423387
      }
    },
    "vus": {
      "type": "gauge",
      "contains": "default",
      "values": {
        "max": 740,
        "value": 377,
        "min": 16
      }
    },
    "http_req_tls_handshaking": {
      "type": "trend",
      "contains": "time",
      "values": {
        "min": 0,
        "med": 0,
        "max": 0,
        "p(50)": 0,
        "p(95)": 0,
        "p(99)": 0,
        "avg": 0
      }
    },
    "http_req_sending": {
      "type": "trend",
      "contains": "time",
      "values": {
        "avg": 0.05776191265264609,
        "min": 0.0115,
        "med": 0.029169,
        "max": 15.661311,
        "p(50)": 0.029169,
        "p(95)": 0.12738225,
        "p(99)": 0.2061195000000005
      }
    }
  },
  "root_group": {
    "checks": [
      {
        "fails": 0,
        "name": "status is 200",
        "path": "::status is 200",
        "id": "6210a8cd14cd70477eba5c5e4cb3fb5f",
        "passes": 5896
      },
      {
        "name": "no graphql errors",
        "path": "::no graphql errors",
        "id": "7c29382b2a87caa2e50f0d89170b649f",
        "passes": 5896,
        "fails": 0
      }
    ],
    "name": "",
    "path": "",
    "id": "d41d8cd98f00b204e9800998ecf8427e",
    "groups": []
  }
}