{
  "state": {
    "isStdOutTTY": false,
    "isStdErrTTY": false,
    "testRunDurationMs": 90000.896503
  },
  "metrics": {
    "http_req_blocked": {
      "type": "trend",
      "contains": "time",
      "values": {
        "p(50)": 0.00693,
        "p(95)": 0.01983199999999999,
        "p(99)": 5.5010840899999875,
        "avg": 0.12741562800000036,
        "min": 0.00432,
        "med": 0.00693,
        "max": 7.376744
      }
    },
    "iteration_duration": {
      "values": {
        "max": 24.169601,
        "p(50)": 7.9269704999999995,
        "p(95)": 9.95202395,
        "p(99)": 14.10711550999997,
        "avg": 8.04577909066667,
        "min": 4.13605,
        "med": 7.9269704999999995
      },
      "type": "trend",
      "contains": "time"
    },
    "http_req_tls_handshaking": {
      "type": "trend",
      "contains": "time",
      "values": {
        "max": 0,
        "p(50)": 0,
        "p(95)": 0,
        "p(99)": 0,
        "avg": 0,
        "min": 0,
        "med": 0
      }
    },
    "http_req_waiting": {
      "type": "trend",
      "contains": "time",
      "values": {
        "max": 15.542563,
        "p(50)": 7.442318,
        "p(95)": 9.114798050000001,
        "p(99)": 9.90969599,
        "avg": 7.463283984000006,
        "min": 3.741752,
        "med": 7.442318
      }
    },
    "iterations": {
      "type": "counter",
      "contains": "default",
      "values": {
        "count": 2250,
        "rate": 24.99975097386947
      }
    },
    "http_req_failed": {
      "type": "rate",
      "contains": "default",
      "values": {
        "passes": 0,
        "fails": 2250,
        "rate": 0
      }
    },
    "req_latency": {
      "type": "trend",
      "contains": "default",
      "values": {
        "p(50)": 7.5663725,
        "p(95)": 9.2344246,
        "p(99)": 10.027832899999998,
        "avg": 7.590582698222229,
        "min": 3.854482,
        "med": 7.5663725,
        "max": 20.841657
      }
    },
    "http_req_duration": {
      "type": "trend",
      "contains": "time",
      "values": {
        "max": 20.841657,
        "p(50)": 7.5663725,
        "p(95)": 9.2344246,
        "p(99)": 10.027832899999998,
        "avg": 7.590582698222229,
        "min": 3.854482,
        "med": 7.5663725
      }
    },
    "http_reqs": {
      "type": "counter",
      "contains": "default",
      "values": {
        "count": 2250,
        "rate": 24.99975097386947
      }
    },
    "http_req_receiving": {
      "type": "trend",
      "contains": "time",
      "values": {
        "p(95)": 0.13571394999999994,
        "p(99)": 0.18287709999999993,
        "avg": 0.09747127155555556,
        "min": 0.045719,
        "med": 0.0876595,
        "max": 6.107929,
        "p(50)": 0.0876595
      }
    },
    "data_sent": {
      "type": "counter",
      "contains": "data",
      "values": {
        "count": 332991,
        "rate": 3699.8631451287865
      }
    },
    "checks": {
      "type": "rate",
      "contains": "default",
      "values": {
        "fails": 0,
        "rate": 1,
        "passes": 2250
      }
    },
    "vus_max": {
      "type": "gauge",
      "contains": "default",
      "values": {
        "min": 50,
        "max": 50,
        "value": 50
      }
    },
    "http_req_duration{expected_response:true}": {
      "values": {
        "p(50)": 7.5663725,
        "p(95)": 9.2344246,
        "p(99)": 10.027832899999998,
        "avg": 7.590582698222229,
        "min": 3.854482,
        "med": 7.5663725,
        "max": 20.841657
      },
      "type": "trend",
      "contains": "time"
    },
    "http_req_connecting": {
      "type": "trend",
      "contains": "time",
      "values": {
        "avg": 0.11693673511111112,
        "min": 0,
        "med": 0,
        "max": 7.296155,
        "p(50)": 0,
        "p(95)": 0,
        "p(99)": 5.370503679999984
      }
    },
    "http_req_sending": {
      "type": "trend",
      "contains": "time",
      "values": {
        "p(99)": 0.11962379999999966,
        "avg": 0.029827442666666728,
        "min": 0.01168,
        "med": 0.02554,
        "max": 0.345808,
        "p(50)": 0.02554,
        "p(95)": 0.053856499999999995
      }
    },
    "data_received": {
      "contains": "data",
      "values": {
        "count": 1650915,
        "rate": 18343.317279566985
      },
      "type": "counter"
    },
    "payload_bytes": {
      "type": "trend",
      "contains": "default",
      "values": {
        "avg": 472.73822222222225,
        "min": 223,
        "med": 428,
        "max": 29387,
        "p(50)": 428,
        "p(95)": 527,
        "p(99)": 529.5099999999998
      }
    },
    "round_trip_count": {
      "type": "trend",
      "contains": "default",
      "values": {
        "med": 1,
        "max": 1,
        "p(50)": 1,
        "p(95)": 1,
        "p(99)": 1,
        "avg": 1,
        "min": 1
      }
    },
    "vus": {
      "type": "gauge",
      "contains": "default",
      "values": {
        "value": 0,
        "min": 0,
        "max": 0
      }
    }
  },
  "root_group": {
    "checks": [
      {
        "id": "6210a8cd14cd70477eba5c5e4cb3fb5f",
        "passes": 2250,
        "fails": 0,
        "name": "status is 200",
        "path": "::status is 200"
      }
    ],
    "name": "",
    "path": "",
    "id": "d41d8cd98f00b204e9800998ecf8427e",
    "groups": []
  },
  "options": {
    "noColor": false,
    "summaryTrendStats": [
      "avg",
      "min",
      "med",
      "max",
      "p(50)",
      "p(95)",
      "p(99)"
    ],
    "summaryTimeUnit": ""
  }
}