{
  "metrics": {
    "http_req_waiting": {
      "type": "trend",
      "contains": "time",
      "values": {
        "p(50)": 7.118819,
        "p(95)": 8.815233,
        "p(99)": 9.569214799999997,
        "avg": 7.115926265425577,
        "min": 3.096313,
        "med": 7.118819,
        "max": 17.042975
      }
    },
    "data_received": {
      "type": "counter",
      "contains": "data",
      "values": {
        "count": 4952775,
        "rate": 55025.50165997158
      }
    },
    "vus": {
      "type": "gauge",
      "contains": "default",
      "values": {
        "value": 0,
        "min": 0,
        "max": 1
      }
    },
    "http_req_sending": {
      "type": "trend",
      "contains": "time",
      "values": {
        "p(99)": 0.12508339999999998,
        "avg": 0.030890033778711815,
        "min": 0.01178,
        "med": 0.02657,
        "max": 0.301877,
        "p(50)": 0.02657,
        "p(95)": 0.054089
      }
    },
    "iterations": {
      "type": "counter",
      "contains": "default",
      "values": {
        "rate": 74.00394052971733,
        "count": 6661
      }
    },
    "vus_max": {
      "type": "gauge",
      "contains": "default",
      "values": {
        "value": 148,
        "min": 148,
        "max": 148
      }
    },
    "round_trip_count": {
      "contains": "default",
      "values": {
        "max": 1,
        "p(50)": 1,
        "p(95)": 1,
        "p(99)": 1,
        "avg": 1,
        "min": 1,
        "med": 1
      },
      "type": "trend"
    },
    "http_req_duration": {
      "type": "trend",
      "contains": "time",
      "values": {
        "p(99)": 9.706761,
        "avg": 7.2460861821047935,
        "min": 3.216522,
        "med": 7.240908,
        "max": 22.535488,
        "p(50)": 7.240908,
        "p(95)": 8.947844
      }
    },
    "req_latency": {
      "type": "trend",
      "contains": "default",
      "values": {
        "med": 7.240908,
        "max": 22.535488,
        "p(50)": 7.240908,
        "p(95)": 8.947844,
        "p(99)": 9.706761,
        "avg": 7.2460861821047935,
        "min": 3.216522
      }
    },
    "payload_bytes": {
      "type": "trend",
      "contains": "default",
      "values": {
        "min": 223,
        "med": 428,
        "max": 29387,
        "p(50)": 428,
        "p(95)": 527,
        "p(99)": 530,
        "avg": 482.54586398438676
      }
    },
    "http_req_duration{expected_response:true}": {
      "contains": "time",
      "values": {
        "med": 7.240908,
        "max": 22.535488,
        "p(50)": 7.240908,
        "p(95)": 8.947844,
        "p(99)": 9.706761,
        "avg": 7.2460861821047935,
        "min": 3.216522
      },
      "type": "trend"
    },
    "http_req_tls_handshaking": {
      "type": "trend",
      "contains": "time",
      "values": {
        "min": 0,
        "med": 0,
        "max": 0,
        "p(50)": 0,
        "p(95)": 0,
        "p(99)": 0,
        "avg": 0
      }
    },
    "data_sent": {
      "type": "counter",
      "contains": "data",
      "values": {
        "count": 985806,
        "rate": 10952.338777636769
      }
    },
    "http_req_failed": {
      "type": "rate",
      "contains": "default",
      "values": {
        "rate": 0,
        "passes": 0,
        "fails": 6661
      }
    },
    "http_reqs": {
      "type": "counter",
      "contains": "default",
      "values": {
        "count": 6661,
        "rate": 74.00394052971733
      }
    },
    "http_req_blocked": {
      "type": "trend",
      "contains": "time",
      "values": {
        "p(95)": 0.017309,
        "p(99)": 5.597505,
        "avg": 0.13432119651703847,
        "min": 0.00452,
        "med": 0.00728,
        "max": 13.519209,
        "p(50)": 0.00728
      }
    },
    "http_req_connecting": {
      "type": "trend",
      "contains": "time",
      "values": {
        "avg": 0.12377564134514334,
        "min": 0,
        "med": 0,
        "max": 13.439611,
        "p(50)": 0,
        "p(95)": 0,
        "p(99)": 5.4894225999999895
      }
    },
    "http_req_receiving": {
      "contains": "time",
      "values": {
        "p(99)": 0.17802239999999955,
        "avg": 0.0992698829004655,
        "min": 0.038899,
        "med": 0.090209,
        "max": 7.050499,
        "p(50)": 0.090209,
        "p(95)": 0.133879
      },
      "type": "trend"
    },
    "checks": {
      "values": {
        "rate": 1,
        "passes": 6661,
        "fails": 0
      },
      "type": "rate",
      "contains": "default"
    },
    "iteration_duration": {
      "type": "trend",
      "contains": "time",
      "values": {
        "med": 7.566416,
        "max": 22.874387,
        "p(50)": 7.566416,
        "p(95)": 9.538459,
        "p(99)": 14.062254999999974,
        "avg": 7.685669846419458,
        "min": 3.566249
      }
    }
  },
  "root_group": {
    "path": "",
    "id": "d41d8cd98f00b204e9800998ecf8427e",
    "groups": [],
    "checks": [
        {
          "name": "status is 200",
          "path": "::status is 200",
          "id": "6210a8cd14cd70477eba5c5e4cb3fb5f",
          "passes": 6661,
          "fails": 0
        }
      ],
    "name": ""
  },
  "options": {
    "summaryTrendStats": [
      "avg",
      "min",
      "med",
      "max",
      "p(50)",
      "p(95)",
      "p(99)"
    ],
    "summaryTimeUnit": "",
    "noColor": false
  },
  "state": {
    "isStdErrTTY": false,
    "testRunDurationMs": 90008.720513,
    "isStdOutTTY": false
  }
}