{
  "metrics": {
    "iteration_duration": {
      "type": "trend",
      "contains": "time",
      "values": {
        "avg": 7.644055510666661,
        "min": 3.414599,
        "med": 7.5449985,
        "max": 38.687357,
        "p(50)": 7.5449985,
        "p(95)": 9.524609950000002,
        "p(99)": 13.824008100000004
      }
    },
    "http_req_waiting": {
      "type": "trend",
      "contains": "time",
      "values": {
        "p(95)": 8.774798100000002,
        "p(99)": 9.523322890000001,
        "avg": 7.070946128888875,
        "min": 2.933833,
        "med": 7.086971999999999,
        "max": 31.519903,
        "p(50)": 7.086971999999999
      }
    },
    "data_received": {
      "type": "counter",
      "contains": "data",
      "values": {
        "count": 2630547,
        "rate": 29227.841615538146
      }
    },
    "http_req_duration": {
      "type": "trend",
      "contains": "time",
      "values": {
        "p(99)": 9.664743990000002,
        "avg": 7.195571013111112,
        "min": 3.064703,
        "med": 7.202211500000001,
        "max": 31.82003,
        "p(50)": 7.202211500000001,
        "p(95)": 8.913824400000001
      }
    },
    "http_req_blocked": {
      "contains": "time",
      "values": {
        "min": 0.00431,
        "med": 0.00717,
        "max": 11.143549,
        "p(50)": 0.00717,
        "p(95)": 0.021331000000000003,
        "p(99)": 5.420702480000014,
        "avg": 0.12744609822222155
      },
      "type": "trend"
    },
    "vus": {
      "type": "gauge",
      "contains": "default",
      "values": {
        "min": 0,
        "max": 1,
        "value": 0
      }
    },
    "vus_max": {
      "type": "gauge",
      "contains": "default",
      "values": {
        "value": 100,
        "min": 100,
        "max": 100
      }
    },
    "checks": {
      "type": "rate",
      "contains": "default",
      "values": {
        "rate": 1,
        "passes": 4500,
        "fails": 0
      }
    },
    "req_latency": {
      "values": {
        "p(95)": 8.913824400000001,
        "p(99)": 9.664743990000002,
        "avg": 7.195571013111112,
        "min": 3.064703,
        "med": 7.202211500000001,
        "max": 31.82003,
        "p(50)": 7.202211500000001
      },
      "type": "trend",
      "contains": "default"
    },
    "round_trip_count": {
      "type": "trend",
      "contains": "default",
      "values": {
        "avg": 1,
        "min": 1,
        "med": 1,
        "max": 1,
        "p(50)": 1,
        "p(95)": 1,
        "p(99)": 1
      }
    },
    "iterations": {
      "contains": "default",
      "values": {
        "count": 4500,
        "rate": 49.99921585507564
      },
      "type": "counter"
    },
    "http_req_tls_handshaking": {
      "values": {
        "med": 0,
        "max": 0,
        "p(50)": 0,
        "p(95)": 0,
        "p(99)": 0,
        "avg": 0,
        "min": 0
      },
      "type": "trend",
      "contains": "time"
    },
    "http_req_receiving": {
      "contains": "time",
      "values": {
        "max": 2.374948,
        "p(50)": 0.089779,
        "p(95)": 0.14089445000000006,
        "p(99)": 0.16996490000000034,
        "avg": 0.09387769911111078,
        "min": 0.04513,
        "med": 0.089779
      },
      "type": "trend"
    },
    "http_reqs": {
      "type": "counter",
      "contains": "default",
      "values": {
        "count": 4500,
        "rate": 49.99921585507564
      }
    },
    "http_req_duration{expected_response:true}": {
      "type": "trend",
      "contains": "time",
      "values": {
        "avg": 7.195571013111112,
        "min": 3.064703,
        "med": 7.202211500000001,
        "max": 31.82003,
        "p(50)": 7.202211500000001,
        "p(95)": 8.913824400000001,
        "p(99)": 9.664743990000002
      }
    },
    "data_sent": {
      "type": "counter",
      "contains": "data",
      "values": {
        "rate": 8899.727090961183,
        "count": 800988
      }
    },
    "http_req_connecting": {
      "type": "trend",
      "contains": "time",
      "values": {
        "max": 11.04963,
        "p(50)": 0,
        "p(95)": 0,
        "p(99)": 5.314840070000017,
        "avg": 0.11623805844444443,
        "min": 0,
        "med": 0
      }
    },
    "http_req_sending": {
      "contains": "time",
      "values": {
        "avg": 0.030747185111111207,
        "min": 0.01191,
        "med": 0.026319,
        "max": 2.087641,
        "p(50)": 0.026319,
        "p(95)": 0.05385700000000006,
        "p(99)": 0.12751140000000005
      },
      "type": "trend"
    },
    "payload_bytes": {
      "values": {
        "avg": 323.566,
        "min": 128,
        "med": 328,
        "max": 528,
        "p(50)": 328,
        "p(95)": 428,
        "p(99)": 431
      },
      "type": "trend",
      "contains": "default"
    },
    "http_req_failed": {
      "values": {
        "rate": 0,
        "passes": 0,
        "fails": 4500
      },
      "type": "rate",
      "contains": "default"
    }
  },
  "root_group": {
    "path": "",
    "id": "d41d8cd98f00b204e9800998ecf8427e",
    "groups": [],
    "checks": [
        {
          "name": "status is 200",
          "path": "::status is 200",
          "id": "6210a8cd14cd70477eba5c5e4cb3fb5f",
          "passes": 4500,
          "fails": 0
        }
      ],
    "name": ""
  },
  "options": {
    "summaryTrendStats": [
      "avg",
      "min",
      "med",
      "max",
      "p(50)",
      "p(95)",
      "p(99)"
    ],
    "summaryTimeUnit": "",
    "noColor": false
  },
  "state": {
    "isStdOutTTY": false,
    "isStdErrTTY": false,
    "testRunDurationMs": 90001.411483
  }
}