{
  "state": {
    "isStdOutTTY": false,
    "isStdErrTTY": false,
    "testRunDurationMs": 90019.15365
  },
  "metrics": {
    "http_req_receiving": {
      "type": "trend",
      "contains": "time",
      "values": {
        "p(99)": 1.4861981999997682,
        "avg": 0.2361071038883044,
        "min": 0.03967,
        "med": 0.09258,
        "max": 21.018945,
        "p(50)": 0.09258,
        "p(95)": 0.537971
      }
    },
    "req_latency": {
      "type": "trend",
      "contains": "default",
      "values": {
        "max": 89.29238,
        "p(50)": 16.300758,
        "p(95)": 40.319987,
        "p(99)": 64.30619719999993,
        "avg": 18.645561524695953,
        "min": 11.682596,
        "med": 16.300758
      }
    },
    "checks": {
      "type": "rate",
      "contains": "default",
      "values": {
        "rate": 1,
        "passes": 13322,
        "fails": 0
      }
    },
    "http_req_duration": {
      "type": "trend",
      "contains": "time",
      "values": {
        "avg": 18.645561524695953,
        "min": 11.682596,
        "med": 16.300758,
        "max": 89.29238,
        "p(50)": 16.300758,
        "p(95)": 40.319987,
        "p(99)": 64.30619719999993
      }
    },
    "http_req_sending": {
      "type": "trend",
      "contains": "time",
      "values": {
        "p(95)": 0.05292,
        "p(99)": 0.122638,
        "avg": 0.03480194190061544,
        "min": 0.01363,
        "med": 0.02805,
        "max": 3.644369,
        "p(50)": 0.02805
      }
    },
    "payload_bytes": {
      "type": "trend",
      "contains": "default",
      "values": {
        "min": 147,
        "med": 2205,
        "max": 2405,
        "p(50)": 2205,
        "p(95)": 2356,
        "p(99)": 2374,
        "avg": 1930.3703648100886
      }
    },
    "http_reqs": {
      "type": "counter",
      "contains": "default",
      "values": {
        "count": 6661,
        "rate": 73.99536354116788
      }
    },
    "page_latency": {
      "type": "trend",
      "contains": "default",
      "values": {
        "avg": 18.645561524695953,
        "min": 11.682596,
        "med": 16.300758,
        "max": 89.29238,
        "p(50)": 16.300758,
        "p(95)": 40.319987,
        "p(99)": 64.30619719999993
      }
    },
    "http_req_failed": {
      "type": "rate",
      "contains": "default",
      "values": {
        "passes": 0,
        "fails": 6661,
        "rate": 0
      }
    },
    "vus": {
      "type": "gauge",
      "contains": "default",
      "values": {
        "value": 1,
        "min": 1,
        "max": 5
      }
    },
    "http_req_tls_handshaking": {
      "values": {
        "max": 0,
        "p(50)": 0,
        "p(95)": 0,
        "p(99)": 0,
        "avg": 0,
        "min": 0,
        "med": 0
      },
      "type": "trend",
      "contains": "time"
    },
    "http_req_connecting": {
      "contains": "time",
      "values": {
        "max": 11.023446,
        "p(50)": 0,
        "p(95)": 0,
        "p(99)": 5.5035988,
        "avg": 0.12046625972076262,
        "min": 0,
        "med": 0
      },
      "type": "trend"
    },
    "data_received": {
      "type": "counter",
      "contains": "data",
      "values": {
        "count": 14602762,
        "rate": 162218.38806412727
      }
    },
    "http_req_duration{expected_response:true}": {
      "type": "trend",
      "contains": "time",
      "values": {
        "min": 11.682596,
        "med": 16.300758,
        "max": 89.29238,
        "p(50)": 16.300758,
        "p(95)": 40.319987,
        "p(99)": 64.30619719999993,
        "avg": 18.645561524695953
      }
    },
    "http_req_blocked": {
      "values": {
        "p(50)": 0.00727,
        "p(95)": 0.01293,
        "p(99)": 5.5907445999999945,
        "avg": 0.13361834139018156,
        "min": 0.00448,
        "med": 0.00727,
        "max": 11.127846
      },
      "type": "trend",
      "contains": "time"
    },
    "round_trip_count": {
      "values": {
        "p(95)": 1,
        "p(99)": 1,
        "avg": 1,
        "min": 1,
        "med": 1,
        "max": 1,
        "p(50)": 1
      },
      "type": "trend",
      "contains": "default"
    },
    "data_sent": {
      "type": "counter",
      "contains": "data",
      "values": {
        "count": 1968139,
        "rate": 21863.558145105933
      }
    },
    "iteration_duration": {
      "type": "trend",
      "contains": "time",
      "values": {
        "avg": 19.90070996156737,
        "min": 12.140846,
        "med": 17.517128,
        "max": 90.643775,
        "p(50)": 17.517128,
        "p(95)": 42.113949,
        "p(99)": 65.82212339999998
      }
    },
    "http_req_waiting": {
      "values": {
        "avg": 18.374652478907134,
        "min": 11.566376,
        "med": 16.173507,
        "max": 87.224831,
        "p(50)": 16.173507,
        "p(95)": 36.876747,
        "p(99)": 62.17110599999998
      },
      "type": "trend",
      "contains": "time"
    },
    "iterations": {
      "type": "counter",
      "contains": "default",
      "values": {
        "count": 6661,
        "rate": 73.99536354116788
      }
    },
    "vus_max": {
      "type": "gauge",
      "contains": "default",
      "values": {
        "value": 148,
        "min": 148,
        "max": 148
      }
    }
  },
  "root_group": {
    "name": "",
    "path": "",
    "id": "d41d8cd98f00b204e9800998ecf8427e",
    "groups": [],
    "checks": [
        {
          "id": "6210a8cd14cd70477eba5c5e4cb3fb5f",
          "passes": 6661,
          "fails": 0,
          "name": "status is 200",
          "path": "::status is 200"
        },
        {
          "name": "no graphql errors",
          "path": "::no graphql errors",
          "id": "7c29382b2a87caa2e50f0d89170b649f",
          "passes": 6661,
          "fails": 0
        }
      ]
  },
  "options": {
    "summaryTrendStats": [
      "avg",
      "min",
      "med",
      "max",
      "p(50)",
      "p(95)",
      "p(99)"
    ],
    "summaryTimeUnit": "",
    "noColor": false
  }
}