{
  "state": {
    "isStdOutTTY": false,
    "isStdErrTTY": false,
    "testRunDurationMs": 90013.423437
  },
  "metrics": {
    "http_reqs": {
      "type": "counter",
      "contains": "default",
      "values": {
        "count": 6661,
        "rate": 74.00007405186632
      }
    },
    "http_req_duration{expected_response:true}": {
      "type": "trend",
      "contains": "time",
      "values": {
        "med": 11.832044,
        "max": 67.782429,
        "p(50)": 11.832044,
        "p(95)": 15.569485,
        "p(99)": 49.421451799999616,
        "avg": 12.76488155787419,
        "min": 8.447501
      }
    },
    "data_received": {
      "type": "counter",
      "contains": "data",
      "values": {
        "count": 3223811,
        "rate": 35814.78047278505
      }
    },
    "checks": {
      "type": "rate",
      "contains": "default",
      "values": {
        "fails": 0,
        "rate": 1,
        "passes": 13322
      }
    },
    "http_req_waiting": {
      "type": "trend",
      "contains": "time",
      "values": {
        "avg": 12.620736215733352,
        "min": 8.348943,
        "med": 11.705592,
        "max": 66.291817,
        "p(50)": 11.705592,
        "p(95)": 15.435807,
        "p(99)": 48.65332459999947
      }
    },
    "http_req_connecting": {
      "type": "trend",
      "contains": "time",
      "values": {
        "p(95)": 0,
        "p(99)": 5.180403999999995,
        "avg": 0.11799896487013958,
        "min": 0,
        "med": 0,
        "max": 15.849301,
        "p(50)": 0
      }
    },
    "http_req_duration": {
      "type": "trend",
      "contains": "time",
      "values": {
        "min": 8.447501,
        "med": 11.832044,
        "max": 67.782429,
        "p(50)": 11.832044,
        "p(95)": 15.569485,
        "p(99)": 49.421451799999616,
        "avg": 12.76488155787419
      }
    },
    "http_req_blocked": {
      "values": {
        "med": 0.00724,
        "max": 15.934819,
        "p(50)": 0.00724,
        "p(95)": 0.013239,
        "p(99)": 5.261081599999994,
        "avg": 0.12816614727518408,
        "min": 0.00439
      },
      "type": "trend",
      "contains": "time"
    },
    "http_req_receiving": {
      "values": {
        "p(95)": 0.157207,
        "p(99)": 0.6739553999999972,
        "avg": 0.11209853295300971,
        "min": 0.043839,
        "med": 0.090898,
        "max": 6.125082,
        "p(50)": 0.090898
      },
      "type": "trend",
      "contains": "time"
    },
    "payload_bytes": {
      "type": "trend",
      "contains": "default",
      "values": {
        "med": 224,
        "max": 305,
        "p(50)": 224,
        "p(95)": 251,
        "p(99)": 276,
        "avg": 222.9830355802432,
        "min": 124
      }
    },
    "iterations": {
      "type": "counter",
      "contains": "default",
      "values": {
        "rate": 74.00007405186632,
        "count": 6661
      }
    },
    "vus_max": {
      "values": {
        "value": 148,
        "min": 148,
        "max": 148
      },
      "type": "gauge",
      "contains": "default"
    },
    "http_req_sending": {
      "type": "trend",
      "contains": "time",
      "values": {
        "avg": 0.032046809187809666,
        "min": 0.01267,
        "med": 0.027069,
        "max": 2.694841,
        "p(50)": 0.027069,
        "p(95)": 0.053739,
        "p(99)": 0.10666699999999987
      }
    },
    "iteration_duration": {
      "type": "trend",
      "contains": "time",
      "values": {
        "avg": 13.428230392283428,
        "min": 8.895112,
        "med": 12.404923,
        "max": 68.189402,
        "p(50)": 12.404923,
        "p(95)": 17.29042,
        "p(99)": 50.60294299999998
      }
    },
    "vus": {
      "type": "gauge",
      "contains": "default",
      "values": {
        "max": 2,
        "value": 1,
        "min": 0
      }
    },
    "req_latency": {
      "type": "trend",
      "contains": "default",
      "values": {
        "p(95)": 15.569485,
        "p(99)": 49.421451799999616,
        "avg": 12.76488155787419,
        "min": 8.447501,
        "med": 11.832044,
        "max": 67.782429,
        "p(50)": 11.832044
      }
    },
    "http_req_tls_handshaking": {
      "type": "trend",
      "contains": "time",
      "values": {
        "p(95)": 0,
        "p(99)": 0,
        "avg": 0,
        "min": 0,
        "med": 0,
        "max": 0,
        "p(50)": 0
      }
    },
    "http_req_failed": {
      "type": "rate",
      "contains": "default",
      "values": {
        "fails": 6661,
        "rate": 0,
        "passes": 0
      }
    },
    "round_trip_count": {
      "values": {
        "med": 1,
        "max": 1,
        "p(50)": 1,
        "p(95)": 1,
        "p(99)": 1,
        "avg": 1,
        "min": 1
      },
      "type": "trend",
      "contains": "default"
    },
    "data_sent": {
      "type": "counter",
      "contains": "data",
      "values": {
        "count": 1767731,
        "rate": 19638.526483077574
      }
    }
  },
  "root_group": {
    "name": "",
    "path": "",
    "id": "d41d8cd98f00b204e9800998ecf8427e",
    "groups": [],
    "checks": [
        {
          "name": "status is 200",
          "path": "::status is 200",
          "id": "6210a8cd14cd70477eba5c5e4cb3fb5f",
          "passes": 6661,
          "fails": 0
        },
        {
          "name": "no graphql errors",
          "path": "::no graphql errors",
          "id": "7c29382b2a87caa2e50f0d89170b649f",
          "passes": 6661,
          "fails": 0
        }
      ]
  },
  "options": {
    "summaryTrendStats": [
      "avg",
      "min",
      "med",
      "max",
      "p(50)",
      "p(95)",
      "p(99)"
    ],
    "summaryTimeUnit": "",
    "noColor": false
  }
}