{
  "state": {
    "isStdOutTTY": false,
    "isStdErrTTY": false,
    "testRunDurationMs": 90088.510149
  },
  "metrics": {
    "http_req_blocked": {
      "type": "trend",
      "contains": "time",
      "values": {
        "avg": 0.01846719539366175,
        "min": 0.00242,
        "med": 0.00432,
        "max": 15.667856,
        "p(50)": 0.00432,
        "p(95)": 0.00851,
        "p(99)": 0.0261891
      }
    },
    "data_received": {
      "type": "counter",
      "contains": "data",
      "values": {
        "count": 23009721,
        "rate": 255412.3823553476
      }
    },
    "vus": {
      "values": {
        "value": 3,
        "min": 2,
        "max": 4
      },
      "type": "gauge",
      "contains": "default"
    },
    "http_req_receiving": {
      "type": "trend",
      "contains": "time",
      "values": {
        "avg": 0.15055866442339236,
        "min": 0.03668,
        "med": 0.099519,
        "max": 22.810187,
        "p(50)": 0.099519,
        "p(95)": 0.3992634499999999,
        "p(99)": 0.6296154999999999
      }
    },
    "http_req_waiting": {
      "type": "trend",
      "contains": "time",
      "values": {
        "med": 7.8183825,
        "max": 44.321538,
        "p(50)": 7.8183825,
        "p(95)": 10.5043905,
        "p(99)": 11.8216076,
        "avg": 8.018324077948396,
        "min": 3.766274
      }
    },
    "http_req_failed": {
      "type": "rate",
      "contains": "default",
      "values": {
        "rate": 0,
        "passes": 0,
        "fails": 30610
      }
    },
    "data_sent": {
      "type": "counter",
      "contains": "data",
      "values": {
        "rate": 34599.96169150323,
        "count": 3117059
      }
    },
    "checks": {
      "type": "rate",
      "contains": "default",
      "values": {
        "rate": 1,
        "passes": 30610,
        "fails": 0
      }
    },
    "payload_bytes": {
      "type": "trend",
      "contains": "default",
      "values": {
        "p(95)": 526,
        "p(99)": 529,
        "avg": 490.70601110748123,
        "min": 251,
        "med": 517,
        "max": 536,
        "p(50)": 517
      }
    },
    "vus_max": {
      "type": "gauge",
      "contains": "default",
      "values": {
        "value": 68,
        "min": 68,
        "max": 68
      }
    },
    "http_req_duration{expected_response:true}": {
      "values": {
        "med": 7.9820315,
        "max": 44.745547,
        "p(50)": 7.9820315,
        "p(95)": 10.7417245,
        "p(99)": 12.05861919,
        "avg": 8.186298923358406,
        "min": 3.840083
      },
      "type": "trend",
      "contains": "time"
    },
    "http_req_tls_handshaking": {
      "type": "trend",
      "contains": "time",
      "values": {
        "min": 0,
        "med": 0,
        "max": 0,
        "p(50)": 0,
        "p(95)": 0,
        "p(99)": 0,
        "avg": 0
      }
    },
    "http_req_connecting": {
      "type": "trend",
      "contains": "time",
      "values": {
        "avg": 0.01259230940868997,
        "min": 0,
        "med": 0,
        "max": 15.567357,
        "p(50)": 0,
        "p(95)": 0,
        "p(99)": 0
      }
    },
    "http_req_sending": {
      "type": "trend",
      "contains": "time",
      "values": {
        "p(50)": 0.013399,
        "p(95)": 0.03528549999999999,
        "p(99)": 0.05693459999999999,
        "avg": 0.0174161809866056,
        "min": 0.00706,
        "med": 0.013399,
        "max": 1.760732
      }
    },
    "round_trip_count": {
      "type": "trend",
      "contains": "default",
      "values": {
        "p(95)": 10,
        "p(99)": 10,
        "avg": 10,
        "min": 10,
        "med": 10,
        "max": 10,
        "p(50)": 10
      }
    },
    "req_latency": {
      "type": "trend",
      "contains": "default",
      "values": {
        "p(95)": 10.7417245,
        "p(99)": 12.05861919,
        "avg": 8.186298923358406,
        "min": 3.840083,
        "med": 7.9820315,
        "max": 44.745547,
        "p(50)": 7.9820315
      }
    },
    "http_req_duration": {
      "values": {
        "max": 44.745547,
        "p(50)": 7.9820315,
        "p(95)": 10.7417245,
        "p(99)": 12.05861919,
        "avg": 8.186298923358406,
        "min": 3.840083,
        "med": 7.9820315
      },
      "type": "trend",
      "contains": "time"
    },
    "http_reqs": {
      "type": "counter",
      "contains": "default",
      "values": {
        "rate": 339.77695878612303,
        "count": 30610
      }
    },
    "iteration_duration": {
      "contains": "time",
      "values": {
        "max": 135.84089,
        "p(50)": 83.175668,
        "p(95)": 96.220019,
        "p(99)": 104.59542680000003,
        "avg": 83.85438655733417,
        "min": 68.374021,
        "med": 83.175668
      },
      "type": "trend"
    },
    "iterations": {
      "type": "counter",
      "contains": "default",
      "values": {
        "count": 3061,
        "rate": 33.9776958786123
      }
    },
    "page_latency": {
      "type": "trend",
      "contains": "default",
      "values": {
        "min": 66.695136,
        "med": 81.12723000000001,
        "max": 134.33328500000002,
        "p(50)": 81.12723000000001,
        "p(95)": 94.19995700000001,
        "p(99)": 101.52855120000002,
        "avg": 81.8629892335838
      }
    }
  },
  "root_group": {
    "id": "d41d8cd98f00b204e9800998ecf8427e",
    "groups": [],
    "checks": [
        {
          "id": "6210a8cd14cd70477eba5c5e4cb3fb5f",
          "passes": 30610,
          "fails": 0,
          "name": "status is 200",
          "path": "::status is 200"
        }
      ],
    "name": "",
    "path": ""
  },
  "options": {
    "summaryTrendStats": [
      "avg",
      "min",
      "med",
      "max",
      "p(50)",
      "p(95)",
      "p(99)"
    ],
    "summaryTimeUnit": "",
    "noColor": false
  }
}