{
  "options": {
    "summaryTimeUnit": "",
    "noColor": false,
    "summaryTrendStats": [
      "avg",
      "min",
      "med",
      "max",
      "p(50)",
      "p(95)",
      "p(99)"
    ]
  },
  "state": {
    "isStdOutTTY": false,
    "isStdErrTTY": false,
    "testRunDurationMs": 97975.485276
  },
  "metrics": {
    "http_req_receiving": {
      "contains": "time",
      "values": {
        "avg": 43.47343293422023,
        "min": 0.053259,
        "med": 36.9355855,
        "max": 301.151768,
        "p(50)": 36.9355855,
        "p(95)": 74.3659853,
        "p(99)": 234.5100396399999
      },
      "type": "trend"
    },
    "page_latency": {
      "type": "trend",
      "contains": "default",
      "values": {
        "p(99)": 15917.15380955,
        "avg": 11829.50487651706,
        "min": 87.69525100000001,
        "med": 14111.604729499999,
        "max": 16004.963296,
        "p(50)": 14111.604729499999,
        "p(95)": 15852.125367
      }
    },
    "data_sent": {
      "type": "counter",
      "contains": "data",
      "values": {
        "count": 3406711,
        "rate": 34771.055130813475
      }
    },
    "http_req_failed": {
      "type": "rate",
      "contains": "default",
      "values": {
        "rate": 0,
        "passes": 0,
        "fails": 33460
      }
    },
    "round_trip_count": {
      "type": "trend",
      "contains": "default",
      "values": {
        "p(95)": 10,
        "p(99)": 10,
        "avg": 10,
        "min": 10,
        "med": 10,
        "max": 10,
        "p(50)": 10
      }
    },
    "http_req_sending": {
      "type": "trend",
      "contains": "time",
      "values": {
        "p(95)": 0.03553905,
        "p(99)": 0.09065660999999993,
        "avg": 0.018543440585774177,
        "min": 0.00773,
        "med": 0.013639,
        "max": 0.983682,
        "p(50)": 0.013639
      }
    },
    "req_latency": {
      "type": "trend",
      "contains": "default",
      "values": {
        "med": 1396.3373784999999,
        "max": 1728.416442,
        "p(50)": 1396.3373784999999,
        "p(95)": 1636.5275699,
        "p(99)": 1680.0354230399998,
        "avg": 1182.9504876517135,
        "min": 5.955813
      }
    },
    "http_reqs": {
      "type": "counter",
      "contains": "default",
      "values": {
        "count": 33460,
        "rate": 341.5140012396176
      }
    },
    "http_req_duration": {
      "type": "trend",
      "contains": "time",
      "values": {
        "p(95)": 1636.5275699,
        "p(99)": 1680.0354230399998,
        "avg": 1182.9504876517135,
        "min": 5.955813,
        "med": 1396.3373784999999,
        "max": 1728.416442,
        "p(50)": 1396.3373784999999
      }
    },
    "http_req_blocked": {
      "type": "trend",
      "contains": "time",
      "values": {
        "avg": 0.09361608834429826,
        "min": 0.0025,
        "med": 0.00418,
        "max": 15.618535,
        "p(50)": 0.00418,
        "p(95)": 0.01007,
        "p(99)": 5.27536563
      }
    },
    "data_received": {
      "values": {
        "count": 25107110,
        "rate": 256259.1032774422
      },
      "type": "counter",
      "contains": "data"
    },
    "iterations": {
      "type": "counter",
      "contains": "default",
      "values": {
        "count": 3346,
        "rate": 34.15140012396176
      }
    },
    "vus": {
      "type": "gauge",
      "contains": "default",
      "values": {
        "value": 43,
        "min": 14,
        "max": 520
      }
    },
    "http_req_tls_handshaking": {
      "type": "trend",
      "contains": "time",
      "values": {
        "p(50)": 0,
        "p(95)": 0,
        "p(99)": 0,
        "avg": 0,
        "min": 0,
        "med": 0,
        "max": 0
      }
    },
    "payload_bytes": {
      "contains": "default",
      "values": {
        "p(95)": 526,
        "p(99)": 529,
        "avg": 489.3619246861925,
        "min": 251,
        "med": 517,
        "max": 536,
        "p(50)": 517
      },
      "type": "trend"
    },
    "http_req_connecting": {
      "type": "trend",
      "contains": "time",
      "values": {
        "p(99)": 5.194128609999992,
        "avg": 0.08695844019725042,
        "min": 0,
        "med": 0,
        "max": 15.538066,
        "p(50)": 0,
        "p(95)": 0
      }
    },
    "http_req_waiting": {
      "contains": "time",
      "values": {
        "p(50)": 1346.864058,
        "p(95)": 1603.9508019500001,
        "p(99)": 1644.7561171799998,
        "avg": 1139.4585112768991,
        "min": 5.852206,
        "med": 1346.864058,
        "max": 1717.07858
      },
      "type": "trend"
    },
    "iteration_duration": {
      "values": {
        "med": 14113.3885615,
        "max": 16006.836141,
        "p(50)": 14113.3885615,
        "p(95)": 15853.89730525,
        "p(99)": 15918.7863376,
        "avg": 11832.328846187684,
        "min": 97.537169
      },
      "type": "trend",
      "contains": "time"
    },
    "dropped_iterations": {
      "values": {
        "count": 1335,
        "rate": 13.6258574911802
      },
      "type": "counter",
      "contains": "default"
    },
    "checks": {
      "type": "rate",
      "contains": "default",
      "values": {
        "passes": 33460,
        "fails": 0,
        "rate": 1
      }
    },
    "vus_max": {
      "values": {
        "value": 520,
        "min": 104,
        "max": 520
      },
      "type": "gauge",
      "contains": "default"
    },
    "http_req_duration{expected_response:true}": {
      "type": "trend",
      "contains": "time",
      "values": {
        "avg": 1182.9504876517135,
        "min": 5.955813,
        "med": 1396.3373784999999,
        "max": 1728.416442,
        "p(50)": 1396.3373784999999,
        "p(95)": 1636.5275699,
        "p(99)": 1680.0354230399998
      }
    }
  },
  "root_group": {
    "checks": [
      {
        "name": "status is 200",
        "path": "::status is 200",
        "id": "6210a8cd14cd70477eba5c5e4cb3fb5f",
        "passes": 33460,
        "fails": 0
      }
    ],
    "name": "",
    "path": "",
    "id": "d41d8cd98f00b204e9800998ecf8427e",
    "groups": []
  }
}