{
  "options": {
    "summaryTrendStats": [
      "avg",
      "min",
      "med",
      "max",
      "p(50)",
      "p(95)",
      "p(99)"
    ],
    "summaryTimeUnit": "",
    "noColor": false
  },
  "state": {
    "isStdOutTTY": false,
    "isStdErrTTY": false,
    "testRunDurationMs": 90001.527389
  },
  "metrics": {
    "data_received": {
      "type": "counter",
      "contains": "data",
      "values": {
        "count": 6028256,
        "rate": 66979.48551411778
      }
    },
    "http_req_blocked": {
      "contains": "time",
      "values": {
        "p(99)": 5.757897479999994,
        "avg": 0.134242438138138,
        "min": 0.004309,
        "med": 0.00693,
        "max": 10.629074,
        "p(50)": 0.00693,
        "p(95)": 0.014534999999999926
      },
      "type": "trend"
    },
    "data_sent": {
      "type": "counter",
      "contains": "data",
      "values": {
        "count": 1967787,
        "rate": 21863.928947504763
      }
    },
    "http_req_connecting": {
      "type": "trend",
      "contains": "time",
      "values": {
        "max": 10.558505,
        "p(50)": 0,
        "p(95)": 0,
        "p(99)": 5.648742199999997,
        "avg": 0.12417983333333327,
        "min": 0,
        "med": 0
      }
    },
    "iterations": {
      "type": "counter",
      "contains": "default",
      "values": {
        "count": 6660,
        "rate": 73.99874416813493
      }
    },
    "http_req_duration": {
      "type": "trend",
      "contains": "time",
      "values": {
        "avg": 16.543275154354372,
        "min": 10.68922,
        "med": 14.8225405,
        "max": 87.908612,
        "p(50)": 14.8225405,
        "p(95)": 22.6075262,
        "p(99)": 59.13964885999999
      }
    },
    "http_req_tls_handshaking": {
      "type": "trend",
      "contains": "time",
      "values": {
        "min": 0,
        "med": 0,
        "max": 0,
        "p(50)": 0,
        "p(95)": 0,
        "p(99)": 0,
        "avg": 0
      }
    },
    "http_req_receiving": {
      "values": {
        "p(95)": 0.2614004999999998,
        "p(99)": 0.91698779,
        "avg": 0.14816107492492486,
        "min": 0.04018,
        "med": 0.08416399999999999,
        "max": 17.618156,
        "p(50)": 0.08416399999999999
      },
      "type": "trend",
      "contains": "time"
    },
    "page_latency": {
      "type": "trend",
      "contains": "default",
      "values": {
        "avg": 16.543275154354372,
        "min": 10.68922,
        "med": 14.8225405,
        "max": 87.908612,
        "p(50)": 14.8225405,
        "p(95)": 22.6075262,
        "p(99)": 59.13964885999999
      }
    },
    "round_trip_count": {
      "type": "trend",
      "contains": "default",
      "values": {
        "avg": 1,
        "min": 1,
        "med": 1,
        "max": 1,
        "p(50)": 1,
        "p(95)": 1,
        "p(99)": 1
      }
    },
    "payload_bytes": {
      "values": {
        "avg": 644.1435435435435,
        "min": 147,
        "med": 787,
        "max": 815,
        "p(50)": 787,
        "p(95)": 803,
        "p(99)": 810
      },
      "type": "trend",
      "contains": "default"
    },
    "vus": {
      "type": "gauge",
      "contains": "default",
      "values": {
        "value": 1,
        "min": 1,
        "max": 3
      }
    },
    "http_req_duration{expected_response:true}": {
      "type": "trend",
      "contains": "time",
      "values": {
        "max": 87.908612,
        "p(50)": 14.8225405,
        "p(95)": 22.6075262,
        "p(99)": 59.13964885999999,
        "avg": 16.543275154354372,
        "min": 10.68922,
        "med": 14.8225405
      }
    },
    "http_req_sending": {
      "type": "trend",
      "contains": "time",
      "values": {
        "p(99)": 0.12226609999999995,
        "avg": 0.031157389339339352,
        "min": 0.01216,
        "med": 0.026104500000000003,
        "max": 0.256106,
        "p(50)": 0.026104500000000003,
        "p(95)": 0.05387754999999988
      }
    },
    "http_reqs": {
      "type": "counter",
      "contains": "default",
      "values": {
        "rate": 73.99874416813493,
        "count": 6660
      }
    },
    "req_latency": {
      "type": "trend",
      "contains": "default",
      "values": {
        "p(99)": 59.13964885999999,
        "avg": 16.543275154354372,
        "min": 10.68922,
        "med": 14.8225405,
        "max": 87.908612,
        "p(50)": 14.8225405,
        "p(95)": 22.6075262
      }
    },
    "iteration_duration": {
      "type": "trend",
      "contains": "time",
      "values": {
        "p(95)": 24.71071139999992,
        "p(99)": 60.16498534999995,
        "avg": 17.33276895990992,
        "min": 11.068464,
        "med": 15.474724,
        "max": 88.394755,
        "p(50)": 15.474724
      }
    },
    "vus_max": {
      "type": "gauge",
      "contains": "default",
      "values": {
        "value": 148,
        "min": 148,
        "max": 148
      }
    },
    "http_req_waiting": {
      "type": "trend",
      "contains": "time",
      "values": {
        "min": 10.61014,
        "med": 14.719373000000001,
        "max": 86.535957,
        "p(50)": 14.719373000000001,
        "p(95)": 22.312323399999983,
        "p(99)": 57.44226974999999,
        "avg": 16.363956690090056
      }
    },
    "checks": {
      "type": "rate",
      "contains": "default",
      "values": {
        "rate": 1,
        "passes": 13320,
        "fails": 0
      }
    },
    "http_req_failed": {
      "type": "rate",
      "contains": "default",
      "values": {
        "rate": 0,
        "passes": 0,
        "fails": 6660
      }
    }
  },
  "root_group": {
    "name": "",
    "path": "",
    "id": "d41d8cd98f00b204e9800998ecf8427e",
    "groups": [],
    "checks": [
        {
          "id": "6210a8cd14cd70477eba5c5e4cb3fb5f",
          "passes": 6660,
          "fails": 0,
          "name": "status is 200",
          "path": "::status is 200"
        },
        {
          "passes": 6660,
          "fails": 0,
          "name": "no graphql errors",
          "path": "::no graphql errors",
          "id": "7c29382b2a87caa2e50f0d89170b649f"
        }
      ]
  }
}