{
  "state": {
    "isStdOutTTY": false,
    "isStdErrTTY": false,
    "testRunDurationMs": 90001.509912
  },
  "metrics": {
    "http_req_failed": {
      "type": "rate",
      "contains": "default",
      "values": {
        "fails": 3060,
        "rate": 0,
        "passes": 0
      }
    },
    "req_latency": {
      "type": "trend",
      "contains": "default",
      "values": {
        "min": 16.105286,
        "med": 19.7657145,
        "max": 76.04726,
        "p(50)": 19.7657145,
        "p(95)": 23.277117399999995,
        "p(99)": 44.285853119999956,
        "avg": 20.51417792908494
      }
    },
    "http_req_sending": {
      "type": "trend",
      "contains": "time",
      "values": {
        "avg": 0.03382498006535946,
        "min": 0.01462,
        "med": 0.02846,
        "max": 0.283958,
        "p(50)": 0.02846,
        "p(95)": 0.05599944999999984,
        "p(99)": 0.13241808999999988
      }
    },
    "page_latency": {
      "type": "trend",
      "contains": "default",
      "values": {
        "med": 19.7657145,
        "max": 76.04726,
        "p(50)": 19.7657145,
        "p(95)": 23.277117399999995,
        "p(99)": 44.285853119999956,
        "avg": 20.51417792908494,
        "min": 16.105286
      }
    },
    "http_reqs": {
      "contains": "default",
      "values": {
        "count": 3060,
        "rate": 33.99942959836951
      },
      "type": "counter"
    },
    "vus": {
      "type": "gauge",
      "contains": "default",
      "values": {
        "max": 3,
        "value": 1,
        "min": 1
      }
    },
    "http_req_duration{expected_response:true}": {
      "type": "trend",
      "contains": "time",
      "values": {
        "min": 16.105286,
        "med": 19.7657145,
        "max": 76.04726,
        "p(50)": 19.7657145,
        "p(95)": 23.277117399999995,
        "p(99)": 44.285853119999956,
        "avg": 20.51417792908494
      }
    },
    "round_trip_count": {
      "values": {
        "p(95)": 1,
        "p(99)": 1,
        "avg": 1,
        "min": 1,
        "med": 1,
        "max": 1,
        "p(50)": 1
      },
      "type": "trend",
      "contains": "default"
    },
    "http_req_receiving": {
      "type": "trend",
      "contains": "time",
      "values": {
        "p(50)": 0.103619,
        "p(95)": 0.16402549999999996,
        "p(99)": 0.298596309999999,
        "avg": 0.11232461503267994,
        "min": 0.04597,
        "med": 0.103619,
        "max": 0.860496
      }
    },
    "payload_bytes": {
      "type": "trend",
      "contains": "default",
      "values": {
        "min": 4050,
        "med": 4971,
        "max": 5288,
        "p(50)": 4971,
        "p(95)": 5242,
        "p(99)": 5264,
        "avg": 4922.812745098039
      }
    },
    "http_req_blocked": {
      "type": "trend",
      "contains": "time",
      "values": {
        "p(99)": 5.534637699999996,
        "avg": 0.12811153790849591,
        "min": 0.00412,
        "med": 0.00722,
        "max": 10.594608,
        "p(50)": 0.00722,
        "p(95)": 0.011933999999999978
      }
    },
    "iteration_duration": {
      "values": {
        "avg": 22.652885204901928,
        "min": 17.882405,
        "med": 21.831814,
        "max": 77.942292,
        "p(50)": 21.831814,
        "p(95)": 26.328929699999986,
        "p(99)": 46.78675164999983
      },
      "type": "trend",
      "contains": "time"
    },
    "vus_max": {
      "type": "gauge",
      "contains": "default",
      "values": {
        "value": 68,
        "min": 68,
        "max": 68
      }
    },
    "http_req_duration": {
      "type": "trend",
      "contains": "time",
      "values": {
        "p(50)": 19.7657145,
        "p(95)": 23.277117399999995,
        "p(99)": 44.285853119999956,
        "avg": 20.51417792908494,
        "min": 16.105286,
        "med": 19.7657145,
        "max": 76.04726
      }
    },
    "checks": {
      "contains": "default",
      "values": {
        "rate": 1,
        "passes": 6120,
        "fails": 0
      },
      "type": "rate"
    },
    "data_sent": {
      "type": "counter",
      "contains": "data",
      "values": {
        "count": 1022775,
        "rate": 11363.976015513848
      }
    },
    "data_received": {
      "type": "counter",
      "contains": "data",
      "values": {
        "count": 15865527,
        "rate": 176280.67590768976
      }
    },
    "http_req_tls_handshaking": {
      "type": "trend",
      "contains": "time",
      "values": {
        "p(95)": 0,
        "p(99)": 0,
        "avg": 0,
        "min": 0,
        "med": 0,
        "max": 0,
        "p(50)": 0
      }
    },
    "http_req_waiting": {
      "type": "trend",
      "contains": "time",
      "values": {
        "p(95)": 23.120271049999992,
        "p(99)": 44.01692761999994,
        "avg": 20.368028333986935,
        "min": 15.970017,
        "med": 19.623708999999998,
        "max": 75.339413,
        "p(50)": 19.623708999999998
      }
    },
    "iterations": {
      "values": {
        "count": 3060,
        "rate": 33.99942959836951
      },
      "type": "counter",
      "contains": "default"
    },
    "http_req_connecting": {
      "type": "trend",
      "contains": "time",
      "values": {
        "med": 0,
        "max": 10.5127,
        "p(50)": 0,
        "p(95)": 0,
        "p(99)": 5.42259068999999,
        "avg": 0.11754080849673204,
        "min": 0
      }
    }
  },
  "root_group": {
    "path": "",
    "id": "d41d8cd98f00b204e9800998ecf8427e",
    "groups": [],
    "checks": [
        {
          "name": "status is 200",
          "path": "::status is 200",
          "id": "6210a8cd14cd70477eba5c5e4cb3fb5f",
          "passes": 3060,
          "fails": 0
        },
        {
          "name": "no graphql errors",
          "path": "::no graphql errors",
          "id": "7c29382b2a87caa2e50f0d89170b649f",
          "passes": 3060,
          "fails": 0
        }
      ],
    "name": ""
  },
  "options": {
    "summaryTrendStats": [
      "avg",
      "min",
      "med",
      "max",
      "p(50)",
      "p(95)",
      "p(99)"
    ],
    "summaryTimeUnit": "",
    "noColor": false
  }
}