{
  "state": {
    "isStdOutTTY": false,
    "isStdErrTTY": false,
    "testRunDurationMs": 90000.937577
  },
  "metrics": {
    "checks": {
      "values": {
        "rate": 1,
        "passes": 4500,
        "fails": 0
      },
      "type": "rate",
      "contains": "default"
    },
    "req_latency": {
      "type": "trend",
      "contains": "default",
      "values": {
        "med": 20.5134735,
        "max": 69.142798,
        "p(50)": 20.5134735,
        "p(95)": 26.354193849999998,
        "p(99)": 34.120876849999995,
        "avg": 21.249859267555536,
        "min": 14.64084
      }
    },
    "http_req_duration{expected_response:true}": {
      "type": "trend",
      "contains": "time",
      "values": {
        "avg": 21.249859267555536,
        "min": 14.64084,
        "med": 20.5134735,
        "max": 69.142798,
        "p(50)": 20.5134735,
        "p(95)": 26.354193849999998,
        "p(99)": 34.120876849999995
      }
    },
    "vus_max": {
      "values": {
        "value": 50,
        "min": 50,
        "max": 50
      },
      "type": "gauge",
      "contains": "default"
    },
    "http_req_duration": {
      "type": "trend",
      "contains": "time",
      "values": {
        "p(95)": 26.354193849999998,
        "p(99)": 34.120876849999995,
        "avg": 21.249859267555536,
        "min": 14.64084,
        "med": 20.5134735,
        "max": 69.142798,
        "p(50)": 20.5134735
      }
    },
    "http_req_connecting": {
      "type": "trend",
      "contains": "time",
      "values": {
        "p(50)": 0,
        "p(95)": 0,
        "p(99)": 5.222554599999985,
        "avg": 0.115734188,
        "min": 0,
        "med": 0,
        "max": 8.532083
      }
    },
    "iteration_duration": {
      "type": "trend",
      "contains": "time",
      "values": {
        "p(99)": 38.1510989899999,
        "avg": 24.108085223111104,
        "min": 16.624991,
        "med": 23.206902499999998,
        "max": 73.327091,
        "p(50)": 23.206902499999998,
        "p(95)": 30.557386349999998
      }
    },
    "iterations": {
      "contains": "default",
      "values": {
        "count": 2250,
        "rate": 24.999739564657535
      },
      "type": "counter"
    },
    "data_sent": {
      "type": "counter",
      "contains": "data",
      "values": {
        "count": 597144,
        "rate": 6634.864214487938
      }
    },
    "data_received": {
      "type": "counter",
      "contains": "data",
      "values": {
        "count": 18637502,
        "rate": 207081.19828257064
      }
    },
    "round_trip_count": {
      "type": "trend",
      "contains": "default",
      "values": {
        "p(50)": 1,
        "p(95)": 1,
        "p(99)": 1,
        "avg": 1,
        "min": 1,
        "med": 1,
        "max": 1
      }
    },
    "http_req_receiving": {
      "type": "trend",
      "contains": "time",
      "values": {
        "max": 6.543372,
        "p(50)": 0.104129,
        "p(95)": 0.17255905,
        "p(99)": 4.154904069999923,
        "avg": 0.16869792000000003,
        "min": 0.046939,
        "med": 0.104129
      }
    },
    "payload_bytes": {
      "type": "trend",
      "contains": "default",
      "values": {
        "med": 7404,
        "max": 29310,
        "p(50)": 7404,
        "p(95)": 12062,
        "p(99)": 13040,
        "avg": 8021.104,
        "min": 5349
      }
    },
    "http_req_failed": {
      "contains": "default",
      "values": {
        "passes": 0,
        "fails": 2250,
        "rate": 0
      },
      "type": "rate"
    },
    "vus": {
      "type": "gauge",
      "contains": "default",
      "values": {
        "max": 1,
        "value": 1,
        "min": 0
      }
    },
    "http_req_waiting": {
      "type": "trend",
      "contains": "time",
      "values": {
        "p(99)": 32.757369389999766,
        "avg": 21.049187884888898,
        "min": 14.379522,
        "med": 20.367523,
        "max": 65.256854,
        "p(50)": 20.367523,
        "p(95)": 26.016275799999995
      }
    },
    "http_reqs": {
      "type": "counter",
      "contains": "default",
      "values": {
        "count": 2250,
        "rate": 24.999739564657535
      }
    },
    "http_req_blocked": {
      "contains": "time",
      "values": {
        "med": 0.00678,
        "max": 8.716492,
        "p(50)": 0.00678,
        "p(95)": 0.011784949999999999,
        "p(99)": 5.324800599999994,
        "avg": 0.12577132977777752,
        "min": 0.00422
      },
      "type": "trend"
    },
    "http_req_tls_handshaking": {
      "type": "trend",
      "contains": "time",
      "values": {
        "med": 0,
        "max": 0,
        "p(50)": 0,
        "p(95)": 0,
        "p(99)": 0,
        "avg": 0,
        "min": 0
      }
    },
    "http_req_sending": {
      "type": "trend",
      "contains": "time",
      "values": {
        "max": 0.364006,
        "p(50)": 0.0272245,
        "p(95)": 0.053328449999999895,
        "p(99)": 0.1345125999999999,
        "avg": 0.0319734626666667,
        "min": 0.01326,
        "med": 0.0272245
      }
    }
  },
  "root_group": {
    "path": "",
    "id": "d41d8cd98f00b204e9800998ecf8427e",
    "groups": [],
    "checks": [
        {
          "path": "::status is 200",
          "id": "6210a8cd14cd70477eba5c5e4cb3fb5f",
          "passes": 2250,
          "fails": 0,
          "name": "status is 200"
        },
        {
          "name": "no graphql errors",
          "path": "::no graphql errors",
          "id": "7c29382b2a87caa2e50f0d89170b649f",
          "passes": 2250,
          "fails": 0
        }
      ],
    "name": ""
  },
  "options": {
    "summaryTrendStats": [
      "avg",
      "min",
      "med",
      "max",
      "p(50)",
      "p(95)",
      "p(99)"
    ],
    "summaryTimeUnit": "",
    "noColor": false
  }
}