{
  "metrics": {
    "data_received": {
      "type": "counter",
      "contains": "data",
      "values": {
        "rate": 35055.98567724427,
        "count": 3155354
      }
    },
    "vus": {
      "type": "gauge",
      "contains": "default",
      "values": {
        "value": 0,
        "min": 0,
        "max": 0
      }
    },
    "http_req_sending": {
      "type": "trend",
      "contains": "time",
      "values": {
        "p(95)": 0.0538995,
        "p(99)": 0.127539,
        "avg": 0.030118335406486046,
        "min": 0.01096,
        "med": 0.02538,
        "max": 0.19599,
        "p(50)": 0.02538
      }
    },
    "http_reqs": {
      "type": "counter",
      "contains": "default",
      "values": {
        "rate": 25.008611952724436,
        "count": 2251
      }
    },
    "http_req_duration": {
      "values": {
        "med": 8.079353,
        "max": 11.312112,
        "p(50)": 8.079353,
        "p(95)": 9.849436,
        "p(99)": 10.5690955,
        "avg": 8.104974090182154,
        "min": 4.833338
      },
      "type": "trend",
      "contains": "time"
    },
    "http_req_waiting": {
      "values": {
        "p(95)": 9.721257,
        "p(99)": 10.435433,
        "avg": 7.980695222123492,
        "min": 4.687808,
        "med": 7.946365,
        "max": 11.169073,
        "p(50)": 7.946365
      },
      "type": "trend",
      "contains": "time"
    },
    "payload_bytes": {
      "type": "trend",
      "contains": "default",
      "values": {
        "max": 2000,
        "p(50)": 1324,
        "p(95)": 1922.5,
        "p(99)": 1990,
        "avg": 1140.133718347401,
        "min": 303,
        "med": 1324
      }
    },
    "req_latency": {
      "type": "trend",
      "contains": "default",
      "values": {
        "p(99)": 10.5690955,
        "avg": 8.104974090182154,
        "min": 4.833338,
        "med": 8.079353,
        "max": 11.312112,
        "p(50)": 8.079353,
        "p(95)": 9.849436
      }
    },
    "http_req_receiving": {
      "values": {
        "p(50)": 0.088669,
        "p(95)": 0.150239,
        "p(99)": 0.21627849999999998,
        "avg": 0.09416053265215452,
        "min": 0.04231,
        "med": 0.088669,
        "max": 0.334388
      },
      "type": "trend",
      "contains": "time"
    },
    "checks": {
      "type": "rate",
      "contains": "default",
      "values": {
        "passes": 2251,
        "fails": 0,
        "rate": 1
      }
    },
    "iterations": {
      "contains": "default",
      "values": {
        "count": 2251,
        "rate": 25.008611952724436
      },
      "type": "counter"
    },
    "http_req_duration{expected_response:true}": {
      "type": "trend",
      "contains": "time",
      "values": {
        "avg": 8.104974090182154,
        "min": 4.833338,
        "med": 8.079353,
        "max": 11.312112,
        "p(50)": 8.079353,
        "p(95)": 9.849436,
        "p(99)": 10.5690955
      }
    },
    "http_req_failed": {
      "type": "rate",
      "contains": "default",
      "values": {
        "passes": 0,
        "fails": 2251,
        "rate": 0
      }
    },
    "http_req_blocked": {
      "type": "trend",
      "contains": "time",
      "values": {
        "avg": 0.13638150821856945,
        "min": 0.00402,
        "med": 0.007039,
        "max": 7.840453,
        "p(50)": 0.007039,
        "p(95)": 0.022875,
        "p(99)": 5.874029
      }
    },
    "round_trip_count": {
      "values": {
        "p(95)": 1,
        "p(99)": 1,
        "avg": 1,
        "min": 1,
        "med": 1,
        "max": 1,
        "p(50)": 1
      },
      "type": "trend",
      "contains": "default"
    },
    "iteration_duration": {
      "type": "trend",
      "contains": "time",
      "values": {
        "avg": 8.565077030653065,
        "min": 5.157195,
        "med": 8.44351,
        "max": 17.674085,
        "p(50)": 8.44351,
        "p(95)": 10.411032500000001,
        "p(99)": 14.83166
      }
    },
    "http_req_tls_handshaking": {
      "contains": "time",
      "values": {
        "avg": 0,
        "min": 0,
        "med": 0,
        "max": 0,
        "p(50)": 0,
        "p(95)": 0,
        "p(99)": 0
      },
      "type": "trend"
    },
    "data_sent": {
      "type": "counter",
      "contains": "data",
      "values": {
        "count": 269128,
        "rate": 2990.0123134663804
      }
    },
    "http_req_connecting": {
      "type": "trend",
      "contains": "time",
      "values": {
        "min": 0,
        "med": 0,
        "max": 7.744664,
        "p(50)": 0,
        "p(95)": 0,
        "p(99)": 5.778143999999999,
        "avg": 0.12568511417147937
      }
    },
    "vus_max": {
      "type": "gauge",
      "contains": "default",
      "values": {
        "value": 50,
        "min": 50,
        "max": 50
      }
    }
  },
  "root_group": {
    "groups": [],
    "checks": [
        {
          "id": "6210a8cd14cd70477eba5c5e4cb3fb5f",
          "passes": 2251,
          "fails": 0,
          "name": "status is 200",
          "path": "::status is 200"
        }
      ],
    "name": "",
    "path": "",
    "id": "d41d8cd98f00b204e9800998ecf8427e"
  },
  "options": {
    "summaryTimeUnit": "",
    "noColor": false,
    "summaryTrendStats": [
      "avg",
      "min",
      "med",
      "max",
      "p(50)",
      "p(95)",
      "p(99)"
    ]
  },
  "state": {
    "isStdErrTTY": false,
    "testRunDurationMs": 90008.993872,
    "isStdOutTTY": false
  }
}