{
  "options": {
    "summaryTrendStats": [
      "avg",
      "min",
      "med",
      "max",
      "p(50)",
      "p(95)",
      "p(99)"
    ],
    "summaryTimeUnit": "",
    "noColor": false
  },
  "state": {
    "isStdOutTTY": false,
    "isStdErrTTY": false,
    "testRunDurationMs": 90001.088908
  },
  "metrics": {
    "http_req_duration": {
      "type": "trend",
      "contains": "time",
      "values": {
        "avg": 15.066720551555537,
        "min": 10.564474,
        "med": 14.713777,
        "max": 56.204662,
        "p(50)": 14.713777,
        "p(95)": 17.71134455,
        "p(99)": 20.265817389999995
      }
    },
    "http_req_connecting": {
      "type": "trend",
      "contains": "time",
      "values": {
        "max": 7.290439,
        "p(50)": 0,
        "p(95)": 0,
        "p(99)": 5.2787561799999825,
        "avg": 0.11483691822222226,
        "min": 0,
        "med": 0
      }
    },
    "http_req_blocked": {
      "type": "trend",
      "contains": "time",
      "values": {
        "med": 0.00746,
        "max": 7.413349,
        "p(50)": 0.00746,
        "p(95)": 0.014540999999999995,
        "p(99)": 5.385116589999989,
        "avg": 0.12536950799999863,
        "min": 0.00459
      }
    },
    "http_req_tls_handshaking": {
      "type": "trend",
      "contains": "time",
      "values": {
        "avg": 0,
        "min": 0,
        "med": 0,
        "max": 0,
        "p(50)": 0,
        "p(95)": 0,
        "p(99)": 0
      }
    },
    "http_req_sending": {
      "contains": "time",
      "values": {
        "p(95)": 0.05869199999999988,
        "p(99)": 0.12789348999999967,
        "avg": 0.03442441022222225,
        "min": 0.01343,
        "med": 0.028809500000000002,
        "max": 0.375359,
        "p(50)": 0.028809500000000002
      },
      "type": "trend"
    },
    "vus_max": {
      "type": "gauge",
      "contains": "default",
      "values": {
        "value": 50,
        "min": 50,
        "max": 50
      }
    },
    "http_req_duration{expected_response:true}": {
      "type": "trend",
      "contains": "time",
      "values": {
        "avg": 15.066720551555537,
        "min": 10.564474,
        "med": 14.713777,
        "max": 56.204662,
        "p(50)": 14.713777,
        "p(95)": 17.71134455,
        "p(99)": 20.265817389999995
      }
    },
    "http_req_waiting": {
      "contains": "time",
      "values": {
        "avg": 14.932705272444492,
        "min": 10.436195,
        "med": 14.577801000000001,
        "max": 55.852532,
        "p(50)": 14.577801000000001,
        "p(95)": 17.560597899999998,
        "p(99)": 20.06278568999996
      },
      "type": "trend"
    },
    "round_trip_count": {
      "type": "trend",
      "contains": "default",
      "values": {
        "min": 1,
        "med": 1,
        "max": 1,
        "p(50)": 1,
        "p(95)": 1,
        "p(99)": 1,
        "avg": 1
      }
    },
    "iterations": {
      "type": "counter",
      "contains": "default",
      "values": {
        "count": 2250,
        "rate": 24.999697529215144
      }
    },
    "req_latency": {
      "type": "trend",
      "contains": "default",
      "values": {
        "p(50)": 14.713777,
        "p(95)": 17.71134455,
        "p(99)": 20.265817389999995,
        "avg": 15.066720551555537,
        "min": 10.564474,
        "med": 14.713777,
        "max": 56.204662
      }
    },
    "http_reqs": {
      "type": "counter",
      "contains": "default",
      "values": {
        "count": 2250,
        "rate": 24.999697529215144
      }
    },
    "data_sent": {
      "type": "counter",
      "contains": "data",
      "values": {
        "count": 664778,
        "rate": 7386.332855145149
      }
    },
    "vus": {
      "values": {
        "value": 1,
        "min": 1,
        "max": 1
      },
      "type": "gauge",
      "contains": "default"
    },
    "checks": {
      "type": "rate",
      "contains": "default",
      "values": {
        "fails": 0,
        "rate": 1,
        "passes": 4500
      }
    },
    "http_req_receiving": {
      "type": "trend",
      "contains": "time",
      "values": {
        "p(95)": 0.16044299999999992,
        "p(99)": 0.23756570999999985,
        "avg": 0.09959086888888904,
        "min": 0.04763,
        "med": 0.09246,
        "max": 0.471839,
        "p(50)": 0.09246
      }
    },
    "data_received": {
      "values": {
        "rate": 22282.06374313926,
        "count": 2005410
      },
      "type": "counter",
      "contains": "data"
    },
    "payload_bytes": {
      "contains": "default",
      "values": {
        "min": 147,
        "med": 785,
        "max": 815,
        "p(50)": 785,
        "p(95)": 803,
        "p(99)": 809,
        "avg": 630.2933333333333
      },
      "type": "trend"
    },
    "page_latency": {
      "type": "trend",
      "contains": "default",
      "values": {
        "p(95)": 17.71134455,
        "p(99)": 20.265817389999995,
        "avg": 15.066720551555537,
        "min": 10.564474,
        "med": 14.713777,
        "max": 56.204662,
        "p(50)": 14.713777
      }
    },
    "iteration_duration": {
      "contains": "time",
      "values": {
        "min": 11.460183,
        "med": 15.501326,
        "max": 57.150095,
        "p(50)": 15.501326,
        "p(95)": 19.274927949999995,
        "p(99)": 23.16268087999998,
        "avg": 15.960995222666673
      },
      "type": "trend"
    },
    "http_req_failed": {
      "values": {
        "rate": 0,
        "passes": 0,
        "fails": 2250
      },
      "type": "rate",
      "contains": "default"
    }
  },
  "root_group": {
    "checks": [
      {
        "name": "status is 200",
        "path": "::status is 200",
        "id": "6210a8cd14cd70477eba5c5e4cb3fb5f",
        "passes": 2250,
        "fails": 0
      },
      {
        "name": "no graphql errors",
        "path": "::no graphql errors",
        "id": "7c29382b2a87caa2e50f0d89170b649f",
        "passes": 2250,
        "fails": 0
      }
    ],
    "name": "",
    "path": "",
    "id": "d41d8cd98f00b204e9800998ecf8427e",
    "groups": []
  }
}