{
  "options": {
    "summaryTrendStats": [
      "avg",
      "min",
      "med",
      "max",
      "p(50)",
      "p(95)",
      "p(99)"
    ],
    "summaryTimeUnit": "",
    "noColor": false
  },
  "state": {
    "isStdOutTTY": false,
    "isStdErrTTY": false,
    "testRunDurationMs": 90001.395133
  },
  "metrics": {
    "http_req_duration{expected_response:true}": {
      "values": {
        "p(50)": 15.251248,
        "p(95)": 19.470619,
        "p(99)": 61.081940900000006,
        "avg": 16.381077507111108,
        "min": 10.200371,
        "med": 15.251248,
        "max": 90.669652
      },
      "type": "trend",
      "contains": "time"
    },
    "http_req_sending": {
      "type": "trend",
      "contains": "time",
      "values": {
        "p(95)": 0.0501805,
        "p(99)": 0.12888010000000003,
        "avg": 0.03192712177777775,
        "min": 0.01277,
        "med": 0.02748,
        "max": 0.283238,
        "p(50)": 0.02748
      }
    },
    "payload_bytes": {
      "contains": "default",
      "values": {
        "avg": 1968.5757777777778,
        "min": 149,
        "med": 2169,
        "max": 3474,
        "p(50)": 2169,
        "p(95)": 3085,
        "p(99)": 3373
      },
      "type": "trend"
    },
    "data_received": {
      "contains": "data",
      "values": {
        "count": 10037203,
        "rate": 111522.74901036227
      },
      "type": "counter"
    },
    "http_req_receiving": {
      "contains": "time",
      "values": {
        "p(50)": 0.0926595,
        "p(95)": 0.15090055000000002,
        "p(99)": 0.6110453100000015,
        "avg": 0.10862352177777757,
        "min": 0.04451,
        "med": 0.0926595,
        "max": 0.973456
      },
      "type": "trend"
    },
    "http_req_duration": {
      "type": "trend",
      "contains": "time",
      "values": {
        "p(95)": 19.470619,
        "p(99)": 61.081940900000006,
        "avg": 16.381077507111108,
        "min": 10.200371,
        "med": 15.251248,
        "max": 90.669652,
        "p(50)": 15.251248
      }
    },
    "round_trip_count": {
      "type": "trend",
      "contains": "default",
      "values": {
        "min": 1,
        "med": 1,
        "max": 1,
        "p(50)": 1,
        "p(95)": 1,
        "p(99)": 1,
        "avg": 1
      }
    },
    "data_sent": {
      "type": "counter",
      "contains": "data",
      "values": {
        "rate": 13267.883217092041,
        "count": 1194128
      }
    },
    "iteration_duration": {
      "type": "trend",
      "contains": "time",
      "values": {
        "p(99)": 62.05463930000001,
        "avg": 17.62687870288888,
        "min": 10.70249,
        "med": 16.450527,
        "max": 91.786977,
        "p(50)": 16.450527,
        "p(95)": 21.831310050000003
      }
    },
    "http_req_waiting": {
      "type": "trend",
      "contains": "time",
      "values": {
        "p(99)": 60.398320800000015,
        "avg": 16.240526863555544,
        "min": 10.056152,
        "med": 15.1241635,
        "max": 89.671526,
        "p(50)": 15.1241635,
        "p(95)": 19.315231
      }
    },
    "vus_max": {
      "type": "gauge",
      "contains": "default",
      "values": {
        "value": 100,
        "min": 100,
        "max": 100
      }
    },
    "http_req_blocked": {
      "type": "trend",
      "contains": "time",
      "values": {
        "p(50)": 0.00696,
        "p(95)": 0.01196,
        "p(99)": 5.614158080000013,
        "avg": 0.13253121311110935,
        "min": 0.00436,
        "med": 0.00696,
        "max": 9.825723
      }
    },
    "http_req_failed": {
      "contains": "default",
      "values": {
        "fails": 4500,
        "rate": 0,
        "passes": 0
      },
      "type": "rate"
    },
    "req_latency": {
      "contains": "default",
      "values": {
        "p(50)": 15.251248,
        "p(95)": 19.470619,
        "p(99)": 61.081940900000006,
        "avg": 16.381077507111108,
        "min": 10.200371,
        "med": 15.251248,
        "max": 90.669652
      },
      "type": "trend"
    },
    "iterations": {
      "contains": "default",
      "values": {
        "count": 4500,
        "rate": 49.999224938125714
      },
      "type": "counter"
    },
    "http_reqs": {
      "contains": "default",
      "values": {
        "count": 4500,
        "rate": 49.999224938125714
      },
      "type": "counter"
    },
    "http_req_tls_handshaking": {
      "contains": "time",
      "values": {
        "avg": 0,
        "min": 0,
        "med": 0,
        "max": 0,
        "p(50)": 0,
        "p(95)": 0,
        "p(99)": 0
      },
      "type": "trend"
    },
    "vus": {
      "type": "gauge",
      "contains": "default",
      "values": {
        "value": 1,
        "min": 1,
        "max": 4
      }
    },
    "http_req_connecting": {
      "contains": "time",
      "values": {
        "p(99)": 5.499659190000016,
        "avg": 0.1226529997777778,
        "min": 0,
        "med": 0,
        "max": 9.721174,
        "p(50)": 0,
        "p(95)": 0
      },
      "type": "trend"
    },
    "checks": {
      "type": "rate",
      "contains": "default",
      "values": {
        "rate": 1,
        "passes": 9000,
        "fails": 0
      }
    }
  },
  "root_group": {
    "name": "",
    "path": "",
    "id": "d41d8cd98f00b204e9800998ecf8427e",
    "groups": [],
    "checks": [
        {
          "name": "status is 200",
          "path": "::status is 200",
          "id": "6210a8cd14cd70477eba5c5e4cb3fb5f",
          "passes": 4500,
          "fails": 0
        },
        {
          "name": "no graphql errors",
          "path": "::no graphql errors",
          "id": "7c29382b2a87caa2e50f0d89170b649f",
          "passes": 4500,
          "fails": 0
        }
      ]
  }
}