{
  "state": {
    "isStdOutTTY": false,
    "isStdErrTTY": false,
    "testRunDurationMs": 90009.832996
  },
  "metrics": {
    "data_received": {
      "contains": "data",
      "values": {
        "count": 3479510,
        "rate": 38656.99873206773
      },
      "type": "counter"
    },
    "iteration_duration": {
      "type": "trend",
      "contains": "time",
      "values": {
        "avg": 7.533289322924454,
        "min": 3.429039,
        "med": 7.405274,
        "max": 22.437421,
        "p(50)": 7.405274,
        "p(95)": 9.441377,
        "p(99)": 13.873114599999997
      }
    },
    "http_req_connecting": {
      "type": "trend",
      "contains": "time",
      "values": {
        "med": 0,
        "max": 13.585989,
        "p(50)": 0,
        "p(95)": 0,
        "p(99)": 5.559919999999994,
        "avg": 0.12307893949857378,
        "min": 0
      }
    },
    "http_req_blocked": {
      "type": "trend",
      "contains": "time",
      "values": {
        "p(99)": 5.668225399999999,
        "avg": 0.13346976565080268,
        "min": 0.00388,
        "med": 0.00723,
        "max": 13.768977,
        "p(50)": 0.00723,
        "p(95)": 0.019169
      }
    },
    "http_req_duration{expected_response:true}": {
      "type": "trend",
      "contains": "time",
      "values": {
        "min": 3.050324,
        "med": 7.090758,
        "max": 14.703992,
        "p(50)": 7.090758,
        "p(95)": 8.783074,
        "p(99)": 9.51257259999999,
        "avg": 7.088539299354456
      }
    },
    "http_req_tls_handshaking": {
      "type": "trend",
      "contains": "time",
      "values": {
        "avg": 0,
        "min": 0,
        "med": 0,
        "max": 0,
        "p(50)": 0,
        "p(95)": 0,
        "p(99)": 0
      }
    },
    "http_req_sending": {
      "type": "trend",
      "contains": "time",
      "values": {
        "max": 1.837244,
        "p(50)": 0.02642,
        "p(95)": 0.05184,
        "p(99)": 0.11246299999999998,
        "avg": 0.030836719411499777,
        "min": 0.01135,
        "med": 0.02642
      }
    },
    "http_reqs": {
      "type": "counter",
      "contains": "default",
      "values": {
        "count": 6661,
        "rate": 74.00302587269562
      }
    },
    "data_sent": {
      "type": "counter",
      "contains": "data",
      "values": {
        "count": 799293,
        "rate": 8880.063137496547
      }
    },
    "http_req_duration": {
      "type": "trend",
      "contains": "time",
      "values": {
        "avg": 7.088539299354456,
        "min": 3.050324,
        "med": 7.090758,
        "max": 14.703992,
        "p(50)": 7.090758,
        "p(95)": 8.783074,
        "p(99)": 9.51257259999999
      }
    },
    "http_req_waiting": {
      "type": "trend",
      "contains": "time",
      "values": {
        "p(99)": 9.35395459999999,
        "avg": 6.965334089025668,
        "min": 2.919905,
        "med": 6.971409,
        "max": 14.617344,
        "p(50)": 6.971409,
        "p(95)": 8.658324
      }
    },
    "iterations": {
      "type": "counter",
      "contains": "default",
      "values": {
        "count": 6661,
        "rate": 74.00302587269562
      }
    },
    "http_req_failed": {
      "values": {
        "rate": 0,
        "passes": 0,
        "fails": 6661
      },
      "type": "rate",
      "contains": "default"
    },
    "vus": {
      "type": "gauge",
      "contains": "default",
      "values": {
        "max": 2,
        "value": 1,
        "min": 1
      }
    },
    "round_trip_count": {
      "type": "trend",
      "contains": "default",
      "values": {
        "max": 1,
        "p(50)": 1,
        "p(95)": 1,
        "p(99)": 1,
        "avg": 1,
        "min": 1,
        "med": 1
      }
    },
    "req_latency": {
      "type": "trend",
      "contains": "default",
      "values": {
        "max": 14.703992,
        "p(50)": 7.090758,
        "p(95)": 8.783074,
        "p(99)": 9.51257259999999,
        "avg": 7.088539299354456,
        "min": 3.050324,
        "med": 7.090758
      }
    },
    "payload_bytes": {
      "type": "trend",
      "contains": "default",
      "values": {
        "med": 234,
        "max": 10613,
        "p(50)": 234,
        "p(95)": 269,
        "p(99)": 269,
        "avg": 261.3666116198769,
        "min": 162
      }
    },
    "http_req_receiving": {
      "type": "trend",
      "contains": "time",
      "values": {
        "avg": 0.09236849091727947,
        "min": 0.04033,
        "med": 0.089249,
        "max": 2.396998,
        "p(50)": 0.089249,
        "p(95)": 0.132699,
        "p(99)": 0.17495479999999985
      }
    },
    "vus_max": {
      "type": "gauge",
      "contains": "default",
      "values": {
        "value": 148,
        "min": 148,
        "max": 148
      }
    },
    "checks": {
      "type": "rate",
      "contains": "default",
      "values": {
        "rate": 1,
        "passes": 6661,
        "fails": 0
      }
    }
  },
  "root_group": {
    "checks": [
      {
        "name": "status is 200",
        "path": "::status is 200",
        "id": "6210a8cd14cd70477eba5c5e4cb3fb5f",
        "passes": 6661,
        "fails": 0
      }
    ],
    "name": "",
    "path": "",
    "id": "d41d8cd98f00b204e9800998ecf8427e",
    "groups": []
  },
  "options": {
    "summaryTrendStats": [
      "avg",
      "min",
      "med",
      "max",
      "p(50)",
      "p(95)",
      "p(99)"
    ],
    "summaryTimeUnit": "",
    "noColor": false
  }
}