{
  "state": {
    "isStdErrTTY": false,
    "testRunDurationMs": 90000.879535,
    "isStdOutTTY": false
  },
  "metrics": {
    "http_req_duration": {
      "contains": "time",
      "values": {
        "min": 3.672954,
        "med": 7.259256499999999,
        "max": 41.491385,
        "p(50)": 7.259256499999999,
        "p(95)": 9.00676855,
        "p(99)": 9.821069889999988,
        "avg": 7.294405218222219
      },
      "type": "trend"
    },
    "http_req_connecting": {
      "type": "trend",
      "contains": "time",
      "values": {
        "p(50)": 0,
        "p(95)": 0,
        "p(99)": 4.888472199999978,
        "avg": 0.11218260666666668,
        "min": 0,
        "med": 0,
        "max": 7.235221
      }
    },
    "http_req_receiving": {
      "type": "trend",
      "contains": "time",
      "values": {
        "p(95)": 0.169059,
        "p(99)": 0.23010782999999993,
        "avg": 0.09843914977777773,
        "min": 0.0412,
        "med": 0.09164549999999999,
        "max": 0.337022,
        "p(50)": 0.09164549999999999
      }
    },
    "http_req_blocked": {
      "type": "trend",
      "contains": "time",
      "values": {
        "min": 0.00406,
        "med": 0.00774,
        "max": 7.32928,
        "p(50)": 0.00774,
        "p(95)": 0.020206499999999992,
        "p(99)": 5.062896409999989,
        "avg": 0.12324352488888851
      }
    },
    "checks": {
      "type": "rate",
      "contains": "default",
      "values": {
        "rate": 1,
        "passes": 2250,
        "fails": 0
      }
    },
    "round_trip_count": {
      "type": "trend",
      "contains": "default",
      "values": {
        "p(99)": 1,
        "avg": 1,
        "min": 1,
        "med": 1,
        "max": 1,
        "p(50)": 1,
        "p(95)": 1
      }
    },
    "req_latency": {
      "type": "trend",
      "contains": "default",
      "values": {
        "max": 41.491385,
        "p(50)": 7.259256499999999,
        "p(95)": 9.00676855,
        "p(99)": 9.821069889999988,
        "avg": 7.294405218222219,
        "min": 3.672954,
        "med": 7.259256499999999
      }
    },
    "iteration_duration": {
      "type": "trend",
      "contains": "time",
      "values": {
        "med": 7.6316035,
        "max": 41.770366,
        "p(50)": 7.6316035,
        "p(95)": 9.633993099999998,
        "p(99)": 13.521687089999977,
        "avg": 7.7532351657777765,
        "min": 4.085553
      }
    },
    "vus_max": {
      "type": "gauge",
      "contains": "default",
      "values": {
        "value": 50,
        "min": 50,
        "max": 50
      }
    },
    "http_req_duration{expected_response:true}": {
      "type": "trend",
      "contains": "time",
      "values": {
        "med": 7.259256499999999,
        "max": 41.491385,
        "p(50)": 7.259256499999999,
        "p(95)": 9.00676855,
        "p(99)": 9.821069889999988,
        "avg": 7.294405218222219,
        "min": 3.672954
      }
    },
    "http_req_sending": {
      "type": "trend",
      "contains": "time",
      "values": {
        "avg": 0.030589715555555543,
        "min": 0.0112,
        "med": 0.02637,
        "max": 0.523982,
        "p(50)": 0.02637,
        "p(95)": 0.05533604999999999,
        "p(99)": 0.10344268999999992
      }
    },
    "http_reqs": {
      "type": "counter",
      "contains": "default",
      "values": {
        "count": 2250,
        "rate": 24.999755687109797
      }
    },
    "http_req_failed": {
      "contains": "default",
      "values": {
        "rate": 0,
        "passes": 0,
        "fails": 2250
      },
      "type": "rate"
    },
    "http_req_tls_handshaking": {
      "type": "trend",
      "contains": "time",
      "values": {
        "max": 0,
        "p(50)": 0,
        "p(95)": 0,
        "p(99)": 0,
        "avg": 0,
        "min": 0,
        "med": 0
      }
    },
    "data_sent": {
      "type": "counter",
      "contains": "data",
      "values": {
        "count": 213744,
        "rate": 2374.910124260265
      }
    },
    "vus": {
      "type": "gauge",
      "contains": "default",
      "values": {
        "value": 0,
        "min": 0,
        "max": 0
      }
    },
    "http_req_waiting": {
      "type": "trend",
      "contains": "time",
      "values": {
        "min": 3.502225,
        "med": 7.1364855,
        "max": 41.395924,
        "p(50)": 7.1364855,
        "p(95)": 8.8857967,
        "p(99)": 9.656030639999987,
        "avg": 7.165376352888883
      }
    },
    "data_received": {
      "type": "counter",
      "contains": "data",
      "values": {
        "count": 746913,
        "rate": 8298.952230900552
      }
    },
    "payload_bytes": {
      "type": "trend",
      "contains": "default",
      "values": {
        "avg": 71.91288888888889,
        "min": 59,
        "med": 59,
        "max": 294,
        "p(50)": 59,
        "p(95)": 84,
        "p(99)": 109
      }
    },
    "iterations": {
      "type": "counter",
      "contains": "default",
      "values": {
        "rate": 24.999755687109797,
        "count": 2250
      }
    }
  },
  "root_group": {
    "path": "",
    "id": "d41d8cd98f00b204e9800998ecf8427e",
    "groups": [],
    "checks": [
        {
          "fails": 0,
          "name": "status is 200",
          "path": "::status is 200",
          "id": "6210a8cd14cd70477eba5c5e4cb3fb5f",
          "passes": 2250
        }
      ],
    "name": ""
  },
  "options": {
    "summaryTrendStats": [
      "avg",
      "min",
      "med",
      "max",
      "p(50)",
      "p(95)",
      "p(99)"
    ],
    "summaryTimeUnit": "",
    "noColor": false
  }
}