{
  "options": {
    "summaryTrendStats": [
      "avg",
      "min",
      "med",
      "max",
      "p(50)",
      "p(95)",
      "p(99)"
    ],
    "summaryTimeUnit": "",
    "noColor": false
  },
  "state": {
    "isStdOutTTY": false,
    "isStdErrTTY": false,
    "testRunDurationMs": 90001.174033
  },
  "metrics": {
    "vus": {
      "type": "gauge",
      "contains": "default",
      "values": {
        "value": 0,
        "min": 0,
        "max": 0
      }
    },
    "http_req_duration": {
      "type": "trend",
      "contains": "time",
      "values": {
        "med": 10.8342295,
        "max": 59.470794,
        "p(50)": 10.8342295,
        "p(95)": 13.65513294999999,
        "p(99)": 15.631928219999994,
        "avg": 11.143400100000024,
        "min": 6.420932
      }
    },
    "data_sent": {
      "type": "counter",
      "contains": "data",
      "values": {
        "count": 598493,
        "rate": 6649.835476374513
      }
    },
    "iteration_duration": {
      "type": "trend",
      "contains": "time",
      "values": {
        "med": 11.316969499999999,
        "max": 59.893513,
        "p(50)": 11.316969499999999,
        "p(95)": 14.793201499999999,
        "p(99)": 18.696201189999993,
        "avg": 11.733215929777796,
        "min": 6.684691
      }
    },
    "http_req_connecting": {
      "contains": "time",
      "values": {
        "p(99)": 5.146799309999998,
        "avg": 0.11442268577777781,
        "min": 0,
        "med": 0,
        "max": 8.136328,
        "p(50)": 0,
        "p(95)": 0
      },
      "type": "trend"
    },
    "http_req_waiting": {
      "values": {
        "p(99)": 15.531354609999992,
        "avg": 11.024104534666675,
        "min": 6.343642,
        "med": 10.7193155,
        "max": 59.117235,
        "p(50)": 10.7193155,
        "p(95)": 13.527231899999986
      },
      "type": "trend",
      "contains": "time"
    },
    "http_req_blocked": {
      "type": "trend",
      "contains": "time",
      "values": {
        "min": 0.00383,
        "med": 0.00574,
        "max": 8.223348,
        "p(50)": 0.00574,
        "p(95)": 0.013287949999999988,
        "p(99)": 5.253623099999999,
        "avg": 0.12367031111111158
      }
    },
    "http_req_tls_handshaking": {
      "type": "trend",
      "contains": "time",
      "values": {
        "max": 0,
        "p(50)": 0,
        "p(95)": 0,
        "p(99)": 0,
        "avg": 0,
        "min": 0,
        "med": 0
      }
    },
    "http_req_duration{expected_response:true}": {
      "type": "trend",
      "contains": "time",
      "values": {
        "avg": 11.143400100000024,
        "min": 6.420932,
        "med": 10.8342295,
        "max": 59.470794,
        "p(50)": 10.8342295,
        "p(95)": 13.65513294999999,
        "p(99)": 15.631928219999994
      }
    },
    "http_req_failed": {
      "type": "rate",
      "contains": "default",
      "values": {
        "rate": 0,
        "passes": 0,
        "fails": 2250
      }
    },
    "payload_bytes": {
      "contains": "default",
      "values": {
        "min": 72,
        "med": 72,
        "max": 307,
        "p(50)": 72,
        "p(95)": 97,
        "p(99)": 122,
        "avg": 84.73688888888888
      },
      "type": "trend"
    },
    "http_req_receiving": {
      "type": "trend",
      "contains": "time",
      "values": {
        "p(95)": 0.12687454999999997,
        "p(99)": 0.16462930999999953,
        "avg": 0.09038714711111111,
        "min": 0.04272,
        "med": 0.08416,
        "max": 0.327529,
        "p(50)": 0.08416
      }
    },
    "iterations": {
      "type": "counter",
      "contains": "default",
      "values": {
        "rate": 24.999673883976346,
        "count": 2250
      }
    },
    "round_trip_count": {
      "type": "trend",
      "contains": "default",
      "values": {
        "p(50)": 1,
        "p(95)": 1,
        "p(99)": 1,
        "avg": 1,
        "min": 1,
        "med": 1,
        "max": 1
      }
    },
    "vus_max": {
      "type": "gauge",
      "contains": "default",
      "values": {
        "value": 50,
        "min": 50,
        "max": 50
      }
    },
    "http_req_sending": {
      "type": "trend",
      "contains": "time",
      "values": {
        "med": 0.02382,
        "max": 0.537208,
        "p(50)": 0.02382,
        "p(95)": 0.06365799999999991,
        "p(99)": 0.11643609999999996,
        "avg": 0.028908418222222242,
        "min": 0.01106
      }
    },
    "req_latency": {
      "values": {
        "max": 59.470794,
        "p(50)": 10.8342295,
        "p(95)": 13.65513294999999,
        "p(99)": 15.631928219999994,
        "avg": 11.143400100000024,
        "min": 6.420932,
        "med": 10.8342295
      },
      "type": "trend",
      "contains": "default"
    },
    "data_received": {
      "type": "counter",
      "contains": "data",
      "values": {
        "count": 775745,
        "rate": 8619.276452055658
      }
    },
    "http_reqs": {
      "type": "counter",
      "contains": "default",
      "values": {
        "count": 2250,
        "rate": 24.999673883976346
      }
    },
    "checks": {
      "type": "rate",
      "contains": "default",
      "values": {
        "passes": 4500,
        "fails": 0,
        "rate": 1
      }
    }
  },
  "root_group": {
    "groups": [],
    "checks": [
        {
          "fails": 0,
          "name": "status is 200",
          "path": "::status is 200",
          "id": "6210a8cd14cd70477eba5c5e4cb3fb5f",
          "passes": 2250
        },
        {
          "name": "no graphql errors",
          "path": "::no graphql errors",
          "id": "7c29382b2a87caa2e50f0d89170b649f",
          "passes": 2250,
          "fails": 0
        }
      ],
    "name": "",
    "path": "",
    "id": "d41d8cd98f00b204e9800998ecf8427e"
  }
}