{
  "root_group": {
    "name": "",
    "path": "",
    "id": "d41d8cd98f00b204e9800998ecf8427e",
    "groups": [],
    "checks": [
        {
          "name": "status is 200",
          "path": "::status is 200",
          "id": "6210a8cd14cd70477eba5c5e4cb3fb5f",
          "passes": 4502,
          "fails": 0
        }
      ]
  },
  "options": {
    "summaryTrendStats": [
      "avg",
      "min",
      "med",
      "max",
      "p(50)",
      "p(95)",
      "p(99)"
    ],
    "summaryTimeUnit": "",
    "noColor": false
  },
  "state": {
    "isStdOutTTY": false,
    "isStdErrTTY": false,
    "testRunDurationMs": 90014.616906
  },
  "metrics": {
    "http_req_sending": {
      "type": "trend",
      "contains": "time",
      "values": {
        "min": 0.00966,
        "med": 0.02309,
        "max": 0.275869,
        "p(50)": 0.02309,
        "p(95)": 0.04402799999999999,
        "p(99)": 0.09883310999999921,
        "avg": 0.02602603731674815
      }
    },
    "checks": {
      "type": "rate",
      "contains": "default",
      "values": {
        "rate": 1,
        "passes": 4502,
        "fails": 0
      }
    },
    "page_latency": {
      "type": "trend",
      "contains": "default",
      "values": {
        "avg": 15.172386268769399,
        "min": 10.358381000000001,
        "med": 15.106987,
        "max": 45.437082000000004,
        "p(50)": 15.106987,
        "p(95)": 17.544300500000002,
        "p(99)": 18.482395
      }
    },
    "http_req_duration": {
      "type": "trend",
      "contains": "time",
      "values": {
        "min": 3.620293,
        "med": 7.5788735,
        "max": 37.997928,
        "p(50)": 7.5788735,
        "p(95)": 9.361518550000001,
        "p(99)": 10.093959799999999,
        "avg": 7.5861931343847075
      }
    },
    "http_req_blocked": {
      "type": "trend",
      "contains": "time",
      "values": {
        "p(99)": 4.2967950999999935,
        "avg": 0.06887882741003931,
        "min": 0.00341,
        "med": 0.00699,
        "max": 7.832534,
        "p(50)": 0.00699,
        "p(95)": 0.01182749999999999
      }
    },
    "round_trip_count": {
      "type": "trend",
      "contains": "default",
      "values": {
        "p(99)": 2,
        "avg": 2,
        "min": 2,
        "med": 2,
        "max": 2,
        "p(50)": 2,
        "p(95)": 2
      }
    },
    "http_req_waiting": {
      "type": "trend",
      "contains": "time",
      "values": {
        "avg": 7.462199055086623,
        "min": 3.489283,
        "med": 7.451008,
        "max": 37.902328,
        "p(50)": 7.451008,
        "p(95)": 9.2334971,
        "p(99)": 9.972535999999998
      }
    },
    "vus": {
      "type": "gauge",
      "contains": "default",
      "values": {
        "value": 0,
        "min": 0,
        "max": 0
      }
    },
    "http_req_connecting": {
      "contains": "time",
      "values": {
        "med": 0,
        "max": 7.737403,
        "p(50)": 0,
        "p(95)": 0,
        "p(99)": 4.165828209999994,
        "avg": 0.06005336650377611,
        "min": 0
      },
      "type": "trend"
    },
    "iteration_duration": {
      "type": "trend",
      "contains": "time",
      "values": {
        "p(99)": 22.090550999999998,
        "avg": 15.953247070191056,
        "min": 11.043856,
        "med": 15.787773,
        "max": 46.182279,
        "p(50)": 15.787773,
        "p(95)": 18.562505
      }
    },
    "payload_bytes": {
      "type": "trend",
      "contains": "default",
      "values": {
        "p(95)": 2324,
        "p(99)": 2350,
        "avg": 1018.2456685917371,
        "min": 110,
        "med": 129,
        "max": 2386,
        "p(50)": 129
      }
    },
    "vus_max": {
      "contains": "default",
      "values": {
        "value": 50,
        "min": 50,
        "max": 50
      },
      "type": "gauge"
    },
    "data_sent": {
      "type": "counter",
      "contains": "data",
      "values": {
        "rate": 5008.664320271611,
        "count": 450853
      }
    },
    "http_req_receiving": {
      "type": "trend",
      "contains": "time",
      "values": {
        "min": 0.046689,
        "med": 0.09168,
        "max": 0.310768,
        "p(50)": 0.09168,
        "p(95)": 0.1513765,
        "p(99)": 0.19735038999999915,
        "avg": 0.09796804198134167
      }
    },
    "http_reqs": {
      "type": "counter",
      "contains": "default",
      "values": {
        "count": 4502,
        "rate": 50.014099428999685
      }
    },
    "data_received": {
      "contains": "data",
      "values": {
        "count": 5761224,
        "rate": 64003.20523517088
      },
      "type": "counter"
    },
    "iterations": {
      "type": "counter",
      "contains": "default",
      "values": {
        "count": 2251,
        "rate": 25.007049714499843
      }
    },
    "http_req_tls_handshaking": {
      "values": {
        "p(95)": 0,
        "p(99)": 0,
        "avg": 0,
        "min": 0,
        "med": 0,
        "max": 0,
        "p(50)": 0
      },
      "type": "trend",
      "contains": "time"
    },
    "http_req_failed": {
      "type": "rate",
      "contains": "default",
      "values": {
        "rate": 0,
        "passes": 0,
        "fails": 4502
      }
    },
    "http_req_duration{expected_response:true}": {
      "type": "trend",
      "contains": "time",
      "values": {
        "p(50)": 7.5788735,
        "p(95)": 9.361518550000001,
        "p(99)": 10.093959799999999,
        "avg": 7.5861931343847075,
        "min": 3.620293,
        "med": 7.5788735,
        "max": 37.997928
      }
    },
    "req_latency": {
      "values": {
        "avg": 7.5861931343847075,
        "min": 3.620293,
        "med": 7.5788735,
        "max": 37.997928,
        "p(50)": 7.5788735,
        "p(95)": 9.361518550000001,
        "p(99)": 10.093959799999999
      },
      "type": "trend",
      "contains": "default"
    }
  }
}