{
  "state": {
    "isStdErrTTY": false,
    "testRunDurationMs": 90013.981612,
    "isStdOutTTY": false
  },
  "metrics": {
    "http_req_tls_handshaking": {
      "contains": "time",
      "values": {
        "max": 0,
        "p(50)": 0,
        "p(95)": 0,
        "p(99)": 0,
        "avg": 0,
        "min": 0,
        "med": 0
      },
      "type": "trend"
    },
    "http_reqs": {
      "type": "counter",
      "contains": "default",
      "values": {
        "count": 6661,
        "rate": 73.99961517880467
      }
    },
    "http_req_blocked": {
      "type": "trend",
      "contains": "time",
      "values": {
        "avg": 0.12774901801531252,
        "min": 0.00404,
        "med": 0.00717,
        "max": 16.16836,
        "p(50)": 0.00717,
        "p(95)": 0.01542,
        "p(99)": 5.3473885999999915
      }
    },
    "data_sent": {
      "type": "counter",
      "contains": "data",
      "values": {
        "count": 1768983,
        "rate": 19652.313655284106
      }
    },
    "http_req_waiting": {
      "type": "trend",
      "contains": "time",
      "values": {
        "p(50)": 11.10344,
        "p(95)": 15.40753,
        "p(99)": 68.89974939999996,
        "avg": 12.773059561927676,
        "min": 7.247492,
        "med": 11.10344,
        "max": 108.694279
      }
    },
    "round_trip_count": {
      "type": "trend",
      "contains": "default",
      "values": {
        "med": 1,
        "max": 1,
        "p(50)": 1,
        "p(95)": 1,
        "p(99)": 1,
        "avg": 1,
        "min": 1
      }
    },
    "http_req_failed": {
      "values": {
        "rate": 0,
        "passes": 0,
        "fails": 6661
      },
      "type": "rate",
      "contains": "default"
    },
    "data_received": {
      "type": "counter",
      "contains": "data",
      "values": {
        "count": 2764169,
        "rate": 30708.218328956817
      }
    },
    "http_req_connecting": {
      "type": "trend",
      "contains": "time",
      "values": {
        "max": 16.063241,
        "p(50)": 0,
        "p(95)": 0,
        "p(99)": 5.254543399999992,
        "avg": 0.11758556988440175,
        "min": 0,
        "med": 0
      }
    },
    "http_req_duration{expected_response:true}": {
      "type": "trend",
      "contains": "time",
      "values": {
        "p(95)": 15.52659,
        "p(99)": 69.87771099999985,
        "avg": 12.942251877345763,
        "min": 7.397401,
        "med": 11.225381,
        "max": 110.432555,
        "p(50)": 11.225381
      }
    },
    "http_req_receiving": {
      "type": "trend",
      "contains": "time",
      "values": {
        "p(95)": 0.17473,
        "p(99)": 1.1123355999999998,
        "avg": 0.13708520732622692,
        "min": 0.03522,
        "med": 0.09203,
        "max": 6.636413,
        "p(50)": 0.09203
      }
    },
    "iteration_duration": {
      "type": "trend",
      "contains": "time",
      "values": {
        "p(99)": 70.68666579999986,
        "avg": 13.571247296502037,
        "min": 8.07016,
        "med": 11.753521,
        "max": 110.865293,
        "p(50)": 11.753521,
        "p(95)": 17.646537
      }
    },
    "http_req_sending": {
      "type": "trend",
      "contains": "time",
      "values": {
        "avg": 0.03210710809187806,
        "min": 0.011659,
        "med": 0.02792,
        "max": 0.816847,
        "p(50)": 0.02792,
        "p(95)": 0.05427,
        "p(99)": 0.10473399999999976
      }
    },
    "checks": {
      "type": "rate",
      "contains": "default",
      "values": {
        "passes": 13322,
        "fails": 0,
        "rate": 1
      }
    },
    "iterations": {
      "contains": "default",
      "values": {
        "count": 6661,
        "rate": 73.99961517880467
      },
      "type": "counter"
    },
    "payload_bytes": {
      "type": "trend",
      "contains": "default",
      "values": {
        "avg": 154.20567482360005,
        "min": 72,
        "med": 148,
        "max": 303,
        "p(50)": 148,
        "p(95)": 225,
        "p(99)": 250
      }
    },
    "vus_max": {
      "type": "gauge",
      "contains": "default",
      "values": {
        "value": 148,
        "min": 148,
        "max": 148
      }
    },
    "vus": {
      "type": "gauge",
      "contains": "default",
      "values": {
        "min": 1,
        "max": 8,
        "value": 1
      }
    },
    "http_req_duration": {
      "contains": "time",
      "values": {
        "avg": 12.942251877345763,
        "min": 7.397401,
        "med": 11.225381,
        "max": 110.432555,
        "p(50)": 11.225381,
        "p(95)": 15.52659,
        "p(99)": 69.87771099999985
      },
      "type": "trend"
    },
    "req_latency": {
      "type": "trend",
      "contains": "default",
      "values": {
        "avg": 12.942251877345763,
        "min": 7.397401,
        "med": 11.225381,
        "max": 110.432555,
        "p(50)": 11.225381,
        "p(95)": 15.52659,
        "p(99)": 69.87771099999985
      }
    }
  },
  "root_group": {
    "groups": [],
    "checks": [
        {
          "name": "status is 200",
          "path": "::status is 200",
          "id": "6210a8cd14cd70477eba5c5e4cb3fb5f",
          "passes": 6661,
          "fails": 0
        },
        {
          "name": "no graphql errors",
          "path": "::no graphql errors",
          "id": "7c29382b2a87caa2e50f0d89170b649f",
          "passes": 6661,
          "fails": 0
        }
      ],
    "name": "",
    "path": "",
    "id": "d41d8cd98f00b204e9800998ecf8427e"
  },
  "options": {
    "summaryTimeUnit": "",
    "noColor": false,
    "summaryTrendStats": [
      "avg",
      "min",
      "med",
      "max",
      "p(50)",
      "p(95)",
      "p(99)"
    ]
  }
}