{
  "options": {
    "summaryTrendStats": [
      "avg",
      "min",
      "med",
      "max",
      "p(50)",
      "p(95)",
      "p(99)"
    ],
    "summaryTimeUnit": "",
    "noColor": false
  },
  "state": {
    "testRunDurationMs": 90014.426424,
    "isStdOutTTY": false,
    "isStdErrTTY": false
  },
  "metrics": {
    "http_req_duration{expected_response:true}": {
      "type": "trend",
      "contains": "time",
      "values": {
        "max": 79.539294,
        "p(50)": 11.927757,
        "p(95)": 14.3464265,
        "p(99)": 26.388613999999997,
        "avg": 12.304158689471349,
        "min": 8.28671,
        "med": 11.927757
      }
    },
    "http_req_sending": {
      "type": "trend",
      "contains": "time",
      "values": {
        "p(50)": 0.02769,
        "p(95)": 0.0644745,
        "p(99)": 0.15678799999999998,
        "avg": 0.03326848067525541,
        "min": 0.01305,
        "med": 0.02769,
        "max": 0.222228
      }
    },
    "http_req_connecting": {
      "type": "trend",
      "contains": "time",
      "values": {
        "avg": 0.12081762816525987,
        "min": 0,
        "med": 0,
        "max": 7.552927,
        "p(50)": 0,
        "p(95)": 0,
        "p(99)": 5.6457905
      }
    },
    "http_reqs": {
      "values": {
        "count": 2251,
        "rate": 25.00710263260456
      },
      "type": "counter",
      "contains": "default"
    },
    "http_req_duration": {
      "values": {
        "p(50)": 11.927757,
        "p(95)": 14.3464265,
        "p(99)": 26.388613999999997,
        "avg": 12.304158689471349,
        "min": 8.28671,
        "med": 11.927757,
        "max": 79.539294
      },
      "type": "trend",
      "contains": "time"
    },
    "http_req_tls_handshaking": {
      "type": "trend",
      "contains": "time",
      "values": {
        "min": 0,
        "med": 0,
        "max": 0,
        "p(50)": 0,
        "p(95)": 0,
        "p(99)": 0,
        "avg": 0
      }
    },
    "data_received": {
      "contains": "data",
      "values": {
        "count": 1233188,
        "rate": 13699.89288373894
      },
      "type": "counter"
    },
    "http_req_blocked": {
      "values": {
        "p(95)": 0.01341,
        "p(99)": 5.7459895,
        "avg": 0.1311063807196792,
        "min": 0.004519,
        "med": 0.00706,
        "max": 7.694375,
        "p(50)": 0.00706
      },
      "type": "trend",
      "contains": "time"
    },
    "http_req_failed": {
      "type": "rate",
      "contains": "default",
      "values": {
        "rate": 0,
        "passes": 0,
        "fails": 2251
      }
    },
    "http_req_receiving": {
      "type": "trend",
      "contains": "time",
      "values": {
        "avg": 0.0978777561083964,
        "min": 0.04413,
        "med": 0.091109,
        "max": 0.479105,
        "p(50)": 0.091109,
        "p(95)": 0.149069,
        "p(99)": 0.2152735
      }
    },
    "checks": {
      "values": {
        "rate": 1,
        "passes": 4502,
        "fails": 0
      },
      "type": "rate",
      "contains": "default"
    },
    "iteration_duration": {
      "type": "trend",
      "contains": "time",
      "values": {
        "avg": 13.001929375388725,
        "min": 8.882185,
        "med": 12.490409,
        "max": 80.123866,
        "p(50)": 12.490409,
        "p(95)": 15.5385265,
        "p(99)": 27.676903
      }
    },
    "vus": {
      "type": "gauge",
      "contains": "default",
      "values": {
        "value": 0,
        "min": 0,
        "max": 1
      }
    },
    "vus_max": {
      "values": {
        "value": 50,
        "min": 50,
        "max": 50
      },
      "type": "gauge",
      "contains": "default"
    },
    "round_trip_count": {
      "type": "trend",
      "contains": "default",
      "values": {
        "avg": 1,
        "min": 1,
        "med": 1,
        "max": 1,
        "p(50)": 1,
        "p(95)": 1,
        "p(99)": 1
      }
    },
    "payload_bytes": {
      "type": "trend",
      "contains": "default",
      "values": {
        "med": 253,
        "max": 10632,
        "p(50)": 253,
        "p(95)": 288,
        "p(99)": 288,
        "avg": 286.83474011550425,
        "min": 181
      }
    },
    "http_req_waiting": {
      "type": "trend",
      "contains": "time",
      "values": {
        "p(95)": 14.206418500000002,
        "p(99)": 26.162857,
        "avg": 12.173012452687686,
        "min": 8.172631,
        "med": 11.806308,
        "max": 79.125788,
        "p(50)": 11.806308
      }
    },
    "req_latency": {
      "values": {
        "min": 8.28671,
        "med": 11.927757,
        "max": 79.539294,
        "p(50)": 11.927757,
        "p(95)": 14.3464265,
        "p(99)": 26.388613999999997,
        "avg": 12.304158689471349
      },
      "type": "trend",
      "contains": "default"
    },
    "iterations": {
      "type": "counter",
      "contains": "default",
      "values": {
        "count": 2251,
        "rate": 25.00710263260456
      }
    },
    "data_sent": {
      "type": "counter",
      "contains": "data",
      "values": {
        "count": 598758,
        "rate": 6651.80042562996
      }
    }
  },
  "root_group": {
    "name": "",
    "path": "",
    "id": "d41d8cd98f00b204e9800998ecf8427e",
    "groups": [],
    "checks": [
        {
          "name": "status is 200",
          "path": "::status is 200",
          "id": "6210a8cd14cd70477eba5c5e4cb3fb5f",
          "passes": 2251,
          "fails": 0
        },
        {
          "id": "7c29382b2a87caa2e50f0d89170b649f",
          "passes": 2251,
          "fails": 0,
          "name": "no graphql errors",
          "path": "::no graphql errors"
        }
      ]
  }
}