{
  "state": {
    "testRunDurationMs": 90016.218559,
    "isStdOutTTY": false,
    "isStdErrTTY": false
  },
  "metrics": {
    "data_received": {
      "contains": "data",
      "values": {
        "count": 8415596,
        "rate": 93489.77478413074
      },
      "type": "counter"
    },
    "vus_max": {
      "type": "gauge",
      "contains": "default",
      "values": {
        "max": 148,
        "value": 148,
        "min": 148
      }
    },
    "data_sent": {
      "contains": "data",
      "values": {
        "count": 1334090,
        "rate": 14820.551466795814
      },
      "type": "counter"
    },
    "page_latency": {
      "type": "trend",
      "contains": "default",
      "values": {
        "p(99)": 17.8418042,
        "avg": 14.463843938898128,
        "min": 9.06474,
        "med": 14.443611,
        "max": 47.532193,
        "p(50)": 14.443611,
        "p(95)": 16.666475
      }
    },
    "http_req_sending": {
      "type": "trend",
      "contains": "time",
      "values": {
        "avg": 0.024863236225792083,
        "min": 0.00854,
        "med": 0.02228,
        "max": 2.145164,
        "p(50)": 0.02228,
        "p(95)": 0.04401,
        "p(99)": 0.08694040999999975
      }
    },
    "http_req_failed": {
      "type": "rate",
      "contains": "default",
      "values": {
        "fails": 13322,
        "rate": 0,
        "passes": 0
      }
    },
    "iterations": {
      "type": "counter",
      "contains": "default",
      "values": {
        "count": 6661,
        "rate": 73.99777625222205
      }
    },
    "req_latency": {
      "type": "trend",
      "contains": "default",
      "values": {
        "max": 41.287103,
        "p(50)": 7.236231500000001,
        "p(95)": 8.826685499999998,
        "p(99)": 9.652498589999997,
        "avg": 7.231921969449042,
        "min": 2.907041,
        "med": 7.236231500000001
      }
    },
    "http_req_duration{expected_response:true}": {
      "type": "trend",
      "contains": "time",
      "values": {
        "min": 2.907041,
        "med": 7.236231500000001,
        "max": 41.287103,
        "p(50)": 7.236231500000001,
        "p(95)": 8.826685499999998,
        "p(99)": 9.652498589999997,
        "avg": 7.231921969449042
      }
    },
    "http_req_blocked": {
      "type": "trend",
      "contains": "time",
      "values": {
        "p(95)": 0.01195,
        "p(99)": 4.524171199999959,
        "avg": 0.07282481639393407,
        "min": 0.00302,
        "med": 0.00687,
        "max": 20.344323,
        "p(50)": 0.00687
      }
    },
    "http_req_connecting": {
      "contains": "time",
      "values": {
        "max": 20.264144,
        "p(50)": 0,
        "p(95)": 0,
        "p(99)": 4.412999199999994,
        "avg": 0.063752726992944,
        "min": 0,
        "med": 0
      },
      "type": "trend"
    },
    "http_req_tls_handshaking": {
      "contains": "time",
      "values": {
        "avg": 0,
        "min": 0,
        "med": 0,
        "max": 0,
        "p(50)": 0,
        "p(95)": 0,
        "p(99)": 0
      },
      "type": "trend"
    },
    "http_reqs": {
      "contains": "default",
      "values": {
        "count": 13322,
        "rate": 147.9955525044441
      },
      "type": "counter"
    },
    "http_req_receiving": {
      "values": {
        "min": 0.03529,
        "med": 0.08788,
        "max": 2.508702,
        "p(50)": 0.08788,
        "p(95)": 0.14334804999999998,
        "p(99)": 0.24091879999999943,
        "avg": 0.09459728899564597
      },
      "type": "trend",
      "contains": "time"
    },
    "round_trip_count": {
      "values": {
        "med": 2,
        "max": 2,
        "p(50)": 2,
        "p(95)": 2,
        "p(99)": 2,
        "avg": 2,
        "min": 2
      },
      "type": "trend",
      "contains": "default"
    },
    "checks": {
      "type": "rate",
      "contains": "default",
      "values": {
        "rate": 1,
        "passes": 13322,
        "fails": 0
      }
    },
    "payload_bytes": {
      "type": "trend",
      "contains": "default",
      "values": {
        "p(99)": 787,
        "avg": 370.7066506530551,
        "min": 110,
        "med": 129,
        "max": 796,
        "p(50)": 129,
        "p(95)": 781
      }
    },
    "vus": {
      "type": "gauge",
      "contains": "default",
      "values": {
        "min": 1,
        "max": 2,
        "value": 1
      }
    },
    "http_req_waiting": {
      "type": "trend",
      "contains": "time",
      "values": {
        "med": 7.1159305,
        "max": 40.673015,
        "p(50)": 7.1159305,
        "p(95)": 8.7093925,
        "p(99)": 9.50675289,
        "avg": 7.112461444227583,
        "min": 2.811811
      }
    },
    "http_req_duration": {
      "type": "trend",
      "contains": "time",
      "values": {
        "med": 7.236231500000001,
        "max": 41.287103,
        "p(50)": 7.236231500000001,
        "p(95)": 8.826685499999998,
        "p(99)": 9.652498589999997,
        "avg": 7.231921969449042,
        "min": 2.907041
      }
    },
    "iteration_duration": {
      "type": "trend",
      "contains": "time",
      "values": {
        "p(99)": 21.8717796,
        "avg": 15.157942897312738,
        "min": 9.381998,
        "med": 15.00258,
        "max": 48.151871,
        "p(50)": 15.00258,
        "p(95)": 17.656892
      }
    }
  },
  "root_group": {
    "groups": [],
    "checks": [
        {
          "path": "::status is 200",
          "id": "6210a8cd14cd70477eba5c5e4cb3fb5f",
          "passes": 13322,
          "fails": 0,
          "name": "status is 200"
        }
      ],
    "name": "",
    "path": "",
    "id": "d41d8cd98f00b204e9800998ecf8427e"
  },
  "options": {
    "summaryTrendStats": [
      "avg",
      "min",
      "med",
      "max",
      "p(50)",
      "p(95)",
      "p(99)"
    ],
    "summaryTimeUnit": "",
    "noColor": false
  }
}