{
  "options": {
    "summaryTimeUnit": "",
    "noColor": false,
    "summaryTrendStats": [
      "avg",
      "min",
      "med",
      "max",
      "p(50)",
      "p(95)",
      "p(99)"
    ]
  },
  "state": {
    "isStdOutTTY": false,
    "isStdErrTTY": false,
    "testRunDurationMs": 90001.996368
  },
  "metrics": {
    "data_received": {
      "contains": "data",
      "values": {
        "count": 9515177,
        "rate": 105721.8437810464
      },
      "type": "counter"
    },
    "http_req_duration": {
      "type": "trend",
      "contains": "time",
      "values": {
        "p(50)": 13.284411500000001,
        "p(95)": 17.562457249999994,
        "p(99)": 53.454128819999994,
        "avg": 14.382174990390368,
        "min": 8.847287,
        "med": 13.284411500000001,
        "max": 82.491331
      }
    },
    "req_latency": {
      "type": "trend",
      "contains": "default",
      "values": {
        "med": 13.284411500000001,
        "max": 82.491331,
        "p(50)": 13.284411500000001,
        "p(95)": 17.562457249999994,
        "p(99)": 53.454128819999994,
        "avg": 14.382174990390368,
        "min": 8.847287
      }
    },
    "vus_max": {
      "type": "gauge",
      "contains": "default",
      "values": {
        "value": 148,
        "min": 148,
        "max": 148
      }
    },
    "http_req_failed": {
      "type": "rate",
      "contains": "default",
      "values": {
        "passes": 0,
        "fails": 6660,
        "rate": 0
      }
    },
    "vus": {
      "type": "gauge",
      "contains": "default",
      "values": {
        "value": 1,
        "min": 1,
        "max": 4
      }
    },
    "http_req_connecting": {
      "values": {
        "max": 15.725581,
        "p(50)": 0,
        "p(95)": 0,
        "p(99)": 5.317938299999997,
        "avg": 0.1197628346846847,
        "min": 0,
        "med": 0
      },
      "type": "trend",
      "contains": "time"
    },
    "http_req_sending": {
      "type": "trend",
      "contains": "time",
      "values": {
        "p(50)": 0.0254,
        "p(95)": 0.05148099999999997,
        "p(99)": 0.1062177,
        "avg": 0.030527727477477493,
        "min": 0.01091,
        "med": 0.0254,
        "max": 1.928441
      }
    },
    "checks": {
      "contains": "default",
      "values": {
        "rate": 1,
        "passes": 13320,
        "fails": 0
      },
      "type": "rate"
    },
    "http_req_waiting": {
      "type": "trend",
      "contains": "time",
      "values": {
        "p(50)": 13.143369,
        "p(95)": 17.42027579999999,
        "p(99)": 52.85692249999997,
        "avg": 14.239078317417423,
        "min": 8.745028,
        "med": 13.143369,
        "max": 81.151471
      }
    },
    "iteration_duration": {
      "contains": "time",
      "values": {
        "p(50)": 14.17053,
        "p(95)": 19.97356799999999,
        "p(99)": 54.28798454999998,
        "avg": 15.305430305705713,
        "min": 9.447967,
        "med": 14.17053,
        "max": 83.212891
      },
      "type": "trend"
    },
    "http_reqs": {
      "type": "counter",
      "contains": "default",
      "values": {
        "count": 6660,
        "rate": 73.99835857827647
      }
    },
    "http_req_duration{expected_response:true}": {
      "type": "trend",
      "contains": "time",
      "values": {
        "avg": 14.382174990390368,
        "min": 8.847287,
        "med": 13.284411500000001,
        "max": 82.491331,
        "p(50)": 13.284411500000001,
        "p(95)": 17.562457249999994,
        "p(99)": 53.454128819999994
      }
    },
    "round_trip_count": {
      "contains": "default",
      "values": {
        "avg": 1,
        "min": 1,
        "med": 1,
        "max": 1,
        "p(50)": 1,
        "p(95)": 1,
        "p(99)": 1
      },
      "type": "trend"
    },
    "http_req_blocked": {
      "type": "trend",
      "contains": "time",
      "values": {
        "avg": 0.12953258183183114,
        "min": 0.00431,
        "med": 0.00703,
        "max": 15.80784,
        "p(50)": 0.00703,
        "p(95)": 0.013160999999999985,
        "p(99)": 5.405608
      }
    },
    "http_req_receiving": {
      "contains": "time",
      "values": {
        "avg": 0.11256894549549576,
        "min": 0.03752,
        "med": 0.087378,
        "max": 4.174662,
        "p(50)": 0.087378,
        "p(95)": 0.2226925499999999,
        "p(99)": 0.7508382999999998
      },
      "type": "trend"
    },
    "http_req_tls_handshaking": {
      "contains": "time",
      "values": {
        "p(95)": 0,
        "p(99)": 0,
        "avg": 0,
        "min": 0,
        "med": 0,
        "max": 0,
        "p(50)": 0
      },
      "type": "trend"
    },
    "payload_bytes": {
      "type": "trend",
      "contains": "default",
      "values": {
        "med": 1371,
        "max": 10657,
        "p(50)": 1371,
        "p(95)": 1947,
        "p(99)": 2012.4099999999999,
        "avg": 1167.0863363363364,
        "min": 322
      }
    },
    "iterations": {
      "type": "counter",
      "contains": "default",
      "values": {
        "count": 6660,
        "rate": 73.99835857827647
      }
    },
    "data_sent": {
      "contains": "data",
      "values": {
        "count": 1768746,
        "rate": 19652.29740869252
      },
      "type": "counter"
    }
  },
  "root_group": {
    "id": "d41d8cd98f00b204e9800998ecf8427e",
    "groups": [],
    "checks": [
        {
          "path": "::status is 200",
          "id": "6210a8cd14cd70477eba5c5e4cb3fb5f",
          "passes": 6660,
          "fails": 0,
          "name": "status is 200"
        },
        {
          "id": "7c29382b2a87caa2e50f0d89170b649f",
          "passes": 6660,
          "fails": 0,
          "name": "no graphql errors",
          "path": "::no graphql errors"
        }
      ],
    "name": "",
    "path": ""
  }
}