{
  "root_group": {
    "path": "",
    "id": "d41d8cd98f00b204e9800998ecf8427e",
    "groups": [],
    "checks": [
        {
          "path": "::status is 200",
          "id": "6210a8cd14cd70477eba5c5e4cb3fb5f",
          "passes": 6661,
          "fails": 0,
          "name": "status is 200"
        }
      ],
    "name": ""
  },
  "options": {
    "summaryTrendStats": [
      "avg",
      "min",
      "med",
      "max",
      "p(50)",
      "p(95)",
      "p(99)"
    ],
    "summaryTimeUnit": "",
    "noColor": false
  },
  "state": {
    "isStdOutTTY": false,
    "isStdErrTTY": false,
    "testRunDurationMs": 90007.676588
  },
  "metrics": {
    "http_req_duration": {
      "type": "trend",
      "contains": "time",
      "values": {
        "avg": 7.116964868338095,
        "min": 2.951954,
        "med": 7.10614,
        "max": 16.427248,
        "p(50)": 7.10614,
        "p(95)": 8.822446,
        "p(99)": 9.646358399999993
      }
    },
    "payload_bytes": {
      "type": "trend",
      "contains": "default",
      "values": {
        "med": 234,
        "max": 10613,
        "p(50)": 234,
        "p(95)": 269,
        "p(99)": 269,
        "avg": 261.49557123555024,
        "min": 162
      }
    },
    "data_sent": {
      "type": "counter",
      "contains": "data",
      "values": {
        "count": 799300,
        "rate": 8880.353657596404
      }
    },
    "iteration_duration": {
      "type": "trend",
      "contains": "time",
      "values": {
        "max": 26.300898,
        "p(50)": 7.422199,
        "p(95)": 9.471068,
        "p(99)": 13.646864,
        "avg": 7.54345308377119,
        "min": 3.16269,
        "med": 7.422199
      }
    },
    "http_req_sending": {
      "type": "trend",
      "contains": "time",
      "values": {
        "med": 0.02437,
        "max": 0.266066,
        "p(50)": 0.02437,
        "p(95)": 0.0501,
        "p(99)": 0.11048459999999992,
        "avg": 0.028656303558024322,
        "min": 0.01154
      }
    },
    "req_latency": {
      "type": "trend",
      "contains": "default",
      "values": {
        "p(95)": 8.822446,
        "p(99)": 9.646358399999993,
        "avg": 7.116964868338095,
        "min": 2.951954,
        "med": 7.10614,
        "max": 16.427248,
        "p(50)": 7.10614
      }
    },
    "http_req_duration{expected_response:true}": {
      "type": "trend",
      "contains": "time",
      "values": {
        "p(95)": 8.822446,
        "p(99)": 9.646358399999993,
        "avg": 7.116964868338095,
        "min": 2.951954,
        "med": 7.10614,
        "max": 16.427248,
        "p(50)": 7.10614
      }
    },
    "round_trip_count": {
      "type": "trend",
      "contains": "default",
      "values": {
        "avg": 1,
        "min": 1,
        "med": 1,
        "max": 1,
        "p(50)": 1,
        "p(95)": 1,
        "p(99)": 1
      }
    },
    "checks": {
      "type": "rate",
      "contains": "default",
      "values": {
        "passes": 6661,
        "fails": 0,
        "rate": 1
      }
    },
    "data_received": {
      "type": "counter",
      "contains": "data",
      "values": {
        "count": 3480369,
        "rate": 38667.468508613965
      }
    },
    "vus_max": {
      "type": "gauge",
      "contains": "default",
      "values": {
        "value": 148,
        "min": 148,
        "max": 148
      }
    },
    "http_req_waiting": {
      "values": {
        "max": 14.542162,
        "p(50)": 6.990651,
        "p(95)": 8.70957,
        "p(99)": 9.534231399999996,
        "avg": 6.999555659360458,
        "min": 2.838145,
        "med": 6.990651
      },
      "type": "trend",
      "contains": "time"
    },
    "http_req_receiving": {
      "type": "trend",
      "contains": "time",
      "values": {
        "avg": 0.08875290541960681,
        "min": 0.04237,
        "med": 0.08575,
        "max": 1.859307,
        "p(50)": 0.08575,
        "p(95)": 0.127338,
        "p(99)": 0.16305399999999995
      }
    },
    "http_reqs": {
      "type": "counter",
      "contains": "default",
      "values": {
        "count": 6661,
        "rate": 74.00479884054754
      }
    },
    "iterations": {
      "type": "counter",
      "contains": "default",
      "values": {
        "count": 6661,
        "rate": 74.00479884054754
      }
    },
    "vus": {
      "type": "gauge",
      "contains": "default",
      "values": {
        "value": 1,
        "min": 0,
        "max": 1
      }
    },
    "http_req_blocked": {
      "type": "trend",
      "contains": "time",
      "values": {
        "p(95)": 0.01991,
        "p(99)": 5.782678399999993,
        "avg": 0.13560115177901108,
        "min": 0.00428,
        "med": 0.00669,
        "max": 16.276758,
        "p(50)": 0.00669
      }
    },
    "http_req_tls_handshaking": {
      "type": "trend",
      "contains": "time",
      "values": {
        "avg": 0,
        "min": 0,
        "med": 0,
        "max": 0,
        "p(50)": 0,
        "p(95)": 0,
        "p(99)": 0
      }
    },
    "http_req_connecting": {
      "type": "trend",
      "contains": "time",
      "values": {
        "max": 16.170389,
        "p(50)": 0,
        "p(95)": 0,
        "p(99)": 5.691031999999998,
        "avg": 0.1255222188860531,
        "min": 0,
        "med": 0
      }
    },
    "http_req_failed": {
      "type": "rate",
      "contains": "default",
      "values": {
        "rate": 0,
        "passes": 0,
        "fails": 6661
      }
    }
  }
}